{"enthalpy_vibrational": 119.27, "shear_5nN_Etotal": [-951.424922068745, 44.635068188039256], "heat_capacity_vibrational": 2.25, "entropy_vibrational": 0.39, "interdigitation": {"25nN": 0.11061885719845921, "5nN": 0.11341297883085431, "15nN": 0.10609533205572072}, "polar_solvation_energy": -0.12, "shear_15nN_qq": [311.5647972342126, 11.314299626489225], "nonpolar_solvation_energy": 4.81, "molecular_weight": 15.0344, "shear_15nN_Etotal": [-1126.4949506674661, 49.42126269792613], "roughness": {"25nN": 0.05451195488256561, "5nN": 0.058211778354624245, "15nN": 0.05373685484883472}, "tilt": {"25nN": 36.47937577531181, "5nN": 29.794429347191226, "15nN": 33.57126402851344}, "shear_15nN_lj": [-1438.0597479016787, 50.81095815496379], "surface_area": 48.83, "total_solvation_energy": 4.69, "dipole_moment": 0.0, "entropy_rotational": 62.93, "shear_25nN_lj": [-1534.356697842526, 46.716686248426456], "shear_5nN_lj": [-1210.4995235299762, 46.47299299036756], "status": {"e3e988436a450d4192e42c7c0ef83837-calc_tilt_shear": 1, "e3e988436a450d4192e42c7c0ef83837-get_interaction_energy_15nN": 1, "e3e988436a450d4192e42c7c0ef83837-shear_25nN": 1, "e3e988436a450d4192e42c7c0ef83837-shear_25nN_rerun_grompp": 1, "e3e988436a450d4192e42c7c0ef83837-shear_15nN_rerun": 1, "e3e988436a450d4192e42c7c0ef83837-shear_15nN": 1, "e3e988436a450d4192e42c7c0ef83837-get_interaction_energy_25nN": 1, "e3e988436a450d4192e42c7c0ef83837-top_to_mol2": 1, "e3e988436a450d4192e42c7c0ef83837-equilibrate_grompp": 1, "e3e988436a450d4192e42c7c0ef83837-shear_25nN_grompp": 1, "e3e988436a450d4192e42c7c0ef83837-shear_25nN_rerun": 1, "e3e988436a450d4192e42c7c0ef83837-shear_5nN_extend": 1, "e3e988436a450d4192e42c7c0ef83837-shear_25nN_extend": 1, "e3e988436a450d4192e42c7c0ef83837-calc_friction": 1, "e3e988436a450d4192e42c7c0ef83837-log_interaction_energy_25nN": 1, "e3e988436a450d4192e42c7c0ef83837-log_cof": 1, "e3e988436a450d4192e42c7c0ef83837-count_hydrogen_bonds": 1, "e3e988436a450d4192e42c7c0ef83837-shear_15nN_rerun_grompp": 1, "e3e988436a450d4192e42c7c0ef83837-compress": 1, "e3e988436a450d4192e42c7c0ef83837-calc_interdigitation": 6, "e3e988436a450d4192e42c7c0ef83837-unwrap_shear_15nN": 1, "e3e988436a450d4192e42c7c0ef83837-equilibrate": 1, "e3e988436a450d4192e42c7c0ef83837-calc_roughness": 1, "e3e988436a450d4192e42c7c0ef83837-log_tilt": 1, "e3e988436a450d4192e42c7c0ef83837-minimize": 1, "e3e988436a450d4192e42c7c0ef83837-initialize": 1, "e3e988436a450d4192e42c7c0ef83837-log_interaction_energy_15nN": 1, "e3e988436a450d4192e42c7c0ef83837-log_S2": 1, "e3e988436a450d4192e42c7c0ef83837-shear_15nN_grompp": 1, "e3e988436a450d4192e42c7c0ef83837-log_interaction_energy_5nN": 1, "e3e988436a450d4192e42c7c0ef83837-shear_5nN": 1, "e3e988436a450d4192e42c7c0ef83837-get_interaction_energy_5nN": 1, "e3e988436a450d4192e42c7c0ef83837-shear_5nN_rerun_grompp": 1, "e3e988436a450d4192e42c7c0ef83837-compress_grompp": 1, "e3e988436a450d4192e42c7c0ef83837-shear_5nN_extend_grompp": 1, "e3e988436a450d4192e42c7c0ef83837-unwrap_shear_25nN": 1, "e3e988436a450d4192e42c7c0ef83837-shear_5nN_rerun": 1, "e3e988436a450d4192e42c7c0ef83837-fix_overlaps": 1, "e3e988436a450d4192e42c7c0ef83837-shear_15nN_extend_grompp": 1, "e3e988436a450d4192e42c7c0ef83837-unwrap_shear_5nN": 1, "e3e988436a450d4192e42c7c0ef83837-shear_15nN_extend": 1, "e3e988436a450d4192e42c7c0ef83837-minimize_grompp": 1, "e3e988436a450d4192e42c7c0ef83837-calc_S2_shear": 1, "e3e988436a450d4192e42c7c0ef83837-lammps_to_gmx": 1, "e3e988436a450d4192e42c7c0ef83837-shear_25nN_extend_grompp": 1, "e3e988436a450d4192e42c7c0ef83837-shear_5nN_grompp": 1}, "shear_25nN_Etotal": [-1190.3263319072744, 46.25880365968282], "shear_25nN_qq": [344.0303659352518, 11.849017712665288], "ch3-smiles": "CC", "intercept": 0.8282977577257746, "shear_5nN_qq": [259.074601461231, 10.873421540498136], "COF": 0.16477216096159694, "chain-smiles": "CCCCCCCCCCCCCCCCCC", "h-smiles": "C", "entropy_translational": 143.35, "S2": {"25nN": 0.9049536599970818, "5nN": 0.9078777019813884, "15nN": 0.9031052213912247}}