{"enthalpy_vibrational": 280.86, "shear_5nN_Etotal": [-2874.266717509992, 120.63788969827127], "heat_capacity_vibrational": 83.45, "entropy_vibrational": 69.31, "interdigitation": {"25nN": 0.20117877018013713, "5nN": 0.24466916739840344, "15nN": 0.21459684560034076}, "polar_solvation_energy": -32.99, "shear_15nN_qq": [-413.15873156115106, 52.64078211974294], "nonpolar_solvation_energy": 8.49, "molecular_weight": 122.1013, "shear_15nN_Etotal": [-2900.8818253477216, 98.02917318607855], "roughness": {"25nN": 0.06253595230957067, "5nN": 0.06742296905044214, "15nN": 0.06684812314770382}, "tilt": {"25nN": 37.84324150973577, "5nN": 32.65941588783366, "15nN": 35.56173568564303}, "shear_15nN_lj": [-2487.723093786571, 67.75396810597023], "surface_area": 118.23, "total_solvation_energy": -24.48, "dipole_moment": 6.22, "entropy_rotational": 119.66, "shear_25nN_lj": [-2556.9779879248604, 67.17984113936096], "shear_5nN_lj": [-2377.054024369305, 82.68917404054497], "status": {"febdd89026d617346396ddd52219c293-shear_15nN_extend_grompp": 1, "febdd89026d617346396ddd52219c293-minimize_grompp": 1, "febdd89026d617346396ddd52219c293-shear_5nN_grompp": 1, "febdd89026d617346396ddd52219c293-log_interaction_energy_25nN": 1, "febdd89026d617346396ddd52219c293-unwrap_shear_5nN": 1, "febdd89026d617346396ddd52219c293-compress": 1, "febdd89026d617346396ddd52219c293-calc_friction": 1, "febdd89026d617346396ddd52219c293-unwrap_shear_25nN": 1, "febdd89026d617346396ddd52219c293-log_interaction_energy_5nN": 1, "febdd89026d617346396ddd52219c293-shear_15nN_rerun": 1, "febdd89026d617346396ddd52219c293-shear_5nN_rerun": 1, "febdd89026d617346396ddd52219c293-shear_25nN_rerun_grompp": 1, "febdd89026d617346396ddd52219c293-shear_25nN": 1, "febdd89026d617346396ddd52219c293-get_interaction_energy_15nN": 1, "febdd89026d617346396ddd52219c293-minimize": 1, "febdd89026d617346396ddd52219c293-shear_5nN_extend": 1, "febdd89026d617346396ddd52219c293-shear_25nN_extend": 1, "febdd89026d617346396ddd52219c293-shear_25nN_extend_grompp": 1, "febdd89026d617346396ddd52219c293-shear_15nN": 1, "febdd89026d617346396ddd52219c293-get_interaction_energy_25nN": 1, "febdd89026d617346396ddd52219c293-count_hydrogen_bonds": 1, "febdd89026d617346396ddd52219c293-calc_roughness": 1, "febdd89026d617346396ddd52219c293-calc_tilt_shear": 1, "febdd89026d617346396ddd52219c293-compress_grompp": 1, "febdd89026d617346396ddd52219c293-log_interaction_energy_15nN": 1, "febdd89026d617346396ddd52219c293-shear_5nN_extend_grompp": 1, "febdd89026d617346396ddd52219c293-log_S2": 1, "febdd89026d617346396ddd52219c293-shear_25nN_rerun": 1, "febdd89026d617346396ddd52219c293-calc_S2_shear": 1, "febdd89026d617346396ddd52219c293-fix_overlaps": 1, "febdd89026d617346396ddd52219c293-shear_15nN_rerun_grompp": 1, "febdd89026d617346396ddd52219c293-log_tilt": 1, "febdd89026d617346396ddd52219c293-calc_interdigitation": 6, "febdd89026d617346396ddd52219c293-top_to_mol2": 1, "febdd89026d617346396ddd52219c293-unwrap_shear_15nN": 1, "febdd89026d617346396ddd52219c293-lammps_to_gmx": 1, "febdd89026d617346396ddd52219c293-equilibrate_grompp": 1, "febdd89026d617346396ddd52219c293-shear_15nN_extend": 1, "febdd89026d617346396ddd52219c293-log_cof": 1, "febdd89026d617346396ddd52219c293-initialize": 1, "febdd89026d617346396ddd52219c293-shear_5nN_rerun_grompp": 1, "febdd89026d617346396ddd52219c293-equilibrate": 1, "febdd89026d617346396ddd52219c293-get_interaction_energy_5nN": 1, "febdd89026d617346396ddd52219c293-shear_15nN_grompp": 1, "febdd89026d617346396ddd52219c293-shear_25nN_grompp": 1, "febdd89026d617346396ddd52219c293-shear_5nN": 1}, "shear_25nN_Etotal": [-2930.425943059952, 95.76133880753673], "shear_25nN_qq": [-373.4479551350919, 56.66569713840328], "ch3-smiles": "CC1=CC=C([N+](=O)[O-])C=C1", "intercept": 2.982348617767374, "shear_5nN_qq": [-497.21269314068746, 56.90402305717332], "COF": 0.099558917847137, "chain-smiles": "CCCCCCCCCCCCCCCCCC1=CC=C([N+](=O)[O-])C=C1", "h-smiles": "C1=CC=C([N+](=O)[O-])C=C1", "entropy_translational": 168.76, "S2": {"25nN": 0.9342631827277413, "5nN": 0.927863139825589, "15nN": 0.9192761092848956}}