{"shear_25nN_qq": [-149.86673579136692, 61.82293078188032], "shear_25nN_lj": [-1998.8923987873702, 58.752233319887246], "enthalpy_vibrational": 216.45, "surface_area": 76.02, "shear_5nN_qq": [-21.557815211830533, 49.4490283155915], "COF": 0.14521559675515824, "nonpolar_solvation_energy": 11.08, "shear_5nN_Etotal": [-1701.4174160071939, 93.1413550457842], "status": {"6fd964b834e1d6a6dee9ade7af3b1104-log_S2": 1, "6fd964b834e1d6a6dee9ade7af3b1104-shear_15nN_extend": 1, "6fd964b834e1d6a6dee9ade7af3b1104-get_interaction_energy_25nN": 1, "6fd964b834e1d6a6dee9ade7af3b1104-shear_15nN_grompp": 1, "6fd964b834e1d6a6dee9ade7af3b1104-top_to_mol2": 1, "6fd964b834e1d6a6dee9ade7af3b1104-shear_5nN_extend": 1, "6fd964b834e1d6a6dee9ade7af3b1104-minimize": 1, "6fd964b834e1d6a6dee9ade7af3b1104-shear_15nN_rerun": 1, "6fd964b834e1d6a6dee9ade7af3b1104-calc_S2_shear": 1, "6fd964b834e1d6a6dee9ade7af3b1104-fix_overlaps": 1, "6fd964b834e1d6a6dee9ade7af3b1104-calc_friction": 1, "6fd964b834e1d6a6dee9ade7af3b1104-log_tilt": 1, "6fd964b834e1d6a6dee9ade7af3b1104-calc_interdigitation": 3, "6fd964b834e1d6a6dee9ade7af3b1104-shear_5nN_grompp": 1, "6fd964b834e1d6a6dee9ade7af3b1104-shear_15nN_extend_grompp": 1, "6fd964b834e1d6a6dee9ade7af3b1104-shear_25nN_grompp": 1, "6fd964b834e1d6a6dee9ade7af3b1104-calc_tilt_shear": 1, "6fd964b834e1d6a6dee9ade7af3b1104-shear_5nN_rerun": 1, "6fd964b834e1d6a6dee9ade7af3b1104-shear_5nN_extend_grompp": 1, "6fd964b834e1d6a6dee9ade7af3b1104-shear_25nN_rerun_grompp": 1, "6fd964b834e1d6a6dee9ade7af3b1104-shear_15nN": 1, "6fd964b834e1d6a6dee9ade7af3b1104-count_hydrogen_bonds": 1, "6fd964b834e1d6a6dee9ade7af3b1104-shear_15nN_rerun_grompp": 1, "6fd964b834e1d6a6dee9ade7af3b1104-log_cof": 1, "6fd964b834e1d6a6dee9ade7af3b1104-equilibrate": 1, "6fd964b834e1d6a6dee9ade7af3b1104-unwrap_shear_15nN": 1, "6fd964b834e1d6a6dee9ade7af3b1104-initialize": 1, "6fd964b834e1d6a6dee9ade7af3b1104-minimize_grompp": 1, "6fd964b834e1d6a6dee9ade7af3b1104-equilibrate_grompp": 1, "6fd964b834e1d6a6dee9ade7af3b1104-shear_5nN": 1, "6fd964b834e1d6a6dee9ade7af3b1104-compress_grompp": 1, "6fd964b834e1d6a6dee9ade7af3b1104-calc_roughness": 1, "6fd964b834e1d6a6dee9ade7af3b1104-shear_25nN": 1, "6fd964b834e1d6a6dee9ade7af3b1104-shear_25nN_rerun": 1, "6fd964b834e1d6a6dee9ade7af3b1104-get_interaction_energy_15nN": 1, "6fd964b834e1d6a6dee9ade7af3b1104-log_interaction_energy_15nN": 1, "6fd964b834e1d6a6dee9ade7af3b1104-shear_25nN_extend_grompp": 1, "6fd964b834e1d6a6dee9ade7af3b1104-unwrap_shear_5nN": 1, "6fd964b834e1d6a6dee9ade7af3b1104-log_interaction_energy_25nN": 1, "6fd964b834e1d6a6dee9ade7af3b1104-lammps_to_gmx": 1, "6fd964b834e1d6a6dee9ade7af3b1104-get_interaction_energy_5nN": 1, "6fd964b834e1d6a6dee9ade7af3b1104-log_interaction_energy_5nN": 1, "6fd964b834e1d6a6dee9ade7af3b1104-unwrap_shear_25nN": 1, "6fd964b834e1d6a6dee9ade7af3b1104-shear_25nN_extend": 1, "6fd964b834e1d6a6dee9ade7af3b1104-compress": 1, "6fd964b834e1d6a6dee9ade7af3b1104-shear_5nN_rerun_grompp": 1}, "shear_15nN_qq": [-92.96356441406874, 53.32424025406826], "interdigitation": {"15nN": 0.09666583564670043, "5nN": 0.08955750424307324, "25nN": 0.10618144904526931}, "total_solvation_energy": -3.05, "entropy_vibrational": 16.0, "roughness": {"15nN": 0.04926364841991779, "5nN": 0.04653861228460227, "25nN": 0.050449350869552954}, "S2": {"15nN": 0.9232482977062442, "5nN": 0.9358172909294895, "25nN": 0.9049415163434922}, "entropy_rotational": 101.75, "polar_solvation_energy": -14.13, "shear_5nN_lj": [-1679.8596007953638, 63.915349249857336], "entropy_translational": 161.19, "tilt": {"15nN": 34.763776366120545, "5nN": 31.004102566016293, "25nN": 37.264361099738}, "dipole_moment": 2.89, "heat_capacity_vibrational": 38.72, "shear_25nN_Etotal": [-2148.759134578737, 91.01459122333681], "intercept": 1.9198691718103724, "shear_15nN_lj": [-1890.0184325243806, 60.6197405882151], "molecular_weight": 66.0811, "shear_15nN_Etotal": [-1982.9819969384494, 87.88469106643083]}