{"shear_15nN_Etotal": [-1982.9819969384494, 87.88469106643083], "molecular_weight": 66.0811, "shear_25nN_Etotal": [-2148.759134578737, 91.01459122333681], "surface_area": 76.02, "shear_15nN_qq": [-92.96356441406874, 53.32424025406826], "enthalpy_vibrational": 216.45, "shear_5nN_qq": [-21.557815211830533, 49.4490283155915], "tilt": {"5nN": 31.004102566016293, "25nN": 37.264361099738, "15nN": 34.763776366120545}, "intercept": 1.9198691718103724, "shear_25nN_lj": [-1998.8923987873702, 58.752233319887246], "entropy_rotational": 101.75, "shear_5nN_lj": [-1679.8596007953638, 63.915349249857336], "shear_25nN_qq": [-149.86673579136692, 61.82293078188032], "nonpolar_solvation_energy": 11.08, "total_solvation_energy": -3.05, "shear_15nN_lj": [-1890.0184325243806, 60.6197405882151], "shear_5nN_Etotal": [-1701.4174160071939, 93.1413550457842], "interdigitation": {"5nN": 0.08960728808880163, "25nN": 0.1067523937708077, "15nN": 0.09668775581612557}, "entropy_vibrational": 16.0, "heat_capacity_vibrational": 38.72, "entropy_translational": 161.19, "roughness": {"5nN": 0.04653861228460227, "25nN": 0.050449350869552954, "15nN": 0.04926364841991779}, "S2": {"5nN": 0.9358172909294895, "25nN": 0.9049415163434922, "15nN": 0.9232482977062442}, "dipole_moment": 2.89, "COF": 0.14521559675515824, "status": {"6fd964b834e1d6a6dee9ade7af3b1104-minimize": 1, "6fd964b834e1d6a6dee9ade7af3b1104-calc_friction": 1, "6fd964b834e1d6a6dee9ade7af3b1104-get_interaction_energy_15nN": 1, "6fd964b834e1d6a6dee9ade7af3b1104-initialize": 1, "6fd964b834e1d6a6dee9ade7af3b1104-shear_25nN_extend_grompp": 1, "6fd964b834e1d6a6dee9ade7af3b1104-calc_tilt_shear": 1, "6fd964b834e1d6a6dee9ade7af3b1104-get_interaction_energy_5nN": 1, "6fd964b834e1d6a6dee9ade7af3b1104-shear_15nN_rerun_grompp": 1, "6fd964b834e1d6a6dee9ade7af3b1104-calc_interdigitation": 1, "6fd964b834e1d6a6dee9ade7af3b1104-count_hydrogen_bonds": 1, "6fd964b834e1d6a6dee9ade7af3b1104-compress_grompp": 1, "6fd964b834e1d6a6dee9ade7af3b1104-log_S2": 1, "6fd964b834e1d6a6dee9ade7af3b1104-unwrap_shear_5nN": 1, "6fd964b834e1d6a6dee9ade7af3b1104-shear_15nN_extend_grompp": 1, "6fd964b834e1d6a6dee9ade7af3b1104-top_to_mol2": 1, "6fd964b834e1d6a6dee9ade7af3b1104-equilibrate_grompp": 1, "6fd964b834e1d6a6dee9ade7af3b1104-shear_15nN_grompp": 1, "6fd964b834e1d6a6dee9ade7af3b1104-get_interaction_energy_25nN": 1, "6fd964b834e1d6a6dee9ade7af3b1104-compress": 1, "6fd964b834e1d6a6dee9ade7af3b1104-calc_roughness": 1, "6fd964b834e1d6a6dee9ade7af3b1104-minimize_grompp": 1, "6fd964b834e1d6a6dee9ade7af3b1104-unwrap_shear_15nN": 1, "6fd964b834e1d6a6dee9ade7af3b1104-lammps_to_gmx": 1, "6fd964b834e1d6a6dee9ade7af3b1104-shear_25nN_extend": 1, "6fd964b834e1d6a6dee9ade7af3b1104-shear_25nN_rerun_grompp": 1, "6fd964b834e1d6a6dee9ade7af3b1104-shear_15nN": 1, "6fd964b834e1d6a6dee9ade7af3b1104-shear_5nN_rerun": 1, "6fd964b834e1d6a6dee9ade7af3b1104-log_interaction_energy_5nN": 1, "6fd964b834e1d6a6dee9ade7af3b1104-log_tilt": 1, "6fd964b834e1d6a6dee9ade7af3b1104-shear_25nN_grompp": 1, "6fd964b834e1d6a6dee9ade7af3b1104-shear_5nN_extend_grompp": 1, "6fd964b834e1d6a6dee9ade7af3b1104-unwrap_shear_25nN": 1, "6fd964b834e1d6a6dee9ade7af3b1104-shear_15nN_extend": 1, "6fd964b834e1d6a6dee9ade7af3b1104-shear_25nN": 1, "6fd964b834e1d6a6dee9ade7af3b1104-log_interaction_energy_15nN": 1, "6fd964b834e1d6a6dee9ade7af3b1104-fix_overlaps": 1, "6fd964b834e1d6a6dee9ade7af3b1104-equilibrate": 1, "6fd964b834e1d6a6dee9ade7af3b1104-shear_5nN_grompp": 1, "6fd964b834e1d6a6dee9ade7af3b1104-shear_5nN_extend": 1, "6fd964b834e1d6a6dee9ade7af3b1104-shear_25nN_rerun": 1, "6fd964b834e1d6a6dee9ade7af3b1104-shear_5nN": 1, "6fd964b834e1d6a6dee9ade7af3b1104-shear_5nN_rerun_grompp": 1, "6fd964b834e1d6a6dee9ade7af3b1104-log_cof": 1, "6fd964b834e1d6a6dee9ade7af3b1104-calc_S2_shear": 1, "6fd964b834e1d6a6dee9ade7af3b1104-log_interaction_energy_25nN": 1, "6fd964b834e1d6a6dee9ade7af3b1104-shear_15nN_rerun": 1}, "polar_solvation_energy": -14.13}