{"MR":31.137,"asphericity":0.508906,"balabanj":3.680736,"bertzct":379.775332,"chi0":11.964102,"chi0n":10.877964,"chi0v":3.877964,"chi1":6.675426,"chi1n":5.438982,"chi1v":1.938982,"chi2n":1.188982,"chi2v":1.188982,"chi3n":0.594491,"chi3v":0.594491,"chi4n":0.297246,"chi4v":0.297246,"e-valence":42.0,"eccentricity":0.978611,"hk-alpha":-0.85,"hk-kappa1":1.350652,"hk-kappa2":1.948262,"hk-kappa3":1.059403,"ipc":1235.837423,"isf":0.008932,"labuteASA":57.796674,"logP":2.13412,"molwt":110.053178,"molwt-hvy":103.075,"nheavy":8.0,"npr1":0.205719,"npr2":0.801792,"pbf":0.14061,"pc+":0.462666,"pc-":-0.462666,"pmi1":89.767441,"pmi2":349.869147,"pmi3":436.358914,"rbonds":1.0,"rg":1.994257,"rpc+":0.26526,"rpc-":0.447433,"spherocity":0.061355,"tpsa":0.0,"vsa+":15.412531,"vsa-":40.975434,"vsa-fhyd":0.922139,"vsa-fneg":0.72667,"vsa-fpneg":0.077861,"vsa-fpos":0.27333,"vsa-fppos":0.0,"vsa-hyd":51.99755,"vsa-polar":0.077861,"vsa-polar+":0.0,"vsa-polar-":4.390415,"hbonds":0.0}