{"enthalpy_vibrational": 248.15, "shear_5nN_Etotal": [-1729.6687257178257, 72.11051140651917], "heat_capacity_vibrational": 58.87, "entropy_vibrational": 30.51, "interdigitation": {"25nN": 0.16741623790779378, "5nN": 0.20085213432345714, "15nN": 0.17281745482140023}, "polar_solvation_energy": -7.83, "shear_15nN_qq": [-222.23699847002393, 33.181429012829305], "nonpolar_solvation_energy": 14.09, "molecular_weight": 95.0942, "shear_15nN_Etotal": [-1954.3224791191044, 67.35176242067831], "roughness": {"25nN": 0.055475861322926034, "5nN": 0.07037314453932815, "15nN": 0.05548334960015838}, "tilt": {"25nN": 37.46174323329722, "5nN": 30.960052116593165, "15nN": 34.5613172371388}, "total_solvation_energy": 6.28, "surface_area": 96.58, "shear_15nN_lj": [-1732.0854806490809, 49.99762148474881], "dipole_moment": 2.03, "entropy_rotational": 112.71, "shear_25nN_lj": [-1789.0017710431657, 51.84932516403913], "shear_25nN_qq": [-242.57339868425262, 35.52476317346918], "status": {"c8095a8e4934faaa2226076baa3ca787-shear_15nN": 1, "c8095a8e4934faaa2226076baa3ca787-lammps_to_gmx": 1, "c8095a8e4934faaa2226076baa3ca787-shear_5nN_rerun": 1, "c8095a8e4934faaa2226076baa3ca787-shear_25nN_extend_grompp": 1, "c8095a8e4934faaa2226076baa3ca787-log_interaction_energy_25nN": 1, "c8095a8e4934faaa2226076baa3ca787-calc_interdigitation": 6, "c8095a8e4934faaa2226076baa3ca787-log_cof": 1, "c8095a8e4934faaa2226076baa3ca787-shear_5nN_extend_grompp": 1, "c8095a8e4934faaa2226076baa3ca787-shear_25nN_rerun_grompp": 1, "c8095a8e4934faaa2226076baa3ca787-log_tilt": 1, "c8095a8e4934faaa2226076baa3ca787-log_interaction_energy_5nN": 1, "c8095a8e4934faaa2226076baa3ca787-shear_25nN_extend": 1, "c8095a8e4934faaa2226076baa3ca787-shear_15nN_rerun_grompp": 1, "c8095a8e4934faaa2226076baa3ca787-count_hydrogen_bonds": 1, "c8095a8e4934faaa2226076baa3ca787-shear_25nN_grompp": 1, "c8095a8e4934faaa2226076baa3ca787-minimize": 1, "c8095a8e4934faaa2226076baa3ca787-unwrap_shear_25nN": 1, "c8095a8e4934faaa2226076baa3ca787-log_S2": 1, "c8095a8e4934faaa2226076baa3ca787-shear_25nN": 1, "c8095a8e4934faaa2226076baa3ca787-get_interaction_energy_5nN": 1, "c8095a8e4934faaa2226076baa3ca787-shear_5nN": 1, "c8095a8e4934faaa2226076baa3ca787-unwrap_shear_15nN": 1, "c8095a8e4934faaa2226076baa3ca787-compress": 1, "c8095a8e4934faaa2226076baa3ca787-shear_5nN_rerun_grompp": 1, "c8095a8e4934faaa2226076baa3ca787-top_to_mol2": 1, "c8095a8e4934faaa2226076baa3ca787-calc_roughness": 1, "c8095a8e4934faaa2226076baa3ca787-minimize_grompp": 1, "c8095a8e4934faaa2226076baa3ca787-unwrap_shear_5nN": 1, "c8095a8e4934faaa2226076baa3ca787-initialize": 1, "c8095a8e4934faaa2226076baa3ca787-shear_15nN_extend_grompp": 1, "c8095a8e4934faaa2226076baa3ca787-shear_5nN_grompp": 1, "c8095a8e4934faaa2226076baa3ca787-shear_15nN_grompp": 1, "c8095a8e4934faaa2226076baa3ca787-shear_15nN_rerun": 1, "c8095a8e4934faaa2226076baa3ca787-shear_25nN_rerun": 1, "c8095a8e4934faaa2226076baa3ca787-fix_overlaps": 1, "c8095a8e4934faaa2226076baa3ca787-compress_grompp": 1, "c8095a8e4934faaa2226076baa3ca787-shear_5nN_extend": 1, "c8095a8e4934faaa2226076baa3ca787-shear_15nN_extend": 1, "c8095a8e4934faaa2226076baa3ca787-log_interaction_energy_15nN": 1, "c8095a8e4934faaa2226076baa3ca787-get_interaction_energy_15nN": 1, "c8095a8e4934faaa2226076baa3ca787-equilibrate_grompp": 1, "c8095a8e4934faaa2226076baa3ca787-get_interaction_energy_25nN": 1, "c8095a8e4934faaa2226076baa3ca787-calc_friction": 1, "c8095a8e4934faaa2226076baa3ca787-calc_tilt_shear": 1, "c8095a8e4934faaa2226076baa3ca787-equilibrate": 1, "c8095a8e4934faaa2226076baa3ca787-calc_S2_shear": 1}, "shear_25nN_Etotal": [-2031.5751697274181, 67.88395879735981], "ch3-smiles": "CC1=CC=C(F)C=C1", "intercept": 1.7990739090087766, "shear_5nN_qq": [-212.01272873541166, 30.34101893315118], "COF": 0.10616128125231704, "chain-smiles": "CCCCCCCCCCCCCCCCCC1=CC=C(F)C=C1", "shear_5nN_lj": [-1517.6559969824139, 55.12679821507758], "h-smiles": "C1=CC=C(F)C=C1", "entropy_translational": 165.68, "S2": {"25nN": 0.9202609030543251, "5nN": 0.9306201908410011, "15nN": 0.9026353451373551}}