{"entropy_translational": 155.95, "tilt": {"15nN": 31.324840083236335, "5nN": 27.487959360094457, "25nN": 33.65968769827328}, "dipole_moment": 3.16, "shear_25nN_qq": [159.98662077298158, 121.018757494875], "shear_15nN_qq": [83.14811009432454, 118.21747566713417], "COF": 0.15001288012669403, "intercept": 1.4125246288263984, "surface_area": 66.15, "interdigitation": {"15nN": 0.10510862789878604, "5nN": 0.10007973188062975, "25nN": 0.1035076238644419}, "heat_capacity_vibrational": 22.11, "enthalpy_vibrational": 148.05, "roughness": {"15nN": 0.051380813119598814, "5nN": 0.05326115680589312, "25nN": 0.04889337245664049}, "shear_25nN_lj": [-1774.2311453653078, 48.35875917941017], "shear_15nN_Etotal": [-1591.0013516818544, 131.93897151178695], "molecular_weight": 43.0445, "status": {"8942f075f5d5b224280f4aadbd3992c0-unwrap_shear_5nN": 1, "8942f075f5d5b224280f4aadbd3992c0-shear_25nN_rerun": 1, "8942f075f5d5b224280f4aadbd3992c0-shear_15nN_extend_grompp": 1, "8942f075f5d5b224280f4aadbd3992c0-shear_25nN_extend": 1, "8942f075f5d5b224280f4aadbd3992c0-shear_25nN_grompp": 1, "8942f075f5d5b224280f4aadbd3992c0-calc_interdigitation": 6, "8942f075f5d5b224280f4aadbd3992c0-shear_5nN": 1, "8942f075f5d5b224280f4aadbd3992c0-minimize_grompp": 1, "8942f075f5d5b224280f4aadbd3992c0-log_interaction_energy_25nN": 1, "8942f075f5d5b224280f4aadbd3992c0-shear_15nN": 1, "8942f075f5d5b224280f4aadbd3992c0-shear_15nN_extend": 1, "8942f075f5d5b224280f4aadbd3992c0-equilibrate_grompp": 1, "8942f075f5d5b224280f4aadbd3992c0-lammps_to_gmx": 1, "8942f075f5d5b224280f4aadbd3992c0-shear_5nN_rerun_grompp": 1, "8942f075f5d5b224280f4aadbd3992c0-shear_15nN_rerun": 1, "8942f075f5d5b224280f4aadbd3992c0-log_tilt": 1, "8942f075f5d5b224280f4aadbd3992c0-get_interaction_energy_25nN": 1, "8942f075f5d5b224280f4aadbd3992c0-log_cof": 1, "8942f075f5d5b224280f4aadbd3992c0-compress": 1, "8942f075f5d5b224280f4aadbd3992c0-get_interaction_energy_15nN": 1, "8942f075f5d5b224280f4aadbd3992c0-initialize": 1, "8942f075f5d5b224280f4aadbd3992c0-compress_grompp": 1, "8942f075f5d5b224280f4aadbd3992c0-calc_roughness": 1, "8942f075f5d5b224280f4aadbd3992c0-shear_25nN": 1, "8942f075f5d5b224280f4aadbd3992c0-shear_5nN_grompp": 1, "8942f075f5d5b224280f4aadbd3992c0-shear_25nN_extend_grompp": 1, "8942f075f5d5b224280f4aadbd3992c0-fix_overlaps": 1, "8942f075f5d5b224280f4aadbd3992c0-log_interaction_energy_15nN": 1, "8942f075f5d5b224280f4aadbd3992c0-top_to_mol2": 1, "8942f075f5d5b224280f4aadbd3992c0-shear_5nN_extend_grompp": 1, "8942f075f5d5b224280f4aadbd3992c0-shear_15nN_grompp": 1, "8942f075f5d5b224280f4aadbd3992c0-shear_15nN_rerun_grompp": 1, "8942f075f5d5b224280f4aadbd3992c0-count_hydrogen_bonds": 1, "8942f075f5d5b224280f4aadbd3992c0-get_interaction_energy_5nN": 1, "8942f075f5d5b224280f4aadbd3992c0-unwrap_shear_15nN": 1, "8942f075f5d5b224280f4aadbd3992c0-calc_S2_shear": 1, "8942f075f5d5b224280f4aadbd3992c0-minimize": 1, "8942f075f5d5b224280f4aadbd3992c0-log_interaction_energy_5nN": 1, "8942f075f5d5b224280f4aadbd3992c0-calc_friction": 1, "8942f075f5d5b224280f4aadbd3992c0-shear_5nN_rerun": 1, "8942f075f5d5b224280f4aadbd3992c0-calc_tilt_shear": 1, "8942f075f5d5b224280f4aadbd3992c0-log_S2": 1, "8942f075f5d5b224280f4aadbd3992c0-unwrap_shear_25nN": 1, "8942f075f5d5b224280f4aadbd3992c0-equilibrate": 1, "8942f075f5d5b224280f4aadbd3992c0-shear_25nN_rerun_grompp": 1, "8942f075f5d5b224280f4aadbd3992c0-shear_5nN_extend": 1}, "shear_5nN_lj": [-1420.6905584052759, 57.815685504760935], "shear_15nN_lj": [-1674.1494617761791, 49.34736588253762], "nonpolar_solvation_energy": 8.9, "shear_5nN_qq": [39.051339365307754, 99.79964089757742], "polar_solvation_energy": -15.94, "entropy_rotational": 90.56, "entropy_vibrational": 16.85, "S2": {"15nN": 0.6953583405362386, "5nN": 0.7103800893789622, "25nN": 0.684155379093576}, "total_solvation_energy": -7.02, "shear_25nN_Etotal": [-1614.2445245923261, 129.7927692315827], "shear_5nN_Etotal": [-1381.639219039968, 117.85146221380832]}