{"enthalpy_vibrational": 92.73, "shear_5nN_Etotal": [-2447.1889226243006, 139.65660716170115], "heat_capacity_vibrational": 0.69, "entropy_vibrational": 0.11, "interdigitation": {"25nN": 0.13363426498332304, "5nN": 0.13444436126657394, "15nN": 0.13733738567088918}, "polar_solvation_energy": -10.38, "shear_15nN_qq": [-1325.5931401055154, 143.2916594504637], "nonpolar_solvation_energy": 5.48, "molecular_weight": 16.0225, "shear_15nN_Etotal": [-2609.47354017506, 144.5972027816958], "roughness": {"25nN": 0.06027745700085044, "5nN": 0.05867976185120679, "15nN": 0.059229521247352875}, "tilt": {"25nN": 35.55720118437242, "5nN": 28.765188075432782, "15nN": 33.08274829434598}, "shear_15nN_lj": [-1283.8804000695445, 53.4831637315487], "surface_area": 42.91, "total_solvation_energy": -4.92, "dipole_moment": 1.63, "entropy_rotational": 56.63, "shear_25nN_lj": [-1329.3253264660273, 57.15988885195226], "shear_25nN_qq": [-1338.5096219832135, 145.73689775000378], "ch3-smiles": "CN", "status": {"af7bfd8150ffe69c6ec7741e61301683-shear_5nN_rerun": 1, "af7bfd8150ffe69c6ec7741e61301683-initialize": 1, "af7bfd8150ffe69c6ec7741e61301683-shear_25nN_grompp": 1, "af7bfd8150ffe69c6ec7741e61301683-shear_15nN": 1, "af7bfd8150ffe69c6ec7741e61301683-shear_15nN_rerun": 1, "af7bfd8150ffe69c6ec7741e61301683-shear_5nN_extend_grompp": 1, "af7bfd8150ffe69c6ec7741e61301683-shear_25nN_rerun_grompp": 1, "af7bfd8150ffe69c6ec7741e61301683-get_interaction_energy_5nN": 1, "af7bfd8150ffe69c6ec7741e61301683-log_interaction_energy_25nN": 1, "af7bfd8150ffe69c6ec7741e61301683-shear_5nN_extend": 1, "af7bfd8150ffe69c6ec7741e61301683-unwrap_shear_5nN": 1, "af7bfd8150ffe69c6ec7741e61301683-shear_25nN_rerun": 1, "af7bfd8150ffe69c6ec7741e61301683-fix_overlaps": 1, "af7bfd8150ffe69c6ec7741e61301683-log_tilt": 1, "af7bfd8150ffe69c6ec7741e61301683-calc_interdigitation": 6, "af7bfd8150ffe69c6ec7741e61301683-log_interaction_energy_15nN": 1, "af7bfd8150ffe69c6ec7741e61301683-log_cof": 1, "af7bfd8150ffe69c6ec7741e61301683-calc_friction": 1, "af7bfd8150ffe69c6ec7741e61301683-minimize_grompp": 1, "af7bfd8150ffe69c6ec7741e61301683-log_S2": 1, "af7bfd8150ffe69c6ec7741e61301683-shear_15nN_rerun_grompp": 1, "af7bfd8150ffe69c6ec7741e61301683-calc_S2_shear": 1, "af7bfd8150ffe69c6ec7741e61301683-get_interaction_energy_15nN": 1, "af7bfd8150ffe69c6ec7741e61301683-shear_15nN_extend_grompp": 1, "af7bfd8150ffe69c6ec7741e61301683-compress_grompp": 1, "af7bfd8150ffe69c6ec7741e61301683-shear_25nN": 1, "af7bfd8150ffe69c6ec7741e61301683-unwrap_shear_25nN": 1, "af7bfd8150ffe69c6ec7741e61301683-equilibrate_grompp": 1, "af7bfd8150ffe69c6ec7741e61301683-shear_25nN_extend_grompp": 1, "af7bfd8150ffe69c6ec7741e61301683-equilibrate": 1, "af7bfd8150ffe69c6ec7741e61301683-shear_5nN_rerun_grompp": 1, "af7bfd8150ffe69c6ec7741e61301683-lammps_to_gmx": 1, "af7bfd8150ffe69c6ec7741e61301683-shear_15nN_grompp": 1, "af7bfd8150ffe69c6ec7741e61301683-shear_15nN_extend": 1, "af7bfd8150ffe69c6ec7741e61301683-shear_5nN": 1, "af7bfd8150ffe69c6ec7741e61301683-compress": 1, "af7bfd8150ffe69c6ec7741e61301683-calc_roughness": 1, "af7bfd8150ffe69c6ec7741e61301683-minimize": 1, "af7bfd8150ffe69c6ec7741e61301683-shear_5nN_grompp": 1, "af7bfd8150ffe69c6ec7741e61301683-unwrap_shear_15nN": 1, "af7bfd8150ffe69c6ec7741e61301683-top_to_mol2": 1, "af7bfd8150ffe69c6ec7741e61301683-count_hydrogen_bonds": 1, "af7bfd8150ffe69c6ec7741e61301683-shear_25nN_extend": 1, "af7bfd8150ffe69c6ec7741e61301683-calc_tilt_shear": 1, "af7bfd8150ffe69c6ec7741e61301683-log_interaction_energy_5nN": 1, "af7bfd8150ffe69c6ec7741e61301683-get_interaction_energy_25nN": 1}, "shear_25nN_Etotal": [-2667.8349484492405, 145.11157260954815], "intercept": 3.1799498578117635, "shear_5nN_qq": [-1312.0929199800162, 135.49491369325986], "COF": 0.1735428262652265, "chain-smiles": "CCCCCCCCCCCCCCCCCN", "shear_5nN_lj": [-1135.0960026442845, 51.28421762878254], "h-smiles": "N", "entropy_translational": 144.1, "S2": {"25nN": 0.7978446557351739, "5nN": 0.8171297519667873, "15nN": 0.8136998806333082}}