{"enthalpy_vibrational": 148.05, "shear_5nN_Etotal": [-1780.4547137993604, 75.7676628667641], "heat_capacity_vibrational": 22.11, "entropy_vibrational": 16.85, "interdigitation": {"25nN": 0.12950438407705134, "5nN": 0.12124392538174042, "15nN": 0.11545672354279113}, "polar_solvation_energy": -15.94, "shear_15nN_qq": [-343.5502914108713, 59.22974936764946], "nonpolar_solvation_energy": 8.9, "molecular_weight": 43.0445, "shear_15nN_Etotal": [-2096.068689769784, 81.81958710819352], "roughness": {"25nN": 0.06487064246181157, "5nN": 0.06049029477486924, "15nN": 0.05544968454138429}, "tilt": {"25nN": 38.668454574079576, "5nN": 33.51161249038025, "15nN": 36.722607105505325}, "shear_15nN_lj": [-1752.5183983589127, 47.04470022648225], "surface_area": 66.15, "total_solvation_energy": -7.02, "dipole_moment": 3.16, "entropy_rotational": 90.56, "shear_25nN_lj": [-1838.8410986187052, 49.87912526046915], "shear_5nN_lj": [-1517.3974762605917, 49.29389818561857], "status": {"91dfa617853ccdad3a1136b97d9e6744-log_interaction_energy_15nN": 1, "91dfa617853ccdad3a1136b97d9e6744-shear_5nN_extend_grompp": 1, "91dfa617853ccdad3a1136b97d9e6744-initialize": 1, "91dfa617853ccdad3a1136b97d9e6744-log_cof": 1, "91dfa617853ccdad3a1136b97d9e6744-shear_15nN": 1, "91dfa617853ccdad3a1136b97d9e6744-unwrap_shear_5nN": 1, "91dfa617853ccdad3a1136b97d9e6744-shear_15nN_grompp": 1, "91dfa617853ccdad3a1136b97d9e6744-unwrap_shear_25nN": 1, "91dfa617853ccdad3a1136b97d9e6744-equilibrate": 1, "91dfa617853ccdad3a1136b97d9e6744-shear_5nN": 1, "91dfa617853ccdad3a1136b97d9e6744-calc_roughness": 1, "91dfa617853ccdad3a1136b97d9e6744-shear_25nN_rerun_grompp": 1, "91dfa617853ccdad3a1136b97d9e6744-shear_25nN_rerun": 1, "91dfa617853ccdad3a1136b97d9e6744-count_hydrogen_bonds": 1, "91dfa617853ccdad3a1136b97d9e6744-calc_interdigitation": 1, "91dfa617853ccdad3a1136b97d9e6744-calc_friction": 1, "91dfa617853ccdad3a1136b97d9e6744-fix_overlaps": 1, "91dfa617853ccdad3a1136b97d9e6744-minimize": 1, "91dfa617853ccdad3a1136b97d9e6744-compress_grompp": 1, "91dfa617853ccdad3a1136b97d9e6744-shear_25nN_extend": 1, "91dfa617853ccdad3a1136b97d9e6744-calc_S2_shear": 1, "91dfa617853ccdad3a1136b97d9e6744-top_to_mol2": 1, "91dfa617853ccdad3a1136b97d9e6744-compress": 1, "91dfa617853ccdad3a1136b97d9e6744-log_tilt": 1, "91dfa617853ccdad3a1136b97d9e6744-shear_25nN_grompp": 1, "91dfa617853ccdad3a1136b97d9e6744-calc_tilt_shear": 1, "91dfa617853ccdad3a1136b97d9e6744-get_interaction_energy_15nN": 1, "91dfa617853ccdad3a1136b97d9e6744-lammps_to_gmx": 1, "91dfa617853ccdad3a1136b97d9e6744-minimize_grompp": 1, "91dfa617853ccdad3a1136b97d9e6744-log_interaction_energy_25nN": 1, "91dfa617853ccdad3a1136b97d9e6744-shear_15nN_rerun_grompp": 1, "91dfa617853ccdad3a1136b97d9e6744-shear_5nN_grompp": 1, "91dfa617853ccdad3a1136b97d9e6744-equilibrate_grompp": 1, "91dfa617853ccdad3a1136b97d9e6744-shear_15nN_extend": 1, "91dfa617853ccdad3a1136b97d9e6744-log_S2": 1, "91dfa617853ccdad3a1136b97d9e6744-shear_25nN_extend_grompp": 1, "91dfa617853ccdad3a1136b97d9e6744-shear_15nN_extend_grompp": 1, "91dfa617853ccdad3a1136b97d9e6744-shear_5nN_rerun_grompp": 1, "91dfa617853ccdad3a1136b97d9e6744-get_interaction_energy_25nN": 1, "91dfa617853ccdad3a1136b97d9e6744-shear_15nN_rerun": 1, "91dfa617853ccdad3a1136b97d9e6744-shear_25nN": 1, "91dfa617853ccdad3a1136b97d9e6744-log_interaction_energy_5nN": 1, "91dfa617853ccdad3a1136b97d9e6744-get_interaction_energy_5nN": 1, "91dfa617853ccdad3a1136b97d9e6744-shear_5nN_rerun": 1, "91dfa617853ccdad3a1136b97d9e6744-shear_5nN_extend": 1, "91dfa617853ccdad3a1136b97d9e6744-unwrap_shear_15nN": 1}, "shear_25nN_Etotal": [-2204.7541572390087, 83.74704057786354], "shear_25nN_qq": [-365.9130586203038, 61.08611870330003], "ch3-smiles": "CC(=O)C", "intercept": 1.3472470292908487, "shear_5nN_qq": [-263.05723753876896, 45.75976961029503], "COF": 0.1324091418193318, "chain-smiles": "CCCCCCCCCCCCCCCCCC(=O)C", "h-smiles": "C(=O)C", "entropy_translational": 155.95, "S2": {"25nN": 0.9535197524709932, "5nN": 0.950928364175838, "15nN": 0.9411062924889906}}