{"shear_15nN_Etotal": [-1437.1532815059954, 63.59680249775824], "molecular_weight": 31.0338, "shear_25nN_Etotal": [-1507.6453297905675, 68.0173698824042], "surface_area": 54.24, "shear_15nN_qq": [161.44123273381294, 42.68321673704537], "enthalpy_vibrational": 133.72, "shear_5nN_qq": [141.94136654996004, 34.51831700618534], "tilt": {"5nN": 30.455434934727478, "15nN": 34.75594663588128, "25nN": 37.072046695142284}, "intercept": 1.345142555460007, "shear_25nN_lj": [-1683.682071131095, 52.53079402156324], "entropy_rotational": 79.18, "shear_5nN_lj": [-1366.1840712102319, 49.56158323354298], "shear_25nN_qq": [176.03674134052756, 48.481731787175875], "nonpolar_solvation_energy": 5.64, "total_solvation_energy": -5.11, "shear_15nN_lj": [-1598.5945142398082, 51.53192600302494], "shear_5nN_Etotal": [-1224.2427046602718, 60.639414983263286], "interdigitation": {"5nN": 0.1391495796859353, "15nN": 0.15535961045517377, "25nN": 0.13754723662282836}, "entropy_vibrational": 7.17, "heat_capacity_vibrational": 12.98, "entropy_translational": 151.98, "roughness": {"5nN": 0.06972905236793815, "15nN": 0.07620704634045024, "25nN": 0.06605570457502376}, "S2": {"5nN": 0.8466627402509804, "15nN": 0.8474375522631192, "25nN": 0.8406538571249218}, "dipole_moment": 1.68, "COF": 0.16634901880338598, "status": {"611af061b7b96dc3d8628e61ea4e33f9-shear_15nN_extend": 1, "611af061b7b96dc3d8628e61ea4e33f9-shear_25nN_extend_grompp": 1, "611af061b7b96dc3d8628e61ea4e33f9-calc_friction": 1, "611af061b7b96dc3d8628e61ea4e33f9-minimize_grompp": 1, "611af061b7b96dc3d8628e61ea4e33f9-log_cof": 1, "611af061b7b96dc3d8628e61ea4e33f9-get_interaction_energy_15nN": 1, "611af061b7b96dc3d8628e61ea4e33f9-compress_grompp": 1, "611af061b7b96dc3d8628e61ea4e33f9-calc_roughness": 1, "611af061b7b96dc3d8628e61ea4e33f9-shear_5nN_extend": 1, "611af061b7b96dc3d8628e61ea4e33f9-unwrap_shear_25nN": 1, "611af061b7b96dc3d8628e61ea4e33f9-shear_5nN": 1, "611af061b7b96dc3d8628e61ea4e33f9-shear_5nN_rerun_grompp": 1, "611af061b7b96dc3d8628e61ea4e33f9-top_to_mol2": 1, "611af061b7b96dc3d8628e61ea4e33f9-log_interaction_energy_25nN": 1, "611af061b7b96dc3d8628e61ea4e33f9-count_hydrogen_bonds": 1, "611af061b7b96dc3d8628e61ea4e33f9-shear_25nN_grompp": 1, "611af061b7b96dc3d8628e61ea4e33f9-calc_S2_shear": 1, "611af061b7b96dc3d8628e61ea4e33f9-log_S2": 1, "611af061b7b96dc3d8628e61ea4e33f9-shear_15nN": 1, "611af061b7b96dc3d8628e61ea4e33f9-get_interaction_energy_25nN": 1, "611af061b7b96dc3d8628e61ea4e33f9-equilibrate_grompp": 1, "611af061b7b96dc3d8628e61ea4e33f9-calc_tilt_shear": 1, "611af061b7b96dc3d8628e61ea4e33f9-equilibrate": 1, "611af061b7b96dc3d8628e61ea4e33f9-shear_25nN_rerun_grompp": 1, "611af061b7b96dc3d8628e61ea4e33f9-shear_25nN_rerun": 1, "611af061b7b96dc3d8628e61ea4e33f9-shear_15nN_extend_grompp": 1, "611af061b7b96dc3d8628e61ea4e33f9-log_interaction_energy_15nN": 1, "611af061b7b96dc3d8628e61ea4e33f9-calc_interdigitation": 1, "611af061b7b96dc3d8628e61ea4e33f9-get_interaction_energy_5nN": 1, "611af061b7b96dc3d8628e61ea4e33f9-initialize": 1, "611af061b7b96dc3d8628e61ea4e33f9-shear_25nN_extend": 1, "611af061b7b96dc3d8628e61ea4e33f9-log_tilt": 1, "611af061b7b96dc3d8628e61ea4e33f9-shear_15nN_rerun": 1, "611af061b7b96dc3d8628e61ea4e33f9-shear_15nN_rerun_grompp": 1, "611af061b7b96dc3d8628e61ea4e33f9-shear_15nN_grompp": 1, "611af061b7b96dc3d8628e61ea4e33f9-shear_5nN_extend_grompp": 1, "611af061b7b96dc3d8628e61ea4e33f9-log_interaction_energy_5nN": 1, "611af061b7b96dc3d8628e61ea4e33f9-shear_5nN_grompp": 1, "611af061b7b96dc3d8628e61ea4e33f9-compress": 1, "611af061b7b96dc3d8628e61ea4e33f9-fix_overlaps": 1, "611af061b7b96dc3d8628e61ea4e33f9-unwrap_shear_5nN": 1, "611af061b7b96dc3d8628e61ea4e33f9-unwrap_shear_15nN": 1, "611af061b7b96dc3d8628e61ea4e33f9-lammps_to_gmx": 1, "611af061b7b96dc3d8628e61ea4e33f9-shear_5nN_rerun": 1, "611af061b7b96dc3d8628e61ea4e33f9-shear_25nN": 1, "611af061b7b96dc3d8628e61ea4e33f9-minimize": 1}, "polar_solvation_energy": -10.78}