{"enthalpy_vibrational": 66.5, "shear_5nN_Etotal": [-961.3398131135093, 49.87745736703228], "heat_capacity_vibrational": 19.38, "entropy_vibrational": 8.9, "status": {"47bfd484b55e0b87e9fdee338de129be-get_interaction_energy_5nN": 1, "47bfd484b55e0b87e9fdee338de129be-equilibrate_grompp": 1, "47bfd484b55e0b87e9fdee338de129be-calc_S2_shear": 1, "47bfd484b55e0b87e9fdee338de129be-calc_tilt_shear": 1, "47bfd484b55e0b87e9fdee338de129be-compress": 1, "47bfd484b55e0b87e9fdee338de129be-shear_25nN_rerun": 1, "47bfd484b55e0b87e9fdee338de129be-calc_interdigitation": 3, "47bfd484b55e0b87e9fdee338de129be-equilibrate": 1, "47bfd484b55e0b87e9fdee338de129be-shear_5nN_rerun": 1, "47bfd484b55e0b87e9fdee338de129be-shear_25nN_rerun_grompp": 1, "47bfd484b55e0b87e9fdee338de129be-shear_25nN_grompp": 1, "47bfd484b55e0b87e9fdee338de129be-unwrap_shear_15nN": 1, "47bfd484b55e0b87e9fdee338de129be-initialize": 1, "47bfd484b55e0b87e9fdee338de129be-shear_15nN_extend_grompp": 1, "47bfd484b55e0b87e9fdee338de129be-shear_25nN": 1, "47bfd484b55e0b87e9fdee338de129be-minimize": 1, "47bfd484b55e0b87e9fdee338de129be-top_to_mol2": 1, "47bfd484b55e0b87e9fdee338de129be-get_interaction_energy_15nN": 1, "47bfd484b55e0b87e9fdee338de129be-shear_15nN": 1, "47bfd484b55e0b87e9fdee338de129be-unwrap_shear_25nN": 1, "47bfd484b55e0b87e9fdee338de129be-shear_5nN_extend": 1, "47bfd484b55e0b87e9fdee338de129be-count_hydrogen_bonds": 1, "47bfd484b55e0b87e9fdee338de129be-log_tilt": 1, "47bfd484b55e0b87e9fdee338de129be-fix_overlaps": 1, "47bfd484b55e0b87e9fdee338de129be-log_S2": 1, "47bfd484b55e0b87e9fdee338de129be-shear_5nN_extend_grompp": 1, "47bfd484b55e0b87e9fdee338de129be-shear_15nN_rerun_grompp": 1, "47bfd484b55e0b87e9fdee338de129be-minimize_grompp": 1, "47bfd484b55e0b87e9fdee338de129be-shear_15nN_extend": 1, "47bfd484b55e0b87e9fdee338de129be-log_interaction_energy_15nN": 1, "47bfd484b55e0b87e9fdee338de129be-shear_5nN": 1, "47bfd484b55e0b87e9fdee338de129be-shear_15nN_rerun": 1, "47bfd484b55e0b87e9fdee338de129be-shear_25nN_extend_grompp": 1, "47bfd484b55e0b87e9fdee338de129be-shear_15nN_grompp": 1, "47bfd484b55e0b87e9fdee338de129be-calc_friction": 1, "47bfd484b55e0b87e9fdee338de129be-unwrap_shear_5nN": 1, "47bfd484b55e0b87e9fdee338de129be-log_interaction_energy_25nN": 1, "47bfd484b55e0b87e9fdee338de129be-shear_5nN_grompp": 1, "47bfd484b55e0b87e9fdee338de129be-lammps_to_gmx": 1, "47bfd484b55e0b87e9fdee338de129be-log_interaction_energy_5nN": 1, "47bfd484b55e0b87e9fdee338de129be-compress_grompp": 1, "47bfd484b55e0b87e9fdee338de129be-calc_roughness": 1, "47bfd484b55e0b87e9fdee338de129be-log_cof": 1, "47bfd484b55e0b87e9fdee338de129be-shear_5nN_rerun_grompp": 1, "47bfd484b55e0b87e9fdee338de129be-get_interaction_energy_25nN": 1, "47bfd484b55e0b87e9fdee338de129be-shear_25nN_extend": 1}, "polar_solvation_energy": -13.1, "shear_15nN_qq": [-64.28190216706635, 10.97549843029176], "nonpolar_solvation_energy": 23.24, "molecular_weight": 69.0059, "shear_15nN_Etotal": [-1190.2118559944047, 47.7447024292878], "roughness": {"25nN": 0.05802861932999098, "5nN": 0.06018109554924338, "15nN": 0.061662678976152005}, "tilt": {"25nN": 39.36214315189101, "5nN": 35.5089915963798, "15nN": 38.64771970186255}, "shear_15nN_lj": [-1125.929953827338, 44.05709065295317], "surface_area": 60.34, "total_solvation_energy": 10.13, "dipole_moment": 2.09, "entropy_rotational": 99.44, "shear_25nN_lj": [-1229.7661380519585, 48.0157162477797], "shear_25nN_qq": [-97.48774629416467, 12.282712540743276], "shear_25nN_Etotal": [-1327.2538843461232, 51.70687743621063], "ch3-smiles": "CC(F)(F)F", "intercept": 0.555815507639307, "shear_5nN_qq": [-17.702433035971225, 9.92075351150087], "COF": 0.1563995843674301, "chain-smiles": "CCCCCCCCCCCCCCCCCC(F)(F)F", "shear_5nN_lj": [-943.6373800775378, 44.42445226743023], "h-smiles": "C(F)(F)F", "entropy_translational": 161.73, "S2": {"25nN": 0.9457467504655059, "5nN": 0.9723581314900848, "15nN": 0.969500973933592}}