{"enthalpy_vibrational": 43.98, "shear_5nN_Etotal": [-2443.6215486219025, 160.7415684956579], "heat_capacity_vibrational": 4.71, "entropy_vibrational": 1.39, "interdigitation": {"25nN": 0.11358244027560874, "5nN": 0.12487952793088712, "15nN": 0.10583272854218241}, "polar_solvation_energy": -17.95, "shear_15nN_qq": [-1059.3328592941648, 128.41170015351102], "nonpolar_solvation_energy": 9.82, "molecular_weight": 26.0174, "shear_15nN_Etotal": [-2500.7924752046365, 141.5138687865297], "roughness": {"25nN": 0.05527909738410716, "5nN": 0.05910406541038373, "15nN": 0.05176638952547659}, "tilt": {"25nN": 40.72214034619745, "5nN": 36.39225582896246, "15nN": 39.16096203057288}, "total_solvation_energy": -8.13, "surface_area": 55.12, "shear_15nN_lj": [-1441.4596159104715, 45.49070138381468], "dipole_moment": 3.41, "entropy_rotational": 49.42, "shear_25nN_lj": [-1495.9630878353316, 46.31349859866534], "shear_25nN_qq": [-1075.9555283940847, 126.20789381128888], "status": {"0b36219edb65ad052ad9d577afddd3a9-shear_5nN_extend_grompp": 1, "0b36219edb65ad052ad9d577afddd3a9-log_interaction_energy_5nN": 1, "0b36219edb65ad052ad9d577afddd3a9-compress_grompp": 1, "0b36219edb65ad052ad9d577afddd3a9-log_interaction_energy_25nN": 1, "0b36219edb65ad052ad9d577afddd3a9-shear_15nN_extend": 1, "0b36219edb65ad052ad9d577afddd3a9-equilibrate": 1, "0b36219edb65ad052ad9d577afddd3a9-calc_friction": 1, "0b36219edb65ad052ad9d577afddd3a9-shear_15nN_extend_grompp": 1, "0b36219edb65ad052ad9d577afddd3a9-log_tilt": 1, "0b36219edb65ad052ad9d577afddd3a9-get_interaction_energy_25nN": 1, "0b36219edb65ad052ad9d577afddd3a9-shear_25nN_rerun": 1, "0b36219edb65ad052ad9d577afddd3a9-shear_25nN_grompp": 1, "0b36219edb65ad052ad9d577afddd3a9-initialize": 1, "0b36219edb65ad052ad9d577afddd3a9-log_S2": 1, "0b36219edb65ad052ad9d577afddd3a9-shear_25nN": 1, "0b36219edb65ad052ad9d577afddd3a9-log_cof": 1, "0b36219edb65ad052ad9d577afddd3a9-shear_25nN_rerun_grompp": 1, "0b36219edb65ad052ad9d577afddd3a9-calc_interdigitation": 6, "0b36219edb65ad052ad9d577afddd3a9-get_interaction_energy_5nN": 1, "0b36219edb65ad052ad9d577afddd3a9-shear_5nN": 1, "0b36219edb65ad052ad9d577afddd3a9-equilibrate_grompp": 1, "0b36219edb65ad052ad9d577afddd3a9-shear_5nN_rerun": 1, "0b36219edb65ad052ad9d577afddd3a9-calc_roughness": 1, "0b36219edb65ad052ad9d577afddd3a9-shear_15nN_grompp": 1, "0b36219edb65ad052ad9d577afddd3a9-get_interaction_energy_15nN": 1, "0b36219edb65ad052ad9d577afddd3a9-minimize": 1, "0b36219edb65ad052ad9d577afddd3a9-shear_25nN_extend": 1, "0b36219edb65ad052ad9d577afddd3a9-unwrap_shear_15nN": 1, "0b36219edb65ad052ad9d577afddd3a9-shear_15nN_rerun_grompp": 1, "0b36219edb65ad052ad9d577afddd3a9-shear_15nN": 1, "0b36219edb65ad052ad9d577afddd3a9-unwrap_shear_5nN": 1, "0b36219edb65ad052ad9d577afddd3a9-count_hydrogen_bonds": 1, "0b36219edb65ad052ad9d577afddd3a9-top_to_mol2": 1, "0b36219edb65ad052ad9d577afddd3a9-unwrap_shear_25nN": 1, "0b36219edb65ad052ad9d577afddd3a9-calc_tilt_shear": 1, "0b36219edb65ad052ad9d577afddd3a9-fix_overlaps": 1, "0b36219edb65ad052ad9d577afddd3a9-shear_5nN_grompp": 1, "0b36219edb65ad052ad9d577afddd3a9-compress": 1, "0b36219edb65ad052ad9d577afddd3a9-lammps_to_gmx": 1, "0b36219edb65ad052ad9d577afddd3a9-calc_S2_shear": 1, "0b36219edb65ad052ad9d577afddd3a9-shear_5nN_rerun_grompp": 1, "0b36219edb65ad052ad9d577afddd3a9-shear_25nN_extend_grompp": 1, "0b36219edb65ad052ad9d577afddd3a9-log_interaction_energy_15nN": 1, "0b36219edb65ad052ad9d577afddd3a9-minimize_grompp": 1, "0b36219edb65ad052ad9d577afddd3a9-shear_5nN_extend": 1, "0b36219edb65ad052ad9d577afddd3a9-shear_15nN_rerun": 1}, "shear_25nN_Etotal": [-2571.918616229417, 132.5761108715787], "ch3-smiles": "CC#N", "intercept": 2.3530674362342667, "shear_5nN_qq": [-1113.6142458681054, 139.6210180744519], "COF": 0.07543672110314614, "chain-smiles": "CCCCCCCCCCCCCCCCCC#N", "shear_5nN_lj": [-1330.0073027537971, 45.383588418155504], "h-smiles": "C#N", "entropy_translational": 149.86, "S2": {"25nN": 0.9592624319676094, "5nN": 0.9692272609967252, "15nN": 0.9609856064663945}}