{"enthalpy_vibrational": 62.86, "shear_5nN_Etotal": [-3448.372439880895, 177.93511033443448], "heat_capacity_vibrational": 5.42, "entropy_vibrational": 1.77, "interdigitation": {"25nN": 0.16405942381968766, "5nN": 0.1755299914618416, "15nN": 0.1575008662119647}, "polar_solvation_energy": -48.71, "shear_15nN_qq": [-1420.3980620063949, 127.5364054798257], "nonpolar_solvation_energy": 4.77, "molecular_weight": 46.0055, "shear_15nN_Etotal": [-3560.2006592789767, 150.44528137723447], "roughness": {"25nN": 0.060886882942555516, "5nN": 0.06582217988874002, "15nN": 0.06137671702359154}, "tilt": {"25nN": 36.766436832866326, "5nN": 30.640015785569098, "15nN": 34.381041451918854}, "shear_15nN_lj": [-2139.8025972725823, 55.09084795067522], "surface_area": 59.09, "total_solvation_energy": -43.93, "dipole_moment": 3.81, "entropy_rotational": 85.69, "shear_25nN_lj": [-2244.8944859688245, 54.04424689563297], "shear_5nN_lj": [-1963.3456759992007, 65.96316042936118], "status": {"237ae6fa8d266dbf5ec196b697413bea-shear_5nN_rerun_grompp": 1, "237ae6fa8d266dbf5ec196b697413bea-shear_25nN_grompp": 1, "237ae6fa8d266dbf5ec196b697413bea-minimize_grompp": 1, "237ae6fa8d266dbf5ec196b697413bea-get_interaction_energy_25nN": 1, "237ae6fa8d266dbf5ec196b697413bea-initialize": 1, "237ae6fa8d266dbf5ec196b697413bea-shear_5nN_rerun": 1, "237ae6fa8d266dbf5ec196b697413bea-log_interaction_energy_5nN": 1, "237ae6fa8d266dbf5ec196b697413bea-count_hydrogen_bonds": 1, "237ae6fa8d266dbf5ec196b697413bea-shear_5nN_extend": 1, "237ae6fa8d266dbf5ec196b697413bea-shear_25nN": 1, "237ae6fa8d266dbf5ec196b697413bea-shear_25nN_extend": 1, "237ae6fa8d266dbf5ec196b697413bea-log_cof": 1, "237ae6fa8d266dbf5ec196b697413bea-equilibrate_grompp": 1, "237ae6fa8d266dbf5ec196b697413bea-calc_tilt_shear": 1, "237ae6fa8d266dbf5ec196b697413bea-unwrap_shear_15nN": 1, "237ae6fa8d266dbf5ec196b697413bea-minimize": 1, "237ae6fa8d266dbf5ec196b697413bea-compress_grompp": 1, "237ae6fa8d266dbf5ec196b697413bea-shear_15nN_extend": 1, "237ae6fa8d266dbf5ec196b697413bea-shear_25nN_rerun": 1, "237ae6fa8d266dbf5ec196b697413bea-calc_S2_shear": 1, "237ae6fa8d266dbf5ec196b697413bea-top_to_mol2": 1, "237ae6fa8d266dbf5ec196b697413bea-unwrap_shear_5nN": 1, "237ae6fa8d266dbf5ec196b697413bea-compress": 1, "237ae6fa8d266dbf5ec196b697413bea-calc_interdigitation": 6, "237ae6fa8d266dbf5ec196b697413bea-shear_25nN_extend_grompp": 1, "237ae6fa8d266dbf5ec196b697413bea-shear_5nN_grompp": 1, "237ae6fa8d266dbf5ec196b697413bea-shear_15nN": 1, "237ae6fa8d266dbf5ec196b697413bea-calc_roughness": 1, "237ae6fa8d266dbf5ec196b697413bea-calc_friction": 1, "237ae6fa8d266dbf5ec196b697413bea-shear_15nN_extend_grompp": 1, "237ae6fa8d266dbf5ec196b697413bea-log_interaction_energy_25nN": 1, "237ae6fa8d266dbf5ec196b697413bea-shear_5nN": 1, "237ae6fa8d266dbf5ec196b697413bea-get_interaction_energy_15nN": 1, "237ae6fa8d266dbf5ec196b697413bea-get_interaction_energy_5nN": 1, "237ae6fa8d266dbf5ec196b697413bea-shear_5nN_extend_grompp": 1, "237ae6fa8d266dbf5ec196b697413bea-equilibrate": 1, "237ae6fa8d266dbf5ec196b697413bea-fix_overlaps": 1, "237ae6fa8d266dbf5ec196b697413bea-shear_15nN_grompp": 1, "237ae6fa8d266dbf5ec196b697413bea-log_tilt": 1, "237ae6fa8d266dbf5ec196b697413bea-lammps_to_gmx": 1, "237ae6fa8d266dbf5ec196b697413bea-shear_25nN_rerun_grompp": 1, "237ae6fa8d266dbf5ec196b697413bea-unwrap_shear_25nN": 1, "237ae6fa8d266dbf5ec196b697413bea-shear_15nN_rerun": 1, "237ae6fa8d266dbf5ec196b697413bea-log_interaction_energy_15nN": 1, "237ae6fa8d266dbf5ec196b697413bea-shear_15nN_rerun_grompp": 1, "237ae6fa8d266dbf5ec196b697413bea-log_S2": 1}, "shear_25nN_Etotal": [-3629.464213872902, 169.05918074272387], "shear_25nN_qq": [-1384.5697279040767, 147.71780771024078], "ch3-smiles": "C[N+](=O)[O-]", "intercept": 2.657640037160233, "shear_5nN_qq": [-1485.0267638816947, 135.07442121385716], "COF": 0.11994319140842981, "chain-smiles": "CCCCCCCCCCCCCCCCC[N+](=O)[O-]", "h-smiles": "[N+](=O)[O-]", "entropy_translational": 156.76, "S2": {"25nN": 0.8613095941976783, "5nN": 0.857817626742825, "15nN": 0.8584513913513421}}