{"shear_15nN_Etotal": [-1141.4350269176657, 46.12474236053081], "molecular_weight": 15.0344, "shear_25nN_Etotal": [-1209.5049797881693, 48.33229644793584], "surface_area": 48.83, "shear_15nN_qq": [306.8134639408473, 10.643472461577796], "enthalpy_vibrational": 119.27, "shear_5nN_qq": [250.45453686171064, 9.657039721590431], "tilt": {"5nN": 29.593520067656204, "25nN": 36.33512822508289, "15nN": 33.651400059113264}, "intercept": 1.0782135203262113, "shear_25nN_lj": [-1549.3801990583531, 49.51666349826786], "entropy_rotational": 62.93, "shear_5nN_lj": [-1205.1174008984813, 50.04582366339663], "shear_25nN_qq": [339.87521927018383, 11.555086768035652], "nonpolar_solvation_energy": 4.81, "total_solvation_energy": 4.69, "shear_15nN_lj": [-1448.2484908585132, 47.045976354742805], "shear_5nN_Etotal": [-954.6628640367707, 47.68755617394579], "interdigitation": {"5nN": 0.11915035768943817, "25nN": 0.13040682590279287, "15nN": 0.13571214409190313}, "entropy_vibrational": 0.39, "heat_capacity_vibrational": 2.25, "entropy_translational": 143.35, "roughness": {"5nN": 0.05961460699857227, "25nN": 0.059259323462233886, "15nN": 0.06728990385603262}, "S2": {"5nN": 0.8914973874064643, "25nN": 0.8717469397505411, "15nN": 0.8756840414930189}, "dipole_moment": 0.0, "COF": 0.15769464242483588, "status": {"c413aa42bcc6551900122aa3b9023fa7-shear_5nN_extend_grompp": 1, "c413aa42bcc6551900122aa3b9023fa7-get_interaction_energy_25nN": 1, "c413aa42bcc6551900122aa3b9023fa7-shear_5nN_grompp": 1, "c413aa42bcc6551900122aa3b9023fa7-get_interaction_energy_15nN": 1, "c413aa42bcc6551900122aa3b9023fa7-shear_25nN_rerun_grompp": 1, "c413aa42bcc6551900122aa3b9023fa7-calc_tilt_shear": 1, "c413aa42bcc6551900122aa3b9023fa7-calc_roughness": 1, "c413aa42bcc6551900122aa3b9023fa7-calc_friction": 1, "c413aa42bcc6551900122aa3b9023fa7-initialize": 1, "c413aa42bcc6551900122aa3b9023fa7-get_interaction_energy_5nN": 1, "c413aa42bcc6551900122aa3b9023fa7-minimize": 1, "c413aa42bcc6551900122aa3b9023fa7-shear_15nN_grompp": 1, "c413aa42bcc6551900122aa3b9023fa7-calc_interdigitation": 1, "c413aa42bcc6551900122aa3b9023fa7-equilibrate_grompp": 1, "c413aa42bcc6551900122aa3b9023fa7-shear_15nN_rerun": 1, "c413aa42bcc6551900122aa3b9023fa7-calc_S2_shear": 1, "c413aa42bcc6551900122aa3b9023fa7-shear_15nN_rerun_grompp": 1, "c413aa42bcc6551900122aa3b9023fa7-unwrap_shear_5nN": 1, "c413aa42bcc6551900122aa3b9023fa7-shear_5nN_extend": 1, "c413aa42bcc6551900122aa3b9023fa7-count_hydrogen_bonds": 1, "c413aa42bcc6551900122aa3b9023fa7-compress": 1, "c413aa42bcc6551900122aa3b9023fa7-shear_25nN_rerun": 1, "c413aa42bcc6551900122aa3b9023fa7-log_cof": 1, "c413aa42bcc6551900122aa3b9023fa7-log_interaction_energy_5nN": 1, "c413aa42bcc6551900122aa3b9023fa7-shear_25nN": 1, "c413aa42bcc6551900122aa3b9023fa7-shear_15nN": 1, "c413aa42bcc6551900122aa3b9023fa7-equilibrate": 1, "c413aa42bcc6551900122aa3b9023fa7-shear_25nN_extend": 1, "c413aa42bcc6551900122aa3b9023fa7-shear_15nN_extend_grompp": 1, "c413aa42bcc6551900122aa3b9023fa7-log_interaction_energy_15nN": 1, "c413aa42bcc6551900122aa3b9023fa7-shear_25nN_grompp": 1, "c413aa42bcc6551900122aa3b9023fa7-unwrap_shear_15nN": 1, "c413aa42bcc6551900122aa3b9023fa7-compress_grompp": 1, "c413aa42bcc6551900122aa3b9023fa7-shear_5nN": 1, "c413aa42bcc6551900122aa3b9023fa7-shear_15nN_extend": 1, "c413aa42bcc6551900122aa3b9023fa7-lammps_to_gmx": 1, "c413aa42bcc6551900122aa3b9023fa7-shear_5nN_rerun_grompp": 1, "c413aa42bcc6551900122aa3b9023fa7-fix_overlaps": 1, "c413aa42bcc6551900122aa3b9023fa7-unwrap_shear_25nN": 1, "c413aa42bcc6551900122aa3b9023fa7-log_S2": 1, "c413aa42bcc6551900122aa3b9023fa7-log_interaction_energy_25nN": 1, "c413aa42bcc6551900122aa3b9023fa7-shear_5nN_rerun": 1, "c413aa42bcc6551900122aa3b9023fa7-shear_25nN_extend_grompp": 1, "c413aa42bcc6551900122aa3b9023fa7-top_to_mol2": 1, "c413aa42bcc6551900122aa3b9023fa7-minimize_grompp": 1, "c413aa42bcc6551900122aa3b9023fa7-log_tilt": 1}, "polar_solvation_energy": -0.12}