{"shear_15nN_Etotal": [-2086.932177757794, 197.5327605625192], "molecular_weight": 17.0073, "shear_25nN_Etotal": [-1989.3473122406076, 201.3754725781624], "surface_area": 42.49, "shear_15nN_qq": [-803.8772644692247, 207.01320209812187], "enthalpy_vibrational": 57.43, "shear_5nN_qq": [-1016.4581451518785, 202.85558093427613], "tilt": {"5nN": 32.094015861185234, "25nN": 37.568354607937046, "15nN": 35.77266604697336}, "intercept": 4.1617425287615735, "shear_25nN_lj": [-1339.0584282581935, 61.05355843637039], "entropy_rotational": 49.19, "shear_5nN_lj": [-1127.3221792717827, 61.22270147207023], "shear_25nN_qq": [-650.2888839824141, 205.73915219521874], "nonpolar_solvation_energy": 2.8, "total_solvation_energy": -12.83, "shear_15nN_lj": [-1283.0549132885692, 61.37842336421599], "shear_5nN_Etotal": [-2143.780324423661, 200.23496146762068], "interdigitation": {"5nN": 0.10125908778701154, "25nN": 0.10925685422993815, "15nN": 0.10822017376905148}, "entropy_vibrational": 0.02, "heat_capacity_vibrational": 0.13, "entropy_translational": 144.8, "status": {"56a3d9338f1251f5e1f00c5729bf2873-calc_friction": 1, "56a3d9338f1251f5e1f00c5729bf2873-unwrap_shear_25nN": 1, "56a3d9338f1251f5e1f00c5729bf2873-compress": 1, "56a3d9338f1251f5e1f00c5729bf2873-shear_15nN_grompp": 1, "56a3d9338f1251f5e1f00c5729bf2873-shear_25nN_extend_grompp": 1, "56a3d9338f1251f5e1f00c5729bf2873-equilibrate": 1, "56a3d9338f1251f5e1f00c5729bf2873-calc_roughness": 1, "56a3d9338f1251f5e1f00c5729bf2873-log_cof": 1, "56a3d9338f1251f5e1f00c5729bf2873-get_interaction_energy_5nN": 1, "56a3d9338f1251f5e1f00c5729bf2873-shear_15nN": 1, "56a3d9338f1251f5e1f00c5729bf2873-shear_15nN_extend": 1, "56a3d9338f1251f5e1f00c5729bf2873-shear_25nN_rerun": 1, "56a3d9338f1251f5e1f00c5729bf2873-compress_grompp": 1, "56a3d9338f1251f5e1f00c5729bf2873-shear_25nN_rerun_grompp": 1, "56a3d9338f1251f5e1f00c5729bf2873-initialize": 1, "56a3d9338f1251f5e1f00c5729bf2873-log_interaction_energy_25nN": 1, "56a3d9338f1251f5e1f00c5729bf2873-equilibrate_grompp": 1, "56a3d9338f1251f5e1f00c5729bf2873-unwrap_shear_5nN": 1, "56a3d9338f1251f5e1f00c5729bf2873-shear_5nN_grompp": 1, "56a3d9338f1251f5e1f00c5729bf2873-log_S2": 1, "56a3d9338f1251f5e1f00c5729bf2873-shear_25nN_extend": 1, "56a3d9338f1251f5e1f00c5729bf2873-calc_S2_shear": 1, "56a3d9338f1251f5e1f00c5729bf2873-shear_5nN": 1, "56a3d9338f1251f5e1f00c5729bf2873-log_tilt": 1, "56a3d9338f1251f5e1f00c5729bf2873-shear_5nN_rerun": 1, "56a3d9338f1251f5e1f00c5729bf2873-shear_5nN_extend_grompp": 1, "56a3d9338f1251f5e1f00c5729bf2873-minimize_grompp": 1, "56a3d9338f1251f5e1f00c5729bf2873-shear_5nN_rerun_grompp": 1, "56a3d9338f1251f5e1f00c5729bf2873-log_interaction_energy_5nN": 1, "56a3d9338f1251f5e1f00c5729bf2873-fix_overlaps": 1, "56a3d9338f1251f5e1f00c5729bf2873-shear_15nN_rerun": 1, "56a3d9338f1251f5e1f00c5729bf2873-shear_25nN_grompp": 1, "56a3d9338f1251f5e1f00c5729bf2873-count_hydrogen_bonds": 1, "56a3d9338f1251f5e1f00c5729bf2873-lammps_to_gmx": 1, "56a3d9338f1251f5e1f00c5729bf2873-calc_interdigitation": 1, "56a3d9338f1251f5e1f00c5729bf2873-shear_5nN_extend": 1, "56a3d9338f1251f5e1f00c5729bf2873-minimize": 1, "56a3d9338f1251f5e1f00c5729bf2873-calc_tilt_shear": 1, "56a3d9338f1251f5e1f00c5729bf2873-log_interaction_energy_15nN": 1, "56a3d9338f1251f5e1f00c5729bf2873-shear_15nN_extend_grompp": 1, "56a3d9338f1251f5e1f00c5729bf2873-shear_25nN": 1, "56a3d9338f1251f5e1f00c5729bf2873-unwrap_shear_15nN": 1, "56a3d9338f1251f5e1f00c5729bf2873-shear_15nN_rerun_grompp": 1, "56a3d9338f1251f5e1f00c5729bf2873-get_interaction_energy_15nN": 1, "56a3d9338f1251f5e1f00c5729bf2873-top_to_mol2": 1, "56a3d9338f1251f5e1f00c5729bf2873-get_interaction_energy_25nN": 1}, "S2": {"5nN": 0.6627554187779022, "25nN": 0.6655782206894398, "15nN": 0.6497516558455223}, "polar_solvation_energy": -15.61, "COF": 0.20242902624764753, "roughness": {"5nN": 0.0524873087323703, "25nN": 0.048643310845533125, "15nN": 0.050965910446482535}, "dipole_moment": 1.88}