{"surface_area": 42.49, "shear_25nN_lj": [-1396.1015850383694, 64.56813226664482], "entropy_vibrational": 0.02, "interdigitation": {"25nN": 0.12539037884157223, "5nN": 0.11206317058893783, "15nN": 0.12307999069511184}, "shear_15nN_qq": [-2381.5296658305356, 175.2151232933579], "heat_capacity_vibrational": 0.13, "entropy_translational": 144.8, "COF": 0.1706355515744327, "tilt": {"25nN": 40.012992285183955, "5nN": 35.65506204429919, "15nN": 38.223640815604384}, "enthalpy_vibrational": 57.43, "intercept": 4.980265142373851, "shear_15nN_Etotal": [-3729.464068404476, 172.69207413058425], "entropy_rotational": 49.19, "shear_5nN_qq": [-2393.899127381295, 163.6426981818092], "dipole_moment": 1.88, "shear_15nN_lj": [-1347.9344025739408, 64.61248704754223], "nonpolar_solvation_energy": 2.8, "molecular_weight": 17.0073, "total_solvation_energy": -12.83, "shear_5nN_Etotal": [-3634.564598604316, 164.63160474732297], "shear_25nN_qq": [-2478.5067209928056, 170.84654953081952], "shear_5nN_lj": [-1240.6654712230215, 59.748666434021295], "status": {"89d861be63402a558fb412ffb3199dc2-shear_5nN_grompp": 1, "89d861be63402a558fb412ffb3199dc2-shear_25nN_grompp": 1, "89d861be63402a558fb412ffb3199dc2-equilibrate": 1, "89d861be63402a558fb412ffb3199dc2-shear_25nN_extend": 1, "89d861be63402a558fb412ffb3199dc2-equilibrate_grompp": 1, "89d861be63402a558fb412ffb3199dc2-calc_S2_shear": 1, "89d861be63402a558fb412ffb3199dc2-shear_15nN_grompp": 1, "89d861be63402a558fb412ffb3199dc2-calc_roughness": 1, "89d861be63402a558fb412ffb3199dc2-log_interaction_energy_5nN": 1, "89d861be63402a558fb412ffb3199dc2-minimize": 1, "89d861be63402a558fb412ffb3199dc2-shear_5nN_rerun_grompp": 1, "89d861be63402a558fb412ffb3199dc2-shear_5nN": 1, "89d861be63402a558fb412ffb3199dc2-shear_5nN_extend_grompp": 1, "89d861be63402a558fb412ffb3199dc2-shear_25nN_rerun": 1, "89d861be63402a558fb412ffb3199dc2-shear_15nN_extend": 1, "89d861be63402a558fb412ffb3199dc2-fix_overlaps": 1, "89d861be63402a558fb412ffb3199dc2-shear_25nN_rerun_grompp": 1, "89d861be63402a558fb412ffb3199dc2-shear_15nN": 1, "89d861be63402a558fb412ffb3199dc2-shear_15nN_rerun": 1, "89d861be63402a558fb412ffb3199dc2-shear_5nN_rerun": 1, "89d861be63402a558fb412ffb3199dc2-unwrap_shear_15nN": 1, "89d861be63402a558fb412ffb3199dc2-log_cof": 1, "89d861be63402a558fb412ffb3199dc2-calc_friction": 1, "89d861be63402a558fb412ffb3199dc2-lammps_to_gmx": 1, "89d861be63402a558fb412ffb3199dc2-top_to_mol2": 1, "89d861be63402a558fb412ffb3199dc2-get_interaction_energy_25nN": 1, "89d861be63402a558fb412ffb3199dc2-unwrap_shear_5nN": 1, "89d861be63402a558fb412ffb3199dc2-minimize_grompp": 1, "89d861be63402a558fb412ffb3199dc2-log_S2": 1, "89d861be63402a558fb412ffb3199dc2-log_tilt": 1, "89d861be63402a558fb412ffb3199dc2-shear_15nN_extend_grompp": 1, "89d861be63402a558fb412ffb3199dc2-shear_15nN_rerun_grompp": 1, "89d861be63402a558fb412ffb3199dc2-calc_tilt_shear": 1, "89d861be63402a558fb412ffb3199dc2-log_interaction_energy_25nN": 1, "89d861be63402a558fb412ffb3199dc2-shear_25nN_extend_grompp": 1, "89d861be63402a558fb412ffb3199dc2-shear_5nN_extend": 1, "89d861be63402a558fb412ffb3199dc2-compress": 1, "89d861be63402a558fb412ffb3199dc2-calc_interdigitation": 6, "89d861be63402a558fb412ffb3199dc2-get_interaction_energy_5nN": 1, "89d861be63402a558fb412ffb3199dc2-count_hydrogen_bonds": 1, "89d861be63402a558fb412ffb3199dc2-compress_grompp": 1, "89d861be63402a558fb412ffb3199dc2-get_interaction_energy_15nN": 1, "89d861be63402a558fb412ffb3199dc2-initialize": 1, "89d861be63402a558fb412ffb3199dc2-unwrap_shear_25nN": 1, "89d861be63402a558fb412ffb3199dc2-shear_25nN": 1, "89d861be63402a558fb412ffb3199dc2-log_interaction_energy_15nN": 1}, "shear_25nN_Etotal": [-3874.6083060311753, 161.35150031700115], "polar_solvation_energy": -15.61, "S2": {"25nN": 0.9378633298690757, "5nN": 0.945082288245782, "15nN": 0.9339056239185648}, "roughness": {"25nN": 0.052900165630076025, "5nN": 0.050812159526079675, "15nN": 0.054937971110547205}}