{"shear_15nN_Etotal": [-2033.1075444516387, 102.75818685653628], "molecular_weight": 66.0811, "shear_25nN_Etotal": [-2143.558149976019, 100.18411066359496], "surface_area": 76.02, "shear_15nN_qq": [-226.31551089048764, 71.31468245350055], "enthalpy_vibrational": 216.45, "shear_5nN_qq": [-182.8768461478817, 58.78101778963571], "tilt": {"5nN": 27.953129657956158, "15nN": 31.509059174030497, "25nN": 33.336426622331125}, "intercept": 1.9501859616490784, "shear_25nN_lj": [-1910.6873366482814, 62.46927425790572], "entropy_rotational": 101.75, "shear_5nN_lj": [-1561.9312884692247, 66.70056459770137], "shear_25nN_qq": [-232.8708133277378, 75.74715362992795], "nonpolar_solvation_energy": 11.08, "total_solvation_energy": -3.05, "shear_15nN_lj": [-1806.792033561151, 63.2336111343201], "shear_5nN_Etotal": [-1744.8081346171064, 102.75910293974002], "interdigitation": {"5nN": 0.1060169384816212, "15nN": 0.12225272872653696, "25nN": 0.1297741722395149}, "entropy_vibrational": 16.0, "heat_capacity_vibrational": 38.72, "entropy_translational": 161.19, "status": {"b75d61cccad30a7f392eb2b97a1cd287-shear_15nN_grompp": 1, "b75d61cccad30a7f392eb2b97a1cd287-shear_25nN_rerun": 1, "b75d61cccad30a7f392eb2b97a1cd287-log_interaction_energy_25nN": 1, "b75d61cccad30a7f392eb2b97a1cd287-initialize": 1, "b75d61cccad30a7f392eb2b97a1cd287-shear_25nN_extend_grompp": 1, "b75d61cccad30a7f392eb2b97a1cd287-minimize": 1, "b75d61cccad30a7f392eb2b97a1cd287-calc_tilt_shear": 1, "b75d61cccad30a7f392eb2b97a1cd287-shear_5nN_rerun": 1, "b75d61cccad30a7f392eb2b97a1cd287-unwrap_shear_15nN": 1, "b75d61cccad30a7f392eb2b97a1cd287-compress_grompp": 1, "b75d61cccad30a7f392eb2b97a1cd287-shear_5nN_extend": 1, "b75d61cccad30a7f392eb2b97a1cd287-log_S2": 1, "b75d61cccad30a7f392eb2b97a1cd287-shear_5nN_grompp": 1, "b75d61cccad30a7f392eb2b97a1cd287-get_interaction_energy_25nN": 1, "b75d61cccad30a7f392eb2b97a1cd287-calc_friction": 1, "b75d61cccad30a7f392eb2b97a1cd287-top_to_mol2": 1, "b75d61cccad30a7f392eb2b97a1cd287-shear_15nN_rerun": 1, "b75d61cccad30a7f392eb2b97a1cd287-unwrap_shear_5nN": 1, "b75d61cccad30a7f392eb2b97a1cd287-shear_15nN": 1, "b75d61cccad30a7f392eb2b97a1cd287-log_cof": 1, "b75d61cccad30a7f392eb2b97a1cd287-shear_15nN_rerun_grompp": 1, "b75d61cccad30a7f392eb2b97a1cd287-equilibrate": 1, "b75d61cccad30a7f392eb2b97a1cd287-log_tilt": 1, "b75d61cccad30a7f392eb2b97a1cd287-lammps_to_gmx": 1, "b75d61cccad30a7f392eb2b97a1cd287-shear_25nN_extend": 1, "b75d61cccad30a7f392eb2b97a1cd287-minimize_grompp": 1, "b75d61cccad30a7f392eb2b97a1cd287-log_interaction_energy_15nN": 1, "b75d61cccad30a7f392eb2b97a1cd287-shear_5nN_rerun_grompp": 1, "b75d61cccad30a7f392eb2b97a1cd287-unwrap_shear_25nN": 1, "b75d61cccad30a7f392eb2b97a1cd287-count_hydrogen_bonds": 1, "b75d61cccad30a7f392eb2b97a1cd287-calc_S2_shear": 1, "b75d61cccad30a7f392eb2b97a1cd287-get_interaction_energy_5nN": 1, "b75d61cccad30a7f392eb2b97a1cd287-shear_25nN_grompp": 1, "b75d61cccad30a7f392eb2b97a1cd287-equilibrate_grompp": 1, "b75d61cccad30a7f392eb2b97a1cd287-shear_15nN_extend": 1, "b75d61cccad30a7f392eb2b97a1cd287-compress": 1, "b75d61cccad30a7f392eb2b97a1cd287-fix_overlaps": 1, "b75d61cccad30a7f392eb2b97a1cd287-log_interaction_energy_5nN": 1, "b75d61cccad30a7f392eb2b97a1cd287-calc_roughness": 1, "b75d61cccad30a7f392eb2b97a1cd287-shear_25nN": 1, "b75d61cccad30a7f392eb2b97a1cd287-get_interaction_energy_15nN": 1, "b75d61cccad30a7f392eb2b97a1cd287-shear_5nN_extend_grompp": 1, "b75d61cccad30a7f392eb2b97a1cd287-calc_interdigitation": 1, "b75d61cccad30a7f392eb2b97a1cd287-shear_5nN": 1, "b75d61cccad30a7f392eb2b97a1cd287-shear_25nN_rerun_grompp": 1, "b75d61cccad30a7f392eb2b97a1cd287-shear_15nN_extend_grompp": 1}, "S2": {"5nN": 0.7109390880014752, "15nN": 0.7098887965927024, "25nN": 0.7100137937781713}, "dipole_moment": 2.89, "COF": 0.1954100407745026, "roughness": {"5nN": 0.06143508767955798, "15nN": 0.06448806971375733, "25nN": 0.06422188227207609}, "polar_solvation_energy": -14.13}