{"enthalpy_vibrational": 131.44, "shear_5nN_Etotal": [-626.3947445915268, 49.32802941550697], "heat_capacity_vibrational": 10.23, "entropy_vibrational": 2.65, "interdigitation": {"25nN": 0.1140610134854797, "5nN": 0.13345986080661762, "15nN": 0.12531377324341367}, "polar_solvation_energy": -1.05, "shear_15nN_qq": [891.382147518785, 39.18684761318756], "nonpolar_solvation_energy": 8.4, "molecular_weight": 27.0451, "shear_15nN_Etotal": [-639.8398091159073, 52.72609847275215], "roughness": {"25nN": 0.04766083544341802, "5nN": 0.054687577547219285, "15nN": 0.053136052911575804}, "tilt": {"25nN": 33.598523070936935, "5nN": 25.959918522176665, "15nN": 30.788494858468702}, "shear_15nN_lj": [-1531.2219566346923, 47.38112944859041], "surface_area": 61.0, "total_solvation_energy": 7.34, "dipole_moment": 0.0, "entropy_rotational": 77.76, "shear_25nN_lj": [-1608.8288489224622, 43.62472290387408], "shear_25nN_qq": [1028.4348994428458, 44.728540957418936], "ch3-smiles": "CC=C", "status": {"60a45a87f76556ed984a5b167704dacd-shear_15nN_extend": 1, "60a45a87f76556ed984a5b167704dacd-shear_15nN": 1, "60a45a87f76556ed984a5b167704dacd-shear_25nN_rerun_grompp": 1, "60a45a87f76556ed984a5b167704dacd-shear_5nN_extend_grompp": 1, "60a45a87f76556ed984a5b167704dacd-shear_5nN_rerun": 1, "60a45a87f76556ed984a5b167704dacd-minimize": 1, "60a45a87f76556ed984a5b167704dacd-shear_25nN_extend": 1, "60a45a87f76556ed984a5b167704dacd-unwrap_shear_15nN": 1, "60a45a87f76556ed984a5b167704dacd-log_interaction_energy_15nN": 1, "60a45a87f76556ed984a5b167704dacd-unwrap_shear_25nN": 1, "60a45a87f76556ed984a5b167704dacd-compress_grompp": 1, "60a45a87f76556ed984a5b167704dacd-calc_interdigitation": 6, "60a45a87f76556ed984a5b167704dacd-log_cof": 1, "60a45a87f76556ed984a5b167704dacd-get_interaction_energy_25nN": 1, "60a45a87f76556ed984a5b167704dacd-shear_5nN_rerun_grompp": 1, "60a45a87f76556ed984a5b167704dacd-shear_25nN_rerun": 1, "60a45a87f76556ed984a5b167704dacd-minimize_grompp": 1, "60a45a87f76556ed984a5b167704dacd-calc_friction": 1, "60a45a87f76556ed984a5b167704dacd-log_tilt": 1, "60a45a87f76556ed984a5b167704dacd-shear_15nN_rerun_grompp": 1, "60a45a87f76556ed984a5b167704dacd-log_S2": 1, "60a45a87f76556ed984a5b167704dacd-get_interaction_energy_15nN": 1, "60a45a87f76556ed984a5b167704dacd-calc_roughness": 1, "60a45a87f76556ed984a5b167704dacd-lammps_to_gmx": 1, "60a45a87f76556ed984a5b167704dacd-shear_5nN": 1, "60a45a87f76556ed984a5b167704dacd-shear_25nN": 1, "60a45a87f76556ed984a5b167704dacd-calc_tilt_shear": 1, "60a45a87f76556ed984a5b167704dacd-shear_5nN_grompp": 1, "60a45a87f76556ed984a5b167704dacd-shear_5nN_extend": 1, "60a45a87f76556ed984a5b167704dacd-equilibrate_grompp": 1, "60a45a87f76556ed984a5b167704dacd-shear_25nN_extend_grompp": 1, "60a45a87f76556ed984a5b167704dacd-log_interaction_energy_25nN": 1, "60a45a87f76556ed984a5b167704dacd-unwrap_shear_5nN": 1, "60a45a87f76556ed984a5b167704dacd-equilibrate": 1, "60a45a87f76556ed984a5b167704dacd-log_interaction_energy_5nN": 1, "60a45a87f76556ed984a5b167704dacd-shear_15nN_rerun": 1, "60a45a87f76556ed984a5b167704dacd-top_to_mol2": 1, "60a45a87f76556ed984a5b167704dacd-count_hydrogen_bonds": 1, "60a45a87f76556ed984a5b167704dacd-shear_15nN_grompp": 1, "60a45a87f76556ed984a5b167704dacd-fix_overlaps": 1, "60a45a87f76556ed984a5b167704dacd-get_interaction_energy_5nN": 1, "60a45a87f76556ed984a5b167704dacd-shear_25nN_grompp": 1, "60a45a87f76556ed984a5b167704dacd-compress": 1, "60a45a87f76556ed984a5b167704dacd-calc_S2_shear": 1, "60a45a87f76556ed984a5b167704dacd-initialize": 1, "60a45a87f76556ed984a5b167704dacd-shear_15nN_extend_grompp": 1}, "shear_25nN_Etotal": [-580.3939494796163, 58.66473495540991], "intercept": 1.2929898258488683, "shear_5nN_qq": [675.3868487633893, 34.09462576518093], "COF": 0.14886553608295092, "chain-smiles": "CCCCCCCCCCCCCCCCCC=C", "shear_5nN_lj": [-1301.7815933549161, 47.13223523557438], "h-smiles": "C=C", "entropy_translational": 150.32, "S2": {"25nN": 0.7576668914246888, "5nN": 0.7531062225344957, "15nN": 0.7519440447751473}}