{"shear_5nN_Etotal": [-3953.172585277378, 302.7561420869445], "interdigitation": {"25nN": 0.1599583744158153, "15nN": 0.17659633998143523, "5nN": 0.19121555549901886}, "entropy_rotational": 49.42, "shear_5nN_lj": [-1302.3490242054359, 58.06684190307919], "enthalpy_vibrational": 43.98, "COF": 0.12943788084588445, "molecular_weight": 26.0174, "shear_15nN_qq": [-2454.311600609113, 249.152803080128], "polar_solvation_energy": -17.95, "nonpolar_solvation_energy": 9.82, "S2": {"25nN": 0.7617902764965785, "15nN": 0.7745092733125618, "5nN": 0.7772171457165993}, "shear_25nN_Etotal": [-3611.2024238257395, 226.4112385535001], "total_solvation_energy": -8.13, "entropy_translational": 149.86, "status": {"6d511c290127951e95bfcf490058f830-shear_5nN_extend": 1, "6d511c290127951e95bfcf490058f830-shear_5nN": 1, "6d511c290127951e95bfcf490058f830-shear_25nN_rerun": 1, "6d511c290127951e95bfcf490058f830-log_S2": 1, "6d511c290127951e95bfcf490058f830-shear_15nN": 1, "6d511c290127951e95bfcf490058f830-log_interaction_energy_25nN": 1, "6d511c290127951e95bfcf490058f830-unwrap_shear_15nN": 1, "6d511c290127951e95bfcf490058f830-calc_roughness": 1, "6d511c290127951e95bfcf490058f830-shear_15nN_grompp": 1, "6d511c290127951e95bfcf490058f830-shear_5nN_rerun_grompp": 1, "6d511c290127951e95bfcf490058f830-log_interaction_energy_5nN": 1, "6d511c290127951e95bfcf490058f830-shear_25nN_rerun_grompp": 1, "6d511c290127951e95bfcf490058f830-shear_15nN_extend": 1, "6d511c290127951e95bfcf490058f830-fix_overlaps": 1, "6d511c290127951e95bfcf490058f830-get_interaction_energy_5nN": 1, "6d511c290127951e95bfcf490058f830-shear_5nN_extend_grompp": 1, "6d511c290127951e95bfcf490058f830-minimize_grompp": 1, "6d511c290127951e95bfcf490058f830-shear_15nN_extend_grompp": 1, "6d511c290127951e95bfcf490058f830-get_interaction_energy_25nN": 1, "6d511c290127951e95bfcf490058f830-get_interaction_energy_15nN": 1, "6d511c290127951e95bfcf490058f830-calc_S2_shear": 1, "6d511c290127951e95bfcf490058f830-shear_15nN_rerun": 1, "6d511c290127951e95bfcf490058f830-calc_friction": 1, "6d511c290127951e95bfcf490058f830-calc_tilt_shear": 1, "6d511c290127951e95bfcf490058f830-shear_25nN_extend_grompp": 1, "6d511c290127951e95bfcf490058f830-log_interaction_energy_15nN": 1, "6d511c290127951e95bfcf490058f830-equilibrate": 1, "6d511c290127951e95bfcf490058f830-shear_5nN_rerun": 1, "6d511c290127951e95bfcf490058f830-unwrap_shear_5nN": 1, "6d511c290127951e95bfcf490058f830-unwrap_shear_25nN": 1, "6d511c290127951e95bfcf490058f830-log_cof": 1, "6d511c290127951e95bfcf490058f830-top_to_mol2": 1, "6d511c290127951e95bfcf490058f830-calc_interdigitation": 6, "6d511c290127951e95bfcf490058f830-compress_grompp": 1, "6d511c290127951e95bfcf490058f830-log_tilt": 1, "6d511c290127951e95bfcf490058f830-shear_25nN": 1, "6d511c290127951e95bfcf490058f830-compress": 1, "6d511c290127951e95bfcf490058f830-shear_25nN_extend": 1, "6d511c290127951e95bfcf490058f830-count_hydrogen_bonds": 1, "6d511c290127951e95bfcf490058f830-shear_15nN_rerun_grompp": 1, "6d511c290127951e95bfcf490058f830-shear_5nN_grompp": 1, "6d511c290127951e95bfcf490058f830-initialize": 1, "6d511c290127951e95bfcf490058f830-equilibrate_grompp": 1, "6d511c290127951e95bfcf490058f830-lammps_to_gmx": 1, "6d511c290127951e95bfcf490058f830-minimize": 1, "6d511c290127951e95bfcf490058f830-shear_25nN_grompp": 1}, "shear_15nN_Etotal": [-3884.9027001870504, 267.9472610971453], "intercept": 3.3876087789627625, "heat_capacity_vibrational": 4.71, "surface_area": 55.12, "tilt": {"25nN": 35.29313343721482, "15nN": 32.90117024307546, "5nN": 29.050960591956162}, "shear_25nN_qq": [-2120.962738806555, 215.05481400297919], "dipole_moment": 3.41, "entropy_vibrational": 1.39, "shear_5nN_qq": [-2650.8235610719425, 271.9876023477173], "roughness": {"25nN": 0.0660304010755963, "15nN": 0.06740198677758097, "5nN": 0.07119326929693175}, "shear_15nN_lj": [-1430.5910995779377, 54.50931048334048], "shear_25nN_lj": [-1490.2396850191844, 52.50103378869332]}