{"enthalpy_vibrational": 92.73, "shear_5nN_Etotal": [-2635.2736001670664, 127.81207699984705], "heat_capacity_vibrational": 0.69, "entropy_vibrational": 0.11, "interdigitation": {"25nN": 0.1429612941836081, "5nN": 0.1217177273213702, "15nN": 0.12376338436611342}, "polar_solvation_energy": -10.38, "shear_15nN_qq": [-1497.8466446626699, 129.15651315335384], "nonpolar_solvation_energy": 5.48, "molecular_weight": 16.0225, "shear_15nN_Etotal": [-2751.7064405115907, 130.57340020470443], "roughness": {"25nN": 0.06485753374948466, "5nN": 0.05745433241485467, "15nN": 0.05779911114393626}, "tilt": {"25nN": 40.10009583676625, "5nN": 35.09206054134302, "15nN": 38.17512263814903}, "shear_15nN_lj": [-1253.8597958489208, 54.68203651032205], "surface_area": 42.91, "total_solvation_energy": -4.92, "dipole_moment": 1.63, "entropy_rotational": 56.63, "shear_25nN_lj": [-1295.514832088729, 57.24554861582558], "shear_5nN_lj": [-1149.3401059480414, 50.2756238218665], "status": {"7861ccf6ab2bd6e818c8a7387bf3e142-equilibrate": 1, "7861ccf6ab2bd6e818c8a7387bf3e142-calc_tilt_shear": 1, "7861ccf6ab2bd6e818c8a7387bf3e142-shear_5nN_rerun_grompp": 1, "7861ccf6ab2bd6e818c8a7387bf3e142-shear_15nN_grompp": 1, "7861ccf6ab2bd6e818c8a7387bf3e142-shear_15nN_extend": 1, "7861ccf6ab2bd6e818c8a7387bf3e142-log_interaction_energy_5nN": 1, "7861ccf6ab2bd6e818c8a7387bf3e142-fix_overlaps": 1, "7861ccf6ab2bd6e818c8a7387bf3e142-log_interaction_energy_25nN": 1, "7861ccf6ab2bd6e818c8a7387bf3e142-unwrap_shear_25nN": 1, "7861ccf6ab2bd6e818c8a7387bf3e142-shear_15nN": 1, "7861ccf6ab2bd6e818c8a7387bf3e142-calc_interdigitation": 6, "7861ccf6ab2bd6e818c8a7387bf3e142-get_interaction_energy_5nN": 1, "7861ccf6ab2bd6e818c8a7387bf3e142-calc_roughness": 1, "7861ccf6ab2bd6e818c8a7387bf3e142-minimize": 1, "7861ccf6ab2bd6e818c8a7387bf3e142-shear_5nN_extend_grompp": 1, "7861ccf6ab2bd6e818c8a7387bf3e142-minimize_grompp": 1, "7861ccf6ab2bd6e818c8a7387bf3e142-shear_15nN_rerun": 1, "7861ccf6ab2bd6e818c8a7387bf3e142-compress": 1, "7861ccf6ab2bd6e818c8a7387bf3e142-initialize": 1, "7861ccf6ab2bd6e818c8a7387bf3e142-get_interaction_energy_15nN": 1, "7861ccf6ab2bd6e818c8a7387bf3e142-shear_25nN": 1, "7861ccf6ab2bd6e818c8a7387bf3e142-calc_friction": 1, "7861ccf6ab2bd6e818c8a7387bf3e142-log_cof": 1, "7861ccf6ab2bd6e818c8a7387bf3e142-calc_S2_shear": 1, "7861ccf6ab2bd6e818c8a7387bf3e142-log_interaction_energy_15nN": 1, "7861ccf6ab2bd6e818c8a7387bf3e142-shear_5nN_extend": 1, "7861ccf6ab2bd6e818c8a7387bf3e142-shear_25nN_extend": 1, "7861ccf6ab2bd6e818c8a7387bf3e142-unwrap_shear_15nN": 1, "7861ccf6ab2bd6e818c8a7387bf3e142-shear_5nN_grompp": 1, "7861ccf6ab2bd6e818c8a7387bf3e142-log_S2": 1, "7861ccf6ab2bd6e818c8a7387bf3e142-shear_15nN_rerun_grompp": 1, "7861ccf6ab2bd6e818c8a7387bf3e142-lammps_to_gmx": 1, "7861ccf6ab2bd6e818c8a7387bf3e142-unwrap_shear_5nN": 1, "7861ccf6ab2bd6e818c8a7387bf3e142-compress_grompp": 1, "7861ccf6ab2bd6e818c8a7387bf3e142-top_to_mol2": 1, "7861ccf6ab2bd6e818c8a7387bf3e142-shear_25nN_rerun_grompp": 1, "7861ccf6ab2bd6e818c8a7387bf3e142-shear_5nN_rerun": 1, "7861ccf6ab2bd6e818c8a7387bf3e142-shear_25nN_grompp": 1, "7861ccf6ab2bd6e818c8a7387bf3e142-shear_25nN_rerun": 1, "7861ccf6ab2bd6e818c8a7387bf3e142-shear_5nN": 1, "7861ccf6ab2bd6e818c8a7387bf3e142-log_tilt": 1, "7861ccf6ab2bd6e818c8a7387bf3e142-shear_15nN_extend_grompp": 1, "7861ccf6ab2bd6e818c8a7387bf3e142-count_hydrogen_bonds": 1, "7861ccf6ab2bd6e818c8a7387bf3e142-shear_25nN_extend_grompp": 1, "7861ccf6ab2bd6e818c8a7387bf3e142-equilibrate_grompp": 1, "7861ccf6ab2bd6e818c8a7387bf3e142-get_interaction_energy_25nN": 1}, "shear_25nN_Etotal": [-2776.446038686651, 124.05395294084575], "shear_25nN_qq": [-1480.9312065979216, 124.51642232078521], "ch3-smiles": "CN", "intercept": 3.318581530854324, "shear_5nN_qq": [-1485.9334942190246, 124.15845683428195], "COF": 0.14761320015548113, "chain-smiles": "CCCCCCCCCCCCCCCCCN", "h-smiles": "N", "entropy_translational": 144.1, "S2": {"25nN": 0.9382898917665973, "5nN": 0.9331069242394945, "15nN": 0.9361674269503512}}