{"shear_15nN_Etotal": [-1287.707226565148, 48.161319032041185], "molecular_weight": 41.0716, "shear_25nN_Etotal": [-1345.646968052758, 48.794884077319956], "surface_area": 65.5, "shear_15nN_qq": [228.47376251558754, 10.325016535436205], "enthalpy_vibrational": 214.06, "shear_5nN_qq": [171.838577441247, 8.759491077559279], "tilt": {"5nN": 29.212772516967636, "25nN": 35.69626849870903, "15nN": 33.77684934446355}, "intercept": 0.7117127807291985, "shear_25nN_lj": [-1606.8362598001597, 49.13891966796339], "entropy_rotational": 90.7, "shear_5nN_lj": [-1281.7432747034372, 50.48559744768346], "shear_25nN_qq": [261.1892917474021, 10.731632832902147], "nonpolar_solvation_energy": 9.15, "total_solvation_energy": 7.89, "shear_15nN_lj": [-1516.1809890807353, 49.04656483311252], "shear_5nN_Etotal": [-1109.9046972621902, 48.35964281034932], "interdigitation": {"5nN": 0.1114379068137085, "25nN": 0.10335279092483059, "15nN": 0.10557623729704563}, "entropy_vibrational": 5.04, "heat_capacity_vibrational": 19.47, "entropy_translational": 155.37, "status": {"11610fa6c34ceb46f70d43c09c50c486-shear_5nN_extend": 1, "11610fa6c34ceb46f70d43c09c50c486-log_S2": 1, "11610fa6c34ceb46f70d43c09c50c486-shear_25nN_extend_grompp": 1, "11610fa6c34ceb46f70d43c09c50c486-minimize": 1, "11610fa6c34ceb46f70d43c09c50c486-unwrap_shear_25nN": 1, "11610fa6c34ceb46f70d43c09c50c486-shear_25nN_rerun_grompp": 1, "11610fa6c34ceb46f70d43c09c50c486-calc_friction": 1, "11610fa6c34ceb46f70d43c09c50c486-calc_roughness": 1, "11610fa6c34ceb46f70d43c09c50c486-calc_tilt_shear": 1, "11610fa6c34ceb46f70d43c09c50c486-unwrap_shear_5nN": 1, "11610fa6c34ceb46f70d43c09c50c486-compress_grompp": 1, "11610fa6c34ceb46f70d43c09c50c486-shear_15nN": 1, "11610fa6c34ceb46f70d43c09c50c486-lammps_to_gmx": 1, "11610fa6c34ceb46f70d43c09c50c486-log_interaction_energy_5nN": 1, "11610fa6c34ceb46f70d43c09c50c486-log_interaction_energy_15nN": 1, "11610fa6c34ceb46f70d43c09c50c486-compress": 1, "11610fa6c34ceb46f70d43c09c50c486-shear_15nN_extend_grompp": 1, "11610fa6c34ceb46f70d43c09c50c486-shear_5nN_rerun_grompp": 1, "11610fa6c34ceb46f70d43c09c50c486-fix_overlaps": 1, "11610fa6c34ceb46f70d43c09c50c486-count_hydrogen_bonds": 1, "11610fa6c34ceb46f70d43c09c50c486-calc_S2_shear": 1, "11610fa6c34ceb46f70d43c09c50c486-log_tilt": 1, "11610fa6c34ceb46f70d43c09c50c486-log_cof": 1, "11610fa6c34ceb46f70d43c09c50c486-shear_5nN_rerun": 1, "11610fa6c34ceb46f70d43c09c50c486-shear_25nN_rerun": 1, "11610fa6c34ceb46f70d43c09c50c486-shear_15nN_rerun": 1, "11610fa6c34ceb46f70d43c09c50c486-shear_5nN_extend_grompp": 1, "11610fa6c34ceb46f70d43c09c50c486-calc_interdigitation": 1, "11610fa6c34ceb46f70d43c09c50c486-get_interaction_energy_5nN": 1, "11610fa6c34ceb46f70d43c09c50c486-shear_25nN": 1, "11610fa6c34ceb46f70d43c09c50c486-equilibrate_grompp": 1, "11610fa6c34ceb46f70d43c09c50c486-shear_5nN": 1, "11610fa6c34ceb46f70d43c09c50c486-get_interaction_energy_25nN": 1, "11610fa6c34ceb46f70d43c09c50c486-shear_15nN_extend": 1, "11610fa6c34ceb46f70d43c09c50c486-log_interaction_energy_25nN": 1, "11610fa6c34ceb46f70d43c09c50c486-initialize": 1, "11610fa6c34ceb46f70d43c09c50c486-shear_15nN_rerun_grompp": 1, "11610fa6c34ceb46f70d43c09c50c486-minimize_grompp": 1, "11610fa6c34ceb46f70d43c09c50c486-shear_25nN_extend": 1, "11610fa6c34ceb46f70d43c09c50c486-shear_5nN_grompp": 1, "11610fa6c34ceb46f70d43c09c50c486-shear_25nN_grompp": 1, "11610fa6c34ceb46f70d43c09c50c486-unwrap_shear_15nN": 1, "11610fa6c34ceb46f70d43c09c50c486-get_interaction_energy_15nN": 1, "11610fa6c34ceb46f70d43c09c50c486-equilibrate": 1, "11610fa6c34ceb46f70d43c09c50c486-top_to_mol2": 1, "11610fa6c34ceb46f70d43c09c50c486-shear_15nN_grompp": 1}, "S2": {"5nN": 0.8887989055079992, "25nN": 0.8736549162956198, "15nN": 0.8920332860830442}, "polar_solvation_energy": -1.28, "COF": 0.16204484540270522, "roughness": {"5nN": 0.0638364407012495, "25nN": 0.054892177685805954, "15nN": 0.05930491441151077}, "dipole_moment": 0.0}