{"shear_15nN_Etotal": [-1213.94296623741, 41.46409606701051], "molecular_weight": 15.0344, "shear_25nN_Etotal": [-1284.7291668641087, 45.479847669524894], "surface_area": 48.83, "shear_15nN_qq": [189.68544313509193, 11.363575143280993], "enthalpy_vibrational": 119.27, "shear_5nN_qq": [133.82798777937649, 11.229503396005715], "tilt": {"5nN": 33.077603047643976, "25nN": 38.68997078089445, "15nN": 36.79174704276362}, "intercept": 0.8841443294799527, "shear_25nN_lj": [-1508.8002405635493, 47.31122693053515], "entropy_rotational": 62.93, "shear_5nN_lj": [-1174.6394972869705, 49.3191488741638], "shear_25nN_qq": [224.0710736994404, 11.74994649082715], "nonpolar_solvation_energy": 4.81, "total_solvation_energy": 4.69, "shear_15nN_lj": [-1403.6284093725021, 43.37544050284606], "shear_5nN_Etotal": [-1040.8115095075939, 46.05542653176193], "interdigitation": {"5nN": 0.11109062450197632, "25nN": 0.12795948279011826, "15nN": 0.11785191055460005}, "entropy_vibrational": 0.39, "heat_capacity_vibrational": 2.25, "entropy_translational": 143.35, "roughness": {"5nN": 0.0641069867968409, "25nN": 0.07089524692477225, "15nN": 0.06529152565849239}, "S2": {"5nN": 0.9498724009215367, "25nN": 0.9509234771323715, "15nN": 0.946274951588628}, "dipole_moment": 0.0, "COF": 0.13562588071710696, "status": {"d8ff6d3f17f4c5f7e55797d2cd0fddca-shear_5nN": 1, "d8ff6d3f17f4c5f7e55797d2cd0fddca-shear_25nN_extend_grompp": 1, "d8ff6d3f17f4c5f7e55797d2cd0fddca-get_interaction_energy_15nN": 1, "d8ff6d3f17f4c5f7e55797d2cd0fddca-unwrap_shear_5nN": 1, "d8ff6d3f17f4c5f7e55797d2cd0fddca-shear_25nN_grompp": 1, "d8ff6d3f17f4c5f7e55797d2cd0fddca-log_S2": 1, "d8ff6d3f17f4c5f7e55797d2cd0fddca-shear_15nN_grompp": 1, "d8ff6d3f17f4c5f7e55797d2cd0fddca-calc_S2_shear": 1, "d8ff6d3f17f4c5f7e55797d2cd0fddca-unwrap_shear_25nN": 1, "d8ff6d3f17f4c5f7e55797d2cd0fddca-compress": 1, "d8ff6d3f17f4c5f7e55797d2cd0fddca-compress_grompp": 1, "d8ff6d3f17f4c5f7e55797d2cd0fddca-lammps_to_gmx": 1, "d8ff6d3f17f4c5f7e55797d2cd0fddca-top_to_mol2": 1, "d8ff6d3f17f4c5f7e55797d2cd0fddca-shear_5nN_extend": 1, "d8ff6d3f17f4c5f7e55797d2cd0fddca-shear_15nN_rerun_grompp": 1, "d8ff6d3f17f4c5f7e55797d2cd0fddca-initialize": 1, "d8ff6d3f17f4c5f7e55797d2cd0fddca-shear_25nN_extend": 1, "d8ff6d3f17f4c5f7e55797d2cd0fddca-shear_15nN_rerun": 1, "d8ff6d3f17f4c5f7e55797d2cd0fddca-equilibrate": 1, "d8ff6d3f17f4c5f7e55797d2cd0fddca-log_interaction_energy_5nN": 1, "d8ff6d3f17f4c5f7e55797d2cd0fddca-shear_15nN": 1, "d8ff6d3f17f4c5f7e55797d2cd0fddca-shear_15nN_extend": 1, "d8ff6d3f17f4c5f7e55797d2cd0fddca-unwrap_shear_15nN": 1, "d8ff6d3f17f4c5f7e55797d2cd0fddca-log_interaction_energy_25nN": 1, "d8ff6d3f17f4c5f7e55797d2cd0fddca-log_tilt": 1, "d8ff6d3f17f4c5f7e55797d2cd0fddca-log_interaction_energy_15nN": 1, "d8ff6d3f17f4c5f7e55797d2cd0fddca-shear_5nN_grompp": 1, "d8ff6d3f17f4c5f7e55797d2cd0fddca-shear_25nN_rerun": 1, "d8ff6d3f17f4c5f7e55797d2cd0fddca-log_cof": 1, "d8ff6d3f17f4c5f7e55797d2cd0fddca-calc_tilt_shear": 1, "d8ff6d3f17f4c5f7e55797d2cd0fddca-equilibrate_grompp": 1, "d8ff6d3f17f4c5f7e55797d2cd0fddca-shear_5nN_rerun": 1, "d8ff6d3f17f4c5f7e55797d2cd0fddca-shear_25nN": 1, "d8ff6d3f17f4c5f7e55797d2cd0fddca-calc_interdigitation": 1, "d8ff6d3f17f4c5f7e55797d2cd0fddca-fix_overlaps": 1, "d8ff6d3f17f4c5f7e55797d2cd0fddca-shear_25nN_rerun_grompp": 1, "d8ff6d3f17f4c5f7e55797d2cd0fddca-minimize": 1, "d8ff6d3f17f4c5f7e55797d2cd0fddca-calc_roughness": 1, "d8ff6d3f17f4c5f7e55797d2cd0fddca-minimize_grompp": 1, "d8ff6d3f17f4c5f7e55797d2cd0fddca-get_interaction_energy_5nN": 1, "d8ff6d3f17f4c5f7e55797d2cd0fddca-get_interaction_energy_25nN": 1, "d8ff6d3f17f4c5f7e55797d2cd0fddca-calc_friction": 1, "d8ff6d3f17f4c5f7e55797d2cd0fddca-shear_5nN_rerun_grompp": 1, "d8ff6d3f17f4c5f7e55797d2cd0fddca-shear_5nN_extend_grompp": 1, "d8ff6d3f17f4c5f7e55797d2cd0fddca-shear_15nN_extend_grompp": 1, "d8ff6d3f17f4c5f7e55797d2cd0fddca-count_hydrogen_bonds": 1}, "polar_solvation_energy": -0.12}