{"shear_15nN_Etotal": [-1060.875518267786, 50.322877374014304], "molecular_weight": 41.0716, "shear_25nN_Etotal": [-1061.801634811351, 51.6934647327229], "surface_area": 65.5, "shear_15nN_qq": [418.5066014276579, 27.637412202687205], "enthalpy_vibrational": 214.06, "shear_5nN_qq": [328.61559296322946, 22.173983001386663], "tilt": {"5nN": 24.46488565224181, "25nN": 30.4504666903951, "15nN": 28.255041698534097}, "intercept": 1.0392230864369538, "shear_25nN_lj": [-1571.2298821055156, 46.36443694758664], "entropy_rotational": 90.7, "shear_5nN_lj": [-1231.3589916282976, 48.49649701153305], "shear_25nN_qq": [509.42824729416463, 30.47307701792262], "nonpolar_solvation_energy": 9.15, "total_solvation_energy": 7.89, "shear_15nN_lj": [-1479.3821196954436, 46.435986861800245], "shear_5nN_Etotal": [-902.7433986650678, 51.740673714834564], "interdigitation": {"5nN": 0.09262076503807601, "25nN": 0.08795591985153563, "15nN": 0.08868379384032876}, "entropy_vibrational": 5.04, "heat_capacity_vibrational": 19.47, "entropy_translational": 155.37, "status": {"6c7175d57f401ffe2fd49dcacd1a3e08-get_interaction_energy_15nN": 1, "6c7175d57f401ffe2fd49dcacd1a3e08-shear_15nN_rerun_grompp": 1, "6c7175d57f401ffe2fd49dcacd1a3e08-calc_friction": 1, "6c7175d57f401ffe2fd49dcacd1a3e08-log_interaction_energy_15nN": 1, "6c7175d57f401ffe2fd49dcacd1a3e08-shear_25nN_rerun": 1, "6c7175d57f401ffe2fd49dcacd1a3e08-unwrap_shear_5nN": 1, "6c7175d57f401ffe2fd49dcacd1a3e08-log_interaction_energy_5nN": 1, "6c7175d57f401ffe2fd49dcacd1a3e08-log_S2": 1, "6c7175d57f401ffe2fd49dcacd1a3e08-calc_tilt_shear": 1, "6c7175d57f401ffe2fd49dcacd1a3e08-shear_25nN_grompp": 1, "6c7175d57f401ffe2fd49dcacd1a3e08-get_interaction_energy_25nN": 1, "6c7175d57f401ffe2fd49dcacd1a3e08-count_hydrogen_bonds": 1, "6c7175d57f401ffe2fd49dcacd1a3e08-shear_15nN_rerun": 1, "6c7175d57f401ffe2fd49dcacd1a3e08-compress_grompp": 1, "6c7175d57f401ffe2fd49dcacd1a3e08-equilibrate": 1, "6c7175d57f401ffe2fd49dcacd1a3e08-compress": 1, "6c7175d57f401ffe2fd49dcacd1a3e08-shear_25nN": 1, "6c7175d57f401ffe2fd49dcacd1a3e08-shear_15nN_extend_grompp": 1, "6c7175d57f401ffe2fd49dcacd1a3e08-shear_5nN": 1, "6c7175d57f401ffe2fd49dcacd1a3e08-top_to_mol2": 1, "6c7175d57f401ffe2fd49dcacd1a3e08-shear_15nN_extend": 1, "6c7175d57f401ffe2fd49dcacd1a3e08-initialize": 1, "6c7175d57f401ffe2fd49dcacd1a3e08-shear_5nN_extend": 1, "6c7175d57f401ffe2fd49dcacd1a3e08-calc_roughness": 1, "6c7175d57f401ffe2fd49dcacd1a3e08-log_cof": 1, "6c7175d57f401ffe2fd49dcacd1a3e08-log_interaction_energy_25nN": 1, "6c7175d57f401ffe2fd49dcacd1a3e08-shear_25nN_extend": 1, "6c7175d57f401ffe2fd49dcacd1a3e08-unwrap_shear_15nN": 1, "6c7175d57f401ffe2fd49dcacd1a3e08-shear_5nN_extend_grompp": 1, "6c7175d57f401ffe2fd49dcacd1a3e08-calc_interdigitation": 1, "6c7175d57f401ffe2fd49dcacd1a3e08-calc_S2_shear": 1, "6c7175d57f401ffe2fd49dcacd1a3e08-minimize": 1, "6c7175d57f401ffe2fd49dcacd1a3e08-shear_25nN_rerun_grompp": 1, "6c7175d57f401ffe2fd49dcacd1a3e08-shear_5nN_grompp": 1, "6c7175d57f401ffe2fd49dcacd1a3e08-equilibrate_grompp": 1, "6c7175d57f401ffe2fd49dcacd1a3e08-log_tilt": 1, "6c7175d57f401ffe2fd49dcacd1a3e08-get_interaction_energy_5nN": 1, "6c7175d57f401ffe2fd49dcacd1a3e08-lammps_to_gmx": 1, "6c7175d57f401ffe2fd49dcacd1a3e08-fix_overlaps": 1, "6c7175d57f401ffe2fd49dcacd1a3e08-minimize_grompp": 1, "6c7175d57f401ffe2fd49dcacd1a3e08-shear_25nN_extend_grompp": 1, "6c7175d57f401ffe2fd49dcacd1a3e08-shear_5nN_rerun": 1, "6c7175d57f401ffe2fd49dcacd1a3e08-shear_15nN": 1, "6c7175d57f401ffe2fd49dcacd1a3e08-unwrap_shear_25nN": 1, "6c7175d57f401ffe2fd49dcacd1a3e08-shear_15nN_grompp": 1, "6c7175d57f401ffe2fd49dcacd1a3e08-shear_5nN_rerun_grompp": 1}, "S2": {"5nN": 0.7383326191047151, "25nN": 0.7250558316255982, "15nN": 0.7158725360396997}, "dipole_moment": 0.0, "COF": 0.15783190106196604, "roughness": {"5nN": 0.052469926702041474, "25nN": 0.045141582719381665, "15nN": 0.04799585830056019}, "polar_solvation_energy": -1.28}