{"polar_solvation_energy": -48.71, "total_solvation_energy": -43.93, "shear_25nN_qq": [-1015.2417874884093, 97.85100971902368], "intercept": 2.04085646859257, "shear_5nN_Etotal": [-2879.5598966986413, 124.57119177096959], "status": {"2443e0b808bfe621a0e4789a632881ca-calc_roughness": 1, "2443e0b808bfe621a0e4789a632881ca-log_interaction_energy_25nN": 1, "2443e0b808bfe621a0e4789a632881ca-compress": 1, "2443e0b808bfe621a0e4789a632881ca-shear_5nN_rerun_grompp": 1, "2443e0b808bfe621a0e4789a632881ca-unwrap_shear_15nN": 1, "2443e0b808bfe621a0e4789a632881ca-top_to_mol2": 1, "2443e0b808bfe621a0e4789a632881ca-calc_tilt_shear": 1, "2443e0b808bfe621a0e4789a632881ca-calc_friction": 1, "2443e0b808bfe621a0e4789a632881ca-equilibrate_grompp": 1, "2443e0b808bfe621a0e4789a632881ca-calc_S2_shear": 1, "2443e0b808bfe621a0e4789a632881ca-get_interaction_energy_5nN": 1, "2443e0b808bfe621a0e4789a632881ca-initialize": 1, "2443e0b808bfe621a0e4789a632881ca-shear_25nN_rerun": 1, "2443e0b808bfe621a0e4789a632881ca-log_cof": 1, "2443e0b808bfe621a0e4789a632881ca-shear_15nN_rerun": 1, "2443e0b808bfe621a0e4789a632881ca-lammps_to_gmx": 1, "2443e0b808bfe621a0e4789a632881ca-equilibrate": 1, "2443e0b808bfe621a0e4789a632881ca-log_S2": 1, "2443e0b808bfe621a0e4789a632881ca-shear_15nN_extend_grompp": 1, "2443e0b808bfe621a0e4789a632881ca-shear_15nN_extend": 1, "2443e0b808bfe621a0e4789a632881ca-shear_25nN_extend": 1, "2443e0b808bfe621a0e4789a632881ca-log_interaction_energy_15nN": 1, "2443e0b808bfe621a0e4789a632881ca-compress_grompp": 1, "2443e0b808bfe621a0e4789a632881ca-unwrap_shear_25nN": 1, "2443e0b808bfe621a0e4789a632881ca-log_tilt": 1, "2443e0b808bfe621a0e4789a632881ca-shear_25nN_rerun_grompp": 1, "2443e0b808bfe621a0e4789a632881ca-minimize": 1, "2443e0b808bfe621a0e4789a632881ca-count_hydrogen_bonds": 1, "2443e0b808bfe621a0e4789a632881ca-shear_5nN_extend_grompp": 1, "2443e0b808bfe621a0e4789a632881ca-fix_overlaps": 1, "2443e0b808bfe621a0e4789a632881ca-get_interaction_energy_15nN": 1, "2443e0b808bfe621a0e4789a632881ca-get_interaction_energy_25nN": 1, "2443e0b808bfe621a0e4789a632881ca-shear_15nN_grompp": 1, "2443e0b808bfe621a0e4789a632881ca-unwrap_shear_5nN": 1, "2443e0b808bfe621a0e4789a632881ca-shear_5nN_grompp": 1, "2443e0b808bfe621a0e4789a632881ca-shear_25nN_extend_grompp": 1, "2443e0b808bfe621a0e4789a632881ca-shear_5nN_extend": 1, "2443e0b808bfe621a0e4789a632881ca-minimize_grompp": 1, "2443e0b808bfe621a0e4789a632881ca-shear_25nN": 1, "2443e0b808bfe621a0e4789a632881ca-log_interaction_energy_5nN": 1, "2443e0b808bfe621a0e4789a632881ca-shear_15nN_rerun_grompp": 1, "2443e0b808bfe621a0e4789a632881ca-shear_25nN_grompp": 1, "2443e0b808bfe621a0e4789a632881ca-shear_5nN": 1, "2443e0b808bfe621a0e4789a632881ca-shear_5nN_rerun": 1, "2443e0b808bfe621a0e4789a632881ca-shear_15nN": 1, "2443e0b808bfe621a0e4789a632881ca-calc_interdigitation": 6}, "dipole_moment": 3.81, "entropy_vibrational": 1.77, "nonpolar_solvation_energy": 4.77, "tilt": {"15nN": 39.338037009144585, "25nN": 41.595083865779095, "5nN": 36.43937317571905}, "shear_5nN_qq": [-898.7867472669864, 90.24875850113398], "shear_15nN_lj": [-2172.5341390895283, 56.47754454772236], "enthalpy_vibrational": 62.86, "surface_area": 59.09, "COF": 0.11831483079900754, "shear_15nN_qq": [-966.8008516019186, 98.79937298647697], "shear_15nN_Etotal": [-3139.334990691447, 130.96003960547833], "S2": {"15nN": 0.9663102698576996, "25nN": 0.9729655309452909, "5nN": 0.9669208477236607}, "entropy_rotational": 85.69, "molecular_weight": 46.0055, "roughness": {"15nN": 0.052437191774845675, "25nN": 0.05224405591387915, "5nN": 0.05604600685773092}, "shear_25nN_lj": [-2251.2487664044766, 52.506274272876254], "shear_5nN_lj": [-1980.773149431655, 56.321547126882386], "entropy_translational": 156.76, "heat_capacity_vibrational": 5.42, "interdigitation": {"15nN": 0.14379830572355723, "25nN": 0.13742072218122947, "5nN": 0.14288515337421506}, "shear_25nN_Etotal": [-3266.490553892885, 118.72543669679867]}