{"MR":11.348,"asphericity":0.422389,"balabanj":4.020392,"bertzct":61.509775,"chi0":7.0,"chi0n":7.0,"chi0v":1.0,"chi1":3.25,"chi1n":3.25,"chi1v":0.25,"chi2n":0.0,"chi2v":0.0,"chi3n":0.0,"chi3v":0.0,"chi4n":0.0,"chi4v":0.0,"e-valence":14.0,"eccentricity":0.964729,"hk-alpha":0.0,"hk-kappa1":0.040816,"hk-kappa2":0.0,"hk-kappa3":0.0,"ipc":21.306059,"isf":0.150874,"labuteASA":23.534016,"logP":1.0262,"molwt":30.04695,"molwt-hvy":24.022,"nheavy":2.0,"npr1":0.263244,"npr2":0.992413,"pbf":0.514403,"pc+":0.136525,"pc-":-0.136525,"pmi1":6.577742,"pmi2":24.797667,"pmi3":24.987239,"rbonds":1.0,"rg":0.968086,"rpc+":0.166667,"rpc-":0.5,"spherocity":0.61657,"tpsa":0.0,"vsa+":8.224551,"vsa-":13.703784,"vsa-fhyd":1.0,"vsa-fneg":0.624935,"vsa-fpneg":0.0,"vsa-fpos":0.375065,"vsa-fppos":0.0,"vsa-hyd":21.928335,"vsa-polar":0.0,"vsa-polar+":0.0,"vsa-polar-":0.0,"hbonds":0.0}