{"enthalpy_vibrational": 119.27, "shear_5nN_Etotal": [-958.4470024620302, 48.23905317610238], "heat_capacity_vibrational": 2.25, "entropy_vibrational": 0.39, "interdigitation": {"25nN": 0.11962626474354275, "5nN": 0.11442115188449752, "15nN": 0.11493267370782868}, "polar_solvation_energy": -0.12, "shear_15nN_qq": [305.9315082318146, 11.530624324968526], "nonpolar_solvation_energy": 4.81, "molecular_weight": 15.0344, "shear_15nN_Etotal": [-1128.424014281375, 44.54202721059618], "roughness": {"25nN": 0.059092691006251766, "5nN": 0.057658464091969445, "15nN": 0.05719992733104809}, "tilt": {"25nN": 35.65269023222938, "5nN": 29.514429284654508, "15nN": 33.58717979958971}, "shear_15nN_lj": [-1434.3555225131895, 45.60469711918604], "surface_area": 48.83, "total_solvation_energy": 4.69, "dipole_moment": 0.0, "entropy_rotational": 62.93, "shear_25nN_lj": [-1539.597385073541, 47.116284324797604], "shear_5nN_lj": [-1213.389823882494, 49.72639301242855], "status": {"3617756cfc4c55703e98545d5fbfe526-equilibrate_grompp": 1, "3617756cfc4c55703e98545d5fbfe526-log_interaction_energy_5nN": 1, "3617756cfc4c55703e98545d5fbfe526-get_interaction_energy_5nN": 1, "3617756cfc4c55703e98545d5fbfe526-shear_5nN_rerun": 1, "3617756cfc4c55703e98545d5fbfe526-shear_25nN_rerun": 1, "3617756cfc4c55703e98545d5fbfe526-shear_25nN_rerun_grompp": 1, "3617756cfc4c55703e98545d5fbfe526-log_S2": 1, "3617756cfc4c55703e98545d5fbfe526-fix_overlaps": 1, "3617756cfc4c55703e98545d5fbfe526-shear_5nN_grompp": 1, "3617756cfc4c55703e98545d5fbfe526-minimize_grompp": 1, "3617756cfc4c55703e98545d5fbfe526-shear_15nN_rerun": 1, "3617756cfc4c55703e98545d5fbfe526-equilibrate": 1, "3617756cfc4c55703e98545d5fbfe526-shear_15nN_rerun_grompp": 1, "3617756cfc4c55703e98545d5fbfe526-unwrap_shear_25nN": 1, "3617756cfc4c55703e98545d5fbfe526-shear_15nN": 1, "3617756cfc4c55703e98545d5fbfe526-shear_5nN_extend": 1, "3617756cfc4c55703e98545d5fbfe526-log_interaction_energy_25nN": 1, "3617756cfc4c55703e98545d5fbfe526-get_interaction_energy_25nN": 1, "3617756cfc4c55703e98545d5fbfe526-lammps_to_gmx": 1, "3617756cfc4c55703e98545d5fbfe526-shear_25nN_extend": 1, "3617756cfc4c55703e98545d5fbfe526-unwrap_shear_5nN": 1, "3617756cfc4c55703e98545d5fbfe526-calc_friction": 1, "3617756cfc4c55703e98545d5fbfe526-log_cof": 1, "3617756cfc4c55703e98545d5fbfe526-shear_5nN_extend_grompp": 1, "3617756cfc4c55703e98545d5fbfe526-shear_25nN_grompp": 1, "3617756cfc4c55703e98545d5fbfe526-calc_interdigitation": 6, "3617756cfc4c55703e98545d5fbfe526-calc_roughness": 1, "3617756cfc4c55703e98545d5fbfe526-shear_15nN_extend": 1, "3617756cfc4c55703e98545d5fbfe526-get_interaction_energy_15nN": 1, "3617756cfc4c55703e98545d5fbfe526-initialize": 1, "3617756cfc4c55703e98545d5fbfe526-minimize": 1, "3617756cfc4c55703e98545d5fbfe526-count_hydrogen_bonds": 1, "3617756cfc4c55703e98545d5fbfe526-unwrap_shear_15nN": 1, "3617756cfc4c55703e98545d5fbfe526-calc_tilt_shear": 1, "3617756cfc4c55703e98545d5fbfe526-calc_S2_shear": 1, "3617756cfc4c55703e98545d5fbfe526-log_tilt": 1, "3617756cfc4c55703e98545d5fbfe526-shear_5nN_rerun_grompp": 1, "3617756cfc4c55703e98545d5fbfe526-top_to_mol2": 1, "3617756cfc4c55703e98545d5fbfe526-compress": 1, "3617756cfc4c55703e98545d5fbfe526-shear_15nN_extend_grompp": 1, "3617756cfc4c55703e98545d5fbfe526-shear_25nN_extend_grompp": 1, "3617756cfc4c55703e98545d5fbfe526-compress_grompp": 1, "3617756cfc4c55703e98545d5fbfe526-log_interaction_energy_15nN": 1, "3617756cfc4c55703e98545d5fbfe526-shear_25nN": 1, "3617756cfc4c55703e98545d5fbfe526-shear_15nN_grompp": 1, "3617756cfc4c55703e98545d5fbfe526-shear_5nN": 1}, "shear_25nN_Etotal": [-1198.2127292454038, 46.99331657989579], "shear_25nN_qq": [341.3846558281375, 12.113809382170611], "ch3-smiles": "CC", "intercept": 0.977750341222575, "shear_5nN_qq": [254.94282142046362, 9.860699968906388], "COF": 0.1541708218134557, "chain-smiles": "CCCCCCCCCCCCCCCCCC", "h-smiles": "C", "entropy_translational": 143.35, "S2": {"25nN": 0.9029090766994268, "5nN": 0.904207136609556, "15nN": 0.9054963397145193}}