{"heat_capacity_vibrational": 58.87, "roughness": {"15nN": 0.07667598828701132, "5nN": 0.07985332983022446, "25nN": 0.07052179862572602}, "total_solvation_energy": 6.28, "shear_5nN_qq": [-180.57745300479618, 27.568159731970137], "dipole_moment": 2.03, "entropy_translational": 165.68, "shear_5nN_lj": [-1515.251459853717, 56.39609766636752], "shear_15nN_Etotal": [-1913.6716291015184, 62.62812889855686], "shear_25nN_lj": [-1789.8378838880894, 47.834016091920255], "COF": 0.1047288108595506, "intercept": 1.9988780830294381, "shear_15nN_qq": [-187.95109282254197, 29.511941312612763], "status": {"5c445565e5a6c8cb063f571c6edff482-log_tilt": 1, "5c445565e5a6c8cb063f571c6edff482-shear_5nN_extend": 1, "5c445565e5a6c8cb063f571c6edff482-get_interaction_energy_5nN": 1, "5c445565e5a6c8cb063f571c6edff482-calc_tilt_shear": 1, "5c445565e5a6c8cb063f571c6edff482-unwrap_shear_25nN": 1, "5c445565e5a6c8cb063f571c6edff482-initialize": 1, "5c445565e5a6c8cb063f571c6edff482-lammps_to_gmx": 1, "5c445565e5a6c8cb063f571c6edff482-shear_25nN_rerun": 1, "5c445565e5a6c8cb063f571c6edff482-compress_grompp": 1, "5c445565e5a6c8cb063f571c6edff482-shear_15nN_rerun_grompp": 1, "5c445565e5a6c8cb063f571c6edff482-calc_S2_shear": 1, "5c445565e5a6c8cb063f571c6edff482-shear_25nN_extend_grompp": 1, "5c445565e5a6c8cb063f571c6edff482-equilibrate_grompp": 1, "5c445565e5a6c8cb063f571c6edff482-shear_25nN_rerun_grompp": 1, "5c445565e5a6c8cb063f571c6edff482-shear_15nN_extend_grompp": 1, "5c445565e5a6c8cb063f571c6edff482-shear_25nN_extend": 1, "5c445565e5a6c8cb063f571c6edff482-top_to_mol2": 1, "5c445565e5a6c8cb063f571c6edff482-get_interaction_energy_15nN": 1, "5c445565e5a6c8cb063f571c6edff482-log_cof": 1, "5c445565e5a6c8cb063f571c6edff482-shear_5nN_grompp": 1, "5c445565e5a6c8cb063f571c6edff482-shear_5nN_rerun_grompp": 1, "5c445565e5a6c8cb063f571c6edff482-shear_15nN_grompp": 1, "5c445565e5a6c8cb063f571c6edff482-fix_overlaps": 1, "5c445565e5a6c8cb063f571c6edff482-get_interaction_energy_25nN": 1, "5c445565e5a6c8cb063f571c6edff482-shear_15nN_extend": 1, "5c445565e5a6c8cb063f571c6edff482-shear_5nN_extend_grompp": 1, "5c445565e5a6c8cb063f571c6edff482-equilibrate": 1, "5c445565e5a6c8cb063f571c6edff482-count_hydrogen_bonds": 1, "5c445565e5a6c8cb063f571c6edff482-shear_15nN_rerun": 1, "5c445565e5a6c8cb063f571c6edff482-log_interaction_energy_15nN": 1, "5c445565e5a6c8cb063f571c6edff482-unwrap_shear_5nN": 1, "5c445565e5a6c8cb063f571c6edff482-unwrap_shear_15nN": 1, "5c445565e5a6c8cb063f571c6edff482-shear_25nN": 1, "5c445565e5a6c8cb063f571c6edff482-log_interaction_energy_25nN": 1, "5c445565e5a6c8cb063f571c6edff482-shear_15nN": 1, "5c445565e5a6c8cb063f571c6edff482-shear_25nN_grompp": 1, "5c445565e5a6c8cb063f571c6edff482-calc_interdigitation": 6, "5c445565e5a6c8cb063f571c6edff482-shear_5nN_rerun": 1, "5c445565e5a6c8cb063f571c6edff482-shear_5nN": 1, "5c445565e5a6c8cb063f571c6edff482-compress": 1, "5c445565e5a6c8cb063f571c6edff482-calc_friction": 1, "5c445565e5a6c8cb063f571c6edff482-log_S2": 1, "5c445565e5a6c8cb063f571c6edff482-calc_roughness": 1, "5c445565e5a6c8cb063f571c6edff482-log_interaction_energy_5nN": 1, "5c445565e5a6c8cb063f571c6edff482-minimize_grompp": 1, "5c445565e5a6c8cb063f571c6edff482-minimize": 1}, "shear_5nN_Etotal": [-1695.8289128585134, 69.97348859409148], "shear_25nN_Etotal": [-1964.9540531742607, 60.385412139578484], "molecular_weight": 95.0942, "entropy_vibrational": 30.51, "shear_15nN_lj": [-1725.7205362789769, 49.045419812578416], "polar_solvation_energy": -7.83, "tilt": {"15nN": 36.226133432496255, "5nN": 32.719627890972006, "25nN": 37.376382925125064}, "enthalpy_vibrational": 248.15, "S2": {"15nN": 0.942704638898674, "5nN": 0.937400337366699, "25nN": 0.9377254104347253}, "shear_25nN_qq": [-175.11616928617107, 30.50544594717523], "interdigitation": {"5nN": 0.21932924912792426, "15nN": 0.2163155868278214, "25nN": 0.18918703564992376}, "surface_area": 96.58, "entropy_rotational": 112.71, "nonpolar_solvation_energy": 14.09}