{"shear_25nN_qq": [-234.15156967146285, 52.50972403709065], "shear_25nN_lj": [-1181.9225982541966, 40.352106050394575], "enthalpy_vibrational": 66.5, "surface_area": 60.34, "shear_5nN_qq": [-640.8861771558752, 39.700150132803145], "COF": 0.15239552358278624, "nonpolar_solvation_energy": 23.24, "shear_5nN_Etotal": [-1539.178364984812, 51.04534406332349], "status": {"38c34523d7a9a88765713be4205b593a-get_interaction_energy_5nN": 1, "38c34523d7a9a88765713be4205b593a-unwrap_shear_5nN": 1, "38c34523d7a9a88765713be4205b593a-calc_S2_shear": 1, "38c34523d7a9a88765713be4205b593a-log_interaction_energy_15nN": 1, "38c34523d7a9a88765713be4205b593a-shear_15nN_extend": 1, "38c34523d7a9a88765713be4205b593a-count_hydrogen_bonds": 1, "38c34523d7a9a88765713be4205b593a-unwrap_shear_15nN": 1, "38c34523d7a9a88765713be4205b593a-shear_15nN": 1, "38c34523d7a9a88765713be4205b593a-shear_5nN_rerun": 1, "38c34523d7a9a88765713be4205b593a-log_cof": 1, "38c34523d7a9a88765713be4205b593a-unwrap_shear_25nN": 1, "38c34523d7a9a88765713be4205b593a-calc_interdigitation": 1, "38c34523d7a9a88765713be4205b593a-get_interaction_energy_15nN": 1, "38c34523d7a9a88765713be4205b593a-equilibrate": 1, "38c34523d7a9a88765713be4205b593a-shear_15nN_rerun_grompp": 1, "38c34523d7a9a88765713be4205b593a-shear_5nN": 1, "38c34523d7a9a88765713be4205b593a-minimize_grompp": 1, "38c34523d7a9a88765713be4205b593a-lammps_to_gmx": 1, "38c34523d7a9a88765713be4205b593a-compress_grompp": 1, "38c34523d7a9a88765713be4205b593a-shear_25nN_grompp": 1, "38c34523d7a9a88765713be4205b593a-shear_25nN_rerun_grompp": 1, "38c34523d7a9a88765713be4205b593a-shear_25nN_extend": 1, "38c34523d7a9a88765713be4205b593a-shear_5nN_grompp": 1, "38c34523d7a9a88765713be4205b593a-initialize": 1, "38c34523d7a9a88765713be4205b593a-shear_5nN_extend": 1, "38c34523d7a9a88765713be4205b593a-shear_5nN_extend_grompp": 1, "38c34523d7a9a88765713be4205b593a-shear_25nN_extend_grompp": 1, "38c34523d7a9a88765713be4205b593a-shear_15nN_extend_grompp": 1, "38c34523d7a9a88765713be4205b593a-fix_overlaps": 1, "38c34523d7a9a88765713be4205b593a-shear_5nN_rerun_grompp": 1, "38c34523d7a9a88765713be4205b593a-equilibrate_grompp": 1, "38c34523d7a9a88765713be4205b593a-shear_15nN_grompp": 1, "38c34523d7a9a88765713be4205b593a-compress": 1, "38c34523d7a9a88765713be4205b593a-calc_friction": 1, "38c34523d7a9a88765713be4205b593a-shear_25nN": 1, "38c34523d7a9a88765713be4205b593a-log_S2": 1, "38c34523d7a9a88765713be4205b593a-log_tilt": 1, "38c34523d7a9a88765713be4205b593a-calc_tilt_shear": 1, "38c34523d7a9a88765713be4205b593a-minimize": 1, "38c34523d7a9a88765713be4205b593a-top_to_mol2": 1, "38c34523d7a9a88765713be4205b593a-calc_roughness": 1, "38c34523d7a9a88765713be4205b593a-shear_25nN_rerun": 1, "38c34523d7a9a88765713be4205b593a-shear_15nN_rerun": 1, "38c34523d7a9a88765713be4205b593a-log_interaction_energy_25nN": 1, "38c34523d7a9a88765713be4205b593a-get_interaction_energy_25nN": 1, "38c34523d7a9a88765713be4205b593a-log_interaction_energy_5nN": 1}, "shear_15nN_qq": [-412.4455537889689, 44.78617868818485], "interdigitation": {"15nN": 0.10820555798627868, "5nN": 0.10581559291181608, "25nN": 0.11026518855521199}, "total_solvation_energy": 10.13, "entropy_vibrational": 8.9, "roughness": {"15nN": 0.041674018232087384, "5nN": 0.047495747094885785, "25nN": 0.04038215161385268}, "S2": {"15nN": 0.7012763868848187, "5nN": 0.7105179718810848, "25nN": 0.6960290105779854}, "entropy_rotational": 99.44, "polar_solvation_energy": -13.1, "shear_5nN_lj": [-898.2921878289369, 38.93381650016739], "entropy_translational": 161.73, "tilt": {"15nN": 29.167692075692166, "5nN": 25.144902907030165, "25nN": 31.25964147259983}, "dipole_moment": 2.09, "heat_capacity_vibrational": 19.38, "shear_25nN_Etotal": [-1416.0741679256594, 60.26086204853739], "intercept": 0.6968033311477386, "shear_15nN_lj": [-1107.1323703085532, 38.90310973243416], "molecular_weight": 69.0059, "shear_15nN_Etotal": [-1519.5779240975219, 53.12219361925433]}