{"shear_25nN_qq": [-234.25593904316548, 54.337020274847916], "shear_25nN_lj": [-1200.8492937258193, 42.07135093351683], "enthalpy_vibrational": 66.5, "surface_area": 60.34, "shear_5nN_qq": [-634.7347201894485, 40.135765177262805], "COF": 0.16034152335876714, "nonpolar_solvation_energy": 23.24, "shear_5nN_Etotal": [-1560.451202519584, 51.839266338501574], "status": {"536ff3cb27aca85b51c8b91017db9c10-fix_overlaps": 1, "536ff3cb27aca85b51c8b91017db9c10-calc_interdigitation": 3, "536ff3cb27aca85b51c8b91017db9c10-log_S2": 1, "536ff3cb27aca85b51c8b91017db9c10-shear_5nN_grompp": 1, "536ff3cb27aca85b51c8b91017db9c10-unwrap_shear_5nN": 1, "536ff3cb27aca85b51c8b91017db9c10-count_hydrogen_bonds": 1, "536ff3cb27aca85b51c8b91017db9c10-minimize_grompp": 1, "536ff3cb27aca85b51c8b91017db9c10-log_tilt": 1, "536ff3cb27aca85b51c8b91017db9c10-shear_15nN_extend": 1, "536ff3cb27aca85b51c8b91017db9c10-get_interaction_energy_25nN": 1, "536ff3cb27aca85b51c8b91017db9c10-unwrap_shear_25nN": 1, "536ff3cb27aca85b51c8b91017db9c10-shear_5nN_rerun_grompp": 1, "536ff3cb27aca85b51c8b91017db9c10-shear_25nN_rerun_grompp": 1, "536ff3cb27aca85b51c8b91017db9c10-shear_25nN_rerun": 1, "536ff3cb27aca85b51c8b91017db9c10-shear_15nN_grompp": 1, "536ff3cb27aca85b51c8b91017db9c10-shear_5nN": 1, "536ff3cb27aca85b51c8b91017db9c10-calc_friction": 1, "536ff3cb27aca85b51c8b91017db9c10-shear_15nN_rerun": 1, "536ff3cb27aca85b51c8b91017db9c10-log_interaction_energy_25nN": 1, "536ff3cb27aca85b51c8b91017db9c10-shear_5nN_rerun": 1, "536ff3cb27aca85b51c8b91017db9c10-minimize": 1, "536ff3cb27aca85b51c8b91017db9c10-compress": 1, "536ff3cb27aca85b51c8b91017db9c10-shear_5nN_extend_grompp": 1, "536ff3cb27aca85b51c8b91017db9c10-unwrap_shear_15nN": 1, "536ff3cb27aca85b51c8b91017db9c10-shear_25nN_extend": 1, "536ff3cb27aca85b51c8b91017db9c10-initialize": 1, "536ff3cb27aca85b51c8b91017db9c10-calc_roughness": 1, "536ff3cb27aca85b51c8b91017db9c10-shear_25nN_extend_grompp": 1, "536ff3cb27aca85b51c8b91017db9c10-log_cof": 1, "536ff3cb27aca85b51c8b91017db9c10-shear_25nN_grompp": 1, "536ff3cb27aca85b51c8b91017db9c10-top_to_mol2": 1, "536ff3cb27aca85b51c8b91017db9c10-compress_grompp": 1, "536ff3cb27aca85b51c8b91017db9c10-log_interaction_energy_5nN": 1, "536ff3cb27aca85b51c8b91017db9c10-shear_15nN": 1, "536ff3cb27aca85b51c8b91017db9c10-get_interaction_energy_5nN": 1, "536ff3cb27aca85b51c8b91017db9c10-get_interaction_energy_15nN": 1, "536ff3cb27aca85b51c8b91017db9c10-equilibrate": 1, "536ff3cb27aca85b51c8b91017db9c10-lammps_to_gmx": 1, "536ff3cb27aca85b51c8b91017db9c10-equilibrate_grompp": 1, "536ff3cb27aca85b51c8b91017db9c10-shear_15nN_extend_grompp": 1, "536ff3cb27aca85b51c8b91017db9c10-shear_15nN_rerun_grompp": 1, "536ff3cb27aca85b51c8b91017db9c10-shear_5nN_extend": 1, "536ff3cb27aca85b51c8b91017db9c10-calc_S2_shear": 1, "536ff3cb27aca85b51c8b91017db9c10-shear_25nN": 1, "536ff3cb27aca85b51c8b91017db9c10-calc_tilt_shear": 1, "536ff3cb27aca85b51c8b91017db9c10-log_interaction_energy_15nN": 1}, "shear_15nN_qq": [-422.65429876978413, 50.672002652228], "total_solvation_energy": 10.13, "entropy_vibrational": 8.9, "roughness": {"15nN": 0.04964635298808452, "25nN": 0.047983711281713456, "5nN": 0.054694759074584424}, "S2": {"15nN": 0.7477049200682901, "25nN": 0.7485055284709624, "5nN": 0.748002134792505}, "entropy_rotational": 99.44, "polar_solvation_energy": -13.1, "shear_5nN_lj": [-925.7164823301359, 39.34204185289386], "entropy_translational": 161.73, "tilt": {"15nN": 28.284103001176884, "25nN": 31.07056128562386, "5nN": 24.240057942638472}, "dipole_moment": 2.09, "heat_capacity_vibrational": 19.38, "shear_25nN_Etotal": [-1435.105232768985, 64.35195942307382], "intercept": 0.8933204037845743, "shear_15nN_lj": [-1124.5249909344525, 40.00535207256154], "molecular_weight": 69.0059, "shear_15nN_Etotal": [-1547.1792897042367, 60.87636669266104]}