{"enthalpy_vibrational": 280.86, "shear_5nN_Etotal": [-2817.7302695755398, 124.23160374023686], "heat_capacity_vibrational": 83.45, "entropy_vibrational": 69.31, "interdigitation": {"25nN": 0.20420469004716, "5nN": 0.24521292630754551, "15nN": 0.22592085870524448}, "polar_solvation_energy": -32.99, "shear_15nN_qq": [-402.6737703005595, 55.84183072669602], "nonpolar_solvation_energy": 8.49, "molecular_weight": 122.1013, "shear_15nN_Etotal": [-2890.6577469848125, 105.97776963467868], "roughness": {"25nN": 0.0628524585282415, "5nN": 0.07433745172005463, "15nN": 0.06821153622686121}, "tilt": {"25nN": 38.00275706032386, "5nN": 33.01017213510444, "15nN": 35.651235856577294}, "shear_15nN_lj": [-2487.9839766842524, 69.96259725488655], "surface_area": 118.23, "total_solvation_energy": -24.48, "dipole_moment": 6.22, "entropy_rotational": 119.66, "shear_25nN_lj": [-2571.4466979232616, 63.35157498684477], "shear_5nN_lj": [-2355.0147633868905, 82.25644681006523], "status": {"f585c41c50b5283560f95b5530d069c6-calc_S2_shear": 1, "f585c41c50b5283560f95b5530d069c6-log_interaction_energy_15nN": 1, "f585c41c50b5283560f95b5530d069c6-shear_5nN": 1, "f585c41c50b5283560f95b5530d069c6-shear_25nN_rerun": 1, "f585c41c50b5283560f95b5530d069c6-initialize": 1, "f585c41c50b5283560f95b5530d069c6-shear_5nN_rerun_grompp": 1, "f585c41c50b5283560f95b5530d069c6-log_tilt": 1, "f585c41c50b5283560f95b5530d069c6-equilibrate": 1, "f585c41c50b5283560f95b5530d069c6-lammps_to_gmx": 1, "f585c41c50b5283560f95b5530d069c6-shear_25nN_extend_grompp": 1, "f585c41c50b5283560f95b5530d069c6-shear_25nN_grompp": 1, "f585c41c50b5283560f95b5530d069c6-shear_5nN_rerun": 1, "f585c41c50b5283560f95b5530d069c6-shear_15nN_grompp": 1, "f585c41c50b5283560f95b5530d069c6-shear_15nN_rerun_grompp": 1, "f585c41c50b5283560f95b5530d069c6-top_to_mol2": 1, "f585c41c50b5283560f95b5530d069c6-calc_tilt_shear": 1, "f585c41c50b5283560f95b5530d069c6-calc_roughness": 1, "f585c41c50b5283560f95b5530d069c6-count_hydrogen_bonds": 1, "f585c41c50b5283560f95b5530d069c6-equilibrate_grompp": 1, "f585c41c50b5283560f95b5530d069c6-fix_overlaps": 1, "f585c41c50b5283560f95b5530d069c6-shear_5nN_extend": 1, "f585c41c50b5283560f95b5530d069c6-shear_15nN_rerun": 1, "f585c41c50b5283560f95b5530d069c6-get_interaction_energy_15nN": 1, "f585c41c50b5283560f95b5530d069c6-shear_15nN": 1, "f585c41c50b5283560f95b5530d069c6-shear_25nN": 1, "f585c41c50b5283560f95b5530d069c6-calc_friction": 1, "f585c41c50b5283560f95b5530d069c6-shear_15nN_extend": 1, "f585c41c50b5283560f95b5530d069c6-log_interaction_energy_5nN": 1, "f585c41c50b5283560f95b5530d069c6-shear_15nN_extend_grompp": 1, "f585c41c50b5283560f95b5530d069c6-compress_grompp": 1, "f585c41c50b5283560f95b5530d069c6-compress": 1, "f585c41c50b5283560f95b5530d069c6-minimize": 1, "f585c41c50b5283560f95b5530d069c6-log_cof": 1, "f585c41c50b5283560f95b5530d069c6-shear_5nN_extend_grompp": 1, "f585c41c50b5283560f95b5530d069c6-unwrap_shear_15nN": 1, "f585c41c50b5283560f95b5530d069c6-shear_25nN_rerun_grompp": 1, "f585c41c50b5283560f95b5530d069c6-unwrap_shear_5nN": 1, "f585c41c50b5283560f95b5530d069c6-unwrap_shear_25nN": 1, "f585c41c50b5283560f95b5530d069c6-get_interaction_energy_5nN": 1, "f585c41c50b5283560f95b5530d069c6-shear_25nN_extend": 1, "f585c41c50b5283560f95b5530d069c6-log_interaction_energy_25nN": 1, "f585c41c50b5283560f95b5530d069c6-calc_interdigitation": 6, "f585c41c50b5283560f95b5530d069c6-get_interaction_energy_25nN": 1, "f585c41c50b5283560f95b5530d069c6-minimize_grompp": 1, "f585c41c50b5283560f95b5530d069c6-log_S2": 1, "f585c41c50b5283560f95b5530d069c6-shear_5nN_grompp": 1}, "shear_25nN_Etotal": [-2966.028142939249, 96.57484687407819], "shear_25nN_qq": [-394.58144501598724, 58.01193845420055], "ch3-smiles": "CC1=CC=C([N+](=O)[O-])C=C1", "intercept": 2.789889245703536, "shear_5nN_qq": [-462.71550618864916, 60.43019523789374], "COF": 0.12269914693338888, "chain-smiles": "CCCCCCCCCCCCCCCCCC1=CC=C([N+](=O)[O-])C=C1", "h-smiles": "C1=CC=C([N+](=O)[O-])C=C1", "entropy_translational": 168.76, "S2": {"25nN": 0.9206118020458252, "5nN": 0.9337905231673378, "15nN": 0.9239329743162807}}