{"roughness": {"5nN": 0.05125113324636173, "25nN": 0.050050471067260786, "15nN": 0.053275752066695874}, "heat_capacity_vibrational": 0.13, "status": {"725aca9a6809a1943e953b64f7c440c1-compress": 1, "725aca9a6809a1943e953b64f7c440c1-shear_15nN_extend": 1, "725aca9a6809a1943e953b64f7c440c1-shear_25nN_rerun_grompp": 1, "725aca9a6809a1943e953b64f7c440c1-shear_5nN_extend": 1, "725aca9a6809a1943e953b64f7c440c1-log_interaction_energy_25nN": 1, "725aca9a6809a1943e953b64f7c440c1-shear_15nN": 1, "725aca9a6809a1943e953b64f7c440c1-log_interaction_energy_5nN": 1, "725aca9a6809a1943e953b64f7c440c1-log_S2": 1, "725aca9a6809a1943e953b64f7c440c1-equilibrate_grompp": 1, "725aca9a6809a1943e953b64f7c440c1-calc_tilt_shear": 1, "725aca9a6809a1943e953b64f7c440c1-count_hydrogen_bonds": 1, "725aca9a6809a1943e953b64f7c440c1-minimize": 1, "725aca9a6809a1943e953b64f7c440c1-shear_5nN_grompp": 1, "725aca9a6809a1943e953b64f7c440c1-top_to_mol2": 1, "725aca9a6809a1943e953b64f7c440c1-equilibrate": 1, "725aca9a6809a1943e953b64f7c440c1-get_interaction_energy_15nN": 1, "725aca9a6809a1943e953b64f7c440c1-shear_5nN_rerun_grompp": 1, "725aca9a6809a1943e953b64f7c440c1-shear_15nN_rerun": 1, "725aca9a6809a1943e953b64f7c440c1-calc_friction": 1, "725aca9a6809a1943e953b64f7c440c1-lammps_to_gmx": 1, "725aca9a6809a1943e953b64f7c440c1-shear_5nN_rerun": 1, "725aca9a6809a1943e953b64f7c440c1-shear_15nN_extend_grompp": 1, "725aca9a6809a1943e953b64f7c440c1-calc_interdigitation": 6, "725aca9a6809a1943e953b64f7c440c1-shear_15nN_rerun_grompp": 1, "725aca9a6809a1943e953b64f7c440c1-log_tilt": 1, "725aca9a6809a1943e953b64f7c440c1-compress_grompp": 1, "725aca9a6809a1943e953b64f7c440c1-unwrap_shear_5nN": 1, "725aca9a6809a1943e953b64f7c440c1-shear_5nN": 1, "725aca9a6809a1943e953b64f7c440c1-shear_25nN_extend": 1, "725aca9a6809a1943e953b64f7c440c1-calc_roughness": 1, "725aca9a6809a1943e953b64f7c440c1-fix_overlaps": 1, "725aca9a6809a1943e953b64f7c440c1-minimize_grompp": 1, "725aca9a6809a1943e953b64f7c440c1-unwrap_shear_15nN": 1, "725aca9a6809a1943e953b64f7c440c1-log_cof": 1, "725aca9a6809a1943e953b64f7c440c1-shear_25nN_rerun": 1, "725aca9a6809a1943e953b64f7c440c1-get_interaction_energy_5nN": 1, "725aca9a6809a1943e953b64f7c440c1-calc_S2_shear": 1, "725aca9a6809a1943e953b64f7c440c1-get_interaction_energy_25nN": 1, "725aca9a6809a1943e953b64f7c440c1-shear_25nN_extend_grompp": 1, "725aca9a6809a1943e953b64f7c440c1-log_interaction_energy_15nN": 1, "725aca9a6809a1943e953b64f7c440c1-shear_5nN_extend_grompp": 1, "725aca9a6809a1943e953b64f7c440c1-unwrap_shear_25nN": 1, "725aca9a6809a1943e953b64f7c440c1-shear_25nN": 1, "725aca9a6809a1943e953b64f7c440c1-initialize": 1, "725aca9a6809a1943e953b64f7c440c1-shear_25nN_grompp": 1, "725aca9a6809a1943e953b64f7c440c1-shear_15nN_grompp": 1}, "shear_25nN_Etotal": [-3923.2192407330135, 194.44354544800052], "shear_15nN_qq": [-2490.265366502798, 187.22459919448926], "shear_25nN_lj": [-1403.020619747402, 64.92233425146988], "intercept": 5.250523962455571, "entropy_rotational": 49.19, "enthalpy_vibrational": 57.43, "shear_15nN_Etotal": [-3837.4843177106322, 186.98520772472722], "entropy_translational": 144.8, "shear_25nN_qq": [-2520.198620985612, 203.87250928035132], "S2": {"5nN": 0.8568306579630517, "25nN": 0.8411929434064785, "15nN": 0.8498964063161933}, "shear_15nN_lj": [-1347.2189512078337, 61.94668142611375], "polar_solvation_energy": -15.61, "dipole_moment": 1.88, "total_solvation_energy": -12.83, "shear_5nN_qq": [-2476.5390457154276, 195.30326726761464], "tilt": {"5nN": 29.220052138690637, "25nN": 34.731284653957665, "15nN": 32.57335916597907}, "interdigitation": {"5nN": 0.11400121452003817, "25nN": 0.11659897227110383, "15nN": 0.12515250138568287}, "molecular_weight": 17.0073, "nonpolar_solvation_energy": 2.8, "shear_5nN_Etotal": [-3701.812207065548, 194.92685704288613], "entropy_vibrational": 0.02, "shear_5nN_lj": [-1225.27316135012, 62.366803516812176], "COF": 0.17813843730861725, "surface_area": 42.49}