{"enthalpy_vibrational": 131.44, "shear_5nN_Etotal": [-791.3515992717826, 43.26252943009073], "heat_capacity_vibrational": 10.23, "entropy_vibrational": 2.65, "interdigitation": {"25nN": 0.11800888393730662, "5nN": 0.1255908201895471, "15nN": 0.11760189294997446}, "polar_solvation_energy": -1.05, "shear_15nN_qq": [568.63810196243, 18.568674147994315], "nonpolar_solvation_energy": 8.4, "molecular_weight": 27.0451, "shear_15nN_Etotal": [-981.2220082973621, 44.51960166397687], "roughness": {"25nN": 0.05557045579447697, "5nN": 0.05750347436859906, "15nN": 0.053954381391715475}, "tilt": {"25nN": 35.21334868714071, "5nN": 27.26004621662464, "15nN": 32.59256088080328}, "shear_15nN_lj": [-1549.8601102597922, 42.843701319364556], "surface_area": 61.0, "total_solvation_energy": 7.34, "dipole_moment": 0.0, "entropy_rotational": 77.76, "shear_25nN_lj": [-1646.4897981015188, 43.26258372805014], "shear_25nN_qq": [564.3764431686651, 21.132185497368283], "ch3-smiles": "CC=C", "status": {"c7561111a77eb5ea40990a5c828fe887-equilibrate_grompp": 1, "c7561111a77eb5ea40990a5c828fe887-minimize": 1, "c7561111a77eb5ea40990a5c828fe887-shear_5nN_rerun_grompp": 1, "c7561111a77eb5ea40990a5c828fe887-calc_interdigitation": 6, "c7561111a77eb5ea40990a5c828fe887-shear_5nN_extend": 1, "c7561111a77eb5ea40990a5c828fe887-log_tilt": 1, "c7561111a77eb5ea40990a5c828fe887-get_interaction_energy_15nN": 1, "c7561111a77eb5ea40990a5c828fe887-calc_friction": 1, "c7561111a77eb5ea40990a5c828fe887-minimize_grompp": 1, "c7561111a77eb5ea40990a5c828fe887-shear_15nN": 1, "c7561111a77eb5ea40990a5c828fe887-lammps_to_gmx": 1, "c7561111a77eb5ea40990a5c828fe887-shear_15nN_rerun": 1, "c7561111a77eb5ea40990a5c828fe887-shear_15nN_extend": 1, "c7561111a77eb5ea40990a5c828fe887-log_S2": 1, "c7561111a77eb5ea40990a5c828fe887-calc_tilt_shear": 1, "c7561111a77eb5ea40990a5c828fe887-unwrap_shear_5nN": 1, "c7561111a77eb5ea40990a5c828fe887-compress_grompp": 1, "c7561111a77eb5ea40990a5c828fe887-log_interaction_energy_25nN": 1, "c7561111a77eb5ea40990a5c828fe887-get_interaction_energy_25nN": 1, "c7561111a77eb5ea40990a5c828fe887-unwrap_shear_25nN": 1, "c7561111a77eb5ea40990a5c828fe887-log_cof": 1, "c7561111a77eb5ea40990a5c828fe887-shear_25nN_extend": 1, "c7561111a77eb5ea40990a5c828fe887-shear_25nN_extend_grompp": 1, "c7561111a77eb5ea40990a5c828fe887-log_interaction_energy_15nN": 1, "c7561111a77eb5ea40990a5c828fe887-shear_15nN_rerun_grompp": 1, "c7561111a77eb5ea40990a5c828fe887-top_to_mol2": 1, "c7561111a77eb5ea40990a5c828fe887-shear_25nN_grompp": 1, "c7561111a77eb5ea40990a5c828fe887-compress": 1, "c7561111a77eb5ea40990a5c828fe887-fix_overlaps": 1, "c7561111a77eb5ea40990a5c828fe887-shear_15nN_extend_grompp": 1, "c7561111a77eb5ea40990a5c828fe887-calc_roughness": 1, "c7561111a77eb5ea40990a5c828fe887-shear_25nN_rerun": 1, "c7561111a77eb5ea40990a5c828fe887-shear_25nN_rerun_grompp": 1, "c7561111a77eb5ea40990a5c828fe887-equilibrate": 1, "c7561111a77eb5ea40990a5c828fe887-shear_25nN": 1, "c7561111a77eb5ea40990a5c828fe887-log_interaction_energy_5nN": 1, "c7561111a77eb5ea40990a5c828fe887-shear_5nN": 1, "c7561111a77eb5ea40990a5c828fe887-get_interaction_energy_5nN": 1, "c7561111a77eb5ea40990a5c828fe887-unwrap_shear_15nN": 1, "c7561111a77eb5ea40990a5c828fe887-count_hydrogen_bonds": 1, "c7561111a77eb5ea40990a5c828fe887-calc_S2_shear": 1, "c7561111a77eb5ea40990a5c828fe887-initialize": 1, "c7561111a77eb5ea40990a5c828fe887-shear_5nN_extend_grompp": 1, "c7561111a77eb5ea40990a5c828fe887-shear_5nN_rerun": 1, "c7561111a77eb5ea40990a5c828fe887-shear_15nN_grompp": 1, "c7561111a77eb5ea40990a5c828fe887-shear_5nN_grompp": 1}, "shear_25nN_Etotal": [-1082.1133549328538, 46.022881115877574], "intercept": 1.0482803899637352, "shear_5nN_qq": [537.474852163869, 16.063645355093197], "COF": 0.12589089342725146, "chain-smiles": "CCCCCCCCCCCCCCCCCC=C", "shear_5nN_lj": [-1328.8264514356515, 44.642321289715326], "h-smiles": "C=C", "entropy_translational": 150.32, "S2": {"25nN": 0.8606218500797462, "5nN": 0.8447869949209255, "15nN": 0.8568403500551269}}