{"heat_capacity_vibrational": 0.69, "total_solvation_energy": -4.92, "polar_solvation_energy": -10.38, "shear_25nN_qq": [-1404.0005337537968, 119.35963162625487], "status": {"4d6a050ed94a50e8d05f34fb2537add0-get_interaction_energy_5nN": 1, "4d6a050ed94a50e8d05f34fb2537add0-shear_25nN_rerun": 1, "4d6a050ed94a50e8d05f34fb2537add0-log_cof": 1, "4d6a050ed94a50e8d05f34fb2537add0-log_tilt": 1, "4d6a050ed94a50e8d05f34fb2537add0-shear_15nN_extend": 1, "4d6a050ed94a50e8d05f34fb2537add0-shear_5nN_rerun": 1, "4d6a050ed94a50e8d05f34fb2537add0-log_S2": 1, "4d6a050ed94a50e8d05f34fb2537add0-shear_5nN_rerun_grompp": 1, "4d6a050ed94a50e8d05f34fb2537add0-shear_15nN_rerun": 1, "4d6a050ed94a50e8d05f34fb2537add0-shear_5nN_grompp": 1, "4d6a050ed94a50e8d05f34fb2537add0-calc_roughness": 1, "4d6a050ed94a50e8d05f34fb2537add0-equilibrate_grompp": 1, "4d6a050ed94a50e8d05f34fb2537add0-unwrap_shear_5nN": 1, "4d6a050ed94a50e8d05f34fb2537add0-shear_15nN": 1, "4d6a050ed94a50e8d05f34fb2537add0-unwrap_shear_25nN": 1, "4d6a050ed94a50e8d05f34fb2537add0-compress": 1, "4d6a050ed94a50e8d05f34fb2537add0-log_interaction_energy_5nN": 1, "4d6a050ed94a50e8d05f34fb2537add0-calc_tilt_shear": 1, "4d6a050ed94a50e8d05f34fb2537add0-minimize": 1, "4d6a050ed94a50e8d05f34fb2537add0-calc_interdigitation": 6, "4d6a050ed94a50e8d05f34fb2537add0-shear_5nN_extend_grompp": 1, "4d6a050ed94a50e8d05f34fb2537add0-count_hydrogen_bonds": 1, "4d6a050ed94a50e8d05f34fb2537add0-get_interaction_energy_15nN": 1, "4d6a050ed94a50e8d05f34fb2537add0-calc_S2_shear": 1, "4d6a050ed94a50e8d05f34fb2537add0-unwrap_shear_15nN": 1, "4d6a050ed94a50e8d05f34fb2537add0-shear_5nN": 1, "4d6a050ed94a50e8d05f34fb2537add0-log_interaction_energy_15nN": 1, "4d6a050ed94a50e8d05f34fb2537add0-shear_25nN_rerun_grompp": 1, "4d6a050ed94a50e8d05f34fb2537add0-minimize_grompp": 1, "4d6a050ed94a50e8d05f34fb2537add0-initialize": 1, "4d6a050ed94a50e8d05f34fb2537add0-log_interaction_energy_25nN": 1, "4d6a050ed94a50e8d05f34fb2537add0-shear_25nN_extend": 1, "4d6a050ed94a50e8d05f34fb2537add0-shear_25nN_extend_grompp": 1, "4d6a050ed94a50e8d05f34fb2537add0-calc_friction": 1, "4d6a050ed94a50e8d05f34fb2537add0-shear_15nN_grompp": 1, "4d6a050ed94a50e8d05f34fb2537add0-shear_5nN_extend": 1, "4d6a050ed94a50e8d05f34fb2537add0-shear_15nN_extend_grompp": 1, "4d6a050ed94a50e8d05f34fb2537add0-get_interaction_energy_25nN": 1, "4d6a050ed94a50e8d05f34fb2537add0-shear_25nN_grompp": 1, "4d6a050ed94a50e8d05f34fb2537add0-compress_grompp": 1, "4d6a050ed94a50e8d05f34fb2537add0-equilibrate": 1, "4d6a050ed94a50e8d05f34fb2537add0-top_to_mol2": 1, "4d6a050ed94a50e8d05f34fb2537add0-shear_15nN_rerun_grompp": 1, "4d6a050ed94a50e8d05f34fb2537add0-lammps_to_gmx": 1, "4d6a050ed94a50e8d05f34fb2537add0-shear_25nN": 1, "4d6a050ed94a50e8d05f34fb2537add0-fix_overlaps": 1}, "shear_15nN_Etotal": [-2674.8848629184654, 120.56961961287129], "shear_5nN_Etotal": [-2570.9932675043965, 128.21798572864657], "entropy_vibrational": 0.11, "dipole_moment": 1.63, "tilt": {"25nN": 39.74232808861267, "15nN": 37.358969901628136, "5nN": 34.28719707889039}, "interdigitation": {"25nN": 0.11859784967037733, "15nN": 0.12273976794816595, "5nN": 0.12336476402791582}, "molecular_weight": 16.0225, "shear_5nN_lj": [-1160.0896785491607, 55.69467878248341], "entropy_translational": 144.1, "intercept": 3.2679910113355297, "COF": 0.1485005210900474, "shear_5nN_qq": [-1410.9035889552358, 119.80449490203785], "shear_15nN_lj": [-1269.699589163869, 54.85274615685567], "shear_25nN_lj": [-1311.064793665068, 56.54111156726417], "nonpolar_solvation_energy": 5.48, "surface_area": 42.91, "enthalpy_vibrational": 92.73, "shear_15nN_qq": [-1405.1852737545962, 118.12298280222953], "shear_25nN_Etotal": [-2715.0653274188644, 116.71116757967289], "roughness": {"25nN": 0.05009840073412207, "15nN": 0.05491509753303591, "5nN": 0.05586178087869994}, "entropy_rotational": 56.63, "S2": {"25nN": 0.9440643593513601, "15nN": 0.9443542753871236, "5nN": 0.9511246461834088}}