{"shear_15nN_Etotal": [-3217.890495136691, 207.5403833097097], "molecular_weight": 46.0055, "shear_25nN_Etotal": [-3125.827470881695, 226.4599253825829], "surface_area": 59.09, "shear_15nN_qq": [-1226.4240460231815, 179.04885548469105], "enthalpy_vibrational": 62.86, "shear_5nN_qq": [-1464.289954753797, 169.79096857270193], "tilt": {"5nN": 30.801098329637096, "25nN": 35.072333295536794, "15nN": 33.42919211644229}, "intercept": 2.2566293227349123, "shear_25nN_lj": [-2092.1047269568344, 56.835119088073846], "entropy_rotational": 85.69, "shear_5nN_lj": [-1749.1373749720224, 68.32125394461691], "shear_25nN_qq": [-1033.7227439248602, 206.63891306278546], "nonpolar_solvation_energy": 4.77, "total_solvation_energy": -43.93, "shear_15nN_lj": [-1991.466449113509, 58.62144407352239], "shear_5nN_Etotal": [-3213.427329725819, 202.71681493692623], "interdigitation": {"5nN": 0.15417378703605658, "15nN": 0.15222978422115466, "25nN": 0.148407007923232}, "entropy_vibrational": 1.77, "heat_capacity_vibrational": 5.42, "entropy_translational": 156.76, "status": {"b8c94605b4c71d689f6c2c20f6493bbb-shear_25nN_extend_grompp": 1, "b8c94605b4c71d689f6c2c20f6493bbb-shear_25nN_grompp": 1, "b8c94605b4c71d689f6c2c20f6493bbb-get_interaction_energy_25nN": 1, "b8c94605b4c71d689f6c2c20f6493bbb-shear_5nN_extend_grompp": 1, "b8c94605b4c71d689f6c2c20f6493bbb-log_tilt": 1, "b8c94605b4c71d689f6c2c20f6493bbb-shear_15nN_extend": 1, "b8c94605b4c71d689f6c2c20f6493bbb-compress_grompp": 1, "b8c94605b4c71d689f6c2c20f6493bbb-minimize_grompp": 1, "b8c94605b4c71d689f6c2c20f6493bbb-shear_5nN_rerun_grompp": 1, "b8c94605b4c71d689f6c2c20f6493bbb-shear_5nN_rerun": 1, "b8c94605b4c71d689f6c2c20f6493bbb-unwrap_shear_5nN": 1, "b8c94605b4c71d689f6c2c20f6493bbb-equilibrate_grompp": 1, "b8c94605b4c71d689f6c2c20f6493bbb-calc_tilt_shear": 1, "b8c94605b4c71d689f6c2c20f6493bbb-minimize": 1, "b8c94605b4c71d689f6c2c20f6493bbb-calc_roughness": 1, "b8c94605b4c71d689f6c2c20f6493bbb-shear_15nN_extend_grompp": 1, "b8c94605b4c71d689f6c2c20f6493bbb-shear_25nN_rerun": 1, "b8c94605b4c71d689f6c2c20f6493bbb-fix_overlaps": 1, "b8c94605b4c71d689f6c2c20f6493bbb-shear_5nN_extend": 1, "b8c94605b4c71d689f6c2c20f6493bbb-calc_S2_shear": 1, "b8c94605b4c71d689f6c2c20f6493bbb-get_interaction_energy_5nN": 1, "b8c94605b4c71d689f6c2c20f6493bbb-shear_15nN_rerun": 1, "b8c94605b4c71d689f6c2c20f6493bbb-shear_15nN": 1, "b8c94605b4c71d689f6c2c20f6493bbb-log_interaction_energy_25nN": 1, "b8c94605b4c71d689f6c2c20f6493bbb-compress": 1, "b8c94605b4c71d689f6c2c20f6493bbb-get_interaction_energy_15nN": 1, "b8c94605b4c71d689f6c2c20f6493bbb-shear_25nN_extend": 1, "b8c94605b4c71d689f6c2c20f6493bbb-shear_25nN": 1, "b8c94605b4c71d689f6c2c20f6493bbb-log_S2": 1, "b8c94605b4c71d689f6c2c20f6493bbb-unwrap_shear_15nN": 1, "b8c94605b4c71d689f6c2c20f6493bbb-log_cof": 1, "b8c94605b4c71d689f6c2c20f6493bbb-shear_15nN_grompp": 1, "b8c94605b4c71d689f6c2c20f6493bbb-lammps_to_gmx": 1, "b8c94605b4c71d689f6c2c20f6493bbb-unwrap_shear_25nN": 1, "b8c94605b4c71d689f6c2c20f6493bbb-equilibrate": 1, "b8c94605b4c71d689f6c2c20f6493bbb-shear_5nN_grompp": 1, "b8c94605b4c71d689f6c2c20f6493bbb-initialize": 1, "b8c94605b4c71d689f6c2c20f6493bbb-log_interaction_energy_5nN": 1, "b8c94605b4c71d689f6c2c20f6493bbb-shear_5nN": 1, "b8c94605b4c71d689f6c2c20f6493bbb-top_to_mol2": 1, "b8c94605b4c71d689f6c2c20f6493bbb-shear_15nN_rerun_grompp": 1, "b8c94605b4c71d689f6c2c20f6493bbb-calc_interdigitation": 1, "b8c94605b4c71d689f6c2c20f6493bbb-count_hydrogen_bonds": 1, "b8c94605b4c71d689f6c2c20f6493bbb-log_interaction_energy_15nN": 1, "b8c94605b4c71d689f6c2c20f6493bbb-calc_friction": 1, "b8c94605b4c71d689f6c2c20f6493bbb-shear_25nN_rerun_grompp": 1}, "S2": {"5nN": 0.6227007813868923, "15nN": 0.6071053546427099, "25nN": 0.609557863094394}, "dipole_moment": 3.81, "COF": 0.17134673494733416, "roughness": {"5nN": 0.06003357185518241, "15nN": 0.05609030407504279, "25nN": 0.055915312945826266}, "polar_solvation_energy": -48.71}