{"heat_capacity_vibrational": 83.45, "shear_15nN_Etotal": [-3017.017203633893, 117.38655729851375], "shear_5nN_qq": [-545.4680076642686, 61.11603137141772], "molecular_weight": 122.1013, "shear_15nN_qq": [-495.2591368417266, 61.54803243695913], "surface_area": 118.23, "intercept": 2.893417742784255, "shear_5nN_Etotal": [-2923.5304075467625, 119.69996812290876], "interdigitation": {"5nN": 0.2474200970480388, "15nN": 0.22751827535738453, "25nN": 0.2198339702316461}, "S2": {"5nN": 0.9446381227770179, "15nN": 0.9445266704361495, "25nN": 0.9473546887563202}, "shear_25nN_lj": [-2583.0681736115107, 66.11321050567146], "total_solvation_energy": -24.48, "dipole_moment": 6.22, "roughness": {"5nN": 0.07053151867085575, "15nN": 0.06923630787176377, "25nN": 0.06799390138740537}, "enthalpy_vibrational": 280.86, "shear_25nN_Etotal": [-2979.7143932589925, 100.40853059857331], "tilt": {"5nN": 32.142366436938666, "15nN": 35.24213716027083, "25nN": 37.82541323804982}, "shear_15nN_lj": [-2521.758066792166, 75.987420670263], "entropy_vibrational": 69.31, "nonpolar_solvation_energy": 8.49, "entropy_translational": 168.76, "shear_25nN_qq": [-396.64621964748204, 56.54744020106226], "COF": 0.12510080104374383, "polar_solvation_energy": -32.99, "status": {"5720a7ec7025aac7fff0fed3a8f98625-compress_grompp": 1, "5720a7ec7025aac7fff0fed3a8f98625-unwrap_shear_5nN": 1, "5720a7ec7025aac7fff0fed3a8f98625-shear_5nN_extend_grompp": 1, "5720a7ec7025aac7fff0fed3a8f98625-lammps_to_gmx": 1, "5720a7ec7025aac7fff0fed3a8f98625-compress": 1, "5720a7ec7025aac7fff0fed3a8f98625-shear_15nN_extend": 1, "5720a7ec7025aac7fff0fed3a8f98625-calc_roughness": 1, "5720a7ec7025aac7fff0fed3a8f98625-equilibrate": 1, "5720a7ec7025aac7fff0fed3a8f98625-shear_25nN_extend": 1, "5720a7ec7025aac7fff0fed3a8f98625-shear_25nN_rerun": 1, "5720a7ec7025aac7fff0fed3a8f98625-log_interaction_energy_5nN": 1, "5720a7ec7025aac7fff0fed3a8f98625-shear_15nN_extend_grompp": 1, "5720a7ec7025aac7fff0fed3a8f98625-log_tilt": 1, "5720a7ec7025aac7fff0fed3a8f98625-initialize": 1, "5720a7ec7025aac7fff0fed3a8f98625-shear_5nN_rerun": 1, "5720a7ec7025aac7fff0fed3a8f98625-shear_5nN_grompp": 1, "5720a7ec7025aac7fff0fed3a8f98625-equilibrate_grompp": 1, "5720a7ec7025aac7fff0fed3a8f98625-calc_S2_shear": 1, "5720a7ec7025aac7fff0fed3a8f98625-shear_15nN": 1, "5720a7ec7025aac7fff0fed3a8f98625-shear_5nN_extend": 1, "5720a7ec7025aac7fff0fed3a8f98625-top_to_mol2": 1, "5720a7ec7025aac7fff0fed3a8f98625-fix_overlaps": 1, "5720a7ec7025aac7fff0fed3a8f98625-log_cof": 1, "5720a7ec7025aac7fff0fed3a8f98625-minimize": 1, "5720a7ec7025aac7fff0fed3a8f98625-shear_15nN_rerun": 1, "5720a7ec7025aac7fff0fed3a8f98625-count_hydrogen_bonds": 1, "5720a7ec7025aac7fff0fed3a8f98625-get_interaction_energy_25nN": 1, "5720a7ec7025aac7fff0fed3a8f98625-unwrap_shear_25nN": 1, "5720a7ec7025aac7fff0fed3a8f98625-shear_25nN_grompp": 1, "5720a7ec7025aac7fff0fed3a8f98625-calc_interdigitation": 6, "5720a7ec7025aac7fff0fed3a8f98625-unwrap_shear_15nN": 1, "5720a7ec7025aac7fff0fed3a8f98625-get_interaction_energy_15nN": 1, "5720a7ec7025aac7fff0fed3a8f98625-shear_5nN_rerun_grompp": 1, "5720a7ec7025aac7fff0fed3a8f98625-log_interaction_energy_15nN": 1, "5720a7ec7025aac7fff0fed3a8f98625-shear_15nN_rerun_grompp": 1, "5720a7ec7025aac7fff0fed3a8f98625-shear_5nN": 1, "5720a7ec7025aac7fff0fed3a8f98625-get_interaction_energy_5nN": 1, "5720a7ec7025aac7fff0fed3a8f98625-log_S2": 1, "5720a7ec7025aac7fff0fed3a8f98625-calc_tilt_shear": 1, "5720a7ec7025aac7fff0fed3a8f98625-minimize_grompp": 1, "5720a7ec7025aac7fff0fed3a8f98625-calc_friction": 1, "5720a7ec7025aac7fff0fed3a8f98625-shear_25nN": 1, "5720a7ec7025aac7fff0fed3a8f98625-shear_25nN_rerun_grompp": 1, "5720a7ec7025aac7fff0fed3a8f98625-shear_25nN_extend_grompp": 1, "5720a7ec7025aac7fff0fed3a8f98625-log_interaction_energy_25nN": 1, "5720a7ec7025aac7fff0fed3a8f98625-shear_15nN_grompp": 1}, "entropy_rotational": 119.66, "shear_5nN_lj": [-2378.062399882494, 75.5515183867286]}