{"MR":13.851,"asphericity":0.108881,"balabanj":2.913119,"bertzct":105.852638,"chi0":7.5,"chi0n":7.5,"chi0v":1.5,"chi1":3.75,"chi1n":3.75,"chi1v":0.75,"chi2n":0.375,"chi2v":0.375,"chi3n":0.125,"chi3v":0.125,"chi4n":0.0,"chi4v":0.0,"e-valence":18.0,"eccentricity":0.78669,"hk-alpha":0.0,"hk-kappa1":0.148148,"hk-kappa2":0.222222,"hk-kappa3":0.0,"ipc":69.83327,"isf":0.026084,"labuteASA":28.893127,"logP":1.1703,"molwt":42.04695,"molwt-hvy":36.033,"nheavy":3.0,"npr1":0.617348,"npr2":0.639054,"pbf":0.624525,"pc+":0.159918,"pc-":-0.159918,"pmi1":24.500204,"pmi2":25.361645,"pmi3":39.686231,"rbonds":0.0,"rg":1.031502,"rpc+":0.166667,"rpc-":0.333333,"spherocity":0.744122,"tpsa":0.0,"vsa+":8.224551,"vsa-":19.118775,"vsa-fhyd":1.0,"vsa-fneg":0.699212,"vsa-fpneg":0.0,"vsa-fpos":0.300788,"vsa-fppos":0.0,"vsa-hyd":27.343326,"vsa-polar":0.0,"vsa-polar+":0.0,"vsa-polar-":0.0,"hbonds":0.0}