{"enthalpy_vibrational": 214.06, "shear_5nN_Etotal": [-1218.5075266171064, 48.94237396972556], "heat_capacity_vibrational": 19.47, "entropy_vibrational": 5.04, "interdigitation": {"25nN": 0.12675489490579803, "5nN": 0.11694492989159282, "15nN": 0.11623077315985449}, "polar_solvation_energy": -1.28, "shear_15nN_qq": [106.22435234852118, 9.37021266478362], "nonpolar_solvation_energy": 9.15, "molecular_weight": 41.0716, "shear_15nN_Etotal": [-1388.3854423141488, 47.35929286549513], "roughness": {"25nN": 0.05960825855395935, "5nN": 0.0633400249933173, "15nN": 0.06388829453432597}, "tilt": {"25nN": 37.4218995043067, "5nN": 32.04541766269213, "15nN": 36.242365169110464}, "total_solvation_energy": 7.89, "surface_area": 65.5, "shear_15nN_lj": [-1494.6097946626699, 48.593065956738094], "dipole_moment": 0.0, "entropy_rotational": 90.7, "shear_25nN_lj": [-1621.1935616570743, 53.3868547607731], "shear_25nN_qq": [140.54584881215027, 9.741715483975996], "status": {"44ab3682061404060fe8d1649ca8e977-compress_grompp": 1, "44ab3682061404060fe8d1649ca8e977-shear_15nN_rerun_grompp": 1, "44ab3682061404060fe8d1649ca8e977-shear_15nN_extend_grompp": 1, "44ab3682061404060fe8d1649ca8e977-log_interaction_energy_15nN": 1, "44ab3682061404060fe8d1649ca8e977-get_interaction_energy_5nN": 1, "44ab3682061404060fe8d1649ca8e977-get_interaction_energy_25nN": 1, "44ab3682061404060fe8d1649ca8e977-minimize": 1, "44ab3682061404060fe8d1649ca8e977-shear_25nN_extend_grompp": 1, "44ab3682061404060fe8d1649ca8e977-count_hydrogen_bonds": 1, "44ab3682061404060fe8d1649ca8e977-shear_5nN": 1, "44ab3682061404060fe8d1649ca8e977-minimize_grompp": 1, "44ab3682061404060fe8d1649ca8e977-shear_5nN_extend": 1, "44ab3682061404060fe8d1649ca8e977-shear_5nN_grompp": 1, "44ab3682061404060fe8d1649ca8e977-shear_5nN_rerun_grompp": 1, "44ab3682061404060fe8d1649ca8e977-equilibrate_grompp": 1, "44ab3682061404060fe8d1649ca8e977-shear_5nN_rerun": 1, "44ab3682061404060fe8d1649ca8e977-unwrap_shear_25nN": 1, "44ab3682061404060fe8d1649ca8e977-shear_25nN_grompp": 1, "44ab3682061404060fe8d1649ca8e977-calc_friction": 1, "44ab3682061404060fe8d1649ca8e977-calc_tilt_shear": 1, "44ab3682061404060fe8d1649ca8e977-shear_5nN_extend_grompp": 1, "44ab3682061404060fe8d1649ca8e977-log_S2": 1, "44ab3682061404060fe8d1649ca8e977-shear_15nN": 1, "44ab3682061404060fe8d1649ca8e977-log_interaction_energy_25nN": 1, "44ab3682061404060fe8d1649ca8e977-initialize": 1, "44ab3682061404060fe8d1649ca8e977-top_to_mol2": 1, "44ab3682061404060fe8d1649ca8e977-calc_interdigitation": 6, "44ab3682061404060fe8d1649ca8e977-shear_15nN_grompp": 1, "44ab3682061404060fe8d1649ca8e977-unwrap_shear_15nN": 1, "44ab3682061404060fe8d1649ca8e977-shear_25nN_extend": 1, "44ab3682061404060fe8d1649ca8e977-unwrap_shear_5nN": 1, "44ab3682061404060fe8d1649ca8e977-fix_overlaps": 1, "44ab3682061404060fe8d1649ca8e977-shear_25nN_rerun": 1, "44ab3682061404060fe8d1649ca8e977-shear_25nN_rerun_grompp": 1, "44ab3682061404060fe8d1649ca8e977-log_tilt": 1, "44ab3682061404060fe8d1649ca8e977-calc_roughness": 1, "44ab3682061404060fe8d1649ca8e977-shear_15nN_rerun": 1, "44ab3682061404060fe8d1649ca8e977-equilibrate": 1, "44ab3682061404060fe8d1649ca8e977-lammps_to_gmx": 1, "44ab3682061404060fe8d1649ca8e977-get_interaction_energy_15nN": 1, "44ab3682061404060fe8d1649ca8e977-log_interaction_energy_5nN": 1, "44ab3682061404060fe8d1649ca8e977-shear_25nN": 1, "44ab3682061404060fe8d1649ca8e977-shear_15nN_extend": 1, "44ab3682061404060fe8d1649ca8e977-compress": 1, "44ab3682061404060fe8d1649ca8e977-calc_S2_shear": 1, "44ab3682061404060fe8d1649ca8e977-log_cof": 1}, "shear_25nN_Etotal": [-1480.6477128449242, 52.328639890398755], "ch3-smiles": "CC1CC1", "intercept": 0.6426572512543762, "shear_5nN_qq": [53.9801710223821, 8.113729864169589], "COF": 0.17660178588265069, "chain-smiles": "CCCCCCCCCCCCCCCCCC1CC1", "shear_5nN_lj": [-1272.4876976394885, 50.471735960896886], "h-smiles": "C1CC1", "entropy_translational": 155.37, "S2": {"25nN": 0.8908487725997548, "5nN": 0.9184838083422849, "15nN": 0.9152401199647141}}