{"shear_15nN_Etotal": [-1630.9177215523582, 58.408482968850564], "molecular_weight": 31.0338, "shear_25nN_Etotal": [-1710.39072646283, 58.562361339820555], "surface_area": 54.24, "shear_15nN_qq": [-66.7207705203837, 27.039833985855783], "enthalpy_vibrational": 133.72, "shear_5nN_qq": [-90.67402889208634, 21.442396444839872], "tilt": {"5nN": 35.533131645273556, "25nN": 40.50931728224248, "15nN": 38.890779345899155}, "intercept": 1.2679812568364124, "shear_25nN_lj": [-1650.8518596211031, 50.00786152838997], "entropy_rotational": 79.18, "shear_5nN_lj": [-1341.3011244340528, 54.46000371927691], "shear_25nN_qq": [-59.53886684172662, 31.734125043161637], "nonpolar_solvation_energy": 5.64, "total_solvation_energy": -5.11, "shear_15nN_lj": [-1564.1969510319745, 50.623365720509305], "shear_5nN_Etotal": [-1431.9751533261392, 58.50199704962482], "interdigitation": {"5nN": 0.12531377234891983, "25nN": 0.09984478820693701, "15nN": 0.12676900995861076}, "entropy_vibrational": 7.17, "heat_capacity_vibrational": 12.98, "entropy_translational": 151.98, "roughness": {"5nN": 0.0709776157680183, "25nN": 0.04992116626361946, "15nN": 0.06676062750431934}, "S2": {"5nN": 0.9676363117953017, "25nN": 0.9545731963753636, "15nN": 0.9627423793252867}, "dipole_moment": 1.68, "COF": 0.1479132095774785, "status": {"0ed76ac9814fefbe9bc8a608a99541cd-shear_15nN_rerun_grompp": 1, "0ed76ac9814fefbe9bc8a608a99541cd-get_interaction_energy_15nN": 1, "0ed76ac9814fefbe9bc8a608a99541cd-shear_5nN_grompp": 1, "0ed76ac9814fefbe9bc8a608a99541cd-lammps_to_gmx": 1, "0ed76ac9814fefbe9bc8a608a99541cd-shear_25nN": 1, "0ed76ac9814fefbe9bc8a608a99541cd-get_interaction_energy_5nN": 1, "0ed76ac9814fefbe9bc8a608a99541cd-shear_15nN_rerun": 1, "0ed76ac9814fefbe9bc8a608a99541cd-calc_tilt_shear": 1, "0ed76ac9814fefbe9bc8a608a99541cd-count_hydrogen_bonds": 1, "0ed76ac9814fefbe9bc8a608a99541cd-shear_25nN_extend_grompp": 1, "0ed76ac9814fefbe9bc8a608a99541cd-initialize": 1, "0ed76ac9814fefbe9bc8a608a99541cd-log_interaction_energy_5nN": 1, "0ed76ac9814fefbe9bc8a608a99541cd-compress": 1, "0ed76ac9814fefbe9bc8a608a99541cd-shear_5nN_rerun": 1, "0ed76ac9814fefbe9bc8a608a99541cd-calc_friction": 1, "0ed76ac9814fefbe9bc8a608a99541cd-shear_5nN_extend": 1, "0ed76ac9814fefbe9bc8a608a99541cd-equilibrate": 1, "0ed76ac9814fefbe9bc8a608a99541cd-minimize": 1, "0ed76ac9814fefbe9bc8a608a99541cd-log_interaction_energy_25nN": 1, "0ed76ac9814fefbe9bc8a608a99541cd-shear_25nN_rerun_grompp": 1, "0ed76ac9814fefbe9bc8a608a99541cd-calc_roughness": 1, "0ed76ac9814fefbe9bc8a608a99541cd-shear_5nN_rerun_grompp": 1, "0ed76ac9814fefbe9bc8a608a99541cd-calc_S2_shear": 1, "0ed76ac9814fefbe9bc8a608a99541cd-top_to_mol2": 1, "0ed76ac9814fefbe9bc8a608a99541cd-shear_15nN_grompp": 1, "0ed76ac9814fefbe9bc8a608a99541cd-calc_interdigitation": 1, "0ed76ac9814fefbe9bc8a608a99541cd-shear_25nN_extend": 1, "0ed76ac9814fefbe9bc8a608a99541cd-shear_25nN_rerun": 1, "0ed76ac9814fefbe9bc8a608a99541cd-unwrap_shear_25nN": 1, "0ed76ac9814fefbe9bc8a608a99541cd-shear_15nN_extend": 1, "0ed76ac9814fefbe9bc8a608a99541cd-log_S2": 1, "0ed76ac9814fefbe9bc8a608a99541cd-compress_grompp": 1, "0ed76ac9814fefbe9bc8a608a99541cd-fix_overlaps": 1, "0ed76ac9814fefbe9bc8a608a99541cd-log_tilt": 1, "0ed76ac9814fefbe9bc8a608a99541cd-shear_5nN_extend_grompp": 1, "0ed76ac9814fefbe9bc8a608a99541cd-equilibrate_grompp": 1, "0ed76ac9814fefbe9bc8a608a99541cd-shear_25nN_grompp": 1, "0ed76ac9814fefbe9bc8a608a99541cd-shear_5nN": 1, "0ed76ac9814fefbe9bc8a608a99541cd-get_interaction_energy_25nN": 1, "0ed76ac9814fefbe9bc8a608a99541cd-log_interaction_energy_15nN": 1, "0ed76ac9814fefbe9bc8a608a99541cd-shear_15nN_extend_grompp": 1, "0ed76ac9814fefbe9bc8a608a99541cd-unwrap_shear_15nN": 1, "0ed76ac9814fefbe9bc8a608a99541cd-unwrap_shear_5nN": 1, "0ed76ac9814fefbe9bc8a608a99541cd-minimize_grompp": 1, "0ed76ac9814fefbe9bc8a608a99541cd-log_cof": 1, "0ed76ac9814fefbe9bc8a608a99541cd-shear_15nN": 1}, "polar_solvation_energy": -10.78}