{"MR":31.179,"asphericity":0.357909,"balabanj":3.680736,"bertzct":375.426816,"chi0":11.964102,"chi0n":11.5,"chi0v":3.5,"chi1":6.675426,"chi1n":5.75,"chi1v":1.75,"chi2n":1.0,"chi2v":1.0,"chi3n":0.5,"chi3v":0.5,"chi4n":0.25,"chi4v":0.25,"e-valence":36.0,"eccentricity":0.951487,"hk-alpha":-0.78,"hk-kappa1":0.83817,"hk-kappa2":1.783286,"hk-kappa3":1.038264,"ipc":1235.837423,"isf":0.008043,"labuteASA":55.036109,"logP":1.99502,"molwt":92.0626,"molwt-hvy":84.077,"nheavy":7.0,"npr1":0.30769,"npr2":0.703537,"pbf":0.135463,"pc+":0.395819,"pc-":-0.395819,"pmi1":87.474132,"pmi2":200.0105,"pmi3":284.292808,"rbonds":1.0,"rg":1.761457,"rpc+":0.158026,"rpc-":0.157266,"spherocity":0.060071,"tpsa":0.0,"vsa+":10.966069,"vsa-":42.627437,"vsa-fhyd":1.0,"vsa-fneg":0.795384,"vsa-fpneg":0.0,"vsa-fpos":0.204616,"vsa-fppos":0.0,"vsa-hyd":53.593506,"vsa-polar":0.0,"vsa-polar+":0.0,"vsa-polar-":0.0,"hbonds":0.0}