{"enthalpy_vibrational": 263.87, "shear_5nN_Etotal": [-1296.2938278105514, 59.78109695248309], "heat_capacity_vibrational": 48.68, "entropy_vibrational": 20.79, "interdigitation": {"25nN": 0.09363968794385448, "5nN": 0.09345607678299173, "15nN": 0.08838716533311936}, "polar_solvation_energy": -4.89, "shear_15nN_qq": [271.7002685811351, 22.142670087263454], "nonpolar_solvation_energy": 6.77, "molecular_weight": 77.1037, "shear_15nN_Etotal": [-1498.6496078673063, 58.51748492119689], "roughness": {"25nN": 0.05459814735159148, "5nN": 0.055198942915466745, "15nN": 0.04866651218919251}, "tilt": {"25nN": 32.850820994292654, "5nN": 26.35830270903842, "15nN": 31.051586893923073}, "shear_15nN_lj": [-1770.3498764484414, 53.36227874867537], "surface_area": 93.44, "total_solvation_energy": 1.89, "dipole_moment": 0.0, "entropy_rotational": 107.29, "shear_25nN_lj": [-1835.6377247841724, 53.1423390092027], "shear_5nN_lj": [-1566.561926443645, 54.976491792972], "status": {"fcc596b030cd22dbec057b2ae4a454b0-calc_roughness": 1, "fcc596b030cd22dbec057b2ae4a454b0-count_hydrogen_bonds": 1, "fcc596b030cd22dbec057b2ae4a454b0-shear_15nN_rerun": 1, "fcc596b030cd22dbec057b2ae4a454b0-log_S2": 1, "fcc596b030cd22dbec057b2ae4a454b0-shear_5nN_extend_grompp": 1, "fcc596b030cd22dbec057b2ae4a454b0-calc_S2_shear": 1, "fcc596b030cd22dbec057b2ae4a454b0-get_interaction_energy_15nN": 1, "fcc596b030cd22dbec057b2ae4a454b0-shear_15nN_rerun_grompp": 1, "fcc596b030cd22dbec057b2ae4a454b0-log_cof": 1, "fcc596b030cd22dbec057b2ae4a454b0-lammps_to_gmx": 1, "fcc596b030cd22dbec057b2ae4a454b0-shear_25nN_extend_grompp": 1, "fcc596b030cd22dbec057b2ae4a454b0-shear_15nN_extend_grompp": 1, "fcc596b030cd22dbec057b2ae4a454b0-minimize": 1, "fcc596b030cd22dbec057b2ae4a454b0-shear_5nN_extend": 1, "fcc596b030cd22dbec057b2ae4a454b0-get_interaction_energy_25nN": 1, "fcc596b030cd22dbec057b2ae4a454b0-log_interaction_energy_5nN": 1, "fcc596b030cd22dbec057b2ae4a454b0-calc_friction": 1, "fcc596b030cd22dbec057b2ae4a454b0-calc_interdigitation": 6, "fcc596b030cd22dbec057b2ae4a454b0-equilibrate_grompp": 1, "fcc596b030cd22dbec057b2ae4a454b0-compress": 1, "fcc596b030cd22dbec057b2ae4a454b0-shear_25nN_extend": 1, "fcc596b030cd22dbec057b2ae4a454b0-shear_25nN_rerun_grompp": 1, "fcc596b030cd22dbec057b2ae4a454b0-unwrap_shear_5nN": 1, "fcc596b030cd22dbec057b2ae4a454b0-compress_grompp": 1, "fcc596b030cd22dbec057b2ae4a454b0-log_interaction_energy_15nN": 1, "fcc596b030cd22dbec057b2ae4a454b0-calc_tilt_shear": 1, "fcc596b030cd22dbec057b2ae4a454b0-shear_5nN_rerun_grompp": 1, "fcc596b030cd22dbec057b2ae4a454b0-shear_15nN_extend": 1, "fcc596b030cd22dbec057b2ae4a454b0-equilibrate": 1, "fcc596b030cd22dbec057b2ae4a454b0-initialize": 1, "fcc596b030cd22dbec057b2ae4a454b0-top_to_mol2": 1, "fcc596b030cd22dbec057b2ae4a454b0-minimize_grompp": 1, "fcc596b030cd22dbec057b2ae4a454b0-shear_25nN_grompp": 1, "fcc596b030cd22dbec057b2ae4a454b0-shear_15nN": 1, "fcc596b030cd22dbec057b2ae4a454b0-shear_25nN": 1, "fcc596b030cd22dbec057b2ae4a454b0-shear_5nN": 1, "fcc596b030cd22dbec057b2ae4a454b0-unwrap_shear_15nN": 1, "fcc596b030cd22dbec057b2ae4a454b0-shear_15nN_grompp": 1, "fcc596b030cd22dbec057b2ae4a454b0-get_interaction_energy_5nN": 1, "fcc596b030cd22dbec057b2ae4a454b0-shear_5nN_grompp": 1, "fcc596b030cd22dbec057b2ae4a454b0-fix_overlaps": 1, "fcc596b030cd22dbec057b2ae4a454b0-shear_5nN_rerun": 1, "fcc596b030cd22dbec057b2ae4a454b0-shear_25nN_rerun": 1, "fcc596b030cd22dbec057b2ae4a454b0-log_tilt": 1, "fcc596b030cd22dbec057b2ae4a454b0-unwrap_shear_25nN": 1, "fcc596b030cd22dbec057b2ae4a454b0-log_interaction_energy_25nN": 1}, "shear_25nN_Etotal": [-1553.1664229192647, 57.715053757828855], "shear_25nN_qq": [282.4713018649081, 23.920052025655515], "ch3-smiles": "CC1=CC=CC=C1", "intercept": 1.4873307742207447, "shear_5nN_qq": [270.26809863309353, 18.02179640404219], "COF": 0.12987789550491619, "chain-smiles": "CCCCCCCCCCCCCCCCCC1=CC=CC=C1", "h-smiles": "C1=CC=CC=C1", "entropy_translational": 163.09, "S2": {"25nN": 0.854170448860874, "5nN": 0.8449738920638362, "15nN": 0.8575112682078884}}