{"shear_15nN_Etotal": [-1491.42665872502, 60.80116532146939], "molecular_weight": 77.1037, "shear_25nN_Etotal": [-1589.572895306155, 61.58678188578219], "surface_area": 93.44, "shear_15nN_qq": [208.76127296882495, 26.180348881338176], "enthalpy_vibrational": 263.87, "shear_5nN_qq": [244.89335389128695, 21.15807553343327], "tilt": {"5nN": 23.988271333344837, "15nN": 28.337615559648665, "25nN": 30.98849048251173}, "intercept": 1.719851043950658, "shear_25nN_lj": [-1780.0429897266188, 53.15835248174366], "entropy_rotational": 107.29, "shear_5nN_lj": [-1503.8469939872102, 54.65034310204773], "shear_25nN_qq": [190.47009442046362, 27.981711103861635], "nonpolar_solvation_energy": 6.77, "total_solvation_energy": 1.89, "shear_15nN_lj": [-1700.187931693845, 50.26641290841387], "shear_5nN_Etotal": [-1258.9536400959232, 62.16302086526335], "interdigitation": {"5nN": 0.09721095905371134, "15nN": 0.09650788367733405, "25nN": 0.09185807463777819}, "entropy_vibrational": 20.79, "heat_capacity_vibrational": 48.68, "entropy_translational": 163.09, "status": {"07cd58b1f988ac214125976a3628123f-shear_5nN_rerun": 1, "07cd58b1f988ac214125976a3628123f-shear_5nN_rerun_grompp": 1, "07cd58b1f988ac214125976a3628123f-equilibrate_grompp": 1, "07cd58b1f988ac214125976a3628123f-get_interaction_energy_15nN": 1, "07cd58b1f988ac214125976a3628123f-get_interaction_energy_25nN": 1, "07cd58b1f988ac214125976a3628123f-shear_15nN_rerun": 1, "07cd58b1f988ac214125976a3628123f-shear_25nN_grompp": 1, "07cd58b1f988ac214125976a3628123f-equilibrate": 1, "07cd58b1f988ac214125976a3628123f-calc_tilt_shear": 1, "07cd58b1f988ac214125976a3628123f-fix_overlaps": 1, "07cd58b1f988ac214125976a3628123f-shear_5nN_extend": 1, "07cd58b1f988ac214125976a3628123f-shear_5nN_grompp": 1, "07cd58b1f988ac214125976a3628123f-log_cof": 1, "07cd58b1f988ac214125976a3628123f-shear_5nN_extend_grompp": 1, "07cd58b1f988ac214125976a3628123f-shear_15nN_extend": 1, "07cd58b1f988ac214125976a3628123f-shear_15nN_rerun_grompp": 1, "07cd58b1f988ac214125976a3628123f-get_interaction_energy_5nN": 1, "07cd58b1f988ac214125976a3628123f-calc_S2_shear": 1, "07cd58b1f988ac214125976a3628123f-log_S2": 1, "07cd58b1f988ac214125976a3628123f-shear_5nN": 1, "07cd58b1f988ac214125976a3628123f-compress_grompp": 1, "07cd58b1f988ac214125976a3628123f-calc_roughness": 1, "07cd58b1f988ac214125976a3628123f-shear_25nN_rerun_grompp": 1, "07cd58b1f988ac214125976a3628123f-top_to_mol2": 1, "07cd58b1f988ac214125976a3628123f-unwrap_shear_25nN": 1, "07cd58b1f988ac214125976a3628123f-count_hydrogen_bonds": 1, "07cd58b1f988ac214125976a3628123f-log_interaction_energy_15nN": 1, "07cd58b1f988ac214125976a3628123f-shear_25nN_extend_grompp": 1, "07cd58b1f988ac214125976a3628123f-unwrap_shear_5nN": 1, "07cd58b1f988ac214125976a3628123f-lammps_to_gmx": 1, "07cd58b1f988ac214125976a3628123f-shear_25nN": 1, "07cd58b1f988ac214125976a3628123f-minimize_grompp": 1, "07cd58b1f988ac214125976a3628123f-log_interaction_energy_5nN": 1, "07cd58b1f988ac214125976a3628123f-log_interaction_energy_25nN": 1, "07cd58b1f988ac214125976a3628123f-shear_15nN_extend_grompp": 1, "07cd58b1f988ac214125976a3628123f-compress": 1, "07cd58b1f988ac214125976a3628123f-initialize": 1, "07cd58b1f988ac214125976a3628123f-calc_friction": 1, "07cd58b1f988ac214125976a3628123f-shear_15nN": 1, "07cd58b1f988ac214125976a3628123f-shear_15nN_grompp": 1, "07cd58b1f988ac214125976a3628123f-unwrap_shear_15nN": 1, "07cd58b1f988ac214125976a3628123f-shear_25nN_extend": 1, "07cd58b1f988ac214125976a3628123f-minimize": 1, "07cd58b1f988ac214125976a3628123f-log_tilt": 1, "07cd58b1f988ac214125976a3628123f-calc_interdigitation": 1, "07cd58b1f988ac214125976a3628123f-shear_25nN_rerun": 1}, "S2": {"5nN": 0.8193608417456016, "15nN": 0.8293706882319156, "25nN": 0.8286434704545782}, "dipole_moment": 0.0, "COF": 0.14738483023720667, "roughness": {"5nN": 0.05429698505717463, "15nN": 0.053931694629726294, "25nN": 0.049955324014697544}, "polar_solvation_energy": -4.89}