{"shear_15nN_Etotal": [-1537.1382399984013, 58.96810350291393], "molecular_weight": 31.0338, "shear_25nN_Etotal": [-1626.014113842526, 61.49664177698172], "surface_area": 54.24, "shear_15nN_qq": [39.27760661550759, 31.089261190269482], "enthalpy_vibrational": 133.72, "shear_5nN_qq": [28.446673318145482, 23.735937054652243], "tilt": {"5nN": 34.02784504549435, "25nN": 38.947274878380654, "15nN": 37.35074984196678}, "intercept": 1.2050471844866562, "shear_25nN_lj": [-1676.2268853756993, 50.82376826779175], "entropy_rotational": 79.18, "shear_5nN_lj": [-1348.3614809232613, 51.571644759642915], "shear_25nN_qq": [50.21277153317346, 35.011112752585916], "nonpolar_solvation_energy": 5.64, "total_solvation_energy": -5.11, "shear_15nN_lj": [-1576.415846613909, 49.417346571331585], "shear_5nN_Etotal": [-1319.9148076051158, 57.1676869919933], "interdigitation": {"5nN": 0.12003196262610535, "25nN": 0.10772173814205327, "15nN": 0.11230314151943219}, "entropy_vibrational": 7.17, "heat_capacity_vibrational": 12.98, "entropy_translational": 151.98, "roughness": {"5nN": 0.05989473793569938, "25nN": 0.05197183548380863, "15nN": 0.055535060983858006}, "S2": {"5nN": 0.950638762030679, "25nN": 0.9310574042878148, "15nN": 0.9447137851585912}, "dipole_moment": 1.68, "COF": 0.14966037310223956, "status": {"92b3bb8d908131cd77077611403d6d28-calc_friction": 1, "92b3bb8d908131cd77077611403d6d28-get_interaction_energy_5nN": 1, "92b3bb8d908131cd77077611403d6d28-shear_5nN_extend_grompp": 1, "92b3bb8d908131cd77077611403d6d28-log_S2": 1, "92b3bb8d908131cd77077611403d6d28-shear_25nN_extend_grompp": 1, "92b3bb8d908131cd77077611403d6d28-log_tilt": 1, "92b3bb8d908131cd77077611403d6d28-equilibrate": 1, "92b3bb8d908131cd77077611403d6d28-shear_15nN": 1, "92b3bb8d908131cd77077611403d6d28-log_interaction_energy_5nN": 1, "92b3bb8d908131cd77077611403d6d28-shear_15nN_rerun_grompp": 1, "92b3bb8d908131cd77077611403d6d28-lammps_to_gmx": 1, "92b3bb8d908131cd77077611403d6d28-log_interaction_energy_15nN": 1, "92b3bb8d908131cd77077611403d6d28-shear_5nN_rerun": 1, "92b3bb8d908131cd77077611403d6d28-shear_25nN_rerun": 1, "92b3bb8d908131cd77077611403d6d28-minimize_grompp": 1, "92b3bb8d908131cd77077611403d6d28-shear_15nN_extend_grompp": 1, "92b3bb8d908131cd77077611403d6d28-shear_5nN_extend": 1, "92b3bb8d908131cd77077611403d6d28-top_to_mol2": 1, "92b3bb8d908131cd77077611403d6d28-calc_interdigitation": 1, "92b3bb8d908131cd77077611403d6d28-compress": 1, "92b3bb8d908131cd77077611403d6d28-initialize": 1, "92b3bb8d908131cd77077611403d6d28-shear_15nN_extend": 1, "92b3bb8d908131cd77077611403d6d28-shear_25nN_rerun_grompp": 1, "92b3bb8d908131cd77077611403d6d28-get_interaction_energy_25nN": 1, "92b3bb8d908131cd77077611403d6d28-equilibrate_grompp": 1, "92b3bb8d908131cd77077611403d6d28-shear_5nN": 1, "92b3bb8d908131cd77077611403d6d28-unwrap_shear_25nN": 1, "92b3bb8d908131cd77077611403d6d28-unwrap_shear_15nN": 1, "92b3bb8d908131cd77077611403d6d28-count_hydrogen_bonds": 1, "92b3bb8d908131cd77077611403d6d28-get_interaction_energy_15nN": 1, "92b3bb8d908131cd77077611403d6d28-minimize": 1, "92b3bb8d908131cd77077611403d6d28-unwrap_shear_5nN": 1, "92b3bb8d908131cd77077611403d6d28-calc_roughness": 1, "92b3bb8d908131cd77077611403d6d28-shear_25nN_grompp": 1, "92b3bb8d908131cd77077611403d6d28-log_interaction_energy_25nN": 1, "92b3bb8d908131cd77077611403d6d28-fix_overlaps": 1, "92b3bb8d908131cd77077611403d6d28-shear_15nN_rerun": 1, "92b3bb8d908131cd77077611403d6d28-shear_15nN_grompp": 1, "92b3bb8d908131cd77077611403d6d28-calc_S2_shear": 1, "92b3bb8d908131cd77077611403d6d28-shear_25nN_extend": 1, "92b3bb8d908131cd77077611403d6d28-calc_tilt_shear": 1, "92b3bb8d908131cd77077611403d6d28-compress_grompp": 1, "92b3bb8d908131cd77077611403d6d28-log_cof": 1, "92b3bb8d908131cd77077611403d6d28-shear_5nN_grompp": 1, "92b3bb8d908131cd77077611403d6d28-shear_5nN_rerun_grompp": 1, "92b3bb8d908131cd77077611403d6d28-shear_25nN": 1}, "polar_solvation_energy": -10.78}