{"shear_25nN_lj": [-2581.9637477521983, 69.36532809725745], "status": {"74d99f133045b2925dc7db65f6db441c-initialize": 1, "74d99f133045b2925dc7db65f6db441c-unwrap_shear_5nN": 1, "74d99f133045b2925dc7db65f6db441c-shear_15nN_rerun": 1, "74d99f133045b2925dc7db65f6db441c-get_interaction_energy_25nN": 1, "74d99f133045b2925dc7db65f6db441c-shear_5nN_extend": 1, "74d99f133045b2925dc7db65f6db441c-shear_15nN_grompp": 1, "74d99f133045b2925dc7db65f6db441c-shear_5nN": 1, "74d99f133045b2925dc7db65f6db441c-fix_overlaps": 1, "74d99f133045b2925dc7db65f6db441c-compress_grompp": 1, "74d99f133045b2925dc7db65f6db441c-shear_25nN_rerun_grompp": 1, "74d99f133045b2925dc7db65f6db441c-shear_25nN_rerun": 1, "74d99f133045b2925dc7db65f6db441c-shear_15nN_extend": 1, "74d99f133045b2925dc7db65f6db441c-shear_25nN_extend_grompp": 1, "74d99f133045b2925dc7db65f6db441c-minimize_grompp": 1, "74d99f133045b2925dc7db65f6db441c-shear_15nN_rerun_grompp": 1, "74d99f133045b2925dc7db65f6db441c-calc_tilt_shear": 1, "74d99f133045b2925dc7db65f6db441c-log_interaction_energy_5nN": 1, "74d99f133045b2925dc7db65f6db441c-unwrap_shear_25nN": 1, "74d99f133045b2925dc7db65f6db441c-log_cof": 1, "74d99f133045b2925dc7db65f6db441c-compress": 1, "74d99f133045b2925dc7db65f6db441c-log_S2": 1, "74d99f133045b2925dc7db65f6db441c-minimize": 1, "74d99f133045b2925dc7db65f6db441c-unwrap_shear_15nN": 1, "74d99f133045b2925dc7db65f6db441c-shear_5nN_rerun_grompp": 1, "74d99f133045b2925dc7db65f6db441c-shear_5nN_rerun": 1, "74d99f133045b2925dc7db65f6db441c-shear_5nN_grompp": 1, "74d99f133045b2925dc7db65f6db441c-calc_friction": 1, "74d99f133045b2925dc7db65f6db441c-equilibrate": 1, "74d99f133045b2925dc7db65f6db441c-lammps_to_gmx": 1, "74d99f133045b2925dc7db65f6db441c-get_interaction_energy_5nN": 1, "74d99f133045b2925dc7db65f6db441c-log_interaction_energy_25nN": 1, "74d99f133045b2925dc7db65f6db441c-count_hydrogen_bonds": 1, "74d99f133045b2925dc7db65f6db441c-get_interaction_energy_15nN": 1, "74d99f133045b2925dc7db65f6db441c-shear_25nN_extend": 1, "74d99f133045b2925dc7db65f6db441c-equilibrate_grompp": 1, "74d99f133045b2925dc7db65f6db441c-top_to_mol2": 1, "74d99f133045b2925dc7db65f6db441c-shear_25nN_grompp": 1, "74d99f133045b2925dc7db65f6db441c-shear_15nN": 1, "74d99f133045b2925dc7db65f6db441c-log_interaction_energy_15nN": 1, "74d99f133045b2925dc7db65f6db441c-calc_interdigitation": 6, "74d99f133045b2925dc7db65f6db441c-shear_5nN_extend_grompp": 1, "74d99f133045b2925dc7db65f6db441c-shear_15nN_extend_grompp": 1, "74d99f133045b2925dc7db65f6db441c-calc_S2_shear": 1, "74d99f133045b2925dc7db65f6db441c-log_tilt": 1, "74d99f133045b2925dc7db65f6db441c-shear_25nN": 1, "74d99f133045b2925dc7db65f6db441c-calc_roughness": 1}, "roughness": {"25nN": 0.07279229308258454, "5nN": 0.07699576261802374, "15nN": 0.06751294086601599}, "shear_5nN_qq": [-532.1672401926459, 63.000968929838805], "shear_15nN_qq": [-476.4770642446044, 61.1367867188132], "tilt": {"25nN": 37.217108496395376, "5nN": 31.97399706227842, "15nN": 35.79436837263826}, "entropy_translational": 168.76, "interdigitation": {"25nN": 0.21417854623028815, "5nN": 0.2561168394237729, "15nN": 0.22401541117262447}, "total_solvation_energy": -24.48, "shear_25nN_qq": [-417.6755907218225, 61.65294168319206], "enthalpy_vibrational": 280.86, "shear_5nN_Etotal": [-2904.1523889872105, 124.45481772513048], "heat_capacity_vibrational": 83.45, "S2": {"25nN": 0.9401404345271523, "5nN": 0.9355065208032357, "15nN": 0.9460468069351313}, "surface_area": 118.23, "COF": 0.12358522619298885, "nonpolar_solvation_energy": 8.49, "shear_15nN_Etotal": [-2991.2428110343726, 109.28352046637023], "dipole_moment": 6.22, "molecular_weight": 122.1013, "polar_solvation_energy": -32.99, "entropy_vibrational": 69.31, "intercept": 2.948063218352146, "shear_25nN_Etotal": [-2999.639338474021, 107.77869296142515], "shear_5nN_lj": [-2371.9851487945643, 81.29739534282851], "entropy_rotational": 119.66, "shear_15nN_lj": [-2514.765746789768, 72.84077383233947]}