{"enthalpy_vibrational": 133.72, "shear_5nN_Etotal": [-1413.3446693884891, 57.338856693514245], "heat_capacity_vibrational": 12.98, "entropy_vibrational": 7.17, "interdigitation": {"25nN": 0.12590488491128365, "5nN": 0.12057634883304895, "15nN": 0.11964428683847526}, "polar_solvation_energy": -10.78, "shear_15nN_qq": [-77.8712042366107, 27.36359522967504], "nonpolar_solvation_energy": 5.64, "molecular_weight": 31.0338, "shear_15nN_Etotal": [-1650.4956557458036, 57.0596270175443], "roughness": {"25nN": 0.06522596663160334, "5nN": 0.06321334241462542, "15nN": 0.05798649444998034}, "tilt": {"25nN": 41.02205898552345, "5nN": 36.441478921159145, "15nN": 39.38288046987117}, "shear_15nN_lj": [-1572.6244515091926, 53.21645294351978], "surface_area": 54.24, "total_solvation_energy": -5.11, "dipole_moment": 1.68, "entropy_rotational": 79.18, "shear_25nN_lj": [-1668.572832940048, 51.46598792111099], "shear_5nN_lj": [-1328.050950647482, 51.53280335528219], "status": {"33e117ef9369c50642aa392c7c596286-calc_tilt_shear": 1, "33e117ef9369c50642aa392c7c596286-equilibrate": 1, "33e117ef9369c50642aa392c7c596286-count_hydrogen_bonds": 1, "33e117ef9369c50642aa392c7c596286-compress": 1, "33e117ef9369c50642aa392c7c596286-calc_S2_shear": 1, "33e117ef9369c50642aa392c7c596286-get_interaction_energy_5nN": 1, "33e117ef9369c50642aa392c7c596286-shear_5nN_rerun": 1, "33e117ef9369c50642aa392c7c596286-equilibrate_grompp": 1, "33e117ef9369c50642aa392c7c596286-shear_15nN_rerun": 1, "33e117ef9369c50642aa392c7c596286-fix_overlaps": 1, "33e117ef9369c50642aa392c7c596286-unwrap_shear_25nN": 1, "33e117ef9369c50642aa392c7c596286-shear_15nN_extend": 1, "33e117ef9369c50642aa392c7c596286-lammps_to_gmx": 1, "33e117ef9369c50642aa392c7c596286-calc_friction": 1, "33e117ef9369c50642aa392c7c596286-log_cof": 1, "33e117ef9369c50642aa392c7c596286-log_interaction_energy_5nN": 1, "33e117ef9369c50642aa392c7c596286-initialize": 1, "33e117ef9369c50642aa392c7c596286-shear_25nN_rerun": 1, "33e117ef9369c50642aa392c7c596286-top_to_mol2": 1, "33e117ef9369c50642aa392c7c596286-compress_grompp": 1, "33e117ef9369c50642aa392c7c596286-unwrap_shear_15nN": 1, "33e117ef9369c50642aa392c7c596286-get_interaction_energy_15nN": 1, "33e117ef9369c50642aa392c7c596286-calc_roughness": 1, "33e117ef9369c50642aa392c7c596286-shear_5nN_rerun_grompp": 1, "33e117ef9369c50642aa392c7c596286-shear_15nN_rerun_grompp": 1, "33e117ef9369c50642aa392c7c596286-shear_15nN_extend_grompp": 1, "33e117ef9369c50642aa392c7c596286-shear_25nN": 1, "33e117ef9369c50642aa392c7c596286-shear_5nN_extend": 1, "33e117ef9369c50642aa392c7c596286-shear_5nN_extend_grompp": 1, "33e117ef9369c50642aa392c7c596286-minimize_grompp": 1, "33e117ef9369c50642aa392c7c596286-shear_15nN": 1, "33e117ef9369c50642aa392c7c596286-minimize": 1, "33e117ef9369c50642aa392c7c596286-shear_25nN_grompp": 1, "33e117ef9369c50642aa392c7c596286-log_tilt": 1, "33e117ef9369c50642aa392c7c596286-unwrap_shear_5nN": 1, "33e117ef9369c50642aa392c7c596286-log_interaction_energy_15nN": 1, "33e117ef9369c50642aa392c7c596286-log_interaction_energy_25nN": 1, "33e117ef9369c50642aa392c7c596286-shear_15nN_grompp": 1, "33e117ef9369c50642aa392c7c596286-shear_25nN_extend": 1, "33e117ef9369c50642aa392c7c596286-shear_25nN_rerun_grompp": 1, "33e117ef9369c50642aa392c7c596286-log_S2": 1, "33e117ef9369c50642aa392c7c596286-get_interaction_energy_25nN": 1, "33e117ef9369c50642aa392c7c596286-calc_interdigitation": 6, "33e117ef9369c50642aa392c7c596286-shear_5nN": 1, "33e117ef9369c50642aa392c7c596286-shear_5nN_grompp": 1, "33e117ef9369c50642aa392c7c596286-shear_25nN_extend_grompp": 1}, "shear_25nN_Etotal": [-1724.1568361270986, 59.19251872176076], "shear_25nN_qq": [-55.584003187050364, 30.056599736245257], "ch3-smiles": "COC", "intercept": 1.3334408080234073, "shear_5nN_qq": [-85.2937187410072, 23.336192501292896], "COF": 0.1418204344678759, "chain-smiles": "CCCCCCCCCCCCCCCCCOC", "h-smiles": "OC", "entropy_translational": 151.98, "S2": {"25nN": 0.9542113088739137, "5nN": 0.9577024411051221, "15nN": 0.9571873031368892}}