{"shear_15nN_Etotal": [-2062.250438239009, 79.73230700465713], "molecular_weight": 43.0445, "shear_25nN_Etotal": [-2233.185936855316, 87.65128999745717], "surface_area": 66.15, "shear_15nN_qq": [-321.7255947474021, 53.797487397594544], "enthalpy_vibrational": 148.05, "shear_5nN_qq": [-280.6446146354916, 48.576376134022915], "tilt": {"5nN": 33.48973364756526, "25nN": 38.9713529313547, "15nN": 37.10051293535261}, "intercept": 1.45532188936882, "shear_25nN_lj": [-1857.956230698641, 48.30744658507321], "entropy_rotational": 90.56, "shear_5nN_lj": [-1520.8578741390886, 51.333302669695634], "shear_25nN_qq": [-375.22970615667464, 66.42863976178394], "nonpolar_solvation_energy": 8.9, "total_solvation_energy": -7.02, "shear_15nN_lj": [-1740.5248434916064, 50.016669377129375], "shear_5nN_Etotal": [-1801.5024887745803, 78.28990153233575], "interdigitation": {"5nN": 0.12813830914474494, "15nN": 0.11473514522570137, "25nN": 0.12552802148126915}, "entropy_vibrational": 16.85, "heat_capacity_vibrational": 22.11, "entropy_translational": 155.95, "status": {"df23226dac38c9f64f867e230b02dce4-equilibrate": 1, "df23226dac38c9f64f867e230b02dce4-log_tilt": 1, "df23226dac38c9f64f867e230b02dce4-get_interaction_energy_15nN": 1, "df23226dac38c9f64f867e230b02dce4-count_hydrogen_bonds": 1, "df23226dac38c9f64f867e230b02dce4-shear_15nN": 1, "df23226dac38c9f64f867e230b02dce4-compress_grompp": 1, "df23226dac38c9f64f867e230b02dce4-shear_5nN_extend": 1, "df23226dac38c9f64f867e230b02dce4-calc_tilt_shear": 1, "df23226dac38c9f64f867e230b02dce4-calc_friction": 1, "df23226dac38c9f64f867e230b02dce4-initialize": 1, "df23226dac38c9f64f867e230b02dce4-shear_25nN_grompp": 1, "df23226dac38c9f64f867e230b02dce4-minimize_grompp": 1, "df23226dac38c9f64f867e230b02dce4-shear_5nN_grompp": 1, "df23226dac38c9f64f867e230b02dce4-shear_25nN_rerun": 1, "df23226dac38c9f64f867e230b02dce4-fix_overlaps": 1, "df23226dac38c9f64f867e230b02dce4-get_interaction_energy_25nN": 1, "df23226dac38c9f64f867e230b02dce4-shear_5nN_extend_grompp": 1, "df23226dac38c9f64f867e230b02dce4-unwrap_shear_5nN": 1, "df23226dac38c9f64f867e230b02dce4-calc_S2_shear": 1, "df23226dac38c9f64f867e230b02dce4-unwrap_shear_15nN": 1, "df23226dac38c9f64f867e230b02dce4-compress": 1, "df23226dac38c9f64f867e230b02dce4-log_cof": 1, "df23226dac38c9f64f867e230b02dce4-log_interaction_energy_5nN": 1, "df23226dac38c9f64f867e230b02dce4-minimize": 1, "df23226dac38c9f64f867e230b02dce4-equilibrate_grompp": 1, "df23226dac38c9f64f867e230b02dce4-get_interaction_energy_5nN": 1, "df23226dac38c9f64f867e230b02dce4-shear_25nN_extend": 1, "df23226dac38c9f64f867e230b02dce4-shear_15nN_rerun_grompp": 1, "df23226dac38c9f64f867e230b02dce4-log_interaction_energy_15nN": 1, "df23226dac38c9f64f867e230b02dce4-shear_5nN_rerun": 1, "df23226dac38c9f64f867e230b02dce4-shear_15nN_rerun": 1, "df23226dac38c9f64f867e230b02dce4-calc_interdigitation": 1, "df23226dac38c9f64f867e230b02dce4-shear_25nN_rerun_grompp": 1, "df23226dac38c9f64f867e230b02dce4-shear_15nN_extend": 1, "df23226dac38c9f64f867e230b02dce4-lammps_to_gmx": 1, "df23226dac38c9f64f867e230b02dce4-shear_15nN_extend_grompp": 1, "df23226dac38c9f64f867e230b02dce4-log_S2": 1, "df23226dac38c9f64f867e230b02dce4-calc_roughness": 1, "df23226dac38c9f64f867e230b02dce4-top_to_mol2": 1, "df23226dac38c9f64f867e230b02dce4-shear_5nN_rerun_grompp": 1, "df23226dac38c9f64f867e230b02dce4-shear_15nN_grompp": 1, "df23226dac38c9f64f867e230b02dce4-unwrap_shear_25nN": 1, "df23226dac38c9f64f867e230b02dce4-shear_25nN_extend_grompp": 1, "df23226dac38c9f64f867e230b02dce4-shear_25nN": 1, "df23226dac38c9f64f867e230b02dce4-log_interaction_energy_25nN": 1, "df23226dac38c9f64f867e230b02dce4-shear_5nN": 1}, "S2": {"5nN": 0.9222756132511293, "15nN": 0.9430018007369559, "25nN": 0.9225077466633543}, "dipole_moment": 3.16, "COF": 0.1430251611665007, "roughness": {"5nN": 0.06467368126089738, "15nN": 0.056704834006711786, "25nN": 0.05586559260303543}, "polar_solvation_energy": -15.94}