{"shear_5nN_qq": [-2380.1902340391684, 173.2781463594349], "entropy_vibrational": 0.02, "shear_5nN_Etotal": [-3627.996207516387, 171.56555120233122], "enthalpy_vibrational": 57.43, "entropy_rotational": 49.19, "dipole_moment": 1.88, "shear_25nN_lj": [-1413.447150390088, 66.00891765890823], "interdigitation": {"25nN": 0.12652015032845612, "5nN": 0.12861009485450292, "15nN": 0.12447535018949966}, "shear_15nN_Etotal": [-3818.6717658968823, 179.88197323436896], "shear_25nN_qq": [-2428.8724009936054, 175.9722169138209], "shear_15nN_qq": [-2466.2868723501197, 183.93730935507557], "polar_solvation_energy": -15.61, "nonpolar_solvation_energy": 2.8, "surface_area": 42.49, "entropy_translational": 144.8, "tilt": {"25nN": 37.73510460049087, "5nN": 33.38352842613431, "15nN": 36.246864327391776}, "status": {"e68cdcf11379533c6a62181491af49d1-minimize_grompp": 1, "e68cdcf11379533c6a62181491af49d1-shear_25nN_extend_grompp": 1, "e68cdcf11379533c6a62181491af49d1-shear_5nN_grompp": 1, "e68cdcf11379533c6a62181491af49d1-unwrap_shear_5nN": 1, "e68cdcf11379533c6a62181491af49d1-log_tilt": 1, "e68cdcf11379533c6a62181491af49d1-shear_25nN_grompp": 1, "e68cdcf11379533c6a62181491af49d1-shear_25nN_rerun": 1, "e68cdcf11379533c6a62181491af49d1-fix_overlaps": 1, "e68cdcf11379533c6a62181491af49d1-calc_friction": 1, "e68cdcf11379533c6a62181491af49d1-shear_15nN_rerun_grompp": 1, "e68cdcf11379533c6a62181491af49d1-calc_interdigitation": 6, "e68cdcf11379533c6a62181491af49d1-lammps_to_gmx": 1, "e68cdcf11379533c6a62181491af49d1-log_cof": 1, "e68cdcf11379533c6a62181491af49d1-get_interaction_energy_5nN": 1, "e68cdcf11379533c6a62181491af49d1-initialize": 1, "e68cdcf11379533c6a62181491af49d1-calc_S2_shear": 1, "e68cdcf11379533c6a62181491af49d1-get_interaction_energy_25nN": 1, "e68cdcf11379533c6a62181491af49d1-log_interaction_energy_15nN": 1, "e68cdcf11379533c6a62181491af49d1-shear_15nN": 1, "e68cdcf11379533c6a62181491af49d1-minimize": 1, "e68cdcf11379533c6a62181491af49d1-compress_grompp": 1, "e68cdcf11379533c6a62181491af49d1-count_hydrogen_bonds": 1, "e68cdcf11379533c6a62181491af49d1-shear_15nN_extend_grompp": 1, "e68cdcf11379533c6a62181491af49d1-shear_25nN_rerun_grompp": 1, "e68cdcf11379533c6a62181491af49d1-equilibrate": 1, "e68cdcf11379533c6a62181491af49d1-calc_roughness": 1, "e68cdcf11379533c6a62181491af49d1-get_interaction_energy_15nN": 1, "e68cdcf11379533c6a62181491af49d1-shear_5nN_extend_grompp": 1, "e68cdcf11379533c6a62181491af49d1-log_interaction_energy_5nN": 1, "e68cdcf11379533c6a62181491af49d1-shear_15nN_rerun": 1, "e68cdcf11379533c6a62181491af49d1-shear_15nN_extend": 1, "e68cdcf11379533c6a62181491af49d1-shear_25nN": 1, "e68cdcf11379533c6a62181491af49d1-compress": 1, "e68cdcf11379533c6a62181491af49d1-shear_15nN_grompp": 1, "e68cdcf11379533c6a62181491af49d1-shear_5nN_rerun": 1, "e68cdcf11379533c6a62181491af49d1-log_S2": 1, "e68cdcf11379533c6a62181491af49d1-shear_5nN": 1, "e68cdcf11379533c6a62181491af49d1-shear_5nN_rerun_grompp": 1, "e68cdcf11379533c6a62181491af49d1-calc_tilt_shear": 1, "e68cdcf11379533c6a62181491af49d1-unwrap_shear_15nN": 1, "e68cdcf11379533c6a62181491af49d1-top_to_mol2": 1, "e68cdcf11379533c6a62181491af49d1-log_interaction_energy_25nN": 1, "e68cdcf11379533c6a62181491af49d1-shear_25nN_extend": 1, "e68cdcf11379533c6a62181491af49d1-shear_5nN_extend": 1, "e68cdcf11379533c6a62181491af49d1-equilibrate_grompp": 1, "e68cdcf11379533c6a62181491af49d1-unwrap_shear_25nN": 1}, "shear_15nN_lj": [-1352.3848935467627, 62.9012519338644], "shear_25nN_Etotal": [-3842.319551383693, 163.7385589161329], "roughness": {"25nN": 0.04992618997774809, "5nN": 0.05434768670391972, "15nN": 0.05155348676635752}, "total_solvation_energy": -12.83, "molecular_weight": 17.0073, "shear_5nN_lj": [-1247.8059734772182, 63.06686910123209], "COF": 0.18284497924012016, "intercept": 4.993290445828383, "heat_capacity_vibrational": 0.13, "S2": {"25nN": 0.883001553854855, "5nN": 0.8993418842900401, "15nN": 0.8953432613249984}}