{"MR":37.8334,"asphericity":0.576326,"balabanj":3.773039,"bertzct":466.971181,"chi0":13.541452,"chi0n":11.76371,"chi0v":4.76371,"chi1":7.58611,"chi1n":5.838755,"chi1v":2.338755,"chi2n":1.480717,"chi2v":1.480717,"chi3n":0.794378,"chi3v":0.794378,"chi4n":0.397189,"chi4v":0.397189,"e-valence":52.0,"eccentricity":0.985442,"hk-alpha":-1.38,"hk-kappa1":2.051423,"hk-kappa2":2.473197,"hk-kappa3":1.31284,"ipc":2886.987268,"isf":0.006489,"labuteASA":68.284114,"logP":1.90322,"molwt":137.047678,"molwt-hvy":130.082,"nheavy":10.0,"npr1":0.170011,"npr2":0.834245,"pbf":0.124204,"pc+":0.712008,"pc-":-0.712008,"pmi1":128.569569,"pmi2":630.891347,"pmi3":756.242503,"rbonds":2.0,"rg":2.350787,"rpc+":0.377722,"rpc-":0.36279,"spherocity":0.042147,"tpsa":43.14,"vsa+":32.290844,"vsa-":34.614499,"vsa-fhyd":0.76382,"vsa-fneg":0.517365,"vsa-fpneg":0.151174,"vsa-fpos":0.482635,"vsa-fppos":0.085006,"vsa-hyd":51.103639,"vsa-polar":0.23618,"vsa-polar+":5.687386,"vsa-polar-":10.114318,"hbonds":0.0}