{"enthalpy_vibrational": 280.86, "shear_5nN_Etotal": [-3356.956123663469, 150.6527587244446], "heat_capacity_vibrational": 83.45, "entropy_vibrational": 69.31, "interdigitation": {"25nN": 0.20452076797357724, "5nN": 0.21761998384847567, "15nN": 0.20740847494539033}, "polar_solvation_energy": -32.99, "shear_15nN_qq": [-912.7010701910472, 78.33089643663818], "nonpolar_solvation_energy": 8.49, "molecular_weight": 122.1013, "shear_15nN_Etotal": [-3449.180077398082, 121.43844115896412], "roughness": {"25nN": 0.06304122024934009, "5nN": 0.0584410608394667, "15nN": 0.05854596431310689}, "tilt": {"25nN": 35.16422027314438, "5nN": 29.338038117238035, "15nN": 32.17672002503481}, "shear_15nN_lj": [-2536.4790072070346, 64.82042882845845], "surface_area": 118.23, "total_solvation_energy": -24.48, "dipole_moment": 6.22, "entropy_rotational": 119.66, "shear_25nN_lj": [-2600.0899288369305, 66.7161612657635], "shear_25nN_qq": [-933.5378470639488, 87.71528762920994], "ch3-smiles": "CC1=CC=C([N+](=O)[O-])C=C1", "status": {"81159b2cb15facc83f2887f661d6e4e8-shear_25nN_rerun_grompp": 1, "81159b2cb15facc83f2887f661d6e4e8-log_cof": 1, "81159b2cb15facc83f2887f661d6e4e8-log_tilt": 1, "81159b2cb15facc83f2887f661d6e4e8-equilibrate": 1, "81159b2cb15facc83f2887f661d6e4e8-shear_5nN_extend": 1, "81159b2cb15facc83f2887f661d6e4e8-shear_5nN_rerun_grompp": 1, "81159b2cb15facc83f2887f661d6e4e8-shear_25nN_rerun": 1, "81159b2cb15facc83f2887f661d6e4e8-shear_25nN": 1, "81159b2cb15facc83f2887f661d6e4e8-calc_S2_shear": 1, "81159b2cb15facc83f2887f661d6e4e8-get_interaction_energy_25nN": 1, "81159b2cb15facc83f2887f661d6e4e8-shear_15nN": 1, "81159b2cb15facc83f2887f661d6e4e8-shear_15nN_extend": 1, "81159b2cb15facc83f2887f661d6e4e8-compress_grompp": 1, "81159b2cb15facc83f2887f661d6e4e8-log_interaction_energy_5nN": 1, "81159b2cb15facc83f2887f661d6e4e8-shear_25nN_grompp": 1, "81159b2cb15facc83f2887f661d6e4e8-log_S2": 1, "81159b2cb15facc83f2887f661d6e4e8-fix_overlaps": 1, "81159b2cb15facc83f2887f661d6e4e8-calc_friction": 1, "81159b2cb15facc83f2887f661d6e4e8-minimize": 1, "81159b2cb15facc83f2887f661d6e4e8-shear_25nN_extend": 1, "81159b2cb15facc83f2887f661d6e4e8-get_interaction_energy_15nN": 1, "81159b2cb15facc83f2887f661d6e4e8-shear_5nN_rerun": 1, "81159b2cb15facc83f2887f661d6e4e8-log_interaction_energy_15nN": 1, "81159b2cb15facc83f2887f661d6e4e8-shear_15nN_rerun": 1, "81159b2cb15facc83f2887f661d6e4e8-unwrap_shear_25nN": 1, "81159b2cb15facc83f2887f661d6e4e8-get_interaction_energy_5nN": 1, "81159b2cb15facc83f2887f661d6e4e8-shear_5nN_extend_grompp": 1, "81159b2cb15facc83f2887f661d6e4e8-unwrap_shear_15nN": 1, "81159b2cb15facc83f2887f661d6e4e8-initialize": 1, "81159b2cb15facc83f2887f661d6e4e8-equilibrate_grompp": 1, "81159b2cb15facc83f2887f661d6e4e8-shear_15nN_extend_grompp": 1, "81159b2cb15facc83f2887f661d6e4e8-top_to_mol2": 1, "81159b2cb15facc83f2887f661d6e4e8-shear_15nN_rerun_grompp": 1, "81159b2cb15facc83f2887f661d6e4e8-shear_15nN_grompp": 1, "81159b2cb15facc83f2887f661d6e4e8-lammps_to_gmx": 1, "81159b2cb15facc83f2887f661d6e4e8-compress": 1, "81159b2cb15facc83f2887f661d6e4e8-log_interaction_energy_25nN": 1, "81159b2cb15facc83f2887f661d6e4e8-calc_roughness": 1, "81159b2cb15facc83f2887f661d6e4e8-count_hydrogen_bonds": 1, "81159b2cb15facc83f2887f661d6e4e8-calc_interdigitation": 6, "81159b2cb15facc83f2887f661d6e4e8-shear_5nN_grompp": 1, "81159b2cb15facc83f2887f661d6e4e8-shear_5nN": 1, "81159b2cb15facc83f2887f661d6e4e8-unwrap_shear_5nN": 1, "81159b2cb15facc83f2887f661d6e4e8-shear_25nN_extend_grompp": 1, "81159b2cb15facc83f2887f661d6e4e8-calc_tilt_shear": 1, "81159b2cb15facc83f2887f661d6e4e8-minimize_grompp": 1}, "shear_25nN_Etotal": [-3533.627775900879, 130.15610685250198], "intercept": 2.8406388551792694, "shear_5nN_qq": [-940.0425949200638, 91.49292786298358], "COF": 0.14014395417258224, "chain-smiles": "CCCCCCCCCCCCCCCCCC1=CC=C([N+](=O)[O-])C=C1", "shear_5nN_lj": [-2416.9135287434055, 74.44565468144725], "h-smiles": "C1=CC=C([N+](=O)[O-])C=C1", "entropy_translational": 168.76, "S2": {"25nN": 0.8810000627794554, "5nN": 0.8965872168713895, "15nN": 0.8839572898346181}}