{"shear_15nN_Etotal": [-2065.446165523581, 93.78641226149803], "molecular_weight": 43.0445, "shear_25nN_Etotal": [-2187.102479347722, 107.81674943883347], "surface_area": 66.15, "shear_15nN_qq": [-310.9444772310152, 74.75952204616168], "enthalpy_vibrational": 148.05, "shear_5nN_qq": [-233.82190388729015, 60.08741759693267], "tilt": {"5nN": 28.801425917958195, "15nN": 33.2972113264383, "25nN": 35.85171654980717}, "intercept": 1.6614742593702378, "shear_25nN_lj": [-1867.8876941462831, 48.60939533945131], "entropy_rotational": 90.56, "shear_5nN_lj": [-1528.0490522438051, 53.02345256018045], "shear_25nN_qq": [-319.2147852014388, 91.72104883011876], "nonpolar_solvation_energy": 8.9, "total_solvation_energy": -7.02, "shear_15nN_lj": [-1754.501688292566, 47.88959296705015], "shear_5nN_Etotal": [-1761.8709561310948, 88.35374392770454], "interdigitation": {"5nN": 0.137472870266797, "15nN": 0.151006129980729, "25nN": 0.15495961443795234}, "entropy_vibrational": 16.85, "heat_capacity_vibrational": 22.11, "entropy_translational": 155.95, "status": {"4b48c505c41e645ce288c4134ecc5264-shear_5nN_extend_grompp": 1, "4b48c505c41e645ce288c4134ecc5264-log_cof": 1, "4b48c505c41e645ce288c4134ecc5264-calc_S2_shear": 1, "4b48c505c41e645ce288c4134ecc5264-shear_25nN_extend": 1, "4b48c505c41e645ce288c4134ecc5264-shear_5nN_rerun_grompp": 1, "4b48c505c41e645ce288c4134ecc5264-top_to_mol2": 1, "4b48c505c41e645ce288c4134ecc5264-calc_roughness": 1, "4b48c505c41e645ce288c4134ecc5264-log_interaction_energy_25nN": 1, "4b48c505c41e645ce288c4134ecc5264-minimize_grompp": 1, "4b48c505c41e645ce288c4134ecc5264-shear_25nN_rerun": 1, "4b48c505c41e645ce288c4134ecc5264-shear_15nN_extend": 1, "4b48c505c41e645ce288c4134ecc5264-shear_5nN": 1, "4b48c505c41e645ce288c4134ecc5264-shear_15nN_extend_grompp": 1, "4b48c505c41e645ce288c4134ecc5264-shear_15nN": 1, "4b48c505c41e645ce288c4134ecc5264-initialize": 1, "4b48c505c41e645ce288c4134ecc5264-calc_tilt_shear": 1, "4b48c505c41e645ce288c4134ecc5264-log_interaction_energy_5nN": 1, "4b48c505c41e645ce288c4134ecc5264-shear_15nN_rerun_grompp": 1, "4b48c505c41e645ce288c4134ecc5264-shear_25nN_extend_grompp": 1, "4b48c505c41e645ce288c4134ecc5264-get_interaction_energy_15nN": 1, "4b48c505c41e645ce288c4134ecc5264-shear_25nN_grompp": 1, "4b48c505c41e645ce288c4134ecc5264-calc_friction": 1, "4b48c505c41e645ce288c4134ecc5264-fix_overlaps": 1, "4b48c505c41e645ce288c4134ecc5264-get_interaction_energy_25nN": 1, "4b48c505c41e645ce288c4134ecc5264-lammps_to_gmx": 1, "4b48c505c41e645ce288c4134ecc5264-minimize": 1, "4b48c505c41e645ce288c4134ecc5264-compress": 1, "4b48c505c41e645ce288c4134ecc5264-compress_grompp": 1, "4b48c505c41e645ce288c4134ecc5264-shear_5nN_extend": 1, "4b48c505c41e645ce288c4134ecc5264-shear_15nN_rerun": 1, "4b48c505c41e645ce288c4134ecc5264-shear_25nN": 1, "4b48c505c41e645ce288c4134ecc5264-unwrap_shear_15nN": 1, "4b48c505c41e645ce288c4134ecc5264-unwrap_shear_5nN": 1, "4b48c505c41e645ce288c4134ecc5264-count_hydrogen_bonds": 1, "4b48c505c41e645ce288c4134ecc5264-log_tilt": 1, "4b48c505c41e645ce288c4134ecc5264-shear_15nN_grompp": 1, "4b48c505c41e645ce288c4134ecc5264-get_interaction_energy_5nN": 1, "4b48c505c41e645ce288c4134ecc5264-shear_5nN_grompp": 1, "4b48c505c41e645ce288c4134ecc5264-equilibrate": 1, "4b48c505c41e645ce288c4134ecc5264-shear_25nN_rerun_grompp": 1, "4b48c505c41e645ce288c4134ecc5264-shear_5nN_rerun": 1, "4b48c505c41e645ce288c4134ecc5264-log_S2": 1, "4b48c505c41e645ce288c4134ecc5264-calc_interdigitation": 1, "4b48c505c41e645ce288c4134ecc5264-log_interaction_energy_15nN": 1, "4b48c505c41e645ce288c4134ecc5264-equilibrate_grompp": 1, "4b48c505c41e645ce288c4134ecc5264-unwrap_shear_25nN": 1}, "S2": {"5nN": 0.8619610262542793, "25nN": 0.8575653963581084, "15nN": 0.8406025656316978}, "polar_solvation_energy": -15.94, "COF": 0.1385964525789457, "roughness": {"5nN": 0.0718170790622201, "15nN": 0.07820024849766044, "25nN": 0.08100651922246602}, "dipole_moment": 3.16}