{"shear_5nN_qq": [-135.44301658513191, 12.7519032650128], "shear_5nN_Etotal": [-1105.466357, 51.158635228240804], "entropy_vibrational": 8.9, "entropy_rotational": 99.44, "heat_capacity_vibrational": 19.38, "status": {"c3c64d6f0e0b23beb13a3ff216178c95-unwrap_shear_25nN": 1, "c3c64d6f0e0b23beb13a3ff216178c95-shear_25nN_rerun": 1, "c3c64d6f0e0b23beb13a3ff216178c95-shear_15nN_grompp": 1, "c3c64d6f0e0b23beb13a3ff216178c95-shear_5nN_rerun": 1, "c3c64d6f0e0b23beb13a3ff216178c95-log_tilt": 1, "c3c64d6f0e0b23beb13a3ff216178c95-initialize": 1, "c3c64d6f0e0b23beb13a3ff216178c95-compress_grompp": 1, "c3c64d6f0e0b23beb13a3ff216178c95-shear_5nN_rerun_grompp": 1, "c3c64d6f0e0b23beb13a3ff216178c95-shear_5nN_grompp": 1, "c3c64d6f0e0b23beb13a3ff216178c95-count_hydrogen_bonds": 1, "c3c64d6f0e0b23beb13a3ff216178c95-log_interaction_energy_5nN": 1, "c3c64d6f0e0b23beb13a3ff216178c95-shear_15nN_rerun": 1, "c3c64d6f0e0b23beb13a3ff216178c95-get_interaction_energy_5nN": 1, "c3c64d6f0e0b23beb13a3ff216178c95-shear_5nN": 1, "c3c64d6f0e0b23beb13a3ff216178c95-log_S2": 1, "c3c64d6f0e0b23beb13a3ff216178c95-fix_overlaps": 1, "c3c64d6f0e0b23beb13a3ff216178c95-shear_25nN": 1, "c3c64d6f0e0b23beb13a3ff216178c95-shear_15nN_extend": 1, "c3c64d6f0e0b23beb13a3ff216178c95-calc_S2_shear": 1, "c3c64d6f0e0b23beb13a3ff216178c95-shear_25nN_grompp": 1, "c3c64d6f0e0b23beb13a3ff216178c95-equilibrate": 1, "c3c64d6f0e0b23beb13a3ff216178c95-log_cof": 1, "c3c64d6f0e0b23beb13a3ff216178c95-shear_25nN_rerun_grompp": 1, "c3c64d6f0e0b23beb13a3ff216178c95-shear_25nN_extend_grompp": 1, "c3c64d6f0e0b23beb13a3ff216178c95-calc_roughness": 1, "c3c64d6f0e0b23beb13a3ff216178c95-shear_5nN_extend_grompp": 1, "c3c64d6f0e0b23beb13a3ff216178c95-calc_tilt_shear": 1, "c3c64d6f0e0b23beb13a3ff216178c95-get_interaction_energy_25nN": 1, "c3c64d6f0e0b23beb13a3ff216178c95-calc_friction": 1, "c3c64d6f0e0b23beb13a3ff216178c95-log_interaction_energy_15nN": 1, "c3c64d6f0e0b23beb13a3ff216178c95-log_interaction_energy_25nN": 1, "c3c64d6f0e0b23beb13a3ff216178c95-top_to_mol2": 1, "c3c64d6f0e0b23beb13a3ff216178c95-get_interaction_energy_15nN": 1, "c3c64d6f0e0b23beb13a3ff216178c95-shear_15nN_rerun_grompp": 1, "c3c64d6f0e0b23beb13a3ff216178c95-minimize_grompp": 1, "c3c64d6f0e0b23beb13a3ff216178c95-equilibrate_grompp": 1, "c3c64d6f0e0b23beb13a3ff216178c95-shear_5nN_extend": 1, "c3c64d6f0e0b23beb13a3ff216178c95-compress": 1, "c3c64d6f0e0b23beb13a3ff216178c95-shear_15nN": 1, "c3c64d6f0e0b23beb13a3ff216178c95-shear_25nN_extend": 1, "c3c64d6f0e0b23beb13a3ff216178c95-unwrap_shear_5nN": 1, "c3c64d6f0e0b23beb13a3ff216178c95-lammps_to_gmx": 1, "c3c64d6f0e0b23beb13a3ff216178c95-calc_interdigitation": 6, "c3c64d6f0e0b23beb13a3ff216178c95-unwrap_shear_15nN": 1, "c3c64d6f0e0b23beb13a3ff216178c95-shear_15nN_extend_grompp": 1, "c3c64d6f0e0b23beb13a3ff216178c95-minimize": 1}, "shear_25nN_lj": [-1261.1282624268586, 48.889725737083694], "COF": 0.17784034239621313, "enthalpy_vibrational": 66.5, "tilt": {"5nN": 32.89170665136203, "25nN": 39.59712232897934, "15nN": 37.433891243946576}, "S2": {"5nN": 0.9062865731341084, "25nN": 0.876978756061524, "15nN": 0.8634949732934575}, "intercept": 0.7433768301170178, "total_solvation_energy": 10.13, "shear_15nN_qq": [-180.2439021414868, 13.952331327781668], "interdigitation": {"15nN": 0.19596444217591244, "25nN": 0.17985003860457635, "5nN": 0.1593272172926716}, "dipole_moment": 2.09, "polar_solvation_energy": -13.1, "surface_area": 60.34, "nonpolar_solvation_energy": 23.24, "roughness": {"5nN": 0.07049775801164072, "25nN": 0.06344135983176266, "15nN": 0.07518288901009405}, "shear_5nN_lj": [-970.0233404148682, 44.19594613699754], "shear_15nN_Etotal": [-1374.0935653844926, 49.28020657438582], "molecular_weight": 69.0059, "shear_25nN_Etotal": [-1453.0454891294964, 51.863442655940005], "shear_25nN_qq": [-191.91722670263792, 16.771113623219495], "shear_15nN_lj": [-1193.8496632430056, 45.05315206646691], "entropy_translational": 161.73}