{"shear_25nN_qq": [-163.6838004940048, 62.21319889669375], "shear_25nN_lj": [-1970.0030509776177, 54.66281026521699], "enthalpy_vibrational": 216.45, "surface_area": 76.02, "shear_5nN_qq": [-184.98352868745005, 60.11587275854708], "COF": 0.11562486400501355, "nonpolar_solvation_energy": 11.08, "shear_5nN_Etotal": [-1869.7024804812154, 103.44053199738947], "status": {"7c0f28118d1671970ac0663c059db415-calc_roughness": 1, "7c0f28118d1671970ac0663c059db415-shear_5nN_grompp": 1, "7c0f28118d1671970ac0663c059db415-equilibrate": 1, "7c0f28118d1671970ac0663c059db415-shear_25nN_rerun_grompp": 1, "7c0f28118d1671970ac0663c059db415-shear_15nN_extend_grompp": 1, "7c0f28118d1671970ac0663c059db415-log_cof": 1, "7c0f28118d1671970ac0663c059db415-shear_25nN": 1, "7c0f28118d1671970ac0663c059db415-shear_5nN": 1, "7c0f28118d1671970ac0663c059db415-shear_25nN_extend_grompp": 1, "7c0f28118d1671970ac0663c059db415-log_interaction_energy_15nN": 1, "7c0f28118d1671970ac0663c059db415-shear_5nN_rerun_grompp": 1, "7c0f28118d1671970ac0663c059db415-top_to_mol2": 1, "7c0f28118d1671970ac0663c059db415-get_interaction_energy_25nN": 1, "7c0f28118d1671970ac0663c059db415-shear_5nN_rerun": 1, "7c0f28118d1671970ac0663c059db415-calc_friction": 1, "7c0f28118d1671970ac0663c059db415-calc_tilt_shear": 1, "7c0f28118d1671970ac0663c059db415-log_tilt": 1, "7c0f28118d1671970ac0663c059db415-compress": 1, "7c0f28118d1671970ac0663c059db415-compress_grompp": 1, "7c0f28118d1671970ac0663c059db415-minimize_grompp": 1, "7c0f28118d1671970ac0663c059db415-shear_15nN_rerun_grompp": 1, "7c0f28118d1671970ac0663c059db415-log_interaction_energy_5nN": 1, "7c0f28118d1671970ac0663c059db415-initialize": 1, "7c0f28118d1671970ac0663c059db415-unwrap_shear_5nN": 1, "7c0f28118d1671970ac0663c059db415-shear_25nN_rerun": 1, "7c0f28118d1671970ac0663c059db415-shear_15nN": 1, "7c0f28118d1671970ac0663c059db415-calc_S2_shear": 1, "7c0f28118d1671970ac0663c059db415-unwrap_shear_15nN": 1, "7c0f28118d1671970ac0663c059db415-fix_overlaps": 1, "7c0f28118d1671970ac0663c059db415-shear_5nN_extend": 1, "7c0f28118d1671970ac0663c059db415-shear_15nN_rerun": 1, "7c0f28118d1671970ac0663c059db415-count_hydrogen_bonds": 1, "7c0f28118d1671970ac0663c059db415-lammps_to_gmx": 1, "7c0f28118d1671970ac0663c059db415-calc_interdigitation": 3, "7c0f28118d1671970ac0663c059db415-get_interaction_energy_15nN": 1, "7c0f28118d1671970ac0663c059db415-shear_15nN_extend": 1, "7c0f28118d1671970ac0663c059db415-shear_5nN_extend_grompp": 1, "7c0f28118d1671970ac0663c059db415-minimize": 1, "7c0f28118d1671970ac0663c059db415-log_interaction_energy_25nN": 1, "7c0f28118d1671970ac0663c059db415-unwrap_shear_25nN": 1, "7c0f28118d1671970ac0663c059db415-shear_25nN_extend": 1, "7c0f28118d1671970ac0663c059db415-equilibrate_grompp": 1, "7c0f28118d1671970ac0663c059db415-shear_25nN_grompp": 1, "7c0f28118d1671970ac0663c059db415-shear_15nN_grompp": 1, "7c0f28118d1671970ac0663c059db415-get_interaction_energy_5nN": 1, "7c0f28118d1671970ac0663c059db415-log_S2": 1}, "shear_15nN_qq": [-177.18601031414866, 56.181945563815674], "interdigitation": {"15nN": 0.09816218373628337, "5nN": 0.0991196445050977, "25nN": 0.10563542483438008}, "total_solvation_energy": -3.05, "entropy_vibrational": 16.0, "roughness": {"15nN": 0.04941022312190886, "5nN": 0.053540731982923265, "25nN": 0.052680527605248}, "S2": {"15nN": 0.9586827823893649, "5nN": 0.9700254973784814, "25nN": 0.9662023806653206}, "entropy_rotational": 101.75, "polar_solvation_energy": -14.13, "shear_5nN_lj": [-1684.718951793765, 66.26797892493795], "entropy_translational": 161.19, "tilt": {"15nN": 36.75451809351042, "5nN": 34.41353877706497, "25nN": 39.58205894214489}, "dipole_moment": 2.89, "heat_capacity_vibrational": 38.72, "shear_25nN_Etotal": [-2133.6868514716225, 85.33908411846551], "intercept": 2.133393171867703, "shear_15nN_lj": [-1879.1587715211829, 55.39190156485142], "molecular_weight": 66.0811, "shear_15nN_Etotal": [-2056.344781835332, 83.36158232872131]}