{"surface_area": 76.02, "dipole_moment": 2.89, "entropy_translational": 161.19, "entropy_rotational": 101.75, "shear_5nN_Etotal": [-1728.688782656275, 97.18673381822101], "COF": 0.1580968103053258, "heat_capacity_vibrational": 38.72, "interdigitation": {"15nN": 0.13359803460432496, "25nN": 0.1372482887102722, "5nN": 0.11862869070817135}, "shear_15nN_Etotal": [-2025.5733402893684, 91.1003981144137], "S2": {"15nN": 0.8810245235781258, "25nN": 0.8944322157011557, "5nN": 0.9011401265611253}, "polar_solvation_energy": -14.13, "shear_25nN_qq": [-142.90692266746603, 67.30447281941231], "shear_25nN_lj": [-1987.346522390088, 54.93936743056135], "nonpolar_solvation_energy": 11.08, "intercept": 2.096892170396996, "shear_15nN_qq": [-131.14467940767386, 56.16112419589812], "tilt": {"15nN": 34.29381953048983, "25nN": 36.93918049805575, "5nN": 31.02620998154243}, "roughness": {"15nN": 0.06902554763909166, "25nN": 0.06874068891611605, "5nN": 0.06476542691575964}, "shear_5nN_qq": [-54.27900911111112, 53.04515012933145], "status": {"0e9d06fcb83673f0c14f18db918a1ff8-shear_15nN_rerun_grompp": 1, "0e9d06fcb83673f0c14f18db918a1ff8-unwrap_shear_25nN": 1, "0e9d06fcb83673f0c14f18db918a1ff8-shear_5nN_extend_grompp": 1, "0e9d06fcb83673f0c14f18db918a1ff8-shear_15nN": 1, "0e9d06fcb83673f0c14f18db918a1ff8-shear_15nN_extend": 1, "0e9d06fcb83673f0c14f18db918a1ff8-shear_5nN_rerun_grompp": 1, "0e9d06fcb83673f0c14f18db918a1ff8-shear_5nN_rerun": 1, "0e9d06fcb83673f0c14f18db918a1ff8-unwrap_shear_5nN": 1, "0e9d06fcb83673f0c14f18db918a1ff8-compress": 1, "0e9d06fcb83673f0c14f18db918a1ff8-equilibrate_grompp": 1, "0e9d06fcb83673f0c14f18db918a1ff8-get_interaction_energy_5nN": 1, "0e9d06fcb83673f0c14f18db918a1ff8-unwrap_shear_15nN": 1, "0e9d06fcb83673f0c14f18db918a1ff8-shear_25nN_grompp": 1, "0e9d06fcb83673f0c14f18db918a1ff8-shear_5nN_grompp": 1, "0e9d06fcb83673f0c14f18db918a1ff8-minimize": 1, "0e9d06fcb83673f0c14f18db918a1ff8-initialize": 1, "0e9d06fcb83673f0c14f18db918a1ff8-shear_15nN_rerun": 1, "0e9d06fcb83673f0c14f18db918a1ff8-shear_25nN_extend_grompp": 1, "0e9d06fcb83673f0c14f18db918a1ff8-shear_15nN_extend_grompp": 1, "0e9d06fcb83673f0c14f18db918a1ff8-shear_25nN": 1, "0e9d06fcb83673f0c14f18db918a1ff8-calc_friction": 1, "0e9d06fcb83673f0c14f18db918a1ff8-shear_5nN": 1, "0e9d06fcb83673f0c14f18db918a1ff8-fix_overlaps": 1, "0e9d06fcb83673f0c14f18db918a1ff8-log_cof": 1, "0e9d06fcb83673f0c14f18db918a1ff8-shear_25nN_rerun": 1, "0e9d06fcb83673f0c14f18db918a1ff8-minimize_grompp": 1, "0e9d06fcb83673f0c14f18db918a1ff8-log_S2": 1, "0e9d06fcb83673f0c14f18db918a1ff8-get_interaction_energy_25nN": 1, "0e9d06fcb83673f0c14f18db918a1ff8-calc_S2_shear": 1, "0e9d06fcb83673f0c14f18db918a1ff8-log_interaction_energy_25nN": 1, "0e9d06fcb83673f0c14f18db918a1ff8-calc_roughness": 1, "0e9d06fcb83673f0c14f18db918a1ff8-compress_grompp": 1, "0e9d06fcb83673f0c14f18db918a1ff8-log_tilt": 1, "0e9d06fcb83673f0c14f18db918a1ff8-top_to_mol2": 1, "0e9d06fcb83673f0c14f18db918a1ff8-log_interaction_energy_15nN": 1, "0e9d06fcb83673f0c14f18db918a1ff8-count_hydrogen_bonds": 1, "0e9d06fcb83673f0c14f18db918a1ff8-shear_5nN_extend": 1, "0e9d06fcb83673f0c14f18db918a1ff8-equilibrate": 1, "0e9d06fcb83673f0c14f18db918a1ff8-lammps_to_gmx": 1, "0e9d06fcb83673f0c14f18db918a1ff8-calc_interdigitation": 6, "0e9d06fcb83673f0c14f18db918a1ff8-get_interaction_energy_15nN": 1, "0e9d06fcb83673f0c14f18db918a1ff8-shear_25nN_rerun_grompp": 1, "0e9d06fcb83673f0c14f18db918a1ff8-shear_25nN_extend": 1, "0e9d06fcb83673f0c14f18db918a1ff8-log_interaction_energy_5nN": 1, "0e9d06fcb83673f0c14f18db918a1ff8-calc_tilt_shear": 1, "0e9d06fcb83673f0c14f18db918a1ff8-shear_15nN_grompp": 1}, "entropy_vibrational": 16.0, "shear_25nN_Etotal": [-2130.2534450575545, 91.34151910411951], "molecular_weight": 66.0811, "shear_15nN_lj": [-1894.4286608816944, 59.50797203790269], "enthalpy_vibrational": 216.45, "shear_5nN_lj": [-1674.409773545164, 64.33652609242327], "total_solvation_energy": -3.05}