{"shear_15nN_Etotal": [-3219.3922952438047, 93.10160940298807], "molecular_weight": 95.0942, "shear_25nN_Etotal": [-3308.573332254197, 95.35456516004466], "surface_area": 96.58, "shear_15nN_qq": [-1613.1615884052758, 57.28449981815893], "enthalpy_vibrational": 248.15, "shear_5nN_qq": [-1591.3922708633092, 53.96495868320738], "tilt": {"5nN": 26.902878412280998, "25nN": 32.55442080989421, "15nN": 30.07932749835075}, "intercept": 2.32043619104513, "shear_25nN_lj": [-1670.2903043836932, 50.64803129341783], "entropy_rotational": 112.71, "shear_5nN_lj": [-1449.3055185819344, 53.494770102037634], "shear_25nN_qq": [-1638.2830278705035, 66.51063863068794], "nonpolar_solvation_energy": 14.09, "total_solvation_energy": 6.28, "shear_15nN_lj": [-1606.2307068385292, 51.416391315907745], "shear_5nN_Etotal": [-3040.697789445244, 95.42292335470226], "interdigitation": {"5nN": 0.18641159256287126, "15nN": 0.18132215787994063, "25nN": 0.1689282009529278}, "entropy_vibrational": 30.51, "heat_capacity_vibrational": 58.87, "entropy_translational": 165.68, "status": {"247938d0597aa8c86b0e9374dcf0fc13-shear_25nN_extend_grompp": 1, "247938d0597aa8c86b0e9374dcf0fc13-shear_25nN_extend": 1, "247938d0597aa8c86b0e9374dcf0fc13-initialize": 1, "247938d0597aa8c86b0e9374dcf0fc13-log_cof": 1, "247938d0597aa8c86b0e9374dcf0fc13-shear_5nN_extend": 1, "247938d0597aa8c86b0e9374dcf0fc13-minimize": 1, "247938d0597aa8c86b0e9374dcf0fc13-equilibrate": 1, "247938d0597aa8c86b0e9374dcf0fc13-unwrap_shear_25nN": 1, "247938d0597aa8c86b0e9374dcf0fc13-shear_25nN_rerun_grompp": 1, "247938d0597aa8c86b0e9374dcf0fc13-fix_overlaps": 1, "247938d0597aa8c86b0e9374dcf0fc13-shear_15nN_grompp": 1, "247938d0597aa8c86b0e9374dcf0fc13-compress": 1, "247938d0597aa8c86b0e9374dcf0fc13-calc_tilt_shear": 1, "247938d0597aa8c86b0e9374dcf0fc13-minimize_grompp": 1, "247938d0597aa8c86b0e9374dcf0fc13-compress_grompp": 1, "247938d0597aa8c86b0e9374dcf0fc13-unwrap_shear_15nN": 1, "247938d0597aa8c86b0e9374dcf0fc13-calc_interdigitation": 1, "247938d0597aa8c86b0e9374dcf0fc13-calc_roughness": 1, "247938d0597aa8c86b0e9374dcf0fc13-shear_15nN_rerun_grompp": 1, "247938d0597aa8c86b0e9374dcf0fc13-count_hydrogen_bonds": 1, "247938d0597aa8c86b0e9374dcf0fc13-shear_5nN_extend_grompp": 1, "247938d0597aa8c86b0e9374dcf0fc13-shear_25nN": 1, "247938d0597aa8c86b0e9374dcf0fc13-top_to_mol2": 1, "247938d0597aa8c86b0e9374dcf0fc13-shear_25nN_rerun": 1, "247938d0597aa8c86b0e9374dcf0fc13-shear_5nN_rerun": 1, "247938d0597aa8c86b0e9374dcf0fc13-get_interaction_energy_5nN": 1, "247938d0597aa8c86b0e9374dcf0fc13-log_interaction_energy_15nN": 1, "247938d0597aa8c86b0e9374dcf0fc13-shear_15nN_rerun": 1, "247938d0597aa8c86b0e9374dcf0fc13-log_interaction_energy_5nN": 1, "247938d0597aa8c86b0e9374dcf0fc13-shear_15nN": 1, "247938d0597aa8c86b0e9374dcf0fc13-log_S2": 1, "247938d0597aa8c86b0e9374dcf0fc13-shear_15nN_extend": 1, "247938d0597aa8c86b0e9374dcf0fc13-calc_S2_shear": 1, "247938d0597aa8c86b0e9374dcf0fc13-log_tilt": 1, "247938d0597aa8c86b0e9374dcf0fc13-shear_25nN_grompp": 1, "247938d0597aa8c86b0e9374dcf0fc13-shear_5nN": 1, "247938d0597aa8c86b0e9374dcf0fc13-calc_friction": 1, "247938d0597aa8c86b0e9374dcf0fc13-unwrap_shear_5nN": 1, "247938d0597aa8c86b0e9374dcf0fc13-shear_5nN_grompp": 1, "247938d0597aa8c86b0e9374dcf0fc13-shear_15nN_extend_grompp": 1, "247938d0597aa8c86b0e9374dcf0fc13-shear_5nN_rerun_grompp": 1, "247938d0597aa8c86b0e9374dcf0fc13-get_interaction_energy_25nN": 1, "247938d0597aa8c86b0e9374dcf0fc13-get_interaction_energy_15nN": 1, "247938d0597aa8c86b0e9374dcf0fc13-log_interaction_energy_25nN": 1, "247938d0597aa8c86b0e9374dcf0fc13-lammps_to_gmx": 1, "247938d0597aa8c86b0e9374dcf0fc13-equilibrate_grompp": 1}, "S2": {"5nN": 0.7921971930099257, "15nN": 0.80920657784685, "25nN": 0.7995507683063455}, "polar_solvation_energy": -7.83, "COF": 0.13457203967129677, "roughness": {"5nN": 0.052965072081625895, "15nN": 0.04863121089807006, "25nN": 0.04780795496006364}, "dipole_moment": 2.03}