{"enthalpy_vibrational": 248.15, "shear_5nN_Etotal": [-3040.697789445244, 95.42292335470226], "heat_capacity_vibrational": 58.87, "entropy_vibrational": 30.51, "interdigitation": {"25nN": 0.16853009794697996, "5nN": 0.1858506317330509, "15nN": 0.18136893275711893}, "polar_solvation_energy": -7.83, "shear_15nN_qq": [-1613.1615884052758, 57.28449981815893], "nonpolar_solvation_energy": 14.09, "molecular_weight": 95.0942, "shear_15nN_Etotal": [-3219.3922952438047, 93.10160940298807], "roughness": {"25nN": 0.04780795496006364, "5nN": 0.052965072081625895, "15nN": 0.04863121089807006}, "tilt": {"25nN": 32.55442080989421, "5nN": 26.902878412280998, "15nN": 30.07932749835075}, "shear_15nN_lj": [-1606.2307068385292, 51.416391315907745], "surface_area": 96.58, "total_solvation_energy": 6.28, "dipole_moment": 2.03, "entropy_rotational": 112.71, "shear_25nN_lj": [-1670.2903043836932, 50.64803129341783], "shear_25nN_qq": [-1638.2830278705035, 66.51063863068794], "ch3-smiles": "CC1=CC=C(F)C=C1", "status": {"247938d0597aa8c86b0e9374dcf0fc13-unwrap_shear_25nN": 1, "247938d0597aa8c86b0e9374dcf0fc13-minimize": 1, "247938d0597aa8c86b0e9374dcf0fc13-shear_5nN_rerun": 1, "247938d0597aa8c86b0e9374dcf0fc13-shear_15nN_extend": 1, "247938d0597aa8c86b0e9374dcf0fc13-shear_25nN_extend": 1, "247938d0597aa8c86b0e9374dcf0fc13-shear_25nN_grompp": 1, "247938d0597aa8c86b0e9374dcf0fc13-calc_friction": 1, "247938d0597aa8c86b0e9374dcf0fc13-shear_5nN_grompp": 1, "247938d0597aa8c86b0e9374dcf0fc13-calc_roughness": 1, "247938d0597aa8c86b0e9374dcf0fc13-shear_25nN_rerun": 1, "247938d0597aa8c86b0e9374dcf0fc13-get_interaction_energy_15nN": 1, "247938d0597aa8c86b0e9374dcf0fc13-shear_25nN_extend_grompp": 1, "247938d0597aa8c86b0e9374dcf0fc13-shear_5nN_rerun_grompp": 1, "247938d0597aa8c86b0e9374dcf0fc13-minimize_grompp": 1, "247938d0597aa8c86b0e9374dcf0fc13-log_interaction_energy_25nN": 1, "247938d0597aa8c86b0e9374dcf0fc13-shear_15nN_extend_grompp": 1, "247938d0597aa8c86b0e9374dcf0fc13-log_S2": 1, "247938d0597aa8c86b0e9374dcf0fc13-compress": 1, "247938d0597aa8c86b0e9374dcf0fc13-unwrap_shear_15nN": 1, "247938d0597aa8c86b0e9374dcf0fc13-compress_grompp": 1, "247938d0597aa8c86b0e9374dcf0fc13-shear_15nN_rerun_grompp": 1, "247938d0597aa8c86b0e9374dcf0fc13-initialize": 1, "247938d0597aa8c86b0e9374dcf0fc13-shear_15nN_rerun": 1, "247938d0597aa8c86b0e9374dcf0fc13-equilibrate": 1, "247938d0597aa8c86b0e9374dcf0fc13-get_interaction_energy_25nN": 1, "247938d0597aa8c86b0e9374dcf0fc13-log_cof": 1, "247938d0597aa8c86b0e9374dcf0fc13-unwrap_shear_5nN": 1, "247938d0597aa8c86b0e9374dcf0fc13-log_interaction_energy_5nN": 1, "247938d0597aa8c86b0e9374dcf0fc13-shear_5nN": 1, "247938d0597aa8c86b0e9374dcf0fc13-log_tilt": 1, "247938d0597aa8c86b0e9374dcf0fc13-lammps_to_gmx": 1, "247938d0597aa8c86b0e9374dcf0fc13-shear_5nN_extend": 1, "247938d0597aa8c86b0e9374dcf0fc13-log_interaction_energy_15nN": 1, "247938d0597aa8c86b0e9374dcf0fc13-calc_S2_shear": 1, "247938d0597aa8c86b0e9374dcf0fc13-equilibrate_grompp": 1, "247938d0597aa8c86b0e9374dcf0fc13-calc_tilt_shear": 1, "247938d0597aa8c86b0e9374dcf0fc13-shear_15nN": 1, "247938d0597aa8c86b0e9374dcf0fc13-get_interaction_energy_5nN": 1, "247938d0597aa8c86b0e9374dcf0fc13-shear_25nN": 1, "247938d0597aa8c86b0e9374dcf0fc13-shear_5nN_extend_grompp": 1, "247938d0597aa8c86b0e9374dcf0fc13-shear_25nN_rerun_grompp": 1, "247938d0597aa8c86b0e9374dcf0fc13-calc_interdigitation": 6, "247938d0597aa8c86b0e9374dcf0fc13-top_to_mol2": 1, "247938d0597aa8c86b0e9374dcf0fc13-count_hydrogen_bonds": 1, "247938d0597aa8c86b0e9374dcf0fc13-shear_15nN_grompp": 1, "247938d0597aa8c86b0e9374dcf0fc13-fix_overlaps": 1}, "shear_25nN_Etotal": [-3308.573332254197, 95.35456516004466], "intercept": 2.32043619104513, "shear_5nN_qq": [-1591.3922708633092, 53.96495868320738], "COF": 0.13457203967129677, "chain-smiles": "CCCCCCCCCCCCCCCCCC1=CC=C(F)C=C1", "shear_5nN_lj": [-1449.3055185819344, 53.494770102037634], "h-smiles": "C1=CC=C(F)C=C1", "entropy_translational": 165.68, "S2": {"25nN": 0.7995507683063455, "5nN": 0.7921971930099257, "15nN": 0.80920657784685}}