{"MR":20.512,"asphericity":0.145787,"balabanj":5.542726,"bertzct":165.593463,"chi0":12.0,"chi0n":12.0,"chi0v":2.0,"chi1":5.75,"chi1n":5.75,"chi1v":0.75,"chi2n":0.375,"chi2v":0.375,"chi3n":0.0,"chi3v":0.0,"chi4n":0.0,"chi4v":0.0,"e-valence":26.0,"eccentricity":0.824407,"hk-alpha":0.0,"hk-kappa1":0.213018,"hk-kappa2":1.333333,"hk-kappa3":0.0,"ipc":312.080511,"isf":0.009949,"labuteASA":41.883782,"logP":1.6623,"molwt":58.07825,"molwt-hvy":48.044,"nheavy":4.0,"npr1":0.565998,"npr2":0.607284,"pbf":0.585324,"pc+":0.239098,"pc-":-0.239098,"pmi1":61.041063,"pmi2":65.493659,"pmi3":107.846762,"rbonds":0.0,"rg":1.419936,"rpc+":0.123042,"rpc-":0.263646,"spherocity":0.459105,"tpsa":0.0,"vsa+":13.707586,"vsa-":26.449634,"vsa-fhyd":1.0,"vsa-fneg":0.658652,"vsa-fpneg":0.0,"vsa-fpos":0.341348,"vsa-fppos":0.0,"vsa-hyd":40.15722,"vsa-polar":0.0,"vsa-polar+":0.0,"vsa-polar-":0.0,"hbonds":0.0}