{"shear_5nN_qq": [359.25023512549956, 20.524684012974344], "nonpolar_solvation_energy": 11.79, "status": {"e13ba5e21a8844107e88891853a845cd-shear_25nN_extend_grompp": 1, "e13ba5e21a8844107e88891853a845cd-equilibrate": 1, "e13ba5e21a8844107e88891853a845cd-calc_S2_shear": 1, "e13ba5e21a8844107e88891853a845cd-count_hydrogen_bonds": 1, "e13ba5e21a8844107e88891853a845cd-shear_15nN_grompp": 1, "e13ba5e21a8844107e88891853a845cd-log_cof": 1, "e13ba5e21a8844107e88891853a845cd-minimize_grompp": 1, "e13ba5e21a8844107e88891853a845cd-unwrap_shear_25nN": 1, "e13ba5e21a8844107e88891853a845cd-shear_15nN_rerun": 1, "e13ba5e21a8844107e88891853a845cd-shear_5nN_rerun_grompp": 1, "e13ba5e21a8844107e88891853a845cd-shear_15nN": 1, "e13ba5e21a8844107e88891853a845cd-shear_25nN": 1, "e13ba5e21a8844107e88891853a845cd-compress": 1, "e13ba5e21a8844107e88891853a845cd-initialize": 1, "e13ba5e21a8844107e88891853a845cd-top_to_mol2": 1, "e13ba5e21a8844107e88891853a845cd-calc_friction": 1, "e13ba5e21a8844107e88891853a845cd-equilibrate_grompp": 1, "e13ba5e21a8844107e88891853a845cd-shear_5nN_grompp": 1, "e13ba5e21a8844107e88891853a845cd-shear_15nN_extend": 1, "e13ba5e21a8844107e88891853a845cd-log_S2": 1, "e13ba5e21a8844107e88891853a845cd-log_interaction_energy_5nN": 1, "e13ba5e21a8844107e88891853a845cd-shear_5nN_extend": 1, "e13ba5e21a8844107e88891853a845cd-log_interaction_energy_25nN": 1, "e13ba5e21a8844107e88891853a845cd-unwrap_shear_5nN": 1, "e13ba5e21a8844107e88891853a845cd-log_tilt": 1, "e13ba5e21a8844107e88891853a845cd-unwrap_shear_15nN": 1, "e13ba5e21a8844107e88891853a845cd-shear_25nN_extend": 1, "e13ba5e21a8844107e88891853a845cd-compress_grompp": 1, "e13ba5e21a8844107e88891853a845cd-shear_25nN_grompp": 1, "e13ba5e21a8844107e88891853a845cd-fix_overlaps": 1, "e13ba5e21a8844107e88891853a845cd-lammps_to_gmx": 1, "e13ba5e21a8844107e88891853a845cd-calc_roughness": 1, "e13ba5e21a8844107e88891853a845cd-shear_5nN_rerun": 1, "e13ba5e21a8844107e88891853a845cd-get_interaction_energy_15nN": 1, "e13ba5e21a8844107e88891853a845cd-shear_5nN_extend_grompp": 1, "e13ba5e21a8844107e88891853a845cd-shear_25nN_rerun_grompp": 1, "e13ba5e21a8844107e88891853a845cd-get_interaction_energy_25nN": 1, "e13ba5e21a8844107e88891853a845cd-get_interaction_energy_5nN": 1, "e13ba5e21a8844107e88891853a845cd-shear_15nN_rerun_grompp": 1, "e13ba5e21a8844107e88891853a845cd-calc_tilt_shear": 1, "e13ba5e21a8844107e88891853a845cd-calc_interdigitation": 6, "e13ba5e21a8844107e88891853a845cd-minimize": 1, "e13ba5e21a8844107e88891853a845cd-shear_25nN_rerun": 1, "e13ba5e21a8844107e88891853a845cd-shear_15nN_extend_grompp": 1, "e13ba5e21a8844107e88891853a845cd-shear_5nN": 1, "e13ba5e21a8844107e88891853a845cd-log_interaction_energy_15nN": 1}, "dipole_moment": 0.01, "entropy_rotational": 94.72, "entropy_vibrational": 26.04, "roughness": {"15nN": 0.045019637516517226, "5nN": 0.05088256558428857, "25nN": 0.04561592269285101}, "heat_capacity_vibrational": 37.37, "tilt": {"15nN": 26.684631024175314, "5nN": 22.414728893616967, "25nN": 29.554990738111876}, "S2": {"15nN": 0.7214758567823994, "5nN": 0.7514188388322629, "25nN": 0.7061444569763766}, "interdigitation": {"15nN": 0.08113392390551133, "5nN": 0.0822536217679483, "25nN": 0.08523793953985806}, "shear_25nN_Etotal": [-1034.8242081215028, 51.16676072795235], "molecular_weight": 43.0874, "shear_5nN_Etotal": [-757.6298346954436, 54.14653115119532], "COF": 0.18368558766962406, "total_solvation_energy": 11.37, "entropy_translational": 155.96, "intercept": 0.12679230251331308, "shear_25nN_lj": [-1485.1852440799362, 48.26726164243599], "shear_15nN_qq": [398.7295948705036, 25.4690691469935], "polar_solvation_energy": -0.4, "shear_25nN_qq": [450.3610359584333, 27.300566958658756], "surface_area": 70.99, "shear_15nN_lj": [-1382.3477531526778, 43.53906685238493], "shear_5nN_lj": [-1116.8800698209432, 50.352664034476014], "shear_15nN_Etotal": [-983.6181582821742, 46.446922282612256], "enthalpy_vibrational": 273.28}