{"MR":6.731,"asphericity":0.000987,"balabanj":3.023716,"bertzct":19.119415,"chi0":4.5,"chi0n":4.5,"chi0v":0.5,"chi1":2.0,"chi1n":2.0,"chi1v":0.0,"chi2n":0.0,"chi2v":0.0,"chi3n":0.0,"chi3v":0.0,"chi4n":0.0,"chi4v":0.0,"e-valence":8.0,"eccentricity":0.32055,"hk-alpha":0.0,"hk-kappa1":0.0,"hk-kappa2":0.0,"hk-kappa3":0.0,"ipc":3.60964,"isf":0.307846,"labuteASA":14.359133,"logP":0.6361,"molwt":16.0313,"molwt-hvy":12.011,"nheavy":1.0,"npr1":0.947232,"npr2":0.97847,"pbf":0.474387,"pc+":0.077558,"pc-":-0.077558,"pmi1":3.17844,"pmi2":3.283262,"pmi3":3.355504,"rbonds":0.0,"rg":0.553141,"rpc+":0.25,"rpc-":1.0,"spherocity":0.949048,"tpsa":0.0,"vsa+":5.483034,"vsa-":7.330859,"vsa-fhyd":1.0,"vsa-fneg":0.572102,"vsa-fpneg":0.0,"vsa-fpos":0.427898,"vsa-fppos":0.0,"vsa-hyd":12.813893,"vsa-polar":0.0,"vsa-polar+":0.0,"vsa-polar-":0.0,"hbonds":0.0}