{"enthalpy_vibrational": 119.27, "shear_5nN_Etotal": [-432.8990663956834, 45.87284088858094], "heat_capacity_vibrational": 2.25, "entropy_vibrational": 0.39, "interdigitation": {"25nN": 0.10983239079296872, "5nN": 0.11301695052920811, "15nN": 0.11273632516608764}, "polar_solvation_energy": -0.12, "shear_15nN_qq": [943.2165028737011, 45.796380467874215], "nonpolar_solvation_energy": 4.81, "molecular_weight": 15.0344, "shear_15nN_Etotal": [-411.8233009176659, 52.874859426166175], "roughness": {"25nN": 0.05564562694352968, "5nN": 0.06265614940834376, "15nN": 0.05742144233976186}, "tilt": {"25nN": 32.30307816048895, "5nN": 26.04683645279494, "15nN": 29.789266525247037}, "total_solvation_energy": 4.69, "surface_area": 48.83, "shear_15nN_lj": [-1355.039803791367, 45.80124473607461], "dipole_moment": 0.0, "entropy_rotational": 62.93, "shear_25nN_lj": [-1446.960545035172, 48.63032138002837], "shear_25nN_qq": [1138.315263501199, 48.80486462091899], "status": {"0812b305592dd887356f3b34921c7e76-log_cof": 1, "0812b305592dd887356f3b34921c7e76-log_S2": 1, "0812b305592dd887356f3b34921c7e76-get_interaction_energy_15nN": 1, "0812b305592dd887356f3b34921c7e76-unwrap_shear_25nN": 1, "0812b305592dd887356f3b34921c7e76-log_interaction_energy_15nN": 1, "0812b305592dd887356f3b34921c7e76-calc_roughness": 1, "0812b305592dd887356f3b34921c7e76-shear_5nN_extend": 1, "0812b305592dd887356f3b34921c7e76-shear_15nN_rerun": 1, "0812b305592dd887356f3b34921c7e76-shear_25nN": 1, "0812b305592dd887356f3b34921c7e76-shear_25nN_grompp": 1, "0812b305592dd887356f3b34921c7e76-count_hydrogen_bonds": 1, "0812b305592dd887356f3b34921c7e76-shear_25nN_extend_grompp": 1, "0812b305592dd887356f3b34921c7e76-lammps_to_gmx": 1, "0812b305592dd887356f3b34921c7e76-shear_5nN_extend_grompp": 1, "0812b305592dd887356f3b34921c7e76-calc_interdigitation": 6, "0812b305592dd887356f3b34921c7e76-shear_5nN_rerun": 1, "0812b305592dd887356f3b34921c7e76-minimize": 1, "0812b305592dd887356f3b34921c7e76-shear_25nN_rerun_grompp": 1, "0812b305592dd887356f3b34921c7e76-log_interaction_energy_25nN": 1, "0812b305592dd887356f3b34921c7e76-equilibrate_grompp": 1, "0812b305592dd887356f3b34921c7e76-shear_15nN_grompp": 1, "0812b305592dd887356f3b34921c7e76-calc_tilt_shear": 1, "0812b305592dd887356f3b34921c7e76-compress": 1, "0812b305592dd887356f3b34921c7e76-shear_15nN_rerun_grompp": 1, "0812b305592dd887356f3b34921c7e76-equilibrate": 1, "0812b305592dd887356f3b34921c7e76-calc_friction": 1, "0812b305592dd887356f3b34921c7e76-get_interaction_energy_25nN": 1, "0812b305592dd887356f3b34921c7e76-log_interaction_energy_5nN": 1, "0812b305592dd887356f3b34921c7e76-unwrap_shear_15nN": 1, "0812b305592dd887356f3b34921c7e76-get_interaction_energy_5nN": 1, "0812b305592dd887356f3b34921c7e76-log_tilt": 1, "0812b305592dd887356f3b34921c7e76-fix_overlaps": 1, "0812b305592dd887356f3b34921c7e76-shear_25nN_rerun": 1, "0812b305592dd887356f3b34921c7e76-shear_15nN_extend_grompp": 1, "0812b305592dd887356f3b34921c7e76-calc_S2_shear": 1, "0812b305592dd887356f3b34921c7e76-shear_15nN_extend": 1, "0812b305592dd887356f3b34921c7e76-shear_15nN": 1, "0812b305592dd887356f3b34921c7e76-shear_5nN": 1, "0812b305592dd887356f3b34921c7e76-shear_5nN_grompp": 1, "0812b305592dd887356f3b34921c7e76-unwrap_shear_5nN": 1, "0812b305592dd887356f3b34921c7e76-minimize_grompp": 1, "0812b305592dd887356f3b34921c7e76-compress_grompp": 1, "0812b305592dd887356f3b34921c7e76-top_to_mol2": 1, "0812b305592dd887356f3b34921c7e76-initialize": 1, "0812b305592dd887356f3b34921c7e76-shear_25nN_extend": 1, "0812b305592dd887356f3b34921c7e76-shear_5nN_rerun_grompp": 1}, "shear_25nN_Etotal": [-308.6452815339728, 56.853099771004494], "ch3-smiles": "CC", "intercept": 0.6925127899490668, "shear_5nN_qq": [662.058789441247, 43.41520920007218], "COF": 0.18106007688489947, "chain-smiles": "CCCCCCCCCCCCCCCCCC", "shear_5nN_lj": [-1094.9578558369305, 46.80245552392007], "h-smiles": "C", "entropy_translational": 143.35, "S2": {"25nN": 0.6787919639788907, "5nN": 0.6919337249573189, "15nN": 0.6837166940606918}}