{"shear_15nN_Etotal": [-1322.5818331143084, 45.357855422431356], "molecular_weight": 15.0344, "shear_25nN_Etotal": [-1396.6729385019983, 45.87833989036166], "surface_area": 48.83, "shear_15nN_qq": [62.15868511830536, 8.807003325861489], "enthalpy_vibrational": 119.27, "shear_5nN_qq": [19.27556145723421, 6.958210946225385], "tilt": {"5nN": 34.949554072341634, "25nN": 40.26837564264235, "15nN": 37.999703631873516}, "intercept": 0.788309389132418, "shear_25nN_lj": [-1495.8366054068745, 46.833050053219125], "entropy_rotational": 62.93, "shear_5nN_lj": [-1166.7002859608315, 44.55662236147206], "shear_25nN_qq": [99.1636669048761, 11.614339082351288], "nonpolar_solvation_energy": 4.81, "total_solvation_energy": 4.69, "shear_15nN_lj": [-1384.740518232614, 47.53801252325225], "shear_5nN_Etotal": [-1147.4247245035972, 43.42723236123607], "interdigitation": {"5nN": 0.0825897224269557, "25nN": 0.10881413635563457, "15nN": 0.10487658805444644}, "entropy_vibrational": 0.39, "heat_capacity_vibrational": 2.25, "entropy_translational": 143.35, "status": {"deaa85b012be898530af7fdc4b6c1dc6-shear_5nN": 1, "deaa85b012be898530af7fdc4b6c1dc6-calc_tilt_shear": 1, "deaa85b012be898530af7fdc4b6c1dc6-log_tilt": 1, "deaa85b012be898530af7fdc4b6c1dc6-minimize_grompp": 1, "deaa85b012be898530af7fdc4b6c1dc6-shear_25nN_extend": 1, "deaa85b012be898530af7fdc4b6c1dc6-unwrap_shear_25nN": 1, "deaa85b012be898530af7fdc4b6c1dc6-lammps_to_gmx": 1, "deaa85b012be898530af7fdc4b6c1dc6-shear_15nN_rerun": 1, "deaa85b012be898530af7fdc4b6c1dc6-calc_roughness": 1, "deaa85b012be898530af7fdc4b6c1dc6-initialize": 1, "deaa85b012be898530af7fdc4b6c1dc6-get_interaction_energy_15nN": 1, "deaa85b012be898530af7fdc4b6c1dc6-shear_25nN_rerun": 1, "deaa85b012be898530af7fdc4b6c1dc6-log_interaction_energy_15nN": 1, "deaa85b012be898530af7fdc4b6c1dc6-get_interaction_energy_25nN": 1, "deaa85b012be898530af7fdc4b6c1dc6-shear_25nN_extend_grompp": 1, "deaa85b012be898530af7fdc4b6c1dc6-compress_grompp": 1, "deaa85b012be898530af7fdc4b6c1dc6-fix_overlaps": 1, "deaa85b012be898530af7fdc4b6c1dc6-log_S2": 1, "deaa85b012be898530af7fdc4b6c1dc6-shear_25nN_rerun_grompp": 1, "deaa85b012be898530af7fdc4b6c1dc6-equilibrate": 1, "deaa85b012be898530af7fdc4b6c1dc6-log_interaction_energy_25nN": 1, "deaa85b012be898530af7fdc4b6c1dc6-shear_15nN_extend": 1, "deaa85b012be898530af7fdc4b6c1dc6-shear_15nN_extend_grompp": 1, "deaa85b012be898530af7fdc4b6c1dc6-unwrap_shear_5nN": 1, "deaa85b012be898530af7fdc4b6c1dc6-log_interaction_energy_5nN": 1, "deaa85b012be898530af7fdc4b6c1dc6-log_cof": 1, "deaa85b012be898530af7fdc4b6c1dc6-shear_15nN": 1, "deaa85b012be898530af7fdc4b6c1dc6-shear_15nN_rerun_grompp": 1, "deaa85b012be898530af7fdc4b6c1dc6-compress": 1, "deaa85b012be898530af7fdc4b6c1dc6-unwrap_shear_15nN": 1, "deaa85b012be898530af7fdc4b6c1dc6-shear_5nN_rerun": 1, "deaa85b012be898530af7fdc4b6c1dc6-shear_5nN_rerun_grompp": 1, "deaa85b012be898530af7fdc4b6c1dc6-shear_25nN_grompp": 1, "deaa85b012be898530af7fdc4b6c1dc6-shear_5nN_extend_grompp": 1, "deaa85b012be898530af7fdc4b6c1dc6-minimize": 1, "deaa85b012be898530af7fdc4b6c1dc6-shear_5nN_extend": 1, "deaa85b012be898530af7fdc4b6c1dc6-shear_25nN": 1, "deaa85b012be898530af7fdc4b6c1dc6-calc_friction": 1, "deaa85b012be898530af7fdc4b6c1dc6-get_interaction_energy_5nN": 1, "deaa85b012be898530af7fdc4b6c1dc6-equilibrate_grompp": 1, "deaa85b012be898530af7fdc4b6c1dc6-shear_5nN_grompp": 1, "deaa85b012be898530af7fdc4b6c1dc6-shear_15nN_grompp": 1, "deaa85b012be898530af7fdc4b6c1dc6-top_to_mol2": 1, "deaa85b012be898530af7fdc4b6c1dc6-calc_S2_shear": 1, "deaa85b012be898530af7fdc4b6c1dc6-calc_interdigitation": 1, "deaa85b012be898530af7fdc4b6c1dc6-count_hydrogen_bonds": 1}, "S2": {"5nN": 0.9652211632651804, "25nN": 0.9642746932168913, "15nN": 0.957749425489369}, "polar_solvation_energy": -0.12, "COF": 0.12671891405644833, "roughness": {"5nN": 0.053170375945693245, "25nN": 0.060609382194496284, "15nN": 0.05500738586905358}, "dipole_moment": 0.0}