{"enthalpy_vibrational": 148.05, "shear_5nN_Etotal": [-1426.4198074364508, 117.37018797779463], "heat_capacity_vibrational": 22.11, "entropy_vibrational": 16.85, "interdigitation": {"25nN": 0.11669185382360098, "5nN": 0.11150898550891467, "15nN": 0.11289931088086423}, "polar_solvation_energy": -15.94, "shear_15nN_qq": [104.78721985531573, 115.76616664924705], "nonpolar_solvation_energy": 8.9, "molecular_weight": 43.0445, "shear_15nN_Etotal": [-1588.9595426059152, 136.00624170441873], "roughness": {"25nN": 0.05400918603921255, "5nN": 0.056388928091958605, "15nN": 0.05418021566535276}, "tilt": {"25nN": 32.58644178895792, "5nN": 26.551141572940846, "15nN": 30.793621722810716}, "shear_15nN_lj": [-1693.7467624612311, 53.18051984289446], "surface_area": 66.15, "total_solvation_energy": -7.02, "dipole_moment": 3.16, "entropy_rotational": 90.56, "shear_25nN_lj": [-1797.2199606722625, 51.3192412880739], "shear_5nN_lj": [-1461.9630307458035, 52.77974330707431], "status": {"ec2efcc5d4f76d8c5cee92aeb7a0efa9-minimize_grompp": 1, "ec2efcc5d4f76d8c5cee92aeb7a0efa9-get_interaction_energy_25nN": 1, "ec2efcc5d4f76d8c5cee92aeb7a0efa9-log_tilt": 1, "ec2efcc5d4f76d8c5cee92aeb7a0efa9-shear_5nN_rerun": 1, "ec2efcc5d4f76d8c5cee92aeb7a0efa9-compress_grompp": 1, "ec2efcc5d4f76d8c5cee92aeb7a0efa9-fix_overlaps": 1, "ec2efcc5d4f76d8c5cee92aeb7a0efa9-equilibrate_grompp": 1, "ec2efcc5d4f76d8c5cee92aeb7a0efa9-shear_5nN_extend_grompp": 1, "ec2efcc5d4f76d8c5cee92aeb7a0efa9-shear_15nN_rerun": 1, "ec2efcc5d4f76d8c5cee92aeb7a0efa9-calc_interdigitation": 6, "ec2efcc5d4f76d8c5cee92aeb7a0efa9-calc_friction": 1, "ec2efcc5d4f76d8c5cee92aeb7a0efa9-get_interaction_energy_5nN": 1, "ec2efcc5d4f76d8c5cee92aeb7a0efa9-top_to_mol2": 1, "ec2efcc5d4f76d8c5cee92aeb7a0efa9-unwrap_shear_5nN": 1, "ec2efcc5d4f76d8c5cee92aeb7a0efa9-shear_5nN_extend": 1, "ec2efcc5d4f76d8c5cee92aeb7a0efa9-unwrap_shear_25nN": 1, "ec2efcc5d4f76d8c5cee92aeb7a0efa9-calc_S2_shear": 1, "ec2efcc5d4f76d8c5cee92aeb7a0efa9-lammps_to_gmx": 1, "ec2efcc5d4f76d8c5cee92aeb7a0efa9-shear_25nN_extend": 1, "ec2efcc5d4f76d8c5cee92aeb7a0efa9-shear_15nN_grompp": 1, "ec2efcc5d4f76d8c5cee92aeb7a0efa9-shear_25nN": 1, "ec2efcc5d4f76d8c5cee92aeb7a0efa9-minimize": 1, "ec2efcc5d4f76d8c5cee92aeb7a0efa9-log_interaction_energy_25nN": 1, "ec2efcc5d4f76d8c5cee92aeb7a0efa9-log_interaction_energy_5nN": 1, "ec2efcc5d4f76d8c5cee92aeb7a0efa9-initialize": 1, "ec2efcc5d4f76d8c5cee92aeb7a0efa9-calc_tilt_shear": 1, "ec2efcc5d4f76d8c5cee92aeb7a0efa9-shear_15nN_rerun_grompp": 1, "ec2efcc5d4f76d8c5cee92aeb7a0efa9-shear_15nN": 1, "ec2efcc5d4f76d8c5cee92aeb7a0efa9-calc_roughness": 1, "ec2efcc5d4f76d8c5cee92aeb7a0efa9-shear_25nN_rerun_grompp": 1, "ec2efcc5d4f76d8c5cee92aeb7a0efa9-shear_15nN_extend_grompp": 1, "ec2efcc5d4f76d8c5cee92aeb7a0efa9-shear_5nN_grompp": 1, "ec2efcc5d4f76d8c5cee92aeb7a0efa9-count_hydrogen_bonds": 1, "ec2efcc5d4f76d8c5cee92aeb7a0efa9-shear_25nN_grompp": 1, "ec2efcc5d4f76d8c5cee92aeb7a0efa9-log_interaction_energy_15nN": 1, "ec2efcc5d4f76d8c5cee92aeb7a0efa9-shear_15nN_extend": 1, "ec2efcc5d4f76d8c5cee92aeb7a0efa9-shear_25nN_extend_grompp": 1, "ec2efcc5d4f76d8c5cee92aeb7a0efa9-log_cof": 1, "ec2efcc5d4f76d8c5cee92aeb7a0efa9-log_S2": 1, "ec2efcc5d4f76d8c5cee92aeb7a0efa9-compress": 1, "ec2efcc5d4f76d8c5cee92aeb7a0efa9-shear_25nN_rerun": 1, "ec2efcc5d4f76d8c5cee92aeb7a0efa9-equilibrate": 1, "ec2efcc5d4f76d8c5cee92aeb7a0efa9-shear_5nN_rerun_grompp": 1, "ec2efcc5d4f76d8c5cee92aeb7a0efa9-shear_5nN": 1, "ec2efcc5d4f76d8c5cee92aeb7a0efa9-unwrap_shear_15nN": 1, "ec2efcc5d4f76d8c5cee92aeb7a0efa9-get_interaction_energy_15nN": 1}, "shear_25nN_Etotal": [-1607.1178992829734, 151.12046982658757], "shear_25nN_qq": [190.10206138928856, 136.51666889865646], "ch3-smiles": "CC(=O)C", "intercept": 1.4998597974696564, "shear_5nN_qq": [35.54322330935252, 100.3083706540111], "COF": 0.16696190503473882, "chain-smiles": "CCCCCCCCCCCCCCCCCC(=O)C", "h-smiles": "C(=O)C", "entropy_translational": 155.95, "S2": {"25nN": 0.7534671761161985, "5nN": 0.7430089502232299, "15nN": 0.7466692927930532}}