{"enthalpy_vibrational": 148.05, "shear_5nN_Etotal": [-1776.7529192134293, 75.53137736824536], "heat_capacity_vibrational": 22.11, "entropy_vibrational": 16.85, "interdigitation": {"25nN": 0.11159569806275055, "5nN": 0.11713479607276611, "15nN": 0.11612762778466969}, "polar_solvation_energy": -15.94, "shear_15nN_qq": [-350.6079304836131, 52.0017103764914], "nonpolar_solvation_energy": 8.9, "molecular_weight": 43.0445, "shear_15nN_Etotal": [-2069.966039314948, 75.71516338493785], "roughness": {"25nN": 0.051785391037612906, "5nN": 0.06166561419695218, "15nN": 0.055457644170055796}, "tilt": {"25nN": 41.13173836760393, "5nN": 35.90241548557405, "15nN": 39.22528560095066}, "total_solvation_energy": -7.02, "surface_area": 66.15, "shear_15nN_lj": [-1719.3581088313351, 45.49808827967906], "dipole_moment": 3.16, "entropy_rotational": 90.56, "shear_25nN_lj": [-1821.8243945947243, 48.48215269736856], "shear_25nN_qq": [-397.5174308153477, 63.44720557198165], "status": {"ed75342dcee7abaf0a5ff25b662b6563-log_interaction_energy_5nN": 1, "ed75342dcee7abaf0a5ff25b662b6563-lammps_to_gmx": 1, "ed75342dcee7abaf0a5ff25b662b6563-shear_25nN_extend": 1, "ed75342dcee7abaf0a5ff25b662b6563-shear_25nN_extend_grompp": 1, "ed75342dcee7abaf0a5ff25b662b6563-shear_5nN_rerun": 1, "ed75342dcee7abaf0a5ff25b662b6563-get_interaction_energy_5nN": 1, "ed75342dcee7abaf0a5ff25b662b6563-shear_15nN": 1, "ed75342dcee7abaf0a5ff25b662b6563-shear_15nN_extend_grompp": 1, "ed75342dcee7abaf0a5ff25b662b6563-log_interaction_energy_15nN": 1, "ed75342dcee7abaf0a5ff25b662b6563-unwrap_shear_15nN": 1, "ed75342dcee7abaf0a5ff25b662b6563-minimize": 1, "ed75342dcee7abaf0a5ff25b662b6563-shear_5nN_grompp": 1, "ed75342dcee7abaf0a5ff25b662b6563-initialize": 1, "ed75342dcee7abaf0a5ff25b662b6563-minimize_grompp": 1, "ed75342dcee7abaf0a5ff25b662b6563-calc_roughness": 1, "ed75342dcee7abaf0a5ff25b662b6563-fix_overlaps": 1, "ed75342dcee7abaf0a5ff25b662b6563-get_interaction_energy_25nN": 1, "ed75342dcee7abaf0a5ff25b662b6563-shear_15nN_rerun_grompp": 1, "ed75342dcee7abaf0a5ff25b662b6563-compress": 1, "ed75342dcee7abaf0a5ff25b662b6563-shear_25nN_rerun_grompp": 1, "ed75342dcee7abaf0a5ff25b662b6563-shear_25nN": 1, "ed75342dcee7abaf0a5ff25b662b6563-calc_interdigitation": 6, "ed75342dcee7abaf0a5ff25b662b6563-calc_friction": 1, "ed75342dcee7abaf0a5ff25b662b6563-log_interaction_energy_25nN": 1, "ed75342dcee7abaf0a5ff25b662b6563-shear_15nN_grompp": 1, "ed75342dcee7abaf0a5ff25b662b6563-log_cof": 1, "ed75342dcee7abaf0a5ff25b662b6563-shear_5nN_extend_grompp": 1, "ed75342dcee7abaf0a5ff25b662b6563-shear_5nN": 1, "ed75342dcee7abaf0a5ff25b662b6563-calc_tilt_shear": 1, "ed75342dcee7abaf0a5ff25b662b6563-shear_25nN_rerun": 1, "ed75342dcee7abaf0a5ff25b662b6563-unwrap_shear_5nN": 1, "ed75342dcee7abaf0a5ff25b662b6563-shear_15nN_extend": 1, "ed75342dcee7abaf0a5ff25b662b6563-calc_S2_shear": 1, "ed75342dcee7abaf0a5ff25b662b6563-compress_grompp": 1, "ed75342dcee7abaf0a5ff25b662b6563-log_tilt": 1, "ed75342dcee7abaf0a5ff25b662b6563-equilibrate": 1, "ed75342dcee7abaf0a5ff25b662b6563-get_interaction_energy_15nN": 1, "ed75342dcee7abaf0a5ff25b662b6563-shear_15nN_rerun": 1, "ed75342dcee7abaf0a5ff25b662b6563-equilibrate_grompp": 1, "ed75342dcee7abaf0a5ff25b662b6563-unwrap_shear_25nN": 1, "ed75342dcee7abaf0a5ff25b662b6563-log_S2": 1, "ed75342dcee7abaf0a5ff25b662b6563-shear_5nN_rerun_grompp": 1, "ed75342dcee7abaf0a5ff25b662b6563-count_hydrogen_bonds": 1, "ed75342dcee7abaf0a5ff25b662b6563-shear_5nN_extend": 1, "ed75342dcee7abaf0a5ff25b662b6563-shear_25nN_grompp": 1, "ed75342dcee7abaf0a5ff25b662b6563-top_to_mol2": 1}, "shear_25nN_Etotal": [-2219.341825410072, 84.70396641641223], "ch3-smiles": "CC(=O)C", "intercept": 1.2128005605851657, "shear_5nN_qq": [-277.6965225347722, 42.43559039388308], "COF": 0.13168596437164598, "chain-smiles": "CCCCCCCCCCCCCCCCCC(=O)C", "shear_5nN_lj": [-1499.056396678657, 49.8267931336055], "h-smiles": "C(=O)C", "entropy_translational": 155.95, "S2": {"25nN": 0.9805451931086766, "5nN": 0.9763131430427584, "15nN": 0.9781888954032114}}