{"enthalpy_vibrational": 92.73, "shear_5nN_Etotal": [-2575.5494187370105, 116.46584354436327], "heat_capacity_vibrational": 0.69, "entropy_vibrational": 0.11, "interdigitation": {"25nN": 0.11992960135436244, "5nN": 0.14756205491608257, "15nN": 0.12971131811815642}, "polar_solvation_energy": -10.38, "shear_15nN_qq": [-1497.2947911294962, 107.76074996121831], "nonpolar_solvation_energy": 5.48, "molecular_weight": 16.0225, "shear_15nN_Etotal": [-2728.0364357018384, 108.81056081852311], "roughness": {"25nN": 0.05061143765753451, "5nN": 0.06610060515792973, "15nN": 0.057212129371964286}, "tilt": {"25nN": 41.610765574111916, "5nN": 37.18961581121365, "15nN": 40.16161273584722}, "shear_15nN_lj": [-1230.7416445723422, 53.232074876098665], "surface_area": 42.91, "total_solvation_energy": -4.92, "dipole_moment": 1.63, "entropy_rotational": 56.63, "shear_25nN_lj": [-1301.4155843181454, 56.35487724931676], "shear_5nN_lj": [-1138.8647096602717, 53.24005073296954], "status": {"36ea797e8411119a9988fe2a0de5a4cc-minimize": 1, "36ea797e8411119a9988fe2a0de5a4cc-top_to_mol2": 1, "36ea797e8411119a9988fe2a0de5a4cc-calc_interdigitation": 6, "36ea797e8411119a9988fe2a0de5a4cc-get_interaction_energy_25nN": 1, "36ea797e8411119a9988fe2a0de5a4cc-shear_5nN": 1, "36ea797e8411119a9988fe2a0de5a4cc-count_hydrogen_bonds": 1, "36ea797e8411119a9988fe2a0de5a4cc-shear_15nN_rerun": 1, "36ea797e8411119a9988fe2a0de5a4cc-shear_25nN_grompp": 1, "36ea797e8411119a9988fe2a0de5a4cc-get_interaction_energy_5nN": 1, "36ea797e8411119a9988fe2a0de5a4cc-equilibrate": 1, "36ea797e8411119a9988fe2a0de5a4cc-compress_grompp": 1, "36ea797e8411119a9988fe2a0de5a4cc-log_S2": 1, "36ea797e8411119a9988fe2a0de5a4cc-shear_15nN_extend": 1, "36ea797e8411119a9988fe2a0de5a4cc-shear_5nN_grompp": 1, "36ea797e8411119a9988fe2a0de5a4cc-shear_5nN_rerun_grompp": 1, "36ea797e8411119a9988fe2a0de5a4cc-unwrap_shear_15nN": 1, "36ea797e8411119a9988fe2a0de5a4cc-calc_S2_shear": 1, "36ea797e8411119a9988fe2a0de5a4cc-log_interaction_energy_5nN": 1, "36ea797e8411119a9988fe2a0de5a4cc-initialize": 1, "36ea797e8411119a9988fe2a0de5a4cc-minimize_grompp": 1, "36ea797e8411119a9988fe2a0de5a4cc-shear_15nN": 1, "36ea797e8411119a9988fe2a0de5a4cc-shear_5nN_extend_grompp": 1, "36ea797e8411119a9988fe2a0de5a4cc-shear_25nN_extend": 1, "36ea797e8411119a9988fe2a0de5a4cc-shear_25nN": 1, "36ea797e8411119a9988fe2a0de5a4cc-calc_roughness": 1, "36ea797e8411119a9988fe2a0de5a4cc-shear_15nN_grompp": 1, "36ea797e8411119a9988fe2a0de5a4cc-log_tilt": 1, "36ea797e8411119a9988fe2a0de5a4cc-unwrap_shear_5nN": 1, "36ea797e8411119a9988fe2a0de5a4cc-get_interaction_energy_15nN": 1, "36ea797e8411119a9988fe2a0de5a4cc-fix_overlaps": 1, "36ea797e8411119a9988fe2a0de5a4cc-log_cof": 1, "36ea797e8411119a9988fe2a0de5a4cc-shear_25nN_rerun_grompp": 1, "36ea797e8411119a9988fe2a0de5a4cc-log_interaction_energy_25nN": 1, "36ea797e8411119a9988fe2a0de5a4cc-calc_tilt_shear": 1, "36ea797e8411119a9988fe2a0de5a4cc-shear_15nN_extend_grompp": 1, "36ea797e8411119a9988fe2a0de5a4cc-shear_5nN_extend": 1, "36ea797e8411119a9988fe2a0de5a4cc-log_interaction_energy_15nN": 1, "36ea797e8411119a9988fe2a0de5a4cc-shear_25nN_extend_grompp": 1, "36ea797e8411119a9988fe2a0de5a4cc-compress": 1, "36ea797e8411119a9988fe2a0de5a4cc-shear_15nN_rerun_grompp": 1, "36ea797e8411119a9988fe2a0de5a4cc-unwrap_shear_25nN": 1, "36ea797e8411119a9988fe2a0de5a4cc-shear_25nN_rerun": 1, "36ea797e8411119a9988fe2a0de5a4cc-lammps_to_gmx": 1, "36ea797e8411119a9988fe2a0de5a4cc-shear_5nN_rerun": 1, "36ea797e8411119a9988fe2a0de5a4cc-calc_friction": 1, "36ea797e8411119a9988fe2a0de5a4cc-equilibrate_grompp": 1}, "shear_25nN_Etotal": [-2793.569730929656, 115.19588406982952], "shear_25nN_qq": [-1492.1541466115107, 114.00045856930622], "ch3-smiles": "CN", "intercept": 3.0573051010990557, "shear_5nN_qq": [-1436.6847090767385, 109.03578740430503], "COF": 0.15809565451943075, "chain-smiles": "CCCCCCCCCCCCCCCCCN", "h-smiles": "N", "entropy_translational": 144.1, "S2": {"25nN": 0.956475038317277, "5nN": 0.9704553251452134, "15nN": 0.9703454196383392}}