{"shear_25nN_lj": [-2603.7105715659472, 65.89967839187767], "dipole_moment": 6.22, "intercept": 3.104003240285918, "shear_15nN_lj": [-2510.832859103917, 69.72920633822334], "shear_25nN_Etotal": [-3540.7903208033567, 121.80618199307443], "interdigitation": {"25nN": 0.188438501375619, "15nN": 0.19265068762240548, "5nN": 0.2099051947213067}, "roughness": {"25nN": 0.05661931769571938, "15nN": 0.057505656290057716, "5nN": 0.059268487593519825}, "polar_solvation_energy": -32.99, "shear_5nN_Etotal": [-3275.776523556355, 142.41652112827816], "tilt": {"25nN": 36.17034922801806, "15nN": 33.248363315252824, "5nN": 30.28236928629264}, "entropy_translational": 168.76, "surface_area": 118.23, "status": {"159f7987d6cb844b265c8a3fb03c9864-top_to_mol2": 1, "159f7987d6cb844b265c8a3fb03c9864-count_hydrogen_bonds": 1, "159f7987d6cb844b265c8a3fb03c9864-unwrap_shear_5nN": 1, "159f7987d6cb844b265c8a3fb03c9864-get_interaction_energy_25nN": 1, "159f7987d6cb844b265c8a3fb03c9864-fix_overlaps": 1, "159f7987d6cb844b265c8a3fb03c9864-shear_5nN_rerun_grompp": 1, "159f7987d6cb844b265c8a3fb03c9864-calc_S2_shear": 1, "159f7987d6cb844b265c8a3fb03c9864-shear_5nN_rerun": 1, "159f7987d6cb844b265c8a3fb03c9864-calc_interdigitation": 6, "159f7987d6cb844b265c8a3fb03c9864-compress_grompp": 1, "159f7987d6cb844b265c8a3fb03c9864-shear_25nN_grompp": 1, "159f7987d6cb844b265c8a3fb03c9864-shear_15nN_extend": 1, "159f7987d6cb844b265c8a3fb03c9864-log_interaction_energy_15nN": 1, "159f7987d6cb844b265c8a3fb03c9864-shear_15nN_rerun_grompp": 1, "159f7987d6cb844b265c8a3fb03c9864-log_cof": 1, "159f7987d6cb844b265c8a3fb03c9864-shear_5nN_grompp": 1, "159f7987d6cb844b265c8a3fb03c9864-equilibrate_grompp": 1, "159f7987d6cb844b265c8a3fb03c9864-shear_15nN_rerun": 1, "159f7987d6cb844b265c8a3fb03c9864-unwrap_shear_15nN": 1, "159f7987d6cb844b265c8a3fb03c9864-lammps_to_gmx": 1, "159f7987d6cb844b265c8a3fb03c9864-shear_25nN_extend": 1, "159f7987d6cb844b265c8a3fb03c9864-initialize": 1, "159f7987d6cb844b265c8a3fb03c9864-shear_25nN_rerun_grompp": 1, "159f7987d6cb844b265c8a3fb03c9864-shear_15nN": 1, "159f7987d6cb844b265c8a3fb03c9864-shear_15nN_grompp": 1, "159f7987d6cb844b265c8a3fb03c9864-shear_25nN_rerun": 1, "159f7987d6cb844b265c8a3fb03c9864-log_interaction_energy_25nN": 1, "159f7987d6cb844b265c8a3fb03c9864-shear_25nN": 1, "159f7987d6cb844b265c8a3fb03c9864-minimize_grompp": 1, "159f7987d6cb844b265c8a3fb03c9864-unwrap_shear_25nN": 1, "159f7987d6cb844b265c8a3fb03c9864-shear_15nN_extend_grompp": 1, "159f7987d6cb844b265c8a3fb03c9864-shear_5nN_extend": 1, "159f7987d6cb844b265c8a3fb03c9864-shear_25nN_extend_grompp": 1, "159f7987d6cb844b265c8a3fb03c9864-calc_roughness": 1, "159f7987d6cb844b265c8a3fb03c9864-minimize": 1, "159f7987d6cb844b265c8a3fb03c9864-calc_tilt_shear": 1, "159f7987d6cb844b265c8a3fb03c9864-get_interaction_energy_15nN": 1, "159f7987d6cb844b265c8a3fb03c9864-log_interaction_energy_5nN": 1, "159f7987d6cb844b265c8a3fb03c9864-shear_5nN_extend_grompp": 1, "159f7987d6cb844b265c8a3fb03c9864-calc_friction": 1, "159f7987d6cb844b265c8a3fb03c9864-equilibrate": 1, "159f7987d6cb844b265c8a3fb03c9864-compress": 1, "159f7987d6cb844b265c8a3fb03c9864-log_tilt": 1, "159f7987d6cb844b265c8a3fb03c9864-get_interaction_energy_5nN": 1, "159f7987d6cb844b265c8a3fb03c9864-log_S2": 1, "159f7987d6cb844b265c8a3fb03c9864-shear_5nN": 1}, "shear_5nN_qq": [-892.2167707705836, 83.67340648514647], "COF": 0.1298059979955348, "shear_25nN_qq": [-937.07974923741, 79.043963022377], "enthalpy_vibrational": 280.86, "shear_15nN_Etotal": [-3409.4807860759392, 124.89416753567804], "total_solvation_energy": -24.48, "molecular_weight": 122.1013, "S2": {"25nN": 0.9029019771699983, "15nN": 0.9087140011214782, "5nN": 0.8917418129987973}, "shear_5nN_lj": [-2383.5597527857713, 75.60627640323922], "shear_15nN_qq": [-898.6479269720224, 76.01283213920651], "nonpolar_solvation_energy": 8.49, "entropy_rotational": 119.66, "entropy_vibrational": 69.31, "heat_capacity_vibrational": 83.45}