{"shear_15nN_Etotal": [-1521.8462488792966, 124.40130210719836], "molecular_weight": 43.0445, "shear_25nN_Etotal": [-1569.061331326139, 129.79486524376222], "surface_area": 66.15, "shear_15nN_qq": [170.5024102973621, 110.54855929226589], "enthalpy_vibrational": 148.05, "shear_5nN_qq": [87.7807421782574, 96.39379560622243], "tilt": {"5nN": 26.596669852107777, "15nN": 30.630361599458677, "25nN": 33.307487789302584}, "intercept": 1.0657447259055028, "shear_25nN_lj": [-1777.4915599888086, 46.93060405793296], "entropy_rotational": 90.56, "shear_5nN_lj": [-1447.9015501454837, 53.66345308773279], "shear_25nN_qq": [208.43022866266986, 119.40356753168248], "nonpolar_solvation_energy": 8.9, "total_solvation_energy": -7.02, "shear_15nN_lj": [-1692.3486591766587, 47.8986637822762], "shear_5nN_Etotal": [-1360.1208079672263, 116.20300846754792], "interdigitation": {"5nN": 0.1020303865488074, "15nN": 0.09954006103570642, "25nN": 0.10169209843528354}, "entropy_vibrational": 16.85, "heat_capacity_vibrational": 22.11, "entropy_translational": 155.95, "status": {"91e9ee6430af57022eff3dfd77054251-log_interaction_energy_25nN": 1, "91e9ee6430af57022eff3dfd77054251-equilibrate_grompp": 1, "91e9ee6430af57022eff3dfd77054251-shear_15nN_rerun_grompp": 1, "91e9ee6430af57022eff3dfd77054251-shear_25nN": 1, "91e9ee6430af57022eff3dfd77054251-get_interaction_energy_5nN": 1, "91e9ee6430af57022eff3dfd77054251-shear_5nN_extend": 1, "91e9ee6430af57022eff3dfd77054251-minimize": 1, "91e9ee6430af57022eff3dfd77054251-count_hydrogen_bonds": 1, "91e9ee6430af57022eff3dfd77054251-fix_overlaps": 1, "91e9ee6430af57022eff3dfd77054251-calc_roughness": 1, "91e9ee6430af57022eff3dfd77054251-shear_15nN": 1, "91e9ee6430af57022eff3dfd77054251-unwrap_shear_5nN": 1, "91e9ee6430af57022eff3dfd77054251-unwrap_shear_25nN": 1, "91e9ee6430af57022eff3dfd77054251-log_tilt": 1, "91e9ee6430af57022eff3dfd77054251-shear_15nN_rerun": 1, "91e9ee6430af57022eff3dfd77054251-shear_5nN": 1, "91e9ee6430af57022eff3dfd77054251-calc_tilt_shear": 1, "91e9ee6430af57022eff3dfd77054251-log_interaction_energy_15nN": 1, "91e9ee6430af57022eff3dfd77054251-calc_S2_shear": 1, "91e9ee6430af57022eff3dfd77054251-unwrap_shear_15nN": 1, "91e9ee6430af57022eff3dfd77054251-calc_interdigitation": 1, "91e9ee6430af57022eff3dfd77054251-initialize": 1, "91e9ee6430af57022eff3dfd77054251-get_interaction_energy_15nN": 1, "91e9ee6430af57022eff3dfd77054251-shear_5nN_grompp": 1, "91e9ee6430af57022eff3dfd77054251-get_interaction_energy_25nN": 1, "91e9ee6430af57022eff3dfd77054251-log_interaction_energy_5nN": 1, "91e9ee6430af57022eff3dfd77054251-top_to_mol2": 1, "91e9ee6430af57022eff3dfd77054251-shear_15nN_extend": 1, "91e9ee6430af57022eff3dfd77054251-shear_25nN_grompp": 1, "91e9ee6430af57022eff3dfd77054251-shear_25nN_rerun_grompp": 1, "91e9ee6430af57022eff3dfd77054251-compress_grompp": 1, "91e9ee6430af57022eff3dfd77054251-shear_25nN_extend": 1, "91e9ee6430af57022eff3dfd77054251-calc_friction": 1, "91e9ee6430af57022eff3dfd77054251-equilibrate": 1, "91e9ee6430af57022eff3dfd77054251-shear_5nN_rerun_grompp": 1, "91e9ee6430af57022eff3dfd77054251-shear_25nN_extend_grompp": 1, "91e9ee6430af57022eff3dfd77054251-log_S2": 1, "91e9ee6430af57022eff3dfd77054251-log_cof": 1, "91e9ee6430af57022eff3dfd77054251-minimize_grompp": 1, "91e9ee6430af57022eff3dfd77054251-shear_15nN_grompp": 1, "91e9ee6430af57022eff3dfd77054251-shear_15nN_extend_grompp": 1, "91e9ee6430af57022eff3dfd77054251-compress": 1, "91e9ee6430af57022eff3dfd77054251-lammps_to_gmx": 1, "91e9ee6430af57022eff3dfd77054251-shear_25nN_rerun": 1, "91e9ee6430af57022eff3dfd77054251-shear_5nN_extend_grompp": 1, "91e9ee6430af57022eff3dfd77054251-shear_5nN_rerun": 1}, "S2": {"5nN": 0.7176187818163048, "15nN": 0.7132578994280795, "25nN": 0.7172056375186634}, "polar_solvation_energy": -15.94, "COF": 0.1680728741363617, "roughness": {"5nN": 0.05275056810034569, "15nN": 0.04817699190183579, "25nN": 0.04714464533300885}, "dipole_moment": 3.16}