{"shear_15nN_Etotal": [-3496.722735203038, 204.26610879658958], "molecular_weight": 46.0055, "shear_25nN_Etotal": [-3323.2139229552363, 190.77601632545023], "surface_area": 59.09, "shear_15nN_qq": [-1453.7963648665068, 184.1945346057362], "enthalpy_vibrational": 62.86, "shear_5nN_qq": [-1581.6085104508393, 175.7069359281109], "tilt": {"5nN": 28.294972995799103, "15nN": 32.07784633557217, "25nN": 34.97323593738691}, "intercept": 2.4151572463580226, "shear_25nN_lj": [-2131.5244041111114, 53.93344792323811], "entropy_rotational": 85.69, "shear_5nN_lj": [-1865.8983106354913, 59.29114073828416], "shear_25nN_qq": [-1191.6895188441247, 172.06252376251624], "nonpolar_solvation_energy": 4.77, "total_solvation_energy": -43.93, "shear_15nN_lj": [-2042.9263703365305, 55.30829881158717], "shear_5nN_Etotal": [-3447.506821086331, 205.84273977770522], "interdigitation": {"5nN": 0.12776939225501868, "15nN": 0.13165131665112081, "25nN": 0.12526029393178115}, "entropy_vibrational": 1.77, "heat_capacity_vibrational": 5.42, "entropy_translational": 156.76, "roughness": {"5nN": 0.04883606067735805, "15nN": 0.04831519803106511, "25nN": 0.0453517932445985}, "S2": {"5nN": 0.7218502782627791, "15nN": 0.70630458771728, "25nN": 0.7064536994835414}, "dipole_moment": 3.81, "COF": 0.14969652843479148, "status": {"0124b5aab043d94a5021f6c209a9fe5e-shear_25nN_grompp": 1, "0124b5aab043d94a5021f6c209a9fe5e-shear_15nN_rerun": 1, "0124b5aab043d94a5021f6c209a9fe5e-shear_15nN_extend": 1, "0124b5aab043d94a5021f6c209a9fe5e-calc_tilt_shear": 1, "0124b5aab043d94a5021f6c209a9fe5e-unwrap_shear_15nN": 1, "0124b5aab043d94a5021f6c209a9fe5e-get_interaction_energy_5nN": 1, "0124b5aab043d94a5021f6c209a9fe5e-initialize": 1, "0124b5aab043d94a5021f6c209a9fe5e-compress_grompp": 1, "0124b5aab043d94a5021f6c209a9fe5e-shear_25nN": 1, "0124b5aab043d94a5021f6c209a9fe5e-calc_S2_shear": 1, "0124b5aab043d94a5021f6c209a9fe5e-shear_5nN_extend_grompp": 1, "0124b5aab043d94a5021f6c209a9fe5e-log_interaction_energy_15nN": 1, "0124b5aab043d94a5021f6c209a9fe5e-get_interaction_energy_15nN": 1, "0124b5aab043d94a5021f6c209a9fe5e-top_to_mol2": 1, "0124b5aab043d94a5021f6c209a9fe5e-lammps_to_gmx": 1, "0124b5aab043d94a5021f6c209a9fe5e-shear_5nN_grompp": 1, "0124b5aab043d94a5021f6c209a9fe5e-log_tilt": 1, "0124b5aab043d94a5021f6c209a9fe5e-shear_5nN_extend": 1, "0124b5aab043d94a5021f6c209a9fe5e-shear_25nN_rerun_grompp": 1, "0124b5aab043d94a5021f6c209a9fe5e-log_interaction_energy_5nN": 1, "0124b5aab043d94a5021f6c209a9fe5e-minimize_grompp": 1, "0124b5aab043d94a5021f6c209a9fe5e-shear_15nN_extend_grompp": 1, "0124b5aab043d94a5021f6c209a9fe5e-shear_5nN_rerun_grompp": 1, "0124b5aab043d94a5021f6c209a9fe5e-calc_interdigitation": 1, "0124b5aab043d94a5021f6c209a9fe5e-log_S2": 1, "0124b5aab043d94a5021f6c209a9fe5e-shear_15nN_rerun_grompp": 1, "0124b5aab043d94a5021f6c209a9fe5e-shear_5nN": 1, "0124b5aab043d94a5021f6c209a9fe5e-count_hydrogen_bonds": 1, "0124b5aab043d94a5021f6c209a9fe5e-compress": 1, "0124b5aab043d94a5021f6c209a9fe5e-minimize": 1, "0124b5aab043d94a5021f6c209a9fe5e-shear_5nN_rerun": 1, "0124b5aab043d94a5021f6c209a9fe5e-shear_25nN_extend": 1, "0124b5aab043d94a5021f6c209a9fe5e-shear_15nN_grompp": 1, "0124b5aab043d94a5021f6c209a9fe5e-get_interaction_energy_25nN": 1, "0124b5aab043d94a5021f6c209a9fe5e-calc_roughness": 1, "0124b5aab043d94a5021f6c209a9fe5e-log_cof": 1, "0124b5aab043d94a5021f6c209a9fe5e-fix_overlaps": 1, "0124b5aab043d94a5021f6c209a9fe5e-shear_25nN_rerun": 1, "0124b5aab043d94a5021f6c209a9fe5e-calc_friction": 1, "0124b5aab043d94a5021f6c209a9fe5e-equilibrate": 1, "0124b5aab043d94a5021f6c209a9fe5e-log_interaction_energy_25nN": 1, "0124b5aab043d94a5021f6c209a9fe5e-unwrap_shear_25nN": 1, "0124b5aab043d94a5021f6c209a9fe5e-equilibrate_grompp": 1, "0124b5aab043d94a5021f6c209a9fe5e-shear_15nN": 1, "0124b5aab043d94a5021f6c209a9fe5e-unwrap_shear_5nN": 1, "0124b5aab043d94a5021f6c209a9fe5e-shear_25nN_extend_grompp": 1}, "polar_solvation_energy": -48.71}