{"S2": {"5nN": 0.9625965950362325, "15nN": 0.9491500790740964, "25nN": 0.9428014812582521}, "intercept": 3.3293009484814142, "dipole_moment": 1.63, "shear_15nN_qq": [-1444.7717688577138, 124.6082820024713], "polar_solvation_energy": -10.38, "shear_15nN_Etotal": [-2698.219217525979, 122.75181635300477], "COF": 0.14259256655587293, "entropy_vibrational": 0.11, "shear_5nN_Etotal": [-2575.74672690008, 127.33032482368472], "roughness": {"5nN": 0.059673986063705366, "15nN": 0.054273662053654734, "25nN": 0.05368389539708355}, "interdigitation": {"5nN": 0.12660932910481357, "15nN": 0.12352119471545663, "25nN": 0.12150303914347393}, "shear_5nN_lj": [-1144.9493661510792, 50.94177191672831], "molecular_weight": 16.0225, "shear_25nN_lj": [-1301.6013743749002, 56.73150746725529], "tilt": {"5nN": 35.75247299035294, "15nN": 38.40426503737727, "25nN": 40.16206927356401}, "shear_5nN_qq": [-1430.7973607490007, 120.8504616674395], "nonpolar_solvation_energy": 5.48, "total_solvation_energy": -4.92, "surface_area": 42.91, "shear_25nN_Etotal": [-2745.5160390383694, 117.65133969143504], "shear_15nN_lj": [-1253.4474486682655, 53.27082040160566], "enthalpy_vibrational": 92.73, "shear_25nN_qq": [-1443.9146646634692, 118.9770491643206], "status": {"cd999373f26feb16470a1bd46d1e50d5-shear_15nN_rerun_grompp": 1, "cd999373f26feb16470a1bd46d1e50d5-top_to_mol2": 1, "cd999373f26feb16470a1bd46d1e50d5-log_interaction_energy_25nN": 1, "cd999373f26feb16470a1bd46d1e50d5-compress_grompp": 1, "cd999373f26feb16470a1bd46d1e50d5-shear_25nN_grompp": 1, "cd999373f26feb16470a1bd46d1e50d5-log_interaction_energy_5nN": 1, "cd999373f26feb16470a1bd46d1e50d5-log_interaction_energy_15nN": 1, "cd999373f26feb16470a1bd46d1e50d5-shear_25nN": 1, "cd999373f26feb16470a1bd46d1e50d5-log_cof": 1, "cd999373f26feb16470a1bd46d1e50d5-count_hydrogen_bonds": 1, "cd999373f26feb16470a1bd46d1e50d5-shear_5nN_rerun_grompp": 1, "cd999373f26feb16470a1bd46d1e50d5-calc_interdigitation": 6, "cd999373f26feb16470a1bd46d1e50d5-lammps_to_gmx": 1, "cd999373f26feb16470a1bd46d1e50d5-minimize_grompp": 1, "cd999373f26feb16470a1bd46d1e50d5-calc_friction": 1, "cd999373f26feb16470a1bd46d1e50d5-compress": 1, "cd999373f26feb16470a1bd46d1e50d5-log_tilt": 1, "cd999373f26feb16470a1bd46d1e50d5-unwrap_shear_5nN": 1, "cd999373f26feb16470a1bd46d1e50d5-shear_15nN_rerun": 1, "cd999373f26feb16470a1bd46d1e50d5-shear_25nN_extend": 1, "cd999373f26feb16470a1bd46d1e50d5-log_S2": 1, "cd999373f26feb16470a1bd46d1e50d5-get_interaction_energy_25nN": 1, "cd999373f26feb16470a1bd46d1e50d5-get_interaction_energy_15nN": 1, "cd999373f26feb16470a1bd46d1e50d5-calc_tilt_shear": 1, "cd999373f26feb16470a1bd46d1e50d5-unwrap_shear_15nN": 1, "cd999373f26feb16470a1bd46d1e50d5-shear_25nN_rerun_grompp": 1, "cd999373f26feb16470a1bd46d1e50d5-minimize": 1, "cd999373f26feb16470a1bd46d1e50d5-calc_S2_shear": 1, "cd999373f26feb16470a1bd46d1e50d5-equilibrate": 1, "cd999373f26feb16470a1bd46d1e50d5-equilibrate_grompp": 1, "cd999373f26feb16470a1bd46d1e50d5-shear_15nN_grompp": 1, "cd999373f26feb16470a1bd46d1e50d5-shear_15nN_extend_grompp": 1, "cd999373f26feb16470a1bd46d1e50d5-shear_5nN": 1, "cd999373f26feb16470a1bd46d1e50d5-shear_25nN_extend_grompp": 1, "cd999373f26feb16470a1bd46d1e50d5-shear_15nN_extend": 1, "cd999373f26feb16470a1bd46d1e50d5-shear_5nN_rerun": 1, "cd999373f26feb16470a1bd46d1e50d5-calc_roughness": 1, "cd999373f26feb16470a1bd46d1e50d5-unwrap_shear_25nN": 1, "cd999373f26feb16470a1bd46d1e50d5-fix_overlaps": 1, "cd999373f26feb16470a1bd46d1e50d5-initialize": 1, "cd999373f26feb16470a1bd46d1e50d5-shear_5nN_grompp": 1, "cd999373f26feb16470a1bd46d1e50d5-get_interaction_energy_5nN": 1, "cd999373f26feb16470a1bd46d1e50d5-shear_25nN_rerun": 1, "cd999373f26feb16470a1bd46d1e50d5-shear_5nN_extend": 1, "cd999373f26feb16470a1bd46d1e50d5-shear_15nN": 1, "cd999373f26feb16470a1bd46d1e50d5-shear_5nN_extend_grompp": 1}, "heat_capacity_vibrational": 0.69, "entropy_rotational": 56.63, "entropy_translational": 144.1}