{"enthalpy_vibrational": 43.98, "shear_5nN_Etotal": [-3481.9538929232617, 215.0888214482255], "heat_capacity_vibrational": 4.71, "entropy_vibrational": 1.39, "interdigitation": {"25nN": 0.15106234600746402, "5nN": 0.17082516516990412, "15nN": 0.15513356235149214}, "polar_solvation_energy": -17.95, "shear_15nN_qq": [-1878.0694397569944, 181.43432095116503], "nonpolar_solvation_energy": 9.82, "molecular_weight": 26.0174, "shear_15nN_Etotal": [-3333.821075355715, 200.66950591435523], "roughness": {"25nN": 0.063884327846682, "5nN": 0.06756838253070642, "15nN": 0.06424577748979284}, "tilt": {"25nN": 37.665077406312164, "5nN": 32.715995492915496, "15nN": 35.38639942566823}, "shear_15nN_lj": [-1455.751635598721, 47.488654910564414], "surface_area": 55.12, "total_solvation_energy": -8.13, "dipole_moment": 3.41, "entropy_rotational": 49.42, "shear_25nN_lj": [-1523.501764310152, 50.28064575329629], "shear_5nN_lj": [-1325.768459543565, 51.29028415408714], "status": {"cb10e49c487596dc916b3f8c444fd8a1-equilibrate_grompp": 1, "cb10e49c487596dc916b3f8c444fd8a1-log_interaction_energy_25nN": 1, "cb10e49c487596dc916b3f8c444fd8a1-shear_5nN": 1, "cb10e49c487596dc916b3f8c444fd8a1-shear_15nN_rerun_grompp": 1, "cb10e49c487596dc916b3f8c444fd8a1-compress": 1, "cb10e49c487596dc916b3f8c444fd8a1-count_hydrogen_bonds": 1, "cb10e49c487596dc916b3f8c444fd8a1-unwrap_shear_15nN": 1, "cb10e49c487596dc916b3f8c444fd8a1-calc_S2_shear": 1, "cb10e49c487596dc916b3f8c444fd8a1-get_interaction_energy_5nN": 1, "cb10e49c487596dc916b3f8c444fd8a1-shear_5nN_grompp": 1, "cb10e49c487596dc916b3f8c444fd8a1-shear_5nN_rerun_grompp": 1, "cb10e49c487596dc916b3f8c444fd8a1-unwrap_shear_25nN": 1, "cb10e49c487596dc916b3f8c444fd8a1-unwrap_shear_5nN": 1, "cb10e49c487596dc916b3f8c444fd8a1-initialize": 1, "cb10e49c487596dc916b3f8c444fd8a1-calc_roughness": 1, "cb10e49c487596dc916b3f8c444fd8a1-shear_15nN_extend_grompp": 1, "cb10e49c487596dc916b3f8c444fd8a1-calc_friction": 1, "cb10e49c487596dc916b3f8c444fd8a1-log_tilt": 1, "cb10e49c487596dc916b3f8c444fd8a1-shear_15nN_rerun": 1, "cb10e49c487596dc916b3f8c444fd8a1-shear_15nN_extend": 1, "cb10e49c487596dc916b3f8c444fd8a1-shear_15nN_grompp": 1, "cb10e49c487596dc916b3f8c444fd8a1-minimize": 1, "cb10e49c487596dc916b3f8c444fd8a1-shear_25nN_rerun_grompp": 1, "cb10e49c487596dc916b3f8c444fd8a1-compress_grompp": 1, "cb10e49c487596dc916b3f8c444fd8a1-shear_25nN_grompp": 1, "cb10e49c487596dc916b3f8c444fd8a1-log_interaction_energy_5nN": 1, "cb10e49c487596dc916b3f8c444fd8a1-shear_25nN_rerun": 1, "cb10e49c487596dc916b3f8c444fd8a1-calc_interdigitation": 3, "cb10e49c487596dc916b3f8c444fd8a1-calc_tilt_shear": 1, "cb10e49c487596dc916b3f8c444fd8a1-lammps_to_gmx": 1, "cb10e49c487596dc916b3f8c444fd8a1-shear_5nN_extend": 1, "cb10e49c487596dc916b3f8c444fd8a1-top_to_mol2": 1, "cb10e49c487596dc916b3f8c444fd8a1-shear_5nN_extend_grompp": 1, "cb10e49c487596dc916b3f8c444fd8a1-shear_5nN_rerun": 1, "cb10e49c487596dc916b3f8c444fd8a1-minimize_grompp": 1, "cb10e49c487596dc916b3f8c444fd8a1-shear_25nN_extend": 1, "cb10e49c487596dc916b3f8c444fd8a1-shear_25nN": 1, "cb10e49c487596dc916b3f8c444fd8a1-shear_15nN": 1, "cb10e49c487596dc916b3f8c444fd8a1-shear_25nN_extend_grompp": 1, "cb10e49c487596dc916b3f8c444fd8a1-log_S2": 1, "cb10e49c487596dc916b3f8c444fd8a1-log_cof": 1, "cb10e49c487596dc916b3f8c444fd8a1-get_interaction_energy_15nN": 1, "cb10e49c487596dc916b3f8c444fd8a1-equilibrate": 1, "cb10e49c487596dc916b3f8c444fd8a1-fix_overlaps": 1, "cb10e49c487596dc916b3f8c444fd8a1-log_interaction_energy_15nN": 1, "cb10e49c487596dc916b3f8c444fd8a1-get_interaction_energy_25nN": 1}, "shear_25nN_Etotal": [-3260.8795929080734, 179.27173672702926], "shear_25nN_qq": [-1737.3778285979215, 164.81039943061663], "ch3-smiles": "CC#N", "intercept": 3.0993746364733235, "shear_5nN_qq": [-2156.185433379696, 192.18702623968983], "COF": 0.10936793421612867, "chain-smiles": "CCCCCCCCCCCCCCCCCC#N", "h-smiles": "C#N", "entropy_translational": 149.86, "S2": {"25nN": 0.8426742392072143, "5nN": 0.8479383080680971, "15nN": 0.8542257484116079}}