{"shear_15nN_Etotal": [-3784.7881716123097, 169.8872538500939], "molecular_weight": 17.0073, "shear_25nN_Etotal": [-3868.895616899281, 166.17667248145915], "surface_area": 42.49, "shear_15nN_qq": [-2437.6754614756196, 171.59607767458314], "enthalpy_vibrational": 57.43, "shear_5nN_qq": [-2368.696101804956, 172.18056856833047], "tilt": {"5nN": 34.97304760997481, "15nN": 37.89062881877119, "25nN": 39.76266807397409}, "intercept": 4.974154085579007, "shear_25nN_lj": [-1392.535658286171, 67.24141605585473], "entropy_rotational": 49.19, "shear_5nN_lj": [-1234.0338615027977, 63.5662599171469], "shear_25nN_qq": [-2476.35995861311, 172.58476912812898], "nonpolar_solvation_energy": 2.8, "total_solvation_energy": -12.83, "shear_15nN_lj": [-1347.1127101366908, 64.84462628060454], "shear_5nN_Etotal": [-3602.7299633077537, 174.23872389502813], "interdigitation": {"5nN": 0.1199668497827508, "15nN": 0.11678541746919266, "25nN": 0.12919989794266612}, "entropy_vibrational": 0.02, "heat_capacity_vibrational": 0.13, "entropy_translational": 144.8, "status": {"fb97e04430292ea10f902debbb79f607-unwrap_shear_5nN": 1, "fb97e04430292ea10f902debbb79f607-shear_5nN": 1, "fb97e04430292ea10f902debbb79f607-shear_5nN_extend": 1, "fb97e04430292ea10f902debbb79f607-calc_tilt_shear": 1, "fb97e04430292ea10f902debbb79f607-log_S2": 1, "fb97e04430292ea10f902debbb79f607-shear_25nN_extend": 1, "fb97e04430292ea10f902debbb79f607-log_tilt": 1, "fb97e04430292ea10f902debbb79f607-minimize_grompp": 1, "fb97e04430292ea10f902debbb79f607-shear_25nN": 1, "fb97e04430292ea10f902debbb79f607-calc_interdigitation": 1, "fb97e04430292ea10f902debbb79f607-minimize": 1, "fb97e04430292ea10f902debbb79f607-calc_S2_shear": 1, "fb97e04430292ea10f902debbb79f607-compress": 1, "fb97e04430292ea10f902debbb79f607-lammps_to_gmx": 1, "fb97e04430292ea10f902debbb79f607-shear_5nN_rerun": 1, "fb97e04430292ea10f902debbb79f607-log_cof": 1, "fb97e04430292ea10f902debbb79f607-shear_15nN": 1, "fb97e04430292ea10f902debbb79f607-shear_25nN_rerun_grompp": 1, "fb97e04430292ea10f902debbb79f607-shear_15nN_grompp": 1, "fb97e04430292ea10f902debbb79f607-get_interaction_energy_25nN": 1, "fb97e04430292ea10f902debbb79f607-log_interaction_energy_5nN": 1, "fb97e04430292ea10f902debbb79f607-shear_15nN_rerun_grompp": 1, "fb97e04430292ea10f902debbb79f607-calc_roughness": 1, "fb97e04430292ea10f902debbb79f607-shear_5nN_rerun_grompp": 1, "fb97e04430292ea10f902debbb79f607-shear_15nN_extend": 1, "fb97e04430292ea10f902debbb79f607-equilibrate_grompp": 1, "fb97e04430292ea10f902debbb79f607-get_interaction_energy_5nN": 1, "fb97e04430292ea10f902debbb79f607-shear_15nN_extend_grompp": 1, "fb97e04430292ea10f902debbb79f607-shear_5nN_grompp": 1, "fb97e04430292ea10f902debbb79f607-initialize": 1, "fb97e04430292ea10f902debbb79f607-get_interaction_energy_15nN": 1, "fb97e04430292ea10f902debbb79f607-unwrap_shear_25nN": 1, "fb97e04430292ea10f902debbb79f607-shear_15nN_rerun": 1, "fb97e04430292ea10f902debbb79f607-compress_grompp": 1, "fb97e04430292ea10f902debbb79f607-log_interaction_energy_25nN": 1, "fb97e04430292ea10f902debbb79f607-equilibrate": 1, "fb97e04430292ea10f902debbb79f607-shear_25nN_rerun": 1, "fb97e04430292ea10f902debbb79f607-calc_friction": 1, "fb97e04430292ea10f902debbb79f607-count_hydrogen_bonds": 1, "fb97e04430292ea10f902debbb79f607-shear_5nN_extend_grompp": 1, "fb97e04430292ea10f902debbb79f607-shear_25nN_extend_grompp": 1, "fb97e04430292ea10f902debbb79f607-top_to_mol2": 1, "fb97e04430292ea10f902debbb79f607-unwrap_shear_15nN": 1, "fb97e04430292ea10f902debbb79f607-fix_overlaps": 1, "fb97e04430292ea10f902debbb79f607-log_interaction_energy_15nN": 1, "fb97e04430292ea10f902debbb79f607-shear_25nN_grompp": 1}, "S2": {"5nN": 0.9529322059799744, "15nN": 0.9484452164770781, "25nN": 0.9518990875155597}, "dipole_moment": 1.88, "COF": 0.16636827947664212, "roughness": {"5nN": 0.05650949982611995, "15nN": 0.05151319518564538, "25nN": 0.05780643816317452}, "polar_solvation_energy": -15.61}