{"nonpolar_solvation_energy": 2.8, "enthalpy_vibrational": 57.43, "tilt": {"5nN": 29.15539164264663, "25nN": 35.0140769140263, "15nN": 33.04548000957401}, "entropy_vibrational": 0.02, "shear_5nN_lj": [-1131.2827098041566, 68.19667501369577], "entropy_translational": 144.8, "entropy_rotational": 49.19, "shear_25nN_qq": [-2429.6204441822542, 204.14560095886324], "molecular_weight": 17.0073, "interdigitation": {"15nN": 0.17036889752571868, "5nN": 0.1580117832512516, "25nN": 0.17612578954062758}, "roughness": {"5nN": 0.07432774878334425, "25nN": 0.07356558248729989, "15nN": 0.07368412498937431}, "shear_25nN_lj": [-1363.3499696426857, 73.61050664039415], "shear_15nN_lj": [-1300.634243388489, 72.61485016800154], "status": {"05193865f3e530579d17e2200345c77b-shear_15nN_rerun_grompp": 1, "05193865f3e530579d17e2200345c77b-equilibrate_grompp": 1, "05193865f3e530579d17e2200345c77b-log_interaction_energy_5nN": 1, "05193865f3e530579d17e2200345c77b-unwrap_shear_25nN": 1, "05193865f3e530579d17e2200345c77b-shear_25nN_extend_grompp": 1, "05193865f3e530579d17e2200345c77b-shear_15nN_extend_grompp": 1, "05193865f3e530579d17e2200345c77b-shear_5nN_extend_grompp": 1, "05193865f3e530579d17e2200345c77b-minimize": 1, "05193865f3e530579d17e2200345c77b-shear_5nN": 1, "05193865f3e530579d17e2200345c77b-initialize": 1, "05193865f3e530579d17e2200345c77b-log_S2": 1, "05193865f3e530579d17e2200345c77b-shear_15nN_grompp": 1, "05193865f3e530579d17e2200345c77b-shear_15nN_extend": 1, "05193865f3e530579d17e2200345c77b-log_tilt": 1, "05193865f3e530579d17e2200345c77b-compress_grompp": 1, "05193865f3e530579d17e2200345c77b-calc_S2_shear": 1, "05193865f3e530579d17e2200345c77b-count_hydrogen_bonds": 1, "05193865f3e530579d17e2200345c77b-shear_25nN_grompp": 1, "05193865f3e530579d17e2200345c77b-shear_25nN_rerun_grompp": 1, "05193865f3e530579d17e2200345c77b-shear_5nN_rerun_grompp": 1, "05193865f3e530579d17e2200345c77b-unwrap_shear_15nN": 1, "05193865f3e530579d17e2200345c77b-shear_25nN_extend": 1, "05193865f3e530579d17e2200345c77b-shear_5nN_rerun": 1, "05193865f3e530579d17e2200345c77b-shear_5nN_extend": 1, "05193865f3e530579d17e2200345c77b-minimize_grompp": 1, "05193865f3e530579d17e2200345c77b-calc_interdigitation": 6, "05193865f3e530579d17e2200345c77b-get_interaction_energy_15nN": 1, "05193865f3e530579d17e2200345c77b-shear_25nN": 1, "05193865f3e530579d17e2200345c77b-shear_5nN_grompp": 1, "05193865f3e530579d17e2200345c77b-calc_roughness": 1, "05193865f3e530579d17e2200345c77b-get_interaction_energy_25nN": 1, "05193865f3e530579d17e2200345c77b-equilibrate": 1, "05193865f3e530579d17e2200345c77b-calc_friction": 1, "05193865f3e530579d17e2200345c77b-log_interaction_energy_15nN": 1, "05193865f3e530579d17e2200345c77b-shear_25nN_rerun": 1, "05193865f3e530579d17e2200345c77b-shear_15nN": 1, "05193865f3e530579d17e2200345c77b-lammps_to_gmx": 1, "05193865f3e530579d17e2200345c77b-unwrap_shear_5nN": 1, "05193865f3e530579d17e2200345c77b-shear_15nN_rerun": 1, "05193865f3e530579d17e2200345c77b-log_interaction_energy_25nN": 1, "05193865f3e530579d17e2200345c77b-calc_tilt_shear": 1, "05193865f3e530579d17e2200345c77b-fix_overlaps": 1, "05193865f3e530579d17e2200345c77b-compress": 1, "05193865f3e530579d17e2200345c77b-top_to_mol2": 1, "05193865f3e530579d17e2200345c77b-log_cof": 1, "05193865f3e530579d17e2200345c77b-get_interaction_energy_5nN": 1}, "shear_25nN_Etotal": [-3792.9704138249394, 193.86757629815642], "shear_5nN_qq": [-2342.221318647482, 178.236865109001], "heat_capacity_vibrational": 0.13, "shear_5nN_Etotal": [-3473.5040284516385, 181.1368453158957], "shear_15nN_Etotal": [-3714.9382926171065, 205.5192869448647], "shear_15nN_qq": [-2414.3040492286173, 212.65243890003464], "S2": {"5nN": 0.7926268720511421, "25nN": 0.7851459428279055, "15nN": 0.7952817868785403}, "surface_area": 42.49, "total_solvation_energy": -12.83, "polar_solvation_energy": -15.61, "dipole_moment": 1.88, "intercept": 5.094979184927291, "COF": 0.21545810579534297}