{"enthalpy_vibrational": 43.98, "shear_5nN_Etotal": [-2849.261893701039, 182.58525481102853], "heat_capacity_vibrational": 4.71, "entropy_vibrational": 1.39, "interdigitation": {"25nN": 0.1311600685407734, "5nN": 0.13583257561224357, "15nN": 0.12022123573970585}, "polar_solvation_energy": -17.95, "shear_15nN_qq": [-1381.8234718521182, 132.87056547243904], "nonpolar_solvation_energy": 9.82, "molecular_weight": 26.0174, "shear_15nN_Etotal": [-2834.381616255795, 143.7547654387711], "roughness": {"25nN": 0.05915260549265162, "5nN": 0.0544670909708818, "15nN": 0.053917740059650145}, "tilt": {"25nN": 38.597196867323085, "5nN": 33.84647370695719, "15nN": 37.22280634954751}, "shear_15nN_lj": [-1452.5581444036773, 44.20016669804573], "surface_area": 55.12, "total_solvation_energy": -8.13, "dipole_moment": 3.41, "entropy_rotational": 49.42, "shear_25nN_lj": [-1515.118723581135, 47.54976207168829], "shear_25nN_qq": [-1421.1948280311751, 156.18184262779002], "ch3-smiles": "CC#N", "status": {"8f38330b79546b8e481df9d4c645e6fa-unwrap_shear_25nN": 1, "8f38330b79546b8e481df9d4c645e6fa-minimize_grompp": 1, "8f38330b79546b8e481df9d4c645e6fa-shear_15nN_extend_grompp": 1, "8f38330b79546b8e481df9d4c645e6fa-shear_15nN": 1, "8f38330b79546b8e481df9d4c645e6fa-shear_25nN": 1, "8f38330b79546b8e481df9d4c645e6fa-top_to_mol2": 1, "8f38330b79546b8e481df9d4c645e6fa-shear_25nN_rerun_grompp": 1, "8f38330b79546b8e481df9d4c645e6fa-log_tilt": 1, "8f38330b79546b8e481df9d4c645e6fa-log_cof": 1, "8f38330b79546b8e481df9d4c645e6fa-shear_5nN_rerun": 1, "8f38330b79546b8e481df9d4c645e6fa-shear_25nN_grompp": 1, "8f38330b79546b8e481df9d4c645e6fa-shear_25nN_extend_grompp": 1, "8f38330b79546b8e481df9d4c645e6fa-equilibrate_grompp": 1, "8f38330b79546b8e481df9d4c645e6fa-unwrap_shear_5nN": 1, "8f38330b79546b8e481df9d4c645e6fa-log_interaction_energy_25nN": 1, "8f38330b79546b8e481df9d4c645e6fa-equilibrate": 1, "8f38330b79546b8e481df9d4c645e6fa-count_hydrogen_bonds": 1, "8f38330b79546b8e481df9d4c645e6fa-fix_overlaps": 1, "8f38330b79546b8e481df9d4c645e6fa-shear_15nN_grompp": 1, "8f38330b79546b8e481df9d4c645e6fa-shear_25nN_rerun": 1, "8f38330b79546b8e481df9d4c645e6fa-get_interaction_energy_15nN": 1, "8f38330b79546b8e481df9d4c645e6fa-shear_15nN_extend": 1, "8f38330b79546b8e481df9d4c645e6fa-calc_friction": 1, "8f38330b79546b8e481df9d4c645e6fa-initialize": 1, "8f38330b79546b8e481df9d4c645e6fa-unwrap_shear_15nN": 1, "8f38330b79546b8e481df9d4c645e6fa-shear_5nN_grompp": 1, "8f38330b79546b8e481df9d4c645e6fa-shear_5nN_extend_grompp": 1, "8f38330b79546b8e481df9d4c645e6fa-log_interaction_energy_15nN": 1, "8f38330b79546b8e481df9d4c645e6fa-lammps_to_gmx": 1, "8f38330b79546b8e481df9d4c645e6fa-calc_interdigitation": 6, "8f38330b79546b8e481df9d4c645e6fa-calc_tilt_shear": 1, "8f38330b79546b8e481df9d4c645e6fa-calc_roughness": 1, "8f38330b79546b8e481df9d4c645e6fa-shear_15nN_rerun": 1, "8f38330b79546b8e481df9d4c645e6fa-log_interaction_energy_5nN": 1, "8f38330b79546b8e481df9d4c645e6fa-minimize": 1, "8f38330b79546b8e481df9d4c645e6fa-shear_5nN_rerun_grompp": 1, "8f38330b79546b8e481df9d4c645e6fa-shear_15nN_rerun_grompp": 1, "8f38330b79546b8e481df9d4c645e6fa-shear_25nN_extend": 1, "8f38330b79546b8e481df9d4c645e6fa-compress": 1, "8f38330b79546b8e481df9d4c645e6fa-shear_5nN": 1, "8f38330b79546b8e481df9d4c645e6fa-shear_5nN_extend": 1, "8f38330b79546b8e481df9d4c645e6fa-compress_grompp": 1, "8f38330b79546b8e481df9d4c645e6fa-log_S2": 1, "8f38330b79546b8e481df9d4c645e6fa-get_interaction_energy_5nN": 1, "8f38330b79546b8e481df9d4c645e6fa-calc_S2_shear": 1, "8f38330b79546b8e481df9d4c645e6fa-get_interaction_energy_25nN": 1}, "shear_25nN_Etotal": [-2936.31355161231, 169.9069130306465], "intercept": 2.4163709774643585, "shear_5nN_qq": [-1518.0624013429256, 159.4759675527548], "COF": 0.09146393253612235, "chain-smiles": "CCCCCCCCCCCCCCCCCC#N", "shear_5nN_lj": [-1331.1994923581135, 48.03686017459795], "h-smiles": "C#N", "entropy_translational": 149.86, "S2": {"25nN": 0.9042523666594346, "5nN": 0.9224872770441108, "15nN": 0.9025998366499872}}