{"shear_15nN_Etotal": [-1483.250639598721, 62.13584665403611], "molecular_weight": 77.1037, "shear_25nN_Etotal": [-1586.5447363868907, 58.407569408217206], "surface_area": 93.44, "shear_15nN_qq": [224.77991056834531, 26.3395279253068], "enthalpy_vibrational": 263.87, "shear_5nN_qq": [257.07942381215025, 21.30984883703651], "tilt": {"5nN": 23.30449726710763, "15nN": 27.28368624986395, "25nN": 29.877058090273614}, "intercept": 1.5547526563840668, "shear_25nN_lj": [-1791.302664689049, 50.62873273423672], "entropy_rotational": 107.29, "shear_5nN_lj": [-1513.448610541167, 55.33506072368661], "shear_25nN_qq": [204.7579283021583, 29.17932985792577], "nonpolar_solvation_energy": 6.77, "total_solvation_energy": 1.89, "shear_15nN_lj": [-1708.0305501670666, 52.642118540923846], "shear_5nN_Etotal": [-1256.3691867290167, 64.46815380823509], "interdigitation": {"5nN": 0.0913788850143767, "15nN": 0.08881875599758556, "25nN": 0.09077664815746452}, "entropy_vibrational": 20.79, "heat_capacity_vibrational": 48.68, "entropy_translational": 163.09, "status": {"f5ac4b756fdb6084a1ede97c3b45b290-fix_overlaps": 1, "f5ac4b756fdb6084a1ede97c3b45b290-get_interaction_energy_5nN": 1, "f5ac4b756fdb6084a1ede97c3b45b290-minimize": 1, "f5ac4b756fdb6084a1ede97c3b45b290-minimize_grompp": 1, "f5ac4b756fdb6084a1ede97c3b45b290-shear_25nN_rerun": 1, "f5ac4b756fdb6084a1ede97c3b45b290-lammps_to_gmx": 1, "f5ac4b756fdb6084a1ede97c3b45b290-log_interaction_energy_15nN": 1, "f5ac4b756fdb6084a1ede97c3b45b290-shear_15nN": 1, "f5ac4b756fdb6084a1ede97c3b45b290-shear_5nN_rerun": 1, "f5ac4b756fdb6084a1ede97c3b45b290-shear_25nN_extend_grompp": 1, "f5ac4b756fdb6084a1ede97c3b45b290-shear_5nN_rerun_grompp": 1, "f5ac4b756fdb6084a1ede97c3b45b290-shear_15nN_extend_grompp": 1, "f5ac4b756fdb6084a1ede97c3b45b290-log_interaction_energy_25nN": 1, "f5ac4b756fdb6084a1ede97c3b45b290-initialize": 1, "f5ac4b756fdb6084a1ede97c3b45b290-log_tilt": 1, "f5ac4b756fdb6084a1ede97c3b45b290-calc_S2_shear": 1, "f5ac4b756fdb6084a1ede97c3b45b290-get_interaction_energy_15nN": 1, "f5ac4b756fdb6084a1ede97c3b45b290-shear_15nN_grompp": 1, "f5ac4b756fdb6084a1ede97c3b45b290-shear_5nN_extend": 1, "f5ac4b756fdb6084a1ede97c3b45b290-calc_roughness": 1, "f5ac4b756fdb6084a1ede97c3b45b290-log_cof": 1, "f5ac4b756fdb6084a1ede97c3b45b290-shear_25nN_extend": 1, "f5ac4b756fdb6084a1ede97c3b45b290-equilibrate_grompp": 1, "f5ac4b756fdb6084a1ede97c3b45b290-unwrap_shear_5nN": 1, "f5ac4b756fdb6084a1ede97c3b45b290-unwrap_shear_25nN": 1, "f5ac4b756fdb6084a1ede97c3b45b290-shear_25nN": 1, "f5ac4b756fdb6084a1ede97c3b45b290-calc_interdigitation": 1, "f5ac4b756fdb6084a1ede97c3b45b290-shear_15nN_extend": 1, "f5ac4b756fdb6084a1ede97c3b45b290-unwrap_shear_15nN": 1, "f5ac4b756fdb6084a1ede97c3b45b290-compress_grompp": 1, "f5ac4b756fdb6084a1ede97c3b45b290-shear_25nN_rerun_grompp": 1, "f5ac4b756fdb6084a1ede97c3b45b290-log_S2": 1, "f5ac4b756fdb6084a1ede97c3b45b290-calc_friction": 1, "f5ac4b756fdb6084a1ede97c3b45b290-equilibrate": 1, "f5ac4b756fdb6084a1ede97c3b45b290-top_to_mol2": 1, "f5ac4b756fdb6084a1ede97c3b45b290-shear_15nN_rerun_grompp": 1, "f5ac4b756fdb6084a1ede97c3b45b290-compress": 1, "f5ac4b756fdb6084a1ede97c3b45b290-log_interaction_energy_5nN": 1, "f5ac4b756fdb6084a1ede97c3b45b290-shear_5nN_grompp": 1, "f5ac4b756fdb6084a1ede97c3b45b290-shear_5nN_extend_grompp": 1, "f5ac4b756fdb6084a1ede97c3b45b290-get_interaction_energy_25nN": 1, "f5ac4b756fdb6084a1ede97c3b45b290-shear_25nN_grompp": 1, "f5ac4b756fdb6084a1ede97c3b45b290-shear_15nN_rerun": 1, "f5ac4b756fdb6084a1ede97c3b45b290-shear_5nN": 1, "f5ac4b756fdb6084a1ede97c3b45b290-count_hydrogen_bonds": 1, "f5ac4b756fdb6084a1ede97c3b45b290-calc_tilt_shear": 1}, "S2": {"5nN": 0.7871115672866803, "15nN": 0.7808882467482589, "25nN": 0.8001473731428539}, "dipole_moment": 0.0, "COF": 0.14899931459005777, "roughness": {"5nN": 0.050635490780173306, "15nN": 0.04880993187738521, "25nN": 0.04932579791039004}, "polar_solvation_energy": -4.89}