{"molecular_weight": 77.1037, "shear_15nN_lj": [-1760.6195895795363, 55.42739254733554], "surface_area": 93.44, "dipole_moment": 0.0, "interdigitation": {"25nN": 0.11012709308288914, "15nN": 0.11767943872546553, "5nN": 0.09728272748280047}, "shear_5nN_qq": [-72.63778192965627, 17.845415205551305], "polar_solvation_energy": -4.89, "nonpolar_solvation_energy": 6.77, "shear_25nN_Etotal": [-1889.1367137258192, 54.098890667185245], "entropy_rotational": 107.29, "tilt": {"25nN": 38.937980422369435, "15nN": 37.17316075476149, "5nN": 32.60836792903921}, "shear_5nN_lj": [-1583.654615467626, 54.52038219324501], "shear_5nN_Etotal": [-1656.2923973972822, 59.5113859404651], "S2": {"25nN": 0.9542843714324273, "15nN": 0.9344848658578144, "5nN": 0.9444171672284408}, "shear_25nN_lj": [-1835.27552890008, 51.060322894795206], "entropy_translational": 163.09, "shear_25nN_qq": [-53.86118482573941, 21.235388396956846], "roughness": {"25nN": 0.06041520956615237, "15nN": 0.06262013132241528, "5nN": 0.051307053741648165}, "enthalpy_vibrational": 263.87, "COF": 0.12332697831861741, "total_solvation_energy": 1.89, "status": {"807b27ef236a93e98fd06b5279bfb2b6-log_cof": 1, "807b27ef236a93e98fd06b5279bfb2b6-shear_25nN_extend": 1, "807b27ef236a93e98fd06b5279bfb2b6-unwrap_shear_5nN": 1, "807b27ef236a93e98fd06b5279bfb2b6-shear_25nN": 1, "807b27ef236a93e98fd06b5279bfb2b6-shear_15nN_rerun": 1, "807b27ef236a93e98fd06b5279bfb2b6-shear_15nN_extend_grompp": 1, "807b27ef236a93e98fd06b5279bfb2b6-compress_grompp": 1, "807b27ef236a93e98fd06b5279bfb2b6-log_interaction_energy_15nN": 1, "807b27ef236a93e98fd06b5279bfb2b6-initialize": 1, "807b27ef236a93e98fd06b5279bfb2b6-log_tilt": 1, "807b27ef236a93e98fd06b5279bfb2b6-top_to_mol2": 1, "807b27ef236a93e98fd06b5279bfb2b6-equilibrate_grompp": 1, "807b27ef236a93e98fd06b5279bfb2b6-get_interaction_energy_5nN": 1, "807b27ef236a93e98fd06b5279bfb2b6-shear_15nN": 1, "807b27ef236a93e98fd06b5279bfb2b6-calc_roughness": 1, "807b27ef236a93e98fd06b5279bfb2b6-shear_5nN_extend": 1, "807b27ef236a93e98fd06b5279bfb2b6-fix_overlaps": 1, "807b27ef236a93e98fd06b5279bfb2b6-compress": 1, "807b27ef236a93e98fd06b5279bfb2b6-log_interaction_energy_5nN": 1, "807b27ef236a93e98fd06b5279bfb2b6-log_S2": 1, "807b27ef236a93e98fd06b5279bfb2b6-shear_25nN_rerun_grompp": 1, "807b27ef236a93e98fd06b5279bfb2b6-shear_25nN_grompp": 1, "807b27ef236a93e98fd06b5279bfb2b6-shear_5nN": 1, "807b27ef236a93e98fd06b5279bfb2b6-shear_15nN_grompp": 1, "807b27ef236a93e98fd06b5279bfb2b6-shear_25nN_extend_grompp": 1, "807b27ef236a93e98fd06b5279bfb2b6-equilibrate": 1, "807b27ef236a93e98fd06b5279bfb2b6-get_interaction_energy_25nN": 1, "807b27ef236a93e98fd06b5279bfb2b6-count_hydrogen_bonds": 1, "807b27ef236a93e98fd06b5279bfb2b6-calc_interdigitation": 6, "807b27ef236a93e98fd06b5279bfb2b6-calc_friction": 1, "807b27ef236a93e98fd06b5279bfb2b6-unwrap_shear_15nN": 1, "807b27ef236a93e98fd06b5279bfb2b6-get_interaction_energy_15nN": 1, "807b27ef236a93e98fd06b5279bfb2b6-shear_15nN_rerun_grompp": 1, "807b27ef236a93e98fd06b5279bfb2b6-shear_25nN_rerun": 1, "807b27ef236a93e98fd06b5279bfb2b6-shear_5nN_grompp": 1, "807b27ef236a93e98fd06b5279bfb2b6-minimize": 1, "807b27ef236a93e98fd06b5279bfb2b6-minimize_grompp": 1, "807b27ef236a93e98fd06b5279bfb2b6-shear_5nN_extend_grompp": 1, "807b27ef236a93e98fd06b5279bfb2b6-shear_5nN_rerun": 1, "807b27ef236a93e98fd06b5279bfb2b6-calc_S2_shear": 1, "807b27ef236a93e98fd06b5279bfb2b6-shear_15nN_extend": 1, "807b27ef236a93e98fd06b5279bfb2b6-calc_tilt_shear": 1, "807b27ef236a93e98fd06b5279bfb2b6-lammps_to_gmx": 1, "807b27ef236a93e98fd06b5279bfb2b6-log_interaction_energy_25nN": 1, "807b27ef236a93e98fd06b5279bfb2b6-unwrap_shear_25nN": 1, "807b27ef236a93e98fd06b5279bfb2b6-shear_5nN_rerun_grompp": 1}, "shear_15nN_qq": [-65.74897091526778, 19.382591173670733], "heat_capacity_vibrational": 48.68, "shear_15nN_Etotal": [-1826.3685604948043, 58.159577253943354], "entropy_vibrational": 20.79, "intercept": 1.483828882195685}