{"shear_25nN_qq": [243.6103000607514, 23.794904138136815], "shear_25nN_lj": [-1851.0904770375696, 50.49726788433828], "enthalpy_vibrational": 263.87, "surface_area": 93.44, "shear_5nN_qq": [208.7378867793765, 18.0961172550407], "COF": 0.12291590207072282, "nonpolar_solvation_energy": 6.77, "shear_5nN_Etotal": [-1357.0435925187849, 55.63717365673229], "status": {"dbe1128ac8dd74c6d16924eb09a6c882-unwrap_shear_5nN": 1, "dbe1128ac8dd74c6d16924eb09a6c882-get_interaction_energy_15nN": 1, "dbe1128ac8dd74c6d16924eb09a6c882-calc_tilt_shear": 1, "dbe1128ac8dd74c6d16924eb09a6c882-log_cof": 1, "dbe1128ac8dd74c6d16924eb09a6c882-equilibrate_grompp": 1, "dbe1128ac8dd74c6d16924eb09a6c882-log_interaction_energy_25nN": 1, "dbe1128ac8dd74c6d16924eb09a6c882-shear_15nN_grompp": 1, "dbe1128ac8dd74c6d16924eb09a6c882-unwrap_shear_25nN": 1, "dbe1128ac8dd74c6d16924eb09a6c882-shear_15nN_rerun_grompp": 1, "dbe1128ac8dd74c6d16924eb09a6c882-shear_5nN": 1, "dbe1128ac8dd74c6d16924eb09a6c882-log_tilt": 1, "dbe1128ac8dd74c6d16924eb09a6c882-minimize_grompp": 1, "dbe1128ac8dd74c6d16924eb09a6c882-shear_15nN_extend": 1, "dbe1128ac8dd74c6d16924eb09a6c882-unwrap_shear_15nN": 1, "dbe1128ac8dd74c6d16924eb09a6c882-shear_5nN_grompp": 1, "dbe1128ac8dd74c6d16924eb09a6c882-compress_grompp": 1, "dbe1128ac8dd74c6d16924eb09a6c882-shear_5nN_extend_grompp": 1, "dbe1128ac8dd74c6d16924eb09a6c882-shear_15nN_rerun": 1, "dbe1128ac8dd74c6d16924eb09a6c882-get_interaction_energy_5nN": 1, "dbe1128ac8dd74c6d16924eb09a6c882-log_interaction_energy_15nN": 1, "dbe1128ac8dd74c6d16924eb09a6c882-shear_25nN": 1, "dbe1128ac8dd74c6d16924eb09a6c882-count_hydrogen_bonds": 1, "dbe1128ac8dd74c6d16924eb09a6c882-equilibrate": 1, "dbe1128ac8dd74c6d16924eb09a6c882-shear_25nN_extend": 1, "dbe1128ac8dd74c6d16924eb09a6c882-initialize": 1, "dbe1128ac8dd74c6d16924eb09a6c882-calc_S2_shear": 1, "dbe1128ac8dd74c6d16924eb09a6c882-log_S2": 1, "dbe1128ac8dd74c6d16924eb09a6c882-shear_5nN_rerun_grompp": 1, "dbe1128ac8dd74c6d16924eb09a6c882-log_interaction_energy_5nN": 1, "dbe1128ac8dd74c6d16924eb09a6c882-shear_25nN_grompp": 1, "dbe1128ac8dd74c6d16924eb09a6c882-shear_5nN_extend": 1, "dbe1128ac8dd74c6d16924eb09a6c882-shear_25nN_extend_grompp": 1, "dbe1128ac8dd74c6d16924eb09a6c882-fix_overlaps": 1, "dbe1128ac8dd74c6d16924eb09a6c882-compress": 1, "dbe1128ac8dd74c6d16924eb09a6c882-shear_5nN_rerun": 1, "dbe1128ac8dd74c6d16924eb09a6c882-shear_15nN_extend_grompp": 1, "dbe1128ac8dd74c6d16924eb09a6c882-shear_25nN_rerun_grompp": 1, "dbe1128ac8dd74c6d16924eb09a6c882-calc_interdigitation": 1, "dbe1128ac8dd74c6d16924eb09a6c882-calc_roughness": 1, "dbe1128ac8dd74c6d16924eb09a6c882-calc_friction": 1, "dbe1128ac8dd74c6d16924eb09a6c882-shear_15nN": 1, "dbe1128ac8dd74c6d16924eb09a6c882-minimize": 1, "dbe1128ac8dd74c6d16924eb09a6c882-top_to_mol2": 1, "dbe1128ac8dd74c6d16924eb09a6c882-lammps_to_gmx": 1, "dbe1128ac8dd74c6d16924eb09a6c882-shear_25nN_rerun": 1, "dbe1128ac8dd74c6d16924eb09a6c882-get_interaction_energy_25nN": 1}, "shear_15nN_qq": [244.5606821247002, 19.781958061146067], "interdigitation": {"15nN": 0.1207648990436383, "5nN": 0.11863810773695892, "25nN": 0.11747377414912433}, "total_solvation_energy": 1.89, "entropy_vibrational": 20.79, "roughness": {"15nN": 0.06687919709560974, "5nN": 0.06636436715848165, "25nN": 0.06630422557485585}, "S2": {"15nN": 0.9215098256716565, "5nN": 0.9026353352549169, "25nN": 0.9087699435076322}, "entropy_rotational": 107.29, "polar_solvation_energy": -4.89, "shear_5nN_lj": [-1565.7814792981612, 55.428005014323794], "entropy_translational": 163.09, "tilt": {"15nN": 33.485228764635245, "5nN": 28.974533297202044, "25nN": 35.36276327831235}, "dipole_moment": 0.0, "heat_capacity_vibrational": 48.68, "shear_25nN_Etotal": [-1607.4801769768187, 53.641547095400995], "intercept": 1.7290542803920272, "shear_15nN_lj": [-1763.7663409344523, 52.66477195812149], "molecular_weight": 77.1037, "shear_15nN_Etotal": [-1519.2056588097523, 55.198152676876504]}