{"shear_15nN_Etotal": [-1165.1049295883295, 45.68353525172329], "molecular_weight": 41.0716, "shear_25nN_Etotal": [-1227.3985629768185, 48.96307873295731], "surface_area": 65.5, "shear_15nN_qq": [359.653648128697, 12.676382486323924], "enthalpy_vibrational": 214.06, "shear_5nN_qq": [295.555680039968, 10.680153758049473], "tilt": {"5nN": 25.39271200426196, "15nN": 29.605113821078778, "25nN": 32.76371016132565}, "intercept": 0.7151831463557508, "shear_25nN_lj": [-1620.3030725883293, 48.86395319203225], "entropy_rotational": 90.7, "shear_5nN_lj": [-1292.7642658433253, 46.1817840881543], "shear_25nN_qq": [392.9045096115108, 12.777555293337883], "nonpolar_solvation_energy": 9.15, "total_solvation_energy": 7.89, "shear_15nN_lj": [-1524.7585777170264, 46.27312980151642], "shear_5nN_Etotal": [-997.2085858033573, 43.97941684635302], "interdigitation": {"5nN": 0.09766538614948979, "15nN": 0.09413331389400029, "25nN": 0.10520919118709582}, "entropy_vibrational": 5.04, "heat_capacity_vibrational": 19.47, "entropy_translational": 155.37, "roughness": {"5nN": 0.05642708068347841, "15nN": 0.04974003137910011, "25nN": 0.051882744097635554}, "S2": {"5nN": 0.8142710191728599, "15nN": 0.8055484790772379, "25nN": 0.8130342523896295}, "dipole_moment": 0.0, "COF": 0.16957496675306505, "status": {"2b03bcf0fc8b396ab844f32ad65eda17-shear_15nN": 1, "2b03bcf0fc8b396ab844f32ad65eda17-shear_25nN_rerun": 1, "2b03bcf0fc8b396ab844f32ad65eda17-unwrap_shear_15nN": 1, "2b03bcf0fc8b396ab844f32ad65eda17-get_interaction_energy_25nN": 1, "2b03bcf0fc8b396ab844f32ad65eda17-unwrap_shear_25nN": 1, "2b03bcf0fc8b396ab844f32ad65eda17-compress": 1, "2b03bcf0fc8b396ab844f32ad65eda17-equilibrate": 1, "2b03bcf0fc8b396ab844f32ad65eda17-log_interaction_energy_25nN": 1, "2b03bcf0fc8b396ab844f32ad65eda17-minimize": 1, "2b03bcf0fc8b396ab844f32ad65eda17-lammps_to_gmx": 1, "2b03bcf0fc8b396ab844f32ad65eda17-shear_15nN_rerun_grompp": 1, "2b03bcf0fc8b396ab844f32ad65eda17-calc_roughness": 1, "2b03bcf0fc8b396ab844f32ad65eda17-fix_overlaps": 1, "2b03bcf0fc8b396ab844f32ad65eda17-shear_25nN_rerun_grompp": 1, "2b03bcf0fc8b396ab844f32ad65eda17-shear_5nN_extend_grompp": 1, "2b03bcf0fc8b396ab844f32ad65eda17-shear_5nN_rerun_grompp": 1, "2b03bcf0fc8b396ab844f32ad65eda17-log_tilt": 1, "2b03bcf0fc8b396ab844f32ad65eda17-count_hydrogen_bonds": 1, "2b03bcf0fc8b396ab844f32ad65eda17-shear_5nN_grompp": 1, "2b03bcf0fc8b396ab844f32ad65eda17-log_cof": 1, "2b03bcf0fc8b396ab844f32ad65eda17-top_to_mol2": 1, "2b03bcf0fc8b396ab844f32ad65eda17-shear_5nN_rerun": 1, "2b03bcf0fc8b396ab844f32ad65eda17-shear_15nN_grompp": 1, "2b03bcf0fc8b396ab844f32ad65eda17-compress_grompp": 1, "2b03bcf0fc8b396ab844f32ad65eda17-equilibrate_grompp": 1, "2b03bcf0fc8b396ab844f32ad65eda17-shear_25nN_extend": 1, "2b03bcf0fc8b396ab844f32ad65eda17-log_interaction_energy_5nN": 1, "2b03bcf0fc8b396ab844f32ad65eda17-shear_25nN_grompp": 1, "2b03bcf0fc8b396ab844f32ad65eda17-shear_15nN_rerun": 1, "2b03bcf0fc8b396ab844f32ad65eda17-shear_15nN_extend": 1, "2b03bcf0fc8b396ab844f32ad65eda17-log_S2": 1, "2b03bcf0fc8b396ab844f32ad65eda17-calc_friction": 1, "2b03bcf0fc8b396ab844f32ad65eda17-initialize": 1, "2b03bcf0fc8b396ab844f32ad65eda17-shear_15nN_extend_grompp": 1, "2b03bcf0fc8b396ab844f32ad65eda17-shear_5nN": 1, "2b03bcf0fc8b396ab844f32ad65eda17-calc_tilt_shear": 1, "2b03bcf0fc8b396ab844f32ad65eda17-minimize_grompp": 1, "2b03bcf0fc8b396ab844f32ad65eda17-get_interaction_energy_5nN": 1, "2b03bcf0fc8b396ab844f32ad65eda17-shear_5nN_extend": 1, "2b03bcf0fc8b396ab844f32ad65eda17-shear_25nN_extend_grompp": 1, "2b03bcf0fc8b396ab844f32ad65eda17-get_interaction_energy_15nN": 1, "2b03bcf0fc8b396ab844f32ad65eda17-shear_25nN": 1, "2b03bcf0fc8b396ab844f32ad65eda17-log_interaction_energy_15nN": 1, "2b03bcf0fc8b396ab844f32ad65eda17-unwrap_shear_5nN": 1, "2b03bcf0fc8b396ab844f32ad65eda17-calc_interdigitation": 1, "2b03bcf0fc8b396ab844f32ad65eda17-calc_S2_shear": 1}, "polar_solvation_energy": -1.28}