{"shear_25nN_qq": [498.7221987809752, 33.48946319507274], "shear_25nN_lj": [-1537.0475269160672, 53.501714740613345], "enthalpy_vibrational": 214.06, "surface_area": 65.5, "shear_5nN_qq": [315.3241609128697, 22.39467935541446], "COF": 0.19823771105496676, "nonpolar_solvation_energy": 9.15, "shear_5nN_Etotal": [-852.9448880071943, 52.729246998282925], "status": {"1421f6c20b382b2338bbb0f7017c940e-shear_25nN_rerun_grompp": 1, "1421f6c20b382b2338bbb0f7017c940e-calc_interdigitation": 1, "1421f6c20b382b2338bbb0f7017c940e-shear_15nN_grompp": 1, "1421f6c20b382b2338bbb0f7017c940e-shear_25nN_extend_grompp": 1, "1421f6c20b382b2338bbb0f7017c940e-log_interaction_energy_25nN": 1, "1421f6c20b382b2338bbb0f7017c940e-shear_5nN_extend": 1, "1421f6c20b382b2338bbb0f7017c940e-log_interaction_energy_15nN": 1, "1421f6c20b382b2338bbb0f7017c940e-lammps_to_gmx": 1, "1421f6c20b382b2338bbb0f7017c940e-shear_25nN_grompp": 1, "1421f6c20b382b2338bbb0f7017c940e-get_interaction_energy_15nN": 1, "1421f6c20b382b2338bbb0f7017c940e-calc_tilt_shear": 1, "1421f6c20b382b2338bbb0f7017c940e-initialize": 1, "1421f6c20b382b2338bbb0f7017c940e-minimize": 1, "1421f6c20b382b2338bbb0f7017c940e-compress_grompp": 1, "1421f6c20b382b2338bbb0f7017c940e-count_hydrogen_bonds": 1, "1421f6c20b382b2338bbb0f7017c940e-get_interaction_energy_25nN": 1, "1421f6c20b382b2338bbb0f7017c940e-unwrap_shear_15nN": 1, "1421f6c20b382b2338bbb0f7017c940e-unwrap_shear_5nN": 1, "1421f6c20b382b2338bbb0f7017c940e-shear_5nN_rerun": 1, "1421f6c20b382b2338bbb0f7017c940e-shear_25nN_rerun": 1, "1421f6c20b382b2338bbb0f7017c940e-shear_15nN_extend_grompp": 1, "1421f6c20b382b2338bbb0f7017c940e-shear_5nN_grompp": 1, "1421f6c20b382b2338bbb0f7017c940e-calc_friction": 1, "1421f6c20b382b2338bbb0f7017c940e-log_tilt": 1, "1421f6c20b382b2338bbb0f7017c940e-equilibrate": 1, "1421f6c20b382b2338bbb0f7017c940e-calc_S2_shear": 1, "1421f6c20b382b2338bbb0f7017c940e-shear_15nN_extend": 1, "1421f6c20b382b2338bbb0f7017c940e-shear_5nN_extend_grompp": 1, "1421f6c20b382b2338bbb0f7017c940e-shear_15nN_rerun": 1, "1421f6c20b382b2338bbb0f7017c940e-top_to_mol2": 1, "1421f6c20b382b2338bbb0f7017c940e-log_interaction_energy_5nN": 1, "1421f6c20b382b2338bbb0f7017c940e-shear_5nN_rerun_grompp": 1, "1421f6c20b382b2338bbb0f7017c940e-equilibrate_grompp": 1, "1421f6c20b382b2338bbb0f7017c940e-unwrap_shear_25nN": 1, "1421f6c20b382b2338bbb0f7017c940e-calc_roughness": 1, "1421f6c20b382b2338bbb0f7017c940e-shear_15nN": 1, "1421f6c20b382b2338bbb0f7017c940e-shear_5nN": 1, "1421f6c20b382b2338bbb0f7017c940e-shear_15nN_rerun_grompp": 1, "1421f6c20b382b2338bbb0f7017c940e-log_cof": 1, "1421f6c20b382b2338bbb0f7017c940e-log_S2": 1, "1421f6c20b382b2338bbb0f7017c940e-shear_25nN_extend": 1, "1421f6c20b382b2338bbb0f7017c940e-minimize_grompp": 1, "1421f6c20b382b2338bbb0f7017c940e-get_interaction_energy_5nN": 1, "1421f6c20b382b2338bbb0f7017c940e-fix_overlaps": 1, "1421f6c20b382b2338bbb0f7017c940e-shear_25nN": 1, "1421f6c20b382b2338bbb0f7017c940e-compress": 1}, "shear_15nN_qq": [419.7918201231015, 29.361364659875523], "interdigitation": {"15nN": 0.13361213314394138, "25nN": 0.13233425418209419, "5nN": 0.1124015269821804}, "total_solvation_energy": 7.89, "entropy_vibrational": 5.04, "roughness": {"15nN": 0.07178013620651665, "25nN": 0.07005775285505564, "5nN": 0.0705820101053535}, "S2": {"15nN": 0.6973668360773589, "25nN": 0.6954527289089912, "5nN": 0.704958588046709}, "entropy_rotational": 90.7, "polar_solvation_energy": -1.28, "shear_5nN_lj": [-1168.2690489200638, 50.614072361422984], "entropy_translational": 155.37, "tilt": {"15nN": 29.14467583970753, "25nN": 31.525147399678193, "5nN": 26.243286075981977}, "dipole_moment": 0.0, "heat_capacity_vibrational": 19.47, "shear_25nN_Etotal": [-1038.325328135092, 58.48110473371785], "intercept": 1.1091536184744721, "shear_15nN_lj": [-1440.0746188233413, 51.63298329374756], "molecular_weight": 41.0716, "shear_15nN_Etotal": [-1020.2827987002397, 55.14600267628764]}