{"shear_15nN_Etotal": [-1455.5273178721022, 63.902680155281395], "molecular_weight": 31.0338, "shear_25nN_Etotal": [-1531.0189195475618, 70.85934000555518], "surface_area": 54.24, "shear_15nN_qq": [138.7155032893685, 41.01041138097631], "enthalpy_vibrational": 133.72, "shear_5nN_qq": [122.26601170663469, 33.745629225685434], "tilt": {"5nN": 32.46077193442499, "25nN": 38.61123884651243, "15nN": 35.89626683319383}, "intercept": 1.4519082283899056, "shear_25nN_lj": [-1682.015653292566, 50.28319464127705], "entropy_rotational": 79.18, "shear_5nN_lj": [-1363.3076180791368, 50.411528607051665], "shear_25nN_qq": [150.996733745004, 50.3760706230346], "nonpolar_solvation_energy": 5.64, "total_solvation_energy": -5.11, "shear_15nN_lj": [-1594.2428211614708, 48.521716219172866], "shear_5nN_Etotal": [-1241.041606372502, 61.39510249345213], "interdigitation": {"5nN": 0.1257431147118044, "25nN": 0.12513752729836736, "15nN": 0.11719667851924896}, "entropy_vibrational": 7.17, "heat_capacity_vibrational": 12.98, "entropy_translational": 151.98, "roughness": {"5nN": 0.06186819118575521, "25nN": 0.06282242623571975, "15nN": 0.05638019616775706}, "S2": {"5nN": 0.9004333888876606, "25nN": 0.9003169040172164, "15nN": 0.8973496536060868}, "dipole_moment": 1.68, "COF": 0.15047944085379347, "status": {"d8dc139cb50ee3a3a40d49a399abf92f-get_interaction_energy_25nN": 1, "d8dc139cb50ee3a3a40d49a399abf92f-shear_25nN_grompp": 1, "d8dc139cb50ee3a3a40d49a399abf92f-shear_25nN_rerun_grompp": 1, "d8dc139cb50ee3a3a40d49a399abf92f-shear_15nN_rerun": 1, "d8dc139cb50ee3a3a40d49a399abf92f-shear_15nN_rerun_grompp": 1, "d8dc139cb50ee3a3a40d49a399abf92f-shear_15nN_extend": 1, "d8dc139cb50ee3a3a40d49a399abf92f-log_interaction_energy_15nN": 1, "d8dc139cb50ee3a3a40d49a399abf92f-fix_overlaps": 1, "d8dc139cb50ee3a3a40d49a399abf92f-shear_15nN_extend_grompp": 1, "d8dc139cb50ee3a3a40d49a399abf92f-unwrap_shear_15nN": 1, "d8dc139cb50ee3a3a40d49a399abf92f-shear_25nN_extend_grompp": 1, "d8dc139cb50ee3a3a40d49a399abf92f-lammps_to_gmx": 1, "d8dc139cb50ee3a3a40d49a399abf92f-log_interaction_energy_5nN": 1, "d8dc139cb50ee3a3a40d49a399abf92f-shear_5nN_rerun_grompp": 1, "d8dc139cb50ee3a3a40d49a399abf92f-minimize_grompp": 1, "d8dc139cb50ee3a3a40d49a399abf92f-equilibrate": 1, "d8dc139cb50ee3a3a40d49a399abf92f-compress_grompp": 1, "d8dc139cb50ee3a3a40d49a399abf92f-shear_15nN": 1, "d8dc139cb50ee3a3a40d49a399abf92f-log_interaction_energy_25nN": 1, "d8dc139cb50ee3a3a40d49a399abf92f-minimize": 1, "d8dc139cb50ee3a3a40d49a399abf92f-unwrap_shear_5nN": 1, "d8dc139cb50ee3a3a40d49a399abf92f-log_cof": 1, "d8dc139cb50ee3a3a40d49a399abf92f-log_tilt": 1, "d8dc139cb50ee3a3a40d49a399abf92f-calc_roughness": 1, "d8dc139cb50ee3a3a40d49a399abf92f-count_hydrogen_bonds": 1, "d8dc139cb50ee3a3a40d49a399abf92f-top_to_mol2": 1, "d8dc139cb50ee3a3a40d49a399abf92f-equilibrate_grompp": 1, "d8dc139cb50ee3a3a40d49a399abf92f-shear_5nN_rerun": 1, "d8dc139cb50ee3a3a40d49a399abf92f-calc_tilt_shear": 1, "d8dc139cb50ee3a3a40d49a399abf92f-compress": 1, "d8dc139cb50ee3a3a40d49a399abf92f-unwrap_shear_25nN": 1, "d8dc139cb50ee3a3a40d49a399abf92f-calc_S2_shear": 1, "d8dc139cb50ee3a3a40d49a399abf92f-log_S2": 1, "d8dc139cb50ee3a3a40d49a399abf92f-calc_interdigitation": 1, "d8dc139cb50ee3a3a40d49a399abf92f-get_interaction_energy_5nN": 1, "d8dc139cb50ee3a3a40d49a399abf92f-get_interaction_energy_15nN": 1, "d8dc139cb50ee3a3a40d49a399abf92f-shear_5nN": 1, "d8dc139cb50ee3a3a40d49a399abf92f-calc_friction": 1, "d8dc139cb50ee3a3a40d49a399abf92f-shear_25nN_extend": 1, "d8dc139cb50ee3a3a40d49a399abf92f-shear_5nN_extend_grompp": 1, "d8dc139cb50ee3a3a40d49a399abf92f-shear_15nN_grompp": 1, "d8dc139cb50ee3a3a40d49a399abf92f-shear_5nN_grompp": 1, "d8dc139cb50ee3a3a40d49a399abf92f-initialize": 1, "d8dc139cb50ee3a3a40d49a399abf92f-shear_25nN": 1, "d8dc139cb50ee3a3a40d49a399abf92f-shear_5nN_extend": 1, "d8dc139cb50ee3a3a40d49a399abf92f-shear_25nN_rerun": 1}, "polar_solvation_energy": -10.78}