{"interdigitation": {"15nN": 0.1300925632126114, "25nN": 0.128407054806416, "5nN": 0.13738549533439068}, "entropy_translational": 151.98, "shear_5nN_Etotal": [-1058.8842602502, 72.72372435156149], "dipole_moment": 1.68, "intercept": 1.5999764942588386, "heat_capacity_vibrational": 12.98, "shear_25nN_qq": [253.19950390247803, 65.28351047397655], "roughness": {"15nN": 0.057936336790426236, "25nN": 0.06242622667095326, "5nN": 0.06488477822877606}, "enthalpy_vibrational": 133.72, "shear_5nN_lj": [-1372.9160235347722, 52.120814685114404], "surface_area": 54.24, "polar_solvation_energy": -10.78, "total_solvation_energy": -5.11, "entropy_rotational": 79.18, "shear_15nN_qq": [281.08733902158275, 59.48022306607936], "shear_15nN_Etotal": [-1320.4794577458035, 79.2379444362067], "S2": {"15nN": 0.8086301950074919, "25nN": 0.8032675741961274, "5nN": 0.8174576620538248}, "shear_25nN_lj": [-1693.5188977817743, 48.13461812283138], "status": {"e55a0dae4196585431518049124fb203-shear_15nN_grompp": 1, "e55a0dae4196585431518049124fb203-unwrap_shear_15nN": 1, "e55a0dae4196585431518049124fb203-lammps_to_gmx": 1, "e55a0dae4196585431518049124fb203-log_tilt": 1, "e55a0dae4196585431518049124fb203-shear_5nN": 1, "e55a0dae4196585431518049124fb203-shear_5nN_grompp": 1, "e55a0dae4196585431518049124fb203-shear_25nN_rerun": 1, "e55a0dae4196585431518049124fb203-fix_overlaps": 1, "e55a0dae4196585431518049124fb203-shear_5nN_extend_grompp": 1, "e55a0dae4196585431518049124fb203-unwrap_shear_5nN": 1, "e55a0dae4196585431518049124fb203-calc_friction": 1, "e55a0dae4196585431518049124fb203-log_interaction_energy_25nN": 1, "e55a0dae4196585431518049124fb203-shear_15nN_extend": 1, "e55a0dae4196585431518049124fb203-log_interaction_energy_15nN": 1, "e55a0dae4196585431518049124fb203-calc_S2_shear": 1, "e55a0dae4196585431518049124fb203-shear_15nN_rerun": 1, "e55a0dae4196585431518049124fb203-shear_15nN_rerun_grompp": 1, "e55a0dae4196585431518049124fb203-shear_25nN_rerun_grompp": 1, "e55a0dae4196585431518049124fb203-calc_interdigitation": 6, "e55a0dae4196585431518049124fb203-shear_25nN": 1, "e55a0dae4196585431518049124fb203-shear_25nN_grompp": 1, "e55a0dae4196585431518049124fb203-unwrap_shear_25nN": 1, "e55a0dae4196585431518049124fb203-log_cof": 1, "e55a0dae4196585431518049124fb203-shear_15nN_extend_grompp": 1, "e55a0dae4196585431518049124fb203-minimize": 1, "e55a0dae4196585431518049124fb203-minimize_grompp": 1, "e55a0dae4196585431518049124fb203-count_hydrogen_bonds": 1, "e55a0dae4196585431518049124fb203-get_interaction_energy_5nN": 1, "e55a0dae4196585431518049124fb203-compress_grompp": 1, "e55a0dae4196585431518049124fb203-top_to_mol2": 1, "e55a0dae4196585431518049124fb203-shear_5nN_extend": 1, "e55a0dae4196585431518049124fb203-compress": 1, "e55a0dae4196585431518049124fb203-log_S2": 1, "e55a0dae4196585431518049124fb203-get_interaction_energy_25nN": 1, "e55a0dae4196585431518049124fb203-shear_25nN_extend": 1, "e55a0dae4196585431518049124fb203-equilibrate": 1, "e55a0dae4196585431518049124fb203-shear_5nN_rerun": 1, "e55a0dae4196585431518049124fb203-calc_roughness": 1, "e55a0dae4196585431518049124fb203-initialize": 1, "e55a0dae4196585431518049124fb203-shear_5nN_rerun_grompp": 1, "e55a0dae4196585431518049124fb203-shear_25nN_extend_grompp": 1, "e55a0dae4196585431518049124fb203-calc_tilt_shear": 1, "e55a0dae4196585431518049124fb203-log_interaction_energy_5nN": 1, "e55a0dae4196585431518049124fb203-equilibrate_grompp": 1, "e55a0dae4196585431518049124fb203-shear_15nN": 1, "e55a0dae4196585431518049124fb203-get_interaction_energy_15nN": 1}, "shear_15nN_lj": [-1601.5667967673862, 48.35911619384344], "COF": 0.15029998293020153, "shear_25nN_Etotal": [-1440.3193938792965, 81.71199082115353], "molecular_weight": 31.0338, "tilt": {"15nN": 33.33961777564052, "25nN": 35.860836045271306, "5nN": 28.45833373371235}, "entropy_vibrational": 7.17, "nonpolar_solvation_energy": 5.64, "shear_5nN_qq": [314.0317632845723, 47.992889212706345]}