{"shear_15nN_Etotal": [-1326.5652535227819, 43.856803954957385], "molecular_weight": 27.0451, "shear_25nN_Etotal": [-1381.5445951318943, 44.95575475872563], "surface_area": 61.0, "shear_15nN_qq": [220.10336205915266, 14.256074846406866], "enthalpy_vibrational": 131.44, "shear_5nN_qq": [153.83899648920863, 13.592231483149972], "tilt": {"5nN": 33.57434380289495, "25nN": 39.77420457154778, "15nN": 37.34084666565569}, "intercept": 0.6828425371864257, "shear_25nN_lj": [-1641.4227525291765, 45.91749690018681], "entropy_rotational": 77.76, "shear_5nN_lj": [-1311.3268559872104, 45.23205028779938], "shear_25nN_qq": [259.8781573972822, 16.31676529313698], "nonpolar_solvation_energy": 8.4, "total_solvation_energy": 7.34, "shear_15nN_lj": [-1546.6686155819343, 44.37231584217725], "shear_5nN_Etotal": [-1157.4878594980014, 42.499317748902044], "interdigitation": {"5nN": 0.1226373863128668, "25nN": 0.12650285373443715, "15nN": 0.1563555411998282}, "entropy_vibrational": 2.65, "heat_capacity_vibrational": 10.23, "entropy_translational": 150.32, "status": {"f2117959b2ab2de42c94085156b8c188-shear_5nN_rerun_grompp": 1, "f2117959b2ab2de42c94085156b8c188-minimize_grompp": 1, "f2117959b2ab2de42c94085156b8c188-shear_15nN_extend_grompp": 1, "f2117959b2ab2de42c94085156b8c188-calc_roughness": 1, "f2117959b2ab2de42c94085156b8c188-calc_S2_shear": 1, "f2117959b2ab2de42c94085156b8c188-lammps_to_gmx": 1, "f2117959b2ab2de42c94085156b8c188-log_cof": 1, "f2117959b2ab2de42c94085156b8c188-shear_25nN_rerun": 1, "f2117959b2ab2de42c94085156b8c188-get_interaction_energy_5nN": 1, "f2117959b2ab2de42c94085156b8c188-unwrap_shear_5nN": 1, "f2117959b2ab2de42c94085156b8c188-shear_15nN": 1, "f2117959b2ab2de42c94085156b8c188-count_hydrogen_bonds": 1, "f2117959b2ab2de42c94085156b8c188-shear_15nN_rerun_grompp": 1, "f2117959b2ab2de42c94085156b8c188-log_interaction_energy_5nN": 1, "f2117959b2ab2de42c94085156b8c188-log_interaction_energy_25nN": 1, "f2117959b2ab2de42c94085156b8c188-shear_5nN": 1, "f2117959b2ab2de42c94085156b8c188-shear_25nN_grompp": 1, "f2117959b2ab2de42c94085156b8c188-compress_grompp": 1, "f2117959b2ab2de42c94085156b8c188-shear_25nN_extend_grompp": 1, "f2117959b2ab2de42c94085156b8c188-shear_25nN": 1, "f2117959b2ab2de42c94085156b8c188-shear_25nN_extend": 1, "f2117959b2ab2de42c94085156b8c188-shear_5nN_rerun": 1, "f2117959b2ab2de42c94085156b8c188-top_to_mol2": 1, "f2117959b2ab2de42c94085156b8c188-calc_tilt_shear": 1, "f2117959b2ab2de42c94085156b8c188-shear_5nN_extend_grompp": 1, "f2117959b2ab2de42c94085156b8c188-equilibrate_grompp": 1, "f2117959b2ab2de42c94085156b8c188-get_interaction_energy_15nN": 1, "f2117959b2ab2de42c94085156b8c188-get_interaction_energy_25nN": 1, "f2117959b2ab2de42c94085156b8c188-equilibrate": 1, "f2117959b2ab2de42c94085156b8c188-log_tilt": 1, "f2117959b2ab2de42c94085156b8c188-calc_friction": 1, "f2117959b2ab2de42c94085156b8c188-unwrap_shear_25nN": 1, "f2117959b2ab2de42c94085156b8c188-shear_5nN_grompp": 1, "f2117959b2ab2de42c94085156b8c188-shear_15nN_rerun": 1, "f2117959b2ab2de42c94085156b8c188-shear_15nN_extend": 1, "f2117959b2ab2de42c94085156b8c188-shear_5nN_extend": 1, "f2117959b2ab2de42c94085156b8c188-minimize": 1, "f2117959b2ab2de42c94085156b8c188-fix_overlaps": 1, "f2117959b2ab2de42c94085156b8c188-log_interaction_energy_15nN": 1, "f2117959b2ab2de42c94085156b8c188-initialize": 1, "f2117959b2ab2de42c94085156b8c188-shear_25nN_rerun_grompp": 1, "f2117959b2ab2de42c94085156b8c188-log_S2": 1, "f2117959b2ab2de42c94085156b8c188-calc_interdigitation": 1, "f2117959b2ab2de42c94085156b8c188-shear_15nN_grompp": 1, "f2117959b2ab2de42c94085156b8c188-unwrap_shear_15nN": 1, "f2117959b2ab2de42c94085156b8c188-compress": 1}, "S2": {"5nN": 0.9445287567060143, "25nN": 0.9519447565654418, "15nN": 0.937405542411314}, "polar_solvation_energy": -1.05, "COF": 0.12717069150118682, "roughness": {"5nN": 0.06627575627856151, "25nN": 0.061560488950231085, "15nN": 0.07641862973519753}, "dipole_moment": 0.0}