{"dipole_moment": 3.81, "shear_5nN_qq": [-923.0661260263788, 95.40414199889666], "shear_25nN_Etotal": [-3286.4008498305357, 127.73809078749655], "entropy_vibrational": 1.77, "S2": {"5nN": 0.9505551803589121, "25nN": 0.952172027296524, "15nN": 0.9541187799042881}, "COF": 0.11809268204688075, "nonpolar_solvation_energy": 4.77, "interdigitation": {"5nN": 0.14958198803094705, "25nN": 0.16230980767062503, "15nN": 0.14759237864785868}, "shear_5nN_lj": [-1987.3174695579535, 56.7924553061496], "shear_15nN_qq": [-959.9570679368505, 92.2483530673647], "intercept": 2.0861505598518555, "roughness": {"5nN": 0.05833245504024086, "25nN": 0.06362454335233668, "15nN": 0.06022528499123741}, "surface_area": 59.09, "status": {"e62c6356779dbbf048481d3d3c9eb572-calc_friction": 1, "e62c6356779dbbf048481d3d3c9eb572-calc_roughness": 1, "e62c6356779dbbf048481d3d3c9eb572-shear_5nN_grompp": 1, "e62c6356779dbbf048481d3d3c9eb572-shear_25nN_rerun_grompp": 1, "e62c6356779dbbf048481d3d3c9eb572-shear_25nN_rerun": 1, "e62c6356779dbbf048481d3d3c9eb572-initialize": 1, "e62c6356779dbbf048481d3d3c9eb572-compress": 1, "e62c6356779dbbf048481d3d3c9eb572-shear_5nN_extend_grompp": 1, "e62c6356779dbbf048481d3d3c9eb572-fix_overlaps": 1, "e62c6356779dbbf048481d3d3c9eb572-equilibrate": 1, "e62c6356779dbbf048481d3d3c9eb572-calc_interdigitation": 6, "e62c6356779dbbf048481d3d3c9eb572-log_S2": 1, "e62c6356779dbbf048481d3d3c9eb572-log_interaction_energy_25nN": 1, "e62c6356779dbbf048481d3d3c9eb572-shear_15nN_extend": 1, "e62c6356779dbbf048481d3d3c9eb572-unwrap_shear_15nN": 1, "e62c6356779dbbf048481d3d3c9eb572-log_cof": 1, "e62c6356779dbbf048481d3d3c9eb572-shear_15nN_rerun_grompp": 1, "e62c6356779dbbf048481d3d3c9eb572-shear_5nN_rerun_grompp": 1, "e62c6356779dbbf048481d3d3c9eb572-shear_25nN_extend": 1, "e62c6356779dbbf048481d3d3c9eb572-shear_5nN_extend": 1, "e62c6356779dbbf048481d3d3c9eb572-shear_5nN": 1, "e62c6356779dbbf048481d3d3c9eb572-lammps_to_gmx": 1, "e62c6356779dbbf048481d3d3c9eb572-unwrap_shear_5nN": 1, "e62c6356779dbbf048481d3d3c9eb572-get_interaction_energy_15nN": 1, "e62c6356779dbbf048481d3d3c9eb572-log_interaction_energy_5nN": 1, "e62c6356779dbbf048481d3d3c9eb572-minimize_grompp": 1, "e62c6356779dbbf048481d3d3c9eb572-count_hydrogen_bonds": 1, "e62c6356779dbbf048481d3d3c9eb572-shear_15nN_extend_grompp": 1, "e62c6356779dbbf048481d3d3c9eb572-shear_25nN": 1, "e62c6356779dbbf048481d3d3c9eb572-shear_5nN_rerun": 1, "e62c6356779dbbf048481d3d3c9eb572-log_interaction_energy_15nN": 1, "e62c6356779dbbf048481d3d3c9eb572-shear_25nN_grompp": 1, "e62c6356779dbbf048481d3d3c9eb572-compress_grompp": 1, "e62c6356779dbbf048481d3d3c9eb572-shear_15nN": 1, "e62c6356779dbbf048481d3d3c9eb572-shear_15nN_grompp": 1, "e62c6356779dbbf048481d3d3c9eb572-calc_tilt_shear": 1, "e62c6356779dbbf048481d3d3c9eb572-shear_25nN_extend_grompp": 1, "e62c6356779dbbf048481d3d3c9eb572-get_interaction_energy_25nN": 1, "e62c6356779dbbf048481d3d3c9eb572-get_interaction_energy_5nN": 1, "e62c6356779dbbf048481d3d3c9eb572-calc_S2_shear": 1, "e62c6356779dbbf048481d3d3c9eb572-unwrap_shear_25nN": 1, "e62c6356779dbbf048481d3d3c9eb572-top_to_mol2": 1, "e62c6356779dbbf048481d3d3c9eb572-minimize": 1, "e62c6356779dbbf048481d3d3c9eb572-log_tilt": 1, "e62c6356779dbbf048481d3d3c9eb572-equilibrate_grompp": 1, "e62c6356779dbbf048481d3d3c9eb572-shear_15nN_rerun": 1}, "shear_15nN_lj": [-2135.879614381295, 54.727174456015284], "shear_25nN_qq": [-1015.5242196826538, 102.91192913663599], "shear_5nN_Etotal": [-2910.383595584333, 127.62081820911222], "enthalpy_vibrational": 62.86, "shear_25nN_lj": [-2270.8766301478818, 53.30397482663762], "molecular_weight": 46.0055, "tilt": {"5nN": 35.585029810245025, "25nN": 39.77045805689925, "15nN": 38.39916618440221}, "shear_15nN_Etotal": [-3095.8366823181454, 119.53936727964188], "heat_capacity_vibrational": 5.42, "total_solvation_energy": -43.93, "entropy_translational": 156.76, "polar_solvation_energy": -48.71, "entropy_rotational": 85.69}