{"COF": 0.16526573834688868, "shear_5nN_Etotal": [-3751.930118698641, 181.5321257621639], "status": {"a86de2daa1d250cb7e25e7f6522bab8a-equilibrate": 1, "a86de2daa1d250cb7e25e7f6522bab8a-shear_25nN_grompp": 1, "a86de2daa1d250cb7e25e7f6522bab8a-shear_5nN": 1, "a86de2daa1d250cb7e25e7f6522bab8a-equilibrate_grompp": 1, "a86de2daa1d250cb7e25e7f6522bab8a-calc_tilt_shear": 1, "a86de2daa1d250cb7e25e7f6522bab8a-compress": 1, "a86de2daa1d250cb7e25e7f6522bab8a-log_interaction_energy_5nN": 1, "a86de2daa1d250cb7e25e7f6522bab8a-shear_25nN_extend": 1, "a86de2daa1d250cb7e25e7f6522bab8a-unwrap_shear_5nN": 1, "a86de2daa1d250cb7e25e7f6522bab8a-unwrap_shear_15nN": 1, "a86de2daa1d250cb7e25e7f6522bab8a-shear_15nN_extend_grompp": 1, "a86de2daa1d250cb7e25e7f6522bab8a-shear_5nN_extend_grompp": 1, "a86de2daa1d250cb7e25e7f6522bab8a-shear_15nN_rerun": 1, "a86de2daa1d250cb7e25e7f6522bab8a-shear_25nN_extend_grompp": 1, "a86de2daa1d250cb7e25e7f6522bab8a-minimize_grompp": 1, "a86de2daa1d250cb7e25e7f6522bab8a-shear_5nN_grompp": 1, "a86de2daa1d250cb7e25e7f6522bab8a-shear_25nN": 1, "a86de2daa1d250cb7e25e7f6522bab8a-log_tilt": 1, "a86de2daa1d250cb7e25e7f6522bab8a-calc_S2_shear": 1, "a86de2daa1d250cb7e25e7f6522bab8a-shear_15nN_rerun_grompp": 1, "a86de2daa1d250cb7e25e7f6522bab8a-shear_25nN_rerun_grompp": 1, "a86de2daa1d250cb7e25e7f6522bab8a-log_cof": 1, "a86de2daa1d250cb7e25e7f6522bab8a-unwrap_shear_25nN": 1, "a86de2daa1d250cb7e25e7f6522bab8a-calc_interdigitation": 6, "a86de2daa1d250cb7e25e7f6522bab8a-get_interaction_energy_25nN": 1, "a86de2daa1d250cb7e25e7f6522bab8a-minimize": 1, "a86de2daa1d250cb7e25e7f6522bab8a-shear_5nN_extend": 1, "a86de2daa1d250cb7e25e7f6522bab8a-shear_5nN_rerun_grompp": 1, "a86de2daa1d250cb7e25e7f6522bab8a-compress_grompp": 1, "a86de2daa1d250cb7e25e7f6522bab8a-log_interaction_energy_25nN": 1, "a86de2daa1d250cb7e25e7f6522bab8a-log_interaction_energy_15nN": 1, "a86de2daa1d250cb7e25e7f6522bab8a-get_interaction_energy_15nN": 1, "a86de2daa1d250cb7e25e7f6522bab8a-get_interaction_energy_5nN": 1, "a86de2daa1d250cb7e25e7f6522bab8a-count_hydrogen_bonds": 1, "a86de2daa1d250cb7e25e7f6522bab8a-shear_15nN": 1, "a86de2daa1d250cb7e25e7f6522bab8a-calc_roughness": 1, "a86de2daa1d250cb7e25e7f6522bab8a-fix_overlaps": 1, "a86de2daa1d250cb7e25e7f6522bab8a-initialize": 1, "a86de2daa1d250cb7e25e7f6522bab8a-shear_25nN_rerun": 1, "a86de2daa1d250cb7e25e7f6522bab8a-calc_friction": 1, "a86de2daa1d250cb7e25e7f6522bab8a-top_to_mol2": 1, "a86de2daa1d250cb7e25e7f6522bab8a-lammps_to_gmx": 1, "a86de2daa1d250cb7e25e7f6522bab8a-shear_5nN_rerun": 1, "a86de2daa1d250cb7e25e7f6522bab8a-shear_15nN_extend": 1, "a86de2daa1d250cb7e25e7f6522bab8a-log_S2": 1, "a86de2daa1d250cb7e25e7f6522bab8a-shear_15nN_grompp": 1}, "total_solvation_energy": -12.83, "nonpolar_solvation_energy": 2.8, "heat_capacity_vibrational": 0.13, "surface_area": 42.49, "entropy_translational": 144.8, "molecular_weight": 17.0073, "shear_5nN_qq": [-2520.773710521183, 180.43571685306574], "shear_15nN_Etotal": [-3877.089962985612, 173.72814455609088], "polar_solvation_energy": -15.61, "shear_25nN_qq": [-2476.3968757641887, 187.63303093140263], "shear_15nN_qq": [-2533.2369423701034, 182.03757070673586], "interdigitation": {"25nN": 0.1227882701798932, "15nN": 0.12045608183979291, "5nN": 0.11836772503902031}, "roughness": {"25nN": 0.05221816586562218, "15nN": 0.0515296193802951, "5nN": 0.05287931220933054}, "S2": {"25nN": 0.9155903989596985, "15nN": 0.9076004829473658, "5nN": 0.9138513206183535}, "shear_25nN_Etotal": [-3866.2144068960833, 177.61112446755885], "dipole_moment": 1.88, "shear_5nN_lj": [-1231.156408177458, 61.1174728314996], "entropy_rotational": 49.19, "intercept": 5.464956203583149, "tilt": {"25nN": 38.64129355205929, "15nN": 37.15012829354684, "5nN": 33.66198654713771}, "entropy_vibrational": 0.02, "enthalpy_vibrational": 57.43, "shear_15nN_lj": [-1343.8530206155076, 64.75668067540632], "shear_25nN_lj": [-1389.8175311318944, 65.9298796182764]}