{"shear_15nN_qq": [953.1410335699442, 41.190137524733146], "COF": 0.19730618486516846, "entropy_vibrational": 2.65, "shear_5nN_qq": [738.4218984076739, 34.9319357883299], "dipole_moment": 0.0, "S2": {"15nN": 0.739802780417369, "25nN": 0.7402872002109646, "5nN": 0.7093329262413383}, "surface_area": 61.0, "shear_25nN_Etotal": [-510.55787734852123, 57.448148195316655], "shear_5nN_lj": [-1249.9793682565949, 52.43969067361601], "entropy_translational": 150.32, "enthalpy_vibrational": 131.44, "roughness": {"15nN": 0.050581746941060976, "25nN": 0.048482647606542244, "5nN": 0.05779130063251529}, "shear_25nN_qq": [1093.354700702638, 45.308261170602925], "shear_25nN_lj": [-1603.912578051159, 45.347711152415606], "interdigitation": {"5nN": 0.13076390690454612, "25nN": 0.11359437799097746, "15nN": 0.11991174239804325}, "intercept": 0.1309057001278382, "molecular_weight": 27.0451, "nonpolar_solvation_energy": 8.4, "total_solvation_energy": 7.34, "heat_capacity_vibrational": 10.23, "shear_5nN_Etotal": [-511.55746984892085, 55.0545127721388], "tilt": {"15nN": 30.016957779488834, "25nN": 32.50480877739268, "5nN": 25.401132330988833}, "polar_solvation_energy": -1.05, "status": {"4770d1e89580d1b935b8e0a468786dee-unwrap_shear_15nN": 1, "4770d1e89580d1b935b8e0a468786dee-shear_15nN": 1, "4770d1e89580d1b935b8e0a468786dee-equilibrate": 1, "4770d1e89580d1b935b8e0a468786dee-shear_25nN": 1, "4770d1e89580d1b935b8e0a468786dee-shear_15nN_extend": 1, "4770d1e89580d1b935b8e0a468786dee-log_interaction_energy_25nN": 1, "4770d1e89580d1b935b8e0a468786dee-fix_overlaps": 1, "4770d1e89580d1b935b8e0a468786dee-calc_interdigitation": 6, "4770d1e89580d1b935b8e0a468786dee-log_interaction_energy_5nN": 1, "4770d1e89580d1b935b8e0a468786dee-log_tilt": 1, "4770d1e89580d1b935b8e0a468786dee-shear_5nN": 1, "4770d1e89580d1b935b8e0a468786dee-compress": 1, "4770d1e89580d1b935b8e0a468786dee-shear_25nN_rerun_grompp": 1, "4770d1e89580d1b935b8e0a468786dee-shear_15nN_rerun": 1, "4770d1e89580d1b935b8e0a468786dee-shear_15nN_extend_grompp": 1, "4770d1e89580d1b935b8e0a468786dee-shear_5nN_rerun": 1, "4770d1e89580d1b935b8e0a468786dee-initialize": 1, "4770d1e89580d1b935b8e0a468786dee-log_interaction_energy_15nN": 1, "4770d1e89580d1b935b8e0a468786dee-shear_15nN_rerun_grompp": 1, "4770d1e89580d1b935b8e0a468786dee-shear_25nN_extend_grompp": 1, "4770d1e89580d1b935b8e0a468786dee-calc_roughness": 1, "4770d1e89580d1b935b8e0a468786dee-shear_15nN_grompp": 1, "4770d1e89580d1b935b8e0a468786dee-shear_25nN_rerun": 1, "4770d1e89580d1b935b8e0a468786dee-get_interaction_energy_25nN": 1, "4770d1e89580d1b935b8e0a468786dee-log_cof": 1, "4770d1e89580d1b935b8e0a468786dee-calc_S2_shear": 1, "4770d1e89580d1b935b8e0a468786dee-shear_5nN_rerun_grompp": 1, "4770d1e89580d1b935b8e0a468786dee-shear_5nN_extend_grompp": 1, "4770d1e89580d1b935b8e0a468786dee-shear_5nN_grompp": 1, "4770d1e89580d1b935b8e0a468786dee-shear_25nN_extend": 1, "4770d1e89580d1b935b8e0a468786dee-get_interaction_energy_5nN": 1, "4770d1e89580d1b935b8e0a468786dee-unwrap_shear_5nN": 1, "4770d1e89580d1b935b8e0a468786dee-top_to_mol2": 1, "4770d1e89580d1b935b8e0a468786dee-compress_grompp": 1, "4770d1e89580d1b935b8e0a468786dee-get_interaction_energy_15nN": 1, "4770d1e89580d1b935b8e0a468786dee-lammps_to_gmx": 1, "4770d1e89580d1b935b8e0a468786dee-unwrap_shear_25nN": 1, "4770d1e89580d1b935b8e0a468786dee-calc_tilt_shear": 1, "4770d1e89580d1b935b8e0a468786dee-shear_25nN_grompp": 1, "4770d1e89580d1b935b8e0a468786dee-count_hydrogen_bonds": 1, "4770d1e89580d1b935b8e0a468786dee-equilibrate_grompp": 1, "4770d1e89580d1b935b8e0a468786dee-minimize": 1, "4770d1e89580d1b935b8e0a468786dee-calc_friction": 1, "4770d1e89580d1b935b8e0a468786dee-log_S2": 1, "4770d1e89580d1b935b8e0a468786dee-shear_5nN_extend": 1, "4770d1e89580d1b935b8e0a468786dee-minimize_grompp": 1}, "entropy_rotational": 77.76, "shear_15nN_lj": [-1516.4118975339727, 41.50092401568983], "shear_15nN_Etotal": [-563.2708639640288, 51.85027265888183]}