{"shear_15nN_Etotal": [-1475.3981985187847, 45.56148069083766], "molecular_weight": 27.0451, "shear_25nN_Etotal": [-1529.5212519616307, 45.64961680286596], "surface_area": 61.0, "shear_15nN_qq": [59.4639860647482, 11.755116242052985], "enthalpy_vibrational": 131.44, "shear_5nN_qq": [8.52027567466027, 12.155989698863555], "tilt": {"5nN": 35.30618589006266, "25nN": 40.55435116558479, "15nN": 38.70459593746467}, "intercept": 0.6919028591718113, "shear_25nN_lj": [-1629.0301881566745, 47.13904375683285], "entropy_rotational": 77.76, "shear_5nN_lj": [-1302.7096875195843, 48.573372180781924], "shear_25nN_qq": [99.50893619504396, 12.3087381087107], "nonpolar_solvation_energy": 8.4, "total_solvation_energy": 7.34, "shear_15nN_lj": [-1534.862184583533, 45.03972315580131], "shear_5nN_Etotal": [-1294.189411844924, 48.497713291928385], "interdigitation": {"5nN": 0.12542704199068377, "25nN": 0.12512653721000366, "15nN": 0.13269202367011104}, "entropy_vibrational": 2.65, "heat_capacity_vibrational": 10.23, "entropy_translational": 150.32, "status": {"beda5f1bb073d490e6865d956cc35c00-equilibrate": 1, "beda5f1bb073d490e6865d956cc35c00-top_to_mol2": 1, "beda5f1bb073d490e6865d956cc35c00-shear_15nN_grompp": 1, "beda5f1bb073d490e6865d956cc35c00-calc_S2_shear": 1, "beda5f1bb073d490e6865d956cc35c00-shear_25nN_extend": 1, "beda5f1bb073d490e6865d956cc35c00-shear_25nN": 1, "beda5f1bb073d490e6865d956cc35c00-log_tilt": 1, "beda5f1bb073d490e6865d956cc35c00-unwrap_shear_25nN": 1, "beda5f1bb073d490e6865d956cc35c00-calc_friction": 1, "beda5f1bb073d490e6865d956cc35c00-shear_15nN_extend_grompp": 1, "beda5f1bb073d490e6865d956cc35c00-shear_5nN_grompp": 1, "beda5f1bb073d490e6865d956cc35c00-get_interaction_energy_25nN": 1, "beda5f1bb073d490e6865d956cc35c00-compress": 1, "beda5f1bb073d490e6865d956cc35c00-shear_5nN": 1, "beda5f1bb073d490e6865d956cc35c00-log_interaction_energy_25nN": 1, "beda5f1bb073d490e6865d956cc35c00-minimize": 1, "beda5f1bb073d490e6865d956cc35c00-shear_25nN_rerun_grompp": 1, "beda5f1bb073d490e6865d956cc35c00-calc_tilt_shear": 1, "beda5f1bb073d490e6865d956cc35c00-shear_15nN_rerun_grompp": 1, "beda5f1bb073d490e6865d956cc35c00-shear_15nN_extend": 1, "beda5f1bb073d490e6865d956cc35c00-calc_roughness": 1, "beda5f1bb073d490e6865d956cc35c00-log_interaction_energy_5nN": 1, "beda5f1bb073d490e6865d956cc35c00-log_S2": 1, "beda5f1bb073d490e6865d956cc35c00-unwrap_shear_5nN": 1, "beda5f1bb073d490e6865d956cc35c00-log_cof": 1, "beda5f1bb073d490e6865d956cc35c00-get_interaction_energy_5nN": 1, "beda5f1bb073d490e6865d956cc35c00-log_interaction_energy_15nN": 1, "beda5f1bb073d490e6865d956cc35c00-unwrap_shear_15nN": 1, "beda5f1bb073d490e6865d956cc35c00-shear_15nN": 1, "beda5f1bb073d490e6865d956cc35c00-compress_grompp": 1, "beda5f1bb073d490e6865d956cc35c00-initialize": 1, "beda5f1bb073d490e6865d956cc35c00-count_hydrogen_bonds": 1, "beda5f1bb073d490e6865d956cc35c00-shear_5nN_extend": 1, "beda5f1bb073d490e6865d956cc35c00-shear_15nN_rerun": 1, "beda5f1bb073d490e6865d956cc35c00-lammps_to_gmx": 1, "beda5f1bb073d490e6865d956cc35c00-equilibrate_grompp": 1, "beda5f1bb073d490e6865d956cc35c00-shear_25nN_grompp": 1, "beda5f1bb073d490e6865d956cc35c00-shear_25nN_extend_grompp": 1, "beda5f1bb073d490e6865d956cc35c00-shear_5nN_extend_grompp": 1, "beda5f1bb073d490e6865d956cc35c00-fix_overlaps": 1, "beda5f1bb073d490e6865d956cc35c00-shear_5nN_rerun_grompp": 1, "beda5f1bb073d490e6865d956cc35c00-minimize_grompp": 1, "beda5f1bb073d490e6865d956cc35c00-calc_interdigitation": 1, "beda5f1bb073d490e6865d956cc35c00-get_interaction_energy_15nN": 1, "beda5f1bb073d490e6865d956cc35c00-shear_5nN_rerun": 1, "beda5f1bb073d490e6865d956cc35c00-shear_25nN_rerun": 1}, "S2": {"5nN": 0.9548763179720192, "25nN": 0.9527571553475267, "15nN": 0.9606410971248621}, "polar_solvation_energy": -1.05, "COF": 0.12453861431129448, "roughness": {"5nN": 0.061304585453809304, "25nN": 0.0557200425369149, "15nN": 0.0673562898694348}, "dipole_moment": 0.0}