{"MR":25.5297,"asphericity":0.3776,"balabanj":3.468512,"bertzct":310.132593,"chi0":10.386751,"chi0n":9.947214,"chi0v":2.947214,"chi1":5.764743,"chi1n":4.894427,"chi1v":1.447214,"chi2n":0.822214,"chi2v":0.822214,"chi3n":0.404508,"chi3v":0.404508,"chi4n":0.198955,"chi4v":0.198955,"e-valence":32.0,"eccentricity":0.956822,"hk-alpha":-0.72,"hk-kappa1":0.641394,"hk-kappa2":1.167541,"hk-kappa3":0.432339,"ipc":532.649695,"isf":0.01254,"labuteASA":46.898356,"logP":1.32312,"molwt":81.057849,"molwt-hvy":74.062,"nheavy":6.0,"npr1":0.290675,"npr2":0.725723,"pbf":0.161187,"pc+":0.475865,"pc-":-0.475865,"pmi1":57.873895,"pmi2":144.492497,"pmi3":199.101452,"rbonds":1.0,"rg":1.573083,"rpc+":0.347942,"rpc-":0.767482,"spherocity":0.084382,"tpsa":15.79,"vsa+":21.503217,"vsa-":23.913733,"vsa-fhyd":0.890415,"vsa-fneg":0.526538,"vsa-fpneg":0.109585,"vsa-fpos":0.473462,"vsa-fppos":0.0,"vsa-hyd":40.439947,"vsa-polar":0.109585,"vsa-polar+":0.0,"vsa-polar-":4.977003,"hbonds":0.0}