{"enthalpy_vibrational": 216.45, "shear_5nN_Etotal": [-1908.9220097961631, 94.55731397352095], "heat_capacity_vibrational": 38.72, "entropy_vibrational": 16.0, "interdigitation": {"25nN": 0.10059683552353503, "5nN": 0.10884170020577799, "15nN": 0.1078145413157553}, "polar_solvation_energy": -14.13, "shear_15nN_qq": [-192.96634636770582, 63.01691441865412], "nonpolar_solvation_energy": 11.08, "molecular_weight": 66.0811, "shear_15nN_Etotal": [-2086.371332253397, 91.29596366313861], "roughness": {"25nN": 0.04875444953738454, "5nN": 0.06088189527320746, "15nN": 0.05491472698741248}, "tilt": {"25nN": 38.58797057746199, "5nN": 33.86871709655997, "15nN": 36.97725870962696}, "total_solvation_energy": -3.05, "surface_area": 76.02, "shear_15nN_lj": [-1893.4049858856915, 56.5397117172132], "dipole_moment": 2.89, "entropy_rotational": 101.75, "shear_25nN_lj": [-1990.1219061918466, 55.72396196686222], "shear_25nN_qq": [-215.2639000455636, 66.03842744961793], "status": {"395dda5815e01acdfead8249cd47dca2-log_interaction_energy_5nN": 1, "395dda5815e01acdfead8249cd47dca2-equilibrate": 1, "395dda5815e01acdfead8249cd47dca2-count_hydrogen_bonds": 1, "395dda5815e01acdfead8249cd47dca2-calc_roughness": 1, "395dda5815e01acdfead8249cd47dca2-top_to_mol2": 1, "395dda5815e01acdfead8249cd47dca2-fix_overlaps": 1, "395dda5815e01acdfead8249cd47dca2-log_tilt": 1, "395dda5815e01acdfead8249cd47dca2-lammps_to_gmx": 1, "395dda5815e01acdfead8249cd47dca2-shear_15nN_extend": 1, "395dda5815e01acdfead8249cd47dca2-shear_5nN_rerun": 1, "395dda5815e01acdfead8249cd47dca2-shear_15nN": 1, "395dda5815e01acdfead8249cd47dca2-unwrap_shear_25nN": 1, "395dda5815e01acdfead8249cd47dca2-shear_15nN_extend_grompp": 1, "395dda5815e01acdfead8249cd47dca2-compress_grompp": 1, "395dda5815e01acdfead8249cd47dca2-log_S2": 1, "395dda5815e01acdfead8249cd47dca2-minimize_grompp": 1, "395dda5815e01acdfead8249cd47dca2-shear_25nN_rerun_grompp": 1, "395dda5815e01acdfead8249cd47dca2-compress": 1, "395dda5815e01acdfead8249cd47dca2-equilibrate_grompp": 1, "395dda5815e01acdfead8249cd47dca2-shear_5nN_grompp": 1, "395dda5815e01acdfead8249cd47dca2-shear_15nN_rerun_grompp": 1, "395dda5815e01acdfead8249cd47dca2-log_cof": 1, "395dda5815e01acdfead8249cd47dca2-get_interaction_energy_25nN": 1, "395dda5815e01acdfead8249cd47dca2-unwrap_shear_5nN": 1, "395dda5815e01acdfead8249cd47dca2-shear_25nN_grompp": 1, "395dda5815e01acdfead8249cd47dca2-shear_25nN_extend_grompp": 1, "395dda5815e01acdfead8249cd47dca2-shear_25nN": 1, "395dda5815e01acdfead8249cd47dca2-calc_S2_shear": 1, "395dda5815e01acdfead8249cd47dca2-get_interaction_energy_5nN": 1, "395dda5815e01acdfead8249cd47dca2-shear_25nN_extend": 1, "395dda5815e01acdfead8249cd47dca2-shear_5nN_extend": 1, "395dda5815e01acdfead8249cd47dca2-calc_tilt_shear": 1, "395dda5815e01acdfead8249cd47dca2-shear_25nN_rerun": 1, "395dda5815e01acdfead8249cd47dca2-initialize": 1, "395dda5815e01acdfead8249cd47dca2-shear_15nN_rerun": 1, "395dda5815e01acdfead8249cd47dca2-shear_5nN_rerun_grompp": 1, "395dda5815e01acdfead8249cd47dca2-minimize": 1, "395dda5815e01acdfead8249cd47dca2-unwrap_shear_15nN": 1, "395dda5815e01acdfead8249cd47dca2-shear_15nN_grompp": 1, "395dda5815e01acdfead8249cd47dca2-log_interaction_energy_25nN": 1, "395dda5815e01acdfead8249cd47dca2-calc_friction": 1, "395dda5815e01acdfead8249cd47dca2-log_interaction_energy_15nN": 1, "395dda5815e01acdfead8249cd47dca2-shear_5nN": 1, "395dda5815e01acdfead8249cd47dca2-shear_5nN_extend_grompp": 1, "395dda5815e01acdfead8249cd47dca2-calc_interdigitation": 6, "395dda5815e01acdfead8249cd47dca2-get_interaction_energy_15nN": 1}, "shear_25nN_Etotal": [-2205.38580623741, 87.59582737180688], "ch3-smiles": "C1=C(C)NC=C1", "intercept": 1.9637042232782727, "shear_5nN_qq": [-213.31582335811353, 54.25241178140932], "COF": 0.13533019414324388, "chain-smiles": "CCCCCCCCCCCCCCCCCC1=CNC=C1", "shear_5nN_lj": [-1695.6061864380497, 63.11845464048281], "h-smiles": "C1=CNC=C1", "entropy_translational": 161.19, "S2": {"25nN": 0.9182115851682149, "5nN": 0.9466933747710514, "15nN": 0.9298455367548897}}