{"MR":5.0221,"asphericity":0.144014,"balabanj":2.32379,"bertzct":8.0,"chi0":3.57735,"chi0n":3.447214,"chi0v":0.447214,"chi1":1.732051,"chi1n":1.341641,"chi1v":0.0,"chi2n":0.0,"chi2v":0.0,"chi3n":0.0,"chi3v":0.0,"chi4n":0.0,"chi4v":0.0,"e-valence":8.0,"eccentricity":0.812258,"hk-alpha":-0.04,"hk-kappa1":0.000175,"hk-kappa2":-27.04,"hk-kappa3":-104.04,"ipc":3.245112,"isf":0.337383,"labuteASA":11.89331,"logP":0.162,"molwt":17.026549,"molwt-hvy":14.007,"nheavy":1.0,"npr1":0.583298,"npr2":0.591506,"pbf":0.121877,"pc+":0.343926,"pc-":-0.343926,"pmi1":1.753218,"pmi2":1.777888,"pmi3":3.005699,"rbonds":0.0,"rg":0.438074,"rpc+":0.333333,"rpc-":1.0,"spherocity":0.077642,"tpsa":35.0,"vsa+":4.235526,"vsa-":6.129621,"vsa-fhyd":0.408632,"vsa-fneg":0.591368,"vsa-fpneg":0.591368,"vsa-fpos":0.408632,"vsa-fppos":0.0,"vsa-hyd":4.235526,"vsa-polar":0.591368,"vsa-polar+":0.0,"vsa-polar-":6.129621,"hbonds":2.0}