{"enthalpy_vibrational": 92.73, "shear_5nN_Etotal": [-2550.266731345324, 123.80044479066837], "heat_capacity_vibrational": 0.69, "entropy_vibrational": 0.11, "interdigitation": {"25nN": 0.12699654840889926, "5nN": 0.1283627006501168, "15nN": 0.1274010326253369}, "polar_solvation_energy": -10.38, "shear_15nN_qq": [-1388.3766523045563, 122.65877747098989], "nonpolar_solvation_energy": 5.48, "molecular_weight": 16.0225, "shear_15nN_Etotal": [-2660.9448065603515, 124.65930378813381], "roughness": {"25nN": 0.052373106631389305, "5nN": 0.0545386896077701, "15nN": 0.05175992581012054}, "tilt": {"25nN": 40.11227512107066, "5nN": 35.0202301757432, "15nN": 37.93810784227583}, "shear_15nN_lj": [-1272.5681542557952, 55.57172003429267], "surface_area": 42.91, "total_solvation_energy": -4.92, "dipole_moment": 1.63, "entropy_rotational": 56.63, "shear_25nN_lj": [-1312.722683964828, 58.54670088677708], "shear_5nN_lj": [-1166.3876037394084, 51.373659495752946], "status": {"5de1016573e6d874099b31243ce4200a-shear_5nN_extend_grompp": 1, "5de1016573e6d874099b31243ce4200a-top_to_mol2": 1, "5de1016573e6d874099b31243ce4200a-get_interaction_energy_15nN": 1, "5de1016573e6d874099b31243ce4200a-get_interaction_energy_25nN": 1, "5de1016573e6d874099b31243ce4200a-shear_5nN_rerun": 1, "5de1016573e6d874099b31243ce4200a-shear_25nN_extend": 1, "5de1016573e6d874099b31243ce4200a-calc_S2_shear": 1, "5de1016573e6d874099b31243ce4200a-shear_25nN_extend_grompp": 1, "5de1016573e6d874099b31243ce4200a-shear_25nN_rerun": 1, "5de1016573e6d874099b31243ce4200a-unwrap_shear_5nN": 1, "5de1016573e6d874099b31243ce4200a-shear_15nN_extend": 1, "5de1016573e6d874099b31243ce4200a-log_tilt": 1, "5de1016573e6d874099b31243ce4200a-unwrap_shear_25nN": 1, "5de1016573e6d874099b31243ce4200a-shear_15nN": 1, "5de1016573e6d874099b31243ce4200a-shear_15nN_extend_grompp": 1, "5de1016573e6d874099b31243ce4200a-shear_5nN_grompp": 1, "5de1016573e6d874099b31243ce4200a-shear_5nN": 1, "5de1016573e6d874099b31243ce4200a-initialize": 1, "5de1016573e6d874099b31243ce4200a-shear_25nN_grompp": 1, "5de1016573e6d874099b31243ce4200a-count_hydrogen_bonds": 1, "5de1016573e6d874099b31243ce4200a-shear_15nN_rerun": 1, "5de1016573e6d874099b31243ce4200a-lammps_to_gmx": 1, "5de1016573e6d874099b31243ce4200a-shear_5nN_rerun_grompp": 1, "5de1016573e6d874099b31243ce4200a-shear_5nN_extend": 1, "5de1016573e6d874099b31243ce4200a-log_S2": 1, "5de1016573e6d874099b31243ce4200a-calc_roughness": 1, "5de1016573e6d874099b31243ce4200a-fix_overlaps": 1, "5de1016573e6d874099b31243ce4200a-calc_friction": 1, "5de1016573e6d874099b31243ce4200a-log_interaction_energy_5nN": 1, "5de1016573e6d874099b31243ce4200a-get_interaction_energy_5nN": 1, "5de1016573e6d874099b31243ce4200a-shear_15nN_grompp": 1, "5de1016573e6d874099b31243ce4200a-calc_tilt_shear": 1, "5de1016573e6d874099b31243ce4200a-shear_25nN": 1, "5de1016573e6d874099b31243ce4200a-unwrap_shear_15nN": 1, "5de1016573e6d874099b31243ce4200a-minimize_grompp": 1, "5de1016573e6d874099b31243ce4200a-log_cof": 1, "5de1016573e6d874099b31243ce4200a-equilibrate_grompp": 1, "5de1016573e6d874099b31243ce4200a-equilibrate": 1, "5de1016573e6d874099b31243ce4200a-compress_grompp": 1, "5de1016573e6d874099b31243ce4200a-log_interaction_energy_15nN": 1, "5de1016573e6d874099b31243ce4200a-log_interaction_energy_25nN": 1, "5de1016573e6d874099b31243ce4200a-shear_25nN_rerun_grompp": 1, "5de1016573e6d874099b31243ce4200a-shear_15nN_rerun_grompp": 1, "5de1016573e6d874099b31243ce4200a-compress": 1, "5de1016573e6d874099b31243ce4200a-minimize": 1, "5de1016573e6d874099b31243ce4200a-calc_interdigitation": 1}, "shear_25nN_Etotal": [-2708.161438529177, 121.47722926513181], "shear_25nN_qq": [-1395.4387545643485, 124.35484072833347], "ch3-smiles": "CN", "intercept": 3.406264976065118, "shear_5nN_qq": [-1383.8791276059153, 119.93635563054207], "COF": 0.13661779934840243, "chain-smiles": "CCCCCCCCCCCCCCCCCN", "h-smiles": "N", "entropy_translational": 144.1, "S2": {"25nN": 0.9211267190234936, "5nN": 0.9290759692229404, "15nN": 0.9196603354701022}}