{"shear_15nN_Etotal": [-3463.361534011991, 285.72072434229455], "molecular_weight": 26.0174, "shear_25nN_Etotal": [-3276.0201931942447, 282.39314866060766], "surface_area": 55.12, "shear_15nN_qq": [-2110.538596469225, 277.2618276116581], "enthalpy_vibrational": 43.98, "shear_5nN_qq": [-2761.4050038273385, 291.511138051572], "tilt": {"5nN": 30.52476500749089, "25nN": 36.429703280855755, "15nN": 34.3068028861277}, "intercept": 3.421542994247878, "shear_25nN_lj": [-1418.119555904876, 50.26028690660269], "entropy_rotational": 49.42, "shear_5nN_lj": [-1238.7426119552356, 50.236641744441506], "shear_25nN_qq": [-1857.9006372893684, 273.5884029179307], "nonpolar_solvation_energy": 9.82, "total_solvation_energy": -8.13, "shear_15nN_lj": [-1352.8229375427659, 47.47910706572804], "shear_5nN_Etotal": [-4000.147615782574, 307.3629451268793], "interdigitation": {"5nN": 0.15335598406225445, "25nN": 0.13366449427871527, "15nN": 0.1313641419640667}, "entropy_vibrational": 1.39, "heat_capacity_vibrational": 4.71, "entropy_translational": 149.86, "status": {"9118eb326becab045773683ddb2ecb61-shear_25nN_rerun": 1, "9118eb326becab045773683ddb2ecb61-shear_5nN_rerun_grompp": 1, "9118eb326becab045773683ddb2ecb61-calc_tilt_shear": 1, "9118eb326becab045773683ddb2ecb61-log_interaction_energy_25nN": 1, "9118eb326becab045773683ddb2ecb61-unwrap_shear_5nN": 1, "9118eb326becab045773683ddb2ecb61-shear_15nN_grompp": 1, "9118eb326becab045773683ddb2ecb61-shear_15nN_extend": 1, "9118eb326becab045773683ddb2ecb61-lammps_to_gmx": 1, "9118eb326becab045773683ddb2ecb61-get_interaction_energy_5nN": 1, "9118eb326becab045773683ddb2ecb61-fix_overlaps": 1, "9118eb326becab045773683ddb2ecb61-get_interaction_energy_25nN": 1, "9118eb326becab045773683ddb2ecb61-unwrap_shear_15nN": 1, "9118eb326becab045773683ddb2ecb61-minimize_grompp": 1, "9118eb326becab045773683ddb2ecb61-shear_5nN_grompp": 1, "9118eb326becab045773683ddb2ecb61-calc_S2_shear": 1, "9118eb326becab045773683ddb2ecb61-equilibrate": 1, "9118eb326becab045773683ddb2ecb61-equilibrate_grompp": 1, "9118eb326becab045773683ddb2ecb61-get_interaction_energy_15nN": 1, "9118eb326becab045773683ddb2ecb61-shear_5nN_extend_grompp": 1, "9118eb326becab045773683ddb2ecb61-minimize": 1, "9118eb326becab045773683ddb2ecb61-shear_25nN_extend": 1, "9118eb326becab045773683ddb2ecb61-top_to_mol2": 1, "9118eb326becab045773683ddb2ecb61-log_S2": 1, "9118eb326becab045773683ddb2ecb61-shear_15nN_rerun": 1, "9118eb326becab045773683ddb2ecb61-shear_25nN_rerun_grompp": 1, "9118eb326becab045773683ddb2ecb61-shear_15nN_extend_grompp": 1, "9118eb326becab045773683ddb2ecb61-shear_5nN_rerun": 1, "9118eb326becab045773683ddb2ecb61-shear_25nN_grompp": 1, "9118eb326becab045773683ddb2ecb61-compress": 1, "9118eb326becab045773683ddb2ecb61-count_hydrogen_bonds": 1, "9118eb326becab045773683ddb2ecb61-log_tilt": 1, "9118eb326becab045773683ddb2ecb61-calc_roughness": 1, "9118eb326becab045773683ddb2ecb61-calc_interdigitation": 1, "9118eb326becab045773683ddb2ecb61-shear_5nN": 1, "9118eb326becab045773683ddb2ecb61-compress_grompp": 1, "9118eb326becab045773683ddb2ecb61-unwrap_shear_25nN": 1, "9118eb326becab045773683ddb2ecb61-shear_15nN_rerun_grompp": 1, "9118eb326becab045773683ddb2ecb61-log_interaction_energy_15nN": 1, "9118eb326becab045773683ddb2ecb61-shear_5nN_extend": 1, "9118eb326becab045773683ddb2ecb61-calc_friction": 1, "9118eb326becab045773683ddb2ecb61-initialize": 1, "9118eb326becab045773683ddb2ecb61-log_cof": 1, "9118eb326becab045773683ddb2ecb61-shear_25nN": 1, "9118eb326becab045773683ddb2ecb61-log_interaction_energy_5nN": 1, "9118eb326becab045773683ddb2ecb61-shear_15nN": 1, "9118eb326becab045773683ddb2ecb61-shear_25nN_extend_grompp": 1}, "S2": {"5nN": 0.7514581543603027, "25nN": 0.7451319203720619, "15nN": 0.7390345330385472}, "dipole_moment": 3.41, "COF": 0.13574924239243424, "roughness": {"5nN": 0.05469857783961601, "25nN": 0.047428032354303255, "15nN": 0.049743927157646715}, "polar_solvation_energy": -17.95}