{"enthalpy_vibrational": 43.98, "shear_5nN_Etotal": [-4000.147615782574, 307.3629451268793], "heat_capacity_vibrational": 4.71, "entropy_vibrational": 1.39, "interdigitation": {"25nN": 0.1337928831333402, "5nN": 0.1533705982946163, "15nN": 0.1315743387659061}, "polar_solvation_energy": -17.95, "shear_15nN_qq": [-2110.538596469225, 277.2618276116581], "nonpolar_solvation_energy": 9.82, "molecular_weight": 26.0174, "shear_15nN_Etotal": [-3463.361534011991, 285.72072434229455], "roughness": {"25nN": 0.047428032354303255, "5nN": 0.05469857783961601, "15nN": 0.049743927157646715}, "tilt": {"25nN": 36.429703280855755, "5nN": 30.52476500749089, "15nN": 34.3068028861277}, "shear_15nN_lj": [-1352.8229375427659, 47.47910706572804], "surface_area": 55.12, "total_solvation_energy": -8.13, "dipole_moment": 3.41, "entropy_rotational": 49.42, "shear_25nN_lj": [-1418.119555904876, 50.26028690660269], "shear_25nN_qq": [-1857.9006372893684, 273.5884029179307], "ch3-smiles": "CC#N", "status": {"9118eb326becab045773683ddb2ecb61-calc_friction": 1, "9118eb326becab045773683ddb2ecb61-shear_5nN_extend_grompp": 1, "9118eb326becab045773683ddb2ecb61-log_interaction_energy_15nN": 1, "9118eb326becab045773683ddb2ecb61-shear_25nN_rerun_grompp": 1, "9118eb326becab045773683ddb2ecb61-shear_15nN_rerun_grompp": 1, "9118eb326becab045773683ddb2ecb61-calc_S2_shear": 1, "9118eb326becab045773683ddb2ecb61-get_interaction_energy_5nN": 1, "9118eb326becab045773683ddb2ecb61-minimize": 1, "9118eb326becab045773683ddb2ecb61-shear_25nN_grompp": 1, "9118eb326becab045773683ddb2ecb61-unwrap_shear_25nN": 1, "9118eb326becab045773683ddb2ecb61-unwrap_shear_5nN": 1, "9118eb326becab045773683ddb2ecb61-shear_25nN_extend": 1, "9118eb326becab045773683ddb2ecb61-shear_5nN": 1, "9118eb326becab045773683ddb2ecb61-shear_15nN_extend_grompp": 1, "9118eb326becab045773683ddb2ecb61-shear_25nN_extend_grompp": 1, "9118eb326becab045773683ddb2ecb61-shear_5nN_rerun": 1, "9118eb326becab045773683ddb2ecb61-shear_5nN_rerun_grompp": 1, "9118eb326becab045773683ddb2ecb61-top_to_mol2": 1, "9118eb326becab045773683ddb2ecb61-shear_15nN_extend": 1, "9118eb326becab045773683ddb2ecb61-unwrap_shear_15nN": 1, "9118eb326becab045773683ddb2ecb61-shear_5nN_extend": 1, "9118eb326becab045773683ddb2ecb61-shear_15nN": 1, "9118eb326becab045773683ddb2ecb61-shear_5nN_grompp": 1, "9118eb326becab045773683ddb2ecb61-shear_25nN_rerun": 1, "9118eb326becab045773683ddb2ecb61-compress": 1, "9118eb326becab045773683ddb2ecb61-shear_25nN": 1, "9118eb326becab045773683ddb2ecb61-log_interaction_energy_25nN": 1, "9118eb326becab045773683ddb2ecb61-log_tilt": 1, "9118eb326becab045773683ddb2ecb61-lammps_to_gmx": 1, "9118eb326becab045773683ddb2ecb61-calc_roughness": 1, "9118eb326becab045773683ddb2ecb61-equilibrate": 1, "9118eb326becab045773683ddb2ecb61-shear_15nN_rerun": 1, "9118eb326becab045773683ddb2ecb61-log_S2": 1, "9118eb326becab045773683ddb2ecb61-equilibrate_grompp": 1, "9118eb326becab045773683ddb2ecb61-count_hydrogen_bonds": 1, "9118eb326becab045773683ddb2ecb61-log_interaction_energy_5nN": 1, "9118eb326becab045773683ddb2ecb61-get_interaction_energy_25nN": 1, "9118eb326becab045773683ddb2ecb61-minimize_grompp": 1, "9118eb326becab045773683ddb2ecb61-shear_15nN_grompp": 1, "9118eb326becab045773683ddb2ecb61-get_interaction_energy_15nN": 1, "9118eb326becab045773683ddb2ecb61-calc_interdigitation": 6, "9118eb326becab045773683ddb2ecb61-calc_tilt_shear": 1, "9118eb326becab045773683ddb2ecb61-fix_overlaps": 1, "9118eb326becab045773683ddb2ecb61-compress_grompp": 1, "9118eb326becab045773683ddb2ecb61-log_cof": 1, "9118eb326becab045773683ddb2ecb61-initialize": 1}, "shear_25nN_Etotal": [-3276.0201931942447, 282.39314866060766], "intercept": 3.421542994247878, "shear_5nN_qq": [-2761.4050038273385, 291.511138051572], "COF": 0.13574924239243424, "chain-smiles": "CCCCCCCCCCCCCCCCCC#N", "shear_5nN_lj": [-1238.7426119552356, 50.236641744441506], "h-smiles": "C#N", "entropy_translational": 149.86, "S2": {"25nN": 0.7451319203720619, "5nN": 0.7514581543603027, "15nN": 0.7390345330385472}}