{"shear_15nN_Etotal": [-1493.355318767386, 43.46865692901777], "molecular_weight": 27.0451, "shear_25nN_Etotal": [-1572.7012518041565, 46.73535717134848], "surface_area": 61.0, "shear_15nN_qq": [55.28306534692246, 12.028256211349499], "enthalpy_vibrational": 131.44, "shear_5nN_qq": [12.007446123101518, 11.474304558674723], "tilt": {"5nN": 34.44550817251212, "15nN": 37.31567840754295, "25nN": 39.59832828354046}, "intercept": 0.6742524546925877, "shear_25nN_lj": [-1661.9979658824939, 46.153003530426105], "entropy_rotational": 77.76, "shear_5nN_lj": [-1314.4476110503597, 49.571216151286364], "shear_25nN_qq": [89.29671407833733, 12.207081313754943], "nonpolar_solvation_energy": 8.4, "total_solvation_energy": 7.34, "shear_15nN_lj": [-1548.6383841143086, 44.29606028623907], "shear_5nN_Etotal": [-1302.4401649272581, 48.38989821987397], "interdigitation": {"5nN": 0.14225637965676688, "15nN": 0.14546055361708052, "25nN": 0.14332878048798467}, "entropy_vibrational": 2.65, "heat_capacity_vibrational": 10.23, "entropy_translational": 150.32, "status": {"87e2d3abaef53fb7ebca905c107a4ef7-shear_25nN_extend": 1, "87e2d3abaef53fb7ebca905c107a4ef7-shear_25nN_extend_grompp": 1, "87e2d3abaef53fb7ebca905c107a4ef7-shear_25nN_rerun_grompp": 1, "87e2d3abaef53fb7ebca905c107a4ef7-shear_15nN_rerun": 1, "87e2d3abaef53fb7ebca905c107a4ef7-get_interaction_energy_25nN": 1, "87e2d3abaef53fb7ebca905c107a4ef7-shear_25nN": 1, "87e2d3abaef53fb7ebca905c107a4ef7-shear_5nN_rerun": 1, "87e2d3abaef53fb7ebca905c107a4ef7-equilibrate_grompp": 1, "87e2d3abaef53fb7ebca905c107a4ef7-shear_15nN_grompp": 1, "87e2d3abaef53fb7ebca905c107a4ef7-shear_5nN_rerun_grompp": 1, "87e2d3abaef53fb7ebca905c107a4ef7-compress_grompp": 1, "87e2d3abaef53fb7ebca905c107a4ef7-calc_tilt_shear": 1, "87e2d3abaef53fb7ebca905c107a4ef7-log_cof": 1, "87e2d3abaef53fb7ebca905c107a4ef7-minimize_grompp": 1, "87e2d3abaef53fb7ebca905c107a4ef7-minimize": 1, "87e2d3abaef53fb7ebca905c107a4ef7-shear_15nN_rerun_grompp": 1, "87e2d3abaef53fb7ebca905c107a4ef7-compress": 1, "87e2d3abaef53fb7ebca905c107a4ef7-shear_15nN_extend_grompp": 1, "87e2d3abaef53fb7ebca905c107a4ef7-shear_5nN_extend_grompp": 1, "87e2d3abaef53fb7ebca905c107a4ef7-log_interaction_energy_15nN": 1, "87e2d3abaef53fb7ebca905c107a4ef7-lammps_to_gmx": 1, "87e2d3abaef53fb7ebca905c107a4ef7-calc_roughness": 1, "87e2d3abaef53fb7ebca905c107a4ef7-equilibrate": 1, "87e2d3abaef53fb7ebca905c107a4ef7-get_interaction_energy_5nN": 1, "87e2d3abaef53fb7ebca905c107a4ef7-log_S2": 1, "87e2d3abaef53fb7ebca905c107a4ef7-fix_overlaps": 1, "87e2d3abaef53fb7ebca905c107a4ef7-unwrap_shear_5nN": 1, "87e2d3abaef53fb7ebca905c107a4ef7-unwrap_shear_25nN": 1, "87e2d3abaef53fb7ebca905c107a4ef7-unwrap_shear_15nN": 1, "87e2d3abaef53fb7ebca905c107a4ef7-log_interaction_energy_25nN": 1, "87e2d3abaef53fb7ebca905c107a4ef7-shear_5nN_extend": 1, "87e2d3abaef53fb7ebca905c107a4ef7-calc_friction": 1, "87e2d3abaef53fb7ebca905c107a4ef7-shear_5nN": 1, "87e2d3abaef53fb7ebca905c107a4ef7-top_to_mol2": 1, "87e2d3abaef53fb7ebca905c107a4ef7-count_hydrogen_bonds": 1, "87e2d3abaef53fb7ebca905c107a4ef7-calc_interdigitation": 1, "87e2d3abaef53fb7ebca905c107a4ef7-log_tilt": 1, "87e2d3abaef53fb7ebca905c107a4ef7-calc_S2_shear": 1, "87e2d3abaef53fb7ebca905c107a4ef7-log_interaction_energy_5nN": 1, "87e2d3abaef53fb7ebca905c107a4ef7-shear_15nN_extend": 1, "87e2d3abaef53fb7ebca905c107a4ef7-shear_15nN": 1, "87e2d3abaef53fb7ebca905c107a4ef7-shear_25nN_grompp": 1, "87e2d3abaef53fb7ebca905c107a4ef7-get_interaction_energy_15nN": 1, "87e2d3abaef53fb7ebca905c107a4ef7-initialize": 1, "87e2d3abaef53fb7ebca905c107a4ef7-shear_25nN_rerun": 1, "87e2d3abaef53fb7ebca905c107a4ef7-shear_5nN_grompp": 1}, "S2": {"5nN": 0.9422014947977236, "15nN": 0.9261536832041489, "25nN": 0.9187712077841097}, "polar_solvation_energy": -1.05, "COF": 0.12955197715778333, "roughness": {"5nN": 0.07174766642830231, "15nN": 0.07207704455161651, "25nN": 0.06057285071791064}, "dipole_moment": 0.0}