{"enthalpy_vibrational": 133.72, "shear_5nN_Etotal": [-1344.784657155076, 57.33598378568773], "heat_capacity_vibrational": 12.98, "entropy_vibrational": 7.17, "interdigitation": {"25nN": 0.11495556077312594, "5nN": 0.13044745671424454, "15nN": 0.11886113151967463}, "polar_solvation_energy": -10.78, "shear_15nN_qq": [24.515383801758595, 30.89626210337456], "nonpolar_solvation_energy": 5.64, "molecular_weight": 31.0338, "shear_15nN_Etotal": [-1549.6730155691446, 56.020945491228396], "roughness": {"25nN": 0.05538860693451907, "5nN": 0.07030835134144636, "15nN": 0.06375469042963042}, "tilt": {"25nN": 40.42693996879992, "5nN": 34.29672441086484, "15nN": 38.193405606654025}, "shear_15nN_lj": [-1574.1883993709034, 46.92534777393401], "surface_area": 54.24, "total_solvation_energy": -5.11, "dipole_moment": 1.68, "entropy_rotational": 79.18, "shear_25nN_lj": [-1683.27725397522, 51.625061014688924], "shear_25nN_qq": [44.63643846203037, 35.53094155507585], "ch3-smiles": "COC", "status": {"5bfb5a66efc13dc8e15aa4c277c65bbe-minimize_grompp": 1, "5bfb5a66efc13dc8e15aa4c277c65bbe-unwrap_shear_25nN": 1, "5bfb5a66efc13dc8e15aa4c277c65bbe-calc_friction": 1, "5bfb5a66efc13dc8e15aa4c277c65bbe-shear_15nN_extend_grompp": 1, "5bfb5a66efc13dc8e15aa4c277c65bbe-log_tilt": 1, "5bfb5a66efc13dc8e15aa4c277c65bbe-count_hydrogen_bonds": 1, "5bfb5a66efc13dc8e15aa4c277c65bbe-shear_25nN": 1, "5bfb5a66efc13dc8e15aa4c277c65bbe-log_S2": 1, "5bfb5a66efc13dc8e15aa4c277c65bbe-shear_15nN_rerun_grompp": 1, "5bfb5a66efc13dc8e15aa4c277c65bbe-lammps_to_gmx": 1, "5bfb5a66efc13dc8e15aa4c277c65bbe-shear_15nN_grompp": 1, "5bfb5a66efc13dc8e15aa4c277c65bbe-shear_25nN_grompp": 1, "5bfb5a66efc13dc8e15aa4c277c65bbe-compress_grompp": 1, "5bfb5a66efc13dc8e15aa4c277c65bbe-unwrap_shear_5nN": 1, "5bfb5a66efc13dc8e15aa4c277c65bbe-shear_25nN_extend": 1, "5bfb5a66efc13dc8e15aa4c277c65bbe-shear_15nN_extend": 1, "5bfb5a66efc13dc8e15aa4c277c65bbe-shear_25nN_rerun": 1, "5bfb5a66efc13dc8e15aa4c277c65bbe-shear_5nN_extend_grompp": 1, "5bfb5a66efc13dc8e15aa4c277c65bbe-shear_15nN": 1, "5bfb5a66efc13dc8e15aa4c277c65bbe-calc_tilt_shear": 1, "5bfb5a66efc13dc8e15aa4c277c65bbe-shear_5nN": 1, "5bfb5a66efc13dc8e15aa4c277c65bbe-log_cof": 1, "5bfb5a66efc13dc8e15aa4c277c65bbe-unwrap_shear_15nN": 1, "5bfb5a66efc13dc8e15aa4c277c65bbe-shear_5nN_rerun_grompp": 1, "5bfb5a66efc13dc8e15aa4c277c65bbe-shear_5nN_extend": 1, "5bfb5a66efc13dc8e15aa4c277c65bbe-top_to_mol2": 1, "5bfb5a66efc13dc8e15aa4c277c65bbe-fix_overlaps": 1, "5bfb5a66efc13dc8e15aa4c277c65bbe-calc_interdigitation": 6, "5bfb5a66efc13dc8e15aa4c277c65bbe-compress": 1, "5bfb5a66efc13dc8e15aa4c277c65bbe-log_interaction_energy_15nN": 1, "5bfb5a66efc13dc8e15aa4c277c65bbe-shear_25nN_extend_grompp": 1, "5bfb5a66efc13dc8e15aa4c277c65bbe-get_interaction_energy_25nN": 1, "5bfb5a66efc13dc8e15aa4c277c65bbe-shear_25nN_rerun_grompp": 1, "5bfb5a66efc13dc8e15aa4c277c65bbe-minimize": 1, "5bfb5a66efc13dc8e15aa4c277c65bbe-get_interaction_energy_5nN": 1, "5bfb5a66efc13dc8e15aa4c277c65bbe-get_interaction_energy_15nN": 1, "5bfb5a66efc13dc8e15aa4c277c65bbe-calc_S2_shear": 1, "5bfb5a66efc13dc8e15aa4c277c65bbe-shear_5nN_rerun": 1, "5bfb5a66efc13dc8e15aa4c277c65bbe-log_interaction_energy_25nN": 1, "5bfb5a66efc13dc8e15aa4c277c65bbe-calc_roughness": 1, "5bfb5a66efc13dc8e15aa4c277c65bbe-equilibrate_grompp": 1, "5bfb5a66efc13dc8e15aa4c277c65bbe-log_interaction_energy_5nN": 1, "5bfb5a66efc13dc8e15aa4c277c65bbe-equilibrate": 1, "5bfb5a66efc13dc8e15aa4c277c65bbe-shear_5nN_grompp": 1, "5bfb5a66efc13dc8e15aa4c277c65bbe-initialize": 1, "5bfb5a66efc13dc8e15aa4c277c65bbe-shear_15nN_rerun": 1}, "shear_25nN_Etotal": [-1638.6408155131896, 61.379473350706654], "intercept": 1.199537865183904, "shear_5nN_qq": [10.806187849720224, 25.984349079222127], "COF": 0.15773501115499794, "chain-smiles": "CCCCCCCCCCCCCCCCCOC", "shear_5nN_lj": [-1355.5908450047962, 50.00788623645791], "h-smiles": "OC", "entropy_translational": 151.98, "S2": {"25nN": 0.9316450172806912, "5nN": 0.9316309646370264, "15nN": 0.9368766118266828}}