{"shear_15nN_Etotal": [-3162.0898993621104, 97.98340679029076], "molecular_weight": 95.0942, "shear_25nN_Etotal": [-3230.9487464748204, 87.90492010045591], "surface_area": 96.58, "shear_15nN_qq": [-1543.9510297993604, 60.42945102328593], "enthalpy_vibrational": 248.15, "shear_5nN_qq": [-1516.5249171814546, 53.40070735854573], "tilt": {"5nN": 25.901989874773676, "15nN": 30.100546724423975, "25nN": 32.903926478606344}, "intercept": 2.5230554170901325, "shear_25nN_lj": [-1680.4575096794567, 51.07177476416009], "entropy_rotational": 112.71, "shear_5nN_lj": [-1430.3134740207834, 53.82929434201546], "shear_25nN_qq": [-1550.4912367953636, 57.452725228171914], "nonpolar_solvation_energy": 14.09, "total_solvation_energy": 6.28, "shear_15nN_lj": [-1618.13886956275, 53.266506759748815], "shear_5nN_Etotal": [-2946.838391202238, 93.06976191100058], "interdigitation": {"5nN": 0.18244368752828397, "15nN": 0.17374441527641474, "25nN": 0.16446682480611494}, "entropy_vibrational": 30.51, "heat_capacity_vibrational": 58.87, "entropy_translational": 165.68, "status": {"812f01922ae27fc0bc238eec3a9d4a73-compress": 1, "812f01922ae27fc0bc238eec3a9d4a73-calc_tilt_shear": 1, "812f01922ae27fc0bc238eec3a9d4a73-shear_15nN": 1, "812f01922ae27fc0bc238eec3a9d4a73-lammps_to_gmx": 1, "812f01922ae27fc0bc238eec3a9d4a73-equilibrate_grompp": 1, "812f01922ae27fc0bc238eec3a9d4a73-calc_friction": 1, "812f01922ae27fc0bc238eec3a9d4a73-minimize": 1, "812f01922ae27fc0bc238eec3a9d4a73-count_hydrogen_bonds": 1, "812f01922ae27fc0bc238eec3a9d4a73-compress_grompp": 1, "812f01922ae27fc0bc238eec3a9d4a73-log_interaction_energy_25nN": 1, "812f01922ae27fc0bc238eec3a9d4a73-shear_25nN_rerun": 1, "812f01922ae27fc0bc238eec3a9d4a73-shear_25nN": 1, "812f01922ae27fc0bc238eec3a9d4a73-unwrap_shear_25nN": 1, "812f01922ae27fc0bc238eec3a9d4a73-get_interaction_energy_5nN": 1, "812f01922ae27fc0bc238eec3a9d4a73-log_S2": 1, "812f01922ae27fc0bc238eec3a9d4a73-shear_5nN_rerun_grompp": 1, "812f01922ae27fc0bc238eec3a9d4a73-shear_15nN_extend": 1, "812f01922ae27fc0bc238eec3a9d4a73-log_interaction_energy_15nN": 1, "812f01922ae27fc0bc238eec3a9d4a73-shear_25nN_grompp": 1, "812f01922ae27fc0bc238eec3a9d4a73-shear_15nN_extend_grompp": 1, "812f01922ae27fc0bc238eec3a9d4a73-minimize_grompp": 1, "812f01922ae27fc0bc238eec3a9d4a73-shear_15nN_rerun": 1, "812f01922ae27fc0bc238eec3a9d4a73-calc_S2_shear": 1, "812f01922ae27fc0bc238eec3a9d4a73-unwrap_shear_5nN": 1, "812f01922ae27fc0bc238eec3a9d4a73-top_to_mol2": 1, "812f01922ae27fc0bc238eec3a9d4a73-fix_overlaps": 1, "812f01922ae27fc0bc238eec3a9d4a73-shear_15nN_rerun_grompp": 1, "812f01922ae27fc0bc238eec3a9d4a73-calc_interdigitation": 1, "812f01922ae27fc0bc238eec3a9d4a73-get_interaction_energy_25nN": 1, "812f01922ae27fc0bc238eec3a9d4a73-shear_5nN": 1, "812f01922ae27fc0bc238eec3a9d4a73-get_interaction_energy_15nN": 1, "812f01922ae27fc0bc238eec3a9d4a73-shear_15nN_grompp": 1, "812f01922ae27fc0bc238eec3a9d4a73-unwrap_shear_15nN": 1, "812f01922ae27fc0bc238eec3a9d4a73-shear_25nN_rerun_grompp": 1, "812f01922ae27fc0bc238eec3a9d4a73-shear_25nN_extend_grompp": 1, "812f01922ae27fc0bc238eec3a9d4a73-shear_5nN_extend_grompp": 1, "812f01922ae27fc0bc238eec3a9d4a73-equilibrate": 1, "812f01922ae27fc0bc238eec3a9d4a73-shear_5nN_extend": 1, "812f01922ae27fc0bc238eec3a9d4a73-shear_5nN_rerun": 1, "812f01922ae27fc0bc238eec3a9d4a73-log_interaction_energy_5nN": 1, "812f01922ae27fc0bc238eec3a9d4a73-initialize": 1, "812f01922ae27fc0bc238eec3a9d4a73-log_tilt": 1, "812f01922ae27fc0bc238eec3a9d4a73-calc_roughness": 1, "812f01922ae27fc0bc238eec3a9d4a73-log_cof": 1, "812f01922ae27fc0bc238eec3a9d4a73-shear_5nN_grompp": 1, "812f01922ae27fc0bc238eec3a9d4a73-shear_25nN_extend": 1}, "S2": {"5nN": 0.827861168910193, "15nN": 0.833976406192431, "25nN": 0.8441384575841115}, "dipole_moment": 2.03, "COF": 0.12829174028028856, "roughness": {"5nN": 0.05197158380205128, "15nN": 0.049254549747594675, "25nN": 0.04728194834061614}, "polar_solvation_energy": -7.83}