{"shear_15nN_Etotal": [-1219.5296711878498, 44.514946431048905], "molecular_weight": 43.0874, "shear_25nN_Etotal": [-1283.669993853717, 43.767182886308596], "surface_area": 70.99, "shear_15nN_qq": [217.1508842653877, 10.208977044508329], "enthalpy_vibrational": 273.28, "shear_5nN_qq": [164.502579097522, 8.536026501645816], "tilt": {"5nN": 27.165322865501476, "15nN": 32.229231030607075, "25nN": 34.50165476197476}, "intercept": 0.7473226075523343, "shear_25nN_lj": [-1535.8951101902478, 44.048303341713925], "entropy_rotational": 94.72, "shear_5nN_lj": [-1224.2074872406076, 43.96018258089193], "shear_25nN_qq": [252.2251163365308, 10.100964790814611], "nonpolar_solvation_energy": 11.79, "total_solvation_energy": 11.37, "shear_15nN_lj": [-1436.6805554532373, 44.4803088410278], "shear_5nN_Etotal": [-1059.7049081430855, 42.3072438297202], "interdigitation": {"5nN": 0.10051283180800837, "15nN": 0.0940409423842492, "25nN": 0.10229984644952142}, "entropy_vibrational": 26.04, "heat_capacity_vibrational": 37.37, "entropy_translational": 155.96, "roughness": {"5nN": 0.05999956990432851, "15nN": 0.04888662928403819, "25nN": 0.05610172221984276}, "S2": {"5nN": 0.8869684464780573, "15nN": 0.884527513967727, "25nN": 0.8894587108406656}, "dipole_moment": 0.01, "COF": 0.14102625282958314, "status": {"1c37ff2007ef7d2260f87563ee7f7117-log_interaction_energy_5nN": 1, "1c37ff2007ef7d2260f87563ee7f7117-calc_S2_shear": 1, "1c37ff2007ef7d2260f87563ee7f7117-unwrap_shear_25nN": 1, "1c37ff2007ef7d2260f87563ee7f7117-shear_5nN_rerun": 1, "1c37ff2007ef7d2260f87563ee7f7117-log_interaction_energy_25nN": 1, "1c37ff2007ef7d2260f87563ee7f7117-shear_5nN_extend": 1, "1c37ff2007ef7d2260f87563ee7f7117-shear_15nN_rerun_grompp": 1, "1c37ff2007ef7d2260f87563ee7f7117-shear_15nN": 1, "1c37ff2007ef7d2260f87563ee7f7117-calc_friction": 1, "1c37ff2007ef7d2260f87563ee7f7117-shear_25nN_rerun_grompp": 1, "1c37ff2007ef7d2260f87563ee7f7117-equilibrate": 1, "1c37ff2007ef7d2260f87563ee7f7117-shear_25nN_extend": 1, "1c37ff2007ef7d2260f87563ee7f7117-calc_tilt_shear": 1, "1c37ff2007ef7d2260f87563ee7f7117-compress_grompp": 1, "1c37ff2007ef7d2260f87563ee7f7117-initialize": 1, "1c37ff2007ef7d2260f87563ee7f7117-log_tilt": 1, "1c37ff2007ef7d2260f87563ee7f7117-log_interaction_energy_15nN": 1, "1c37ff2007ef7d2260f87563ee7f7117-count_hydrogen_bonds": 1, "1c37ff2007ef7d2260f87563ee7f7117-unwrap_shear_15nN": 1, "1c37ff2007ef7d2260f87563ee7f7117-shear_15nN_grompp": 1, "1c37ff2007ef7d2260f87563ee7f7117-get_interaction_energy_5nN": 1, "1c37ff2007ef7d2260f87563ee7f7117-calc_roughness": 1, "1c37ff2007ef7d2260f87563ee7f7117-shear_25nN_rerun": 1, "1c37ff2007ef7d2260f87563ee7f7117-shear_5nN_grompp": 1, "1c37ff2007ef7d2260f87563ee7f7117-top_to_mol2": 1, "1c37ff2007ef7d2260f87563ee7f7117-log_cof": 1, "1c37ff2007ef7d2260f87563ee7f7117-shear_15nN_rerun": 1, "1c37ff2007ef7d2260f87563ee7f7117-equilibrate_grompp": 1, "1c37ff2007ef7d2260f87563ee7f7117-minimize": 1, "1c37ff2007ef7d2260f87563ee7f7117-shear_15nN_extend_grompp": 1, "1c37ff2007ef7d2260f87563ee7f7117-shear_25nN_grompp": 1, "1c37ff2007ef7d2260f87563ee7f7117-compress": 1, "1c37ff2007ef7d2260f87563ee7f7117-shear_5nN_rerun_grompp": 1, "1c37ff2007ef7d2260f87563ee7f7117-unwrap_shear_5nN": 1, "1c37ff2007ef7d2260f87563ee7f7117-shear_25nN_extend_grompp": 1, "1c37ff2007ef7d2260f87563ee7f7117-shear_5nN_extend_grompp": 1, "1c37ff2007ef7d2260f87563ee7f7117-minimize_grompp": 1, "1c37ff2007ef7d2260f87563ee7f7117-log_S2": 1, "1c37ff2007ef7d2260f87563ee7f7117-calc_interdigitation": 1, "1c37ff2007ef7d2260f87563ee7f7117-shear_25nN": 1, "1c37ff2007ef7d2260f87563ee7f7117-shear_15nN_extend": 1, "1c37ff2007ef7d2260f87563ee7f7117-get_interaction_energy_15nN": 1, "1c37ff2007ef7d2260f87563ee7f7117-fix_overlaps": 1, "1c37ff2007ef7d2260f87563ee7f7117-lammps_to_gmx": 1, "1c37ff2007ef7d2260f87563ee7f7117-shear_5nN": 1, "1c37ff2007ef7d2260f87563ee7f7117-get_interaction_energy_25nN": 1}, "polar_solvation_energy": -0.4}