{"enthalpy_vibrational": 133.72, "shear_5nN_Etotal": [-1414.673448217426, 63.71807683488407], "heat_capacity_vibrational": 12.98, "entropy_vibrational": 7.17, "interdigitation": {"25nN": 0.11080135911798508, "5nN": 0.10838548855762276, "15nN": 0.1367150072912696}, "polar_solvation_energy": -10.78, "shear_15nN_qq": [-67.85511651558753, 27.3232977723357], "nonpolar_solvation_energy": 5.64, "molecular_weight": 31.0338, "shear_15nN_Etotal": [-1650.6067841254996, 55.904997134815865], "roughness": {"25nN": 0.05237323745409122, "5nN": 0.06192746381827883, "15nN": 0.06292394573414864}, "tilt": {"25nN": 41.05013037576859, "5nN": 35.95827891776571, "15nN": 38.66156411324147}, "shear_15nN_lj": [-1582.751667609912, 50.39118650166787], "surface_area": 54.24, "total_solvation_energy": -5.11, "dipole_moment": 1.68, "entropy_rotational": 79.18, "shear_25nN_lj": [-1669.752588752198, 54.281657761683746], "shear_5nN_lj": [-1328.2037524244604, 60.174650799140196], "status": {"3c05b86331f9e5a8f2271e3aecd655b1-shear_5nN_rerun": 1, "3c05b86331f9e5a8f2271e3aecd655b1-equilibrate_grompp": 1, "3c05b86331f9e5a8f2271e3aecd655b1-shear_15nN_rerun": 1, "3c05b86331f9e5a8f2271e3aecd655b1-shear_5nN_grompp": 1, "3c05b86331f9e5a8f2271e3aecd655b1-calc_roughness": 1, "3c05b86331f9e5a8f2271e3aecd655b1-get_interaction_energy_5nN": 1, "3c05b86331f9e5a8f2271e3aecd655b1-shear_5nN_rerun_grompp": 1, "3c05b86331f9e5a8f2271e3aecd655b1-unwrap_shear_5nN": 1, "3c05b86331f9e5a8f2271e3aecd655b1-calc_S2_shear": 1, "3c05b86331f9e5a8f2271e3aecd655b1-log_tilt": 1, "3c05b86331f9e5a8f2271e3aecd655b1-equilibrate": 1, "3c05b86331f9e5a8f2271e3aecd655b1-initialize": 1, "3c05b86331f9e5a8f2271e3aecd655b1-calc_tilt_shear": 1, "3c05b86331f9e5a8f2271e3aecd655b1-shear_25nN_extend_grompp": 1, "3c05b86331f9e5a8f2271e3aecd655b1-shear_15nN": 1, "3c05b86331f9e5a8f2271e3aecd655b1-get_interaction_energy_15nN": 1, "3c05b86331f9e5a8f2271e3aecd655b1-shear_15nN_extend": 1, "3c05b86331f9e5a8f2271e3aecd655b1-compress": 1, "3c05b86331f9e5a8f2271e3aecd655b1-lammps_to_gmx": 1, "3c05b86331f9e5a8f2271e3aecd655b1-calc_interdigitation": 6, "3c05b86331f9e5a8f2271e3aecd655b1-calc_friction": 1, "3c05b86331f9e5a8f2271e3aecd655b1-top_to_mol2": 1, "3c05b86331f9e5a8f2271e3aecd655b1-shear_5nN_extend_grompp": 1, "3c05b86331f9e5a8f2271e3aecd655b1-fix_overlaps": 1, "3c05b86331f9e5a8f2271e3aecd655b1-log_interaction_energy_15nN": 1, "3c05b86331f9e5a8f2271e3aecd655b1-shear_25nN_rerun_grompp": 1, "3c05b86331f9e5a8f2271e3aecd655b1-count_hydrogen_bonds": 1, "3c05b86331f9e5a8f2271e3aecd655b1-shear_25nN": 1, "3c05b86331f9e5a8f2271e3aecd655b1-compress_grompp": 1, "3c05b86331f9e5a8f2271e3aecd655b1-minimize_grompp": 1, "3c05b86331f9e5a8f2271e3aecd655b1-shear_5nN": 1, "3c05b86331f9e5a8f2271e3aecd655b1-unwrap_shear_15nN": 1, "3c05b86331f9e5a8f2271e3aecd655b1-get_interaction_energy_25nN": 1, "3c05b86331f9e5a8f2271e3aecd655b1-shear_15nN_extend_grompp": 1, "3c05b86331f9e5a8f2271e3aecd655b1-log_interaction_energy_5nN": 1, "3c05b86331f9e5a8f2271e3aecd655b1-shear_15nN_grompp": 1, "3c05b86331f9e5a8f2271e3aecd655b1-log_interaction_energy_25nN": 1, "3c05b86331f9e5a8f2271e3aecd655b1-log_S2": 1, "3c05b86331f9e5a8f2271e3aecd655b1-shear_5nN_extend": 1, "3c05b86331f9e5a8f2271e3aecd655b1-minimize": 1, "3c05b86331f9e5a8f2271e3aecd655b1-shear_25nN_extend": 1, "3c05b86331f9e5a8f2271e3aecd655b1-log_cof": 1, "3c05b86331f9e5a8f2271e3aecd655b1-shear_25nN_rerun": 1, "3c05b86331f9e5a8f2271e3aecd655b1-unwrap_shear_25nN": 1, "3c05b86331f9e5a8f2271e3aecd655b1-shear_15nN_rerun_grompp": 1, "3c05b86331f9e5a8f2271e3aecd655b1-shear_25nN_grompp": 1}, "shear_25nN_Etotal": [-1727.8438181518782, 60.03631628705151], "shear_25nN_qq": [-58.091229399680266, 29.383616627707244], "ch3-smiles": "COC", "intercept": 1.2724017071953537, "shear_5nN_qq": [-86.46969579296562, 23.69276661596371], "COF": 0.15608914854230702, "chain-smiles": "CCCCCCCCCCCCCCCCCOC", "h-smiles": "OC", "entropy_translational": 151.98, "S2": {"25nN": 0.9632594789912167, "5nN": 0.9703781216314172, "15nN": 0.958630995077105}}