{"shear_25nN_qq": [-929.61789503757, 83.76924874946978], "shear_25nN_lj": [-2583.675341565148, 65.40747764000125], "enthalpy_vibrational": 280.86, "surface_area": 118.23, "shear_5nN_qq": [-890.7063728904876, 80.81377013862486], "COF": 0.127232788161012, "nonpolar_solvation_energy": 8.49, "shear_5nN_Etotal": [-3274.4502158864907, 142.99021280689342], "status": {"d6174d7cd3f3a52e7402d511a1fb1787-unwrap_shear_5nN": 1, "d6174d7cd3f3a52e7402d511a1fb1787-log_S2": 1, "d6174d7cd3f3a52e7402d511a1fb1787-shear_25nN_extend": 1, "d6174d7cd3f3a52e7402d511a1fb1787-shear_25nN_rerun": 1, "d6174d7cd3f3a52e7402d511a1fb1787-shear_15nN": 1, "d6174d7cd3f3a52e7402d511a1fb1787-log_tilt": 1, "d6174d7cd3f3a52e7402d511a1fb1787-shear_15nN_extend_grompp": 1, "d6174d7cd3f3a52e7402d511a1fb1787-minimize": 1, "d6174d7cd3f3a52e7402d511a1fb1787-shear_25nN_rerun_grompp": 1, "d6174d7cd3f3a52e7402d511a1fb1787-shear_5nN_grompp": 1, "d6174d7cd3f3a52e7402d511a1fb1787-compress_grompp": 1, "d6174d7cd3f3a52e7402d511a1fb1787-shear_5nN_extend_grompp": 1, "d6174d7cd3f3a52e7402d511a1fb1787-initialize": 1, "d6174d7cd3f3a52e7402d511a1fb1787-count_hydrogen_bonds": 1, "d6174d7cd3f3a52e7402d511a1fb1787-log_interaction_energy_15nN": 1, "d6174d7cd3f3a52e7402d511a1fb1787-shear_5nN_rerun_grompp": 1, "d6174d7cd3f3a52e7402d511a1fb1787-shear_5nN_extend": 1, "d6174d7cd3f3a52e7402d511a1fb1787-calc_friction": 1, "d6174d7cd3f3a52e7402d511a1fb1787-shear_25nN_extend_grompp": 1, "d6174d7cd3f3a52e7402d511a1fb1787-equilibrate": 1, "d6174d7cd3f3a52e7402d511a1fb1787-fix_overlaps": 1, "d6174d7cd3f3a52e7402d511a1fb1787-calc_interdigitation": 1, "d6174d7cd3f3a52e7402d511a1fb1787-calc_tilt_shear": 1, "d6174d7cd3f3a52e7402d511a1fb1787-shear_15nN_grompp": 1, "d6174d7cd3f3a52e7402d511a1fb1787-top_to_mol2": 1, "d6174d7cd3f3a52e7402d511a1fb1787-shear_25nN": 1, "d6174d7cd3f3a52e7402d511a1fb1787-log_cof": 1, "d6174d7cd3f3a52e7402d511a1fb1787-lammps_to_gmx": 1, "d6174d7cd3f3a52e7402d511a1fb1787-compress": 1, "d6174d7cd3f3a52e7402d511a1fb1787-unwrap_shear_15nN": 1, "d6174d7cd3f3a52e7402d511a1fb1787-log_interaction_energy_25nN": 1, "d6174d7cd3f3a52e7402d511a1fb1787-get_interaction_energy_15nN": 1, "d6174d7cd3f3a52e7402d511a1fb1787-calc_S2_shear": 1, "d6174d7cd3f3a52e7402d511a1fb1787-shear_15nN_extend": 1, "d6174d7cd3f3a52e7402d511a1fb1787-shear_5nN_rerun": 1, "d6174d7cd3f3a52e7402d511a1fb1787-calc_roughness": 1, "d6174d7cd3f3a52e7402d511a1fb1787-unwrap_shear_25nN": 1, "d6174d7cd3f3a52e7402d511a1fb1787-shear_25nN_grompp": 1, "d6174d7cd3f3a52e7402d511a1fb1787-log_interaction_energy_5nN": 1, "d6174d7cd3f3a52e7402d511a1fb1787-shear_15nN_rerun": 1, "d6174d7cd3f3a52e7402d511a1fb1787-shear_15nN_rerun_grompp": 1, "d6174d7cd3f3a52e7402d511a1fb1787-shear_5nN": 1, "d6174d7cd3f3a52e7402d511a1fb1787-get_interaction_energy_5nN": 1, "d6174d7cd3f3a52e7402d511a1fb1787-minimize_grompp": 1, "d6174d7cd3f3a52e7402d511a1fb1787-get_interaction_energy_25nN": 1, "d6174d7cd3f3a52e7402d511a1fb1787-equilibrate_grompp": 1}, "shear_15nN_qq": [-909.0687337841727, 89.28786549207197], "interdigitation": {"15nN": 0.22148166896674876, "25nN": 0.20926978881161074, "5nN": 0.23849362053206768}, "total_solvation_energy": -24.48, "entropy_vibrational": 69.31, "roughness": {"15nN": 0.06888198347080267, "25nN": 0.06387265566773509, "5nN": 0.07183590870907461}, "S2": {"15nN": 0.8644089604523885, "25nN": 0.8714420579401482, "5nN": 0.8665883147909998}, "entropy_rotational": 119.66, "polar_solvation_energy": -32.99, "shear_5nN_lj": [-2383.7438429960034, 77.53878931194978], "entropy_translational": 168.76, "tilt": {"15nN": 34.59751227574009, "25nN": 37.10796494642231, "5nN": 30.479242754175676}, "dipole_moment": 6.22, "heat_capacity_vibrational": 83.45, "shear_25nN_Etotal": [-3513.293236602718, 125.76060371652885], "intercept": 3.112230223135705, "shear_15nN_lj": [-2520.95672388729, 77.24419065862635], "molecular_weight": 122.1013, "shear_15nN_Etotal": [-3430.025457671463, 148.68375589187937]}