{"enthalpy_vibrational": 214.06, "shear_5nN_Etotal": [-1251.7378524188648, 46.31376858880191], "heat_capacity_vibrational": 19.47, "entropy_vibrational": 5.04, "interdigitation": {"25nN": 0.1237472922139314, "5nN": 0.11192446956653951, "15nN": 0.12998608546195495}, "polar_solvation_energy": -1.28, "shear_15nN_qq": [11.863982782573942, 7.670215673266609], "nonpolar_solvation_energy": 9.15, "molecular_weight": 41.0716, "shear_15nN_Etotal": [-1461.2137284708233, 44.87662169470368], "roughness": {"25nN": 0.06552686122739937, "5nN": 0.07054009850600841, "15nN": 0.0760788462305757}, "tilt": {"25nN": 40.527728512336495, "5nN": 34.40223736280015, "15nN": 37.75458415620505}, "shear_15nN_lj": [-1473.0777112533972, 45.3676933561182], "surface_area": 65.5, "total_solvation_energy": 7.89, "dipole_moment": 0.0, "entropy_rotational": 90.7, "shear_25nN_lj": [-1592.841707505196, 48.98918683536535], "shear_5nN_lj": [-1246.480978498801, 46.22318939194353], "status": {"7e1c467446e2f1200374dacebf45f5db-shear_5nN_grompp": 1, "7e1c467446e2f1200374dacebf45f5db-compress_grompp": 1, "7e1c467446e2f1200374dacebf45f5db-shear_15nN_extend": 1, "7e1c467446e2f1200374dacebf45f5db-calc_roughness": 1, "7e1c467446e2f1200374dacebf45f5db-unwrap_shear_5nN": 1, "7e1c467446e2f1200374dacebf45f5db-log_interaction_energy_25nN": 1, "7e1c467446e2f1200374dacebf45f5db-shear_15nN_rerun_grompp": 1, "7e1c467446e2f1200374dacebf45f5db-calc_friction": 1, "7e1c467446e2f1200374dacebf45f5db-initialize": 1, "7e1c467446e2f1200374dacebf45f5db-shear_5nN_extend": 1, "7e1c467446e2f1200374dacebf45f5db-get_interaction_energy_15nN": 1, "7e1c467446e2f1200374dacebf45f5db-equilibrate_grompp": 1, "7e1c467446e2f1200374dacebf45f5db-log_S2": 1, "7e1c467446e2f1200374dacebf45f5db-calc_S2_shear": 1, "7e1c467446e2f1200374dacebf45f5db-unwrap_shear_25nN": 1, "7e1c467446e2f1200374dacebf45f5db-shear_25nN_extend": 1, "7e1c467446e2f1200374dacebf45f5db-equilibrate": 1, "7e1c467446e2f1200374dacebf45f5db-log_cof": 1, "7e1c467446e2f1200374dacebf45f5db-fix_overlaps": 1, "7e1c467446e2f1200374dacebf45f5db-count_hydrogen_bonds": 1, "7e1c467446e2f1200374dacebf45f5db-get_interaction_energy_25nN": 1, "7e1c467446e2f1200374dacebf45f5db-shear_15nN": 1, "7e1c467446e2f1200374dacebf45f5db-shear_5nN": 1, "7e1c467446e2f1200374dacebf45f5db-log_interaction_energy_5nN": 1, "7e1c467446e2f1200374dacebf45f5db-unwrap_shear_15nN": 1, "7e1c467446e2f1200374dacebf45f5db-shear_5nN_extend_grompp": 1, "7e1c467446e2f1200374dacebf45f5db-shear_5nN_rerun": 1, "7e1c467446e2f1200374dacebf45f5db-log_interaction_energy_15nN": 1, "7e1c467446e2f1200374dacebf45f5db-shear_25nN_rerun": 1, "7e1c467446e2f1200374dacebf45f5db-calc_tilt_shear": 1, "7e1c467446e2f1200374dacebf45f5db-minimize_grompp": 1, "7e1c467446e2f1200374dacebf45f5db-shear_25nN_rerun_grompp": 1, "7e1c467446e2f1200374dacebf45f5db-get_interaction_energy_5nN": 1, "7e1c467446e2f1200374dacebf45f5db-shear_5nN_rerun_grompp": 1, "7e1c467446e2f1200374dacebf45f5db-shear_25nN_extend_grompp": 1, "7e1c467446e2f1200374dacebf45f5db-shear_25nN": 1, "7e1c467446e2f1200374dacebf45f5db-shear_15nN_grompp": 1, "7e1c467446e2f1200374dacebf45f5db-shear_15nN_extend_grompp": 1, "7e1c467446e2f1200374dacebf45f5db-lammps_to_gmx": 1, "7e1c467446e2f1200374dacebf45f5db-shear_15nN_rerun": 1, "7e1c467446e2f1200374dacebf45f5db-minimize": 1, "7e1c467446e2f1200374dacebf45f5db-log_tilt": 1, "7e1c467446e2f1200374dacebf45f5db-top_to_mol2": 1, "7e1c467446e2f1200374dacebf45f5db-shear_25nN_grompp": 1, "7e1c467446e2f1200374dacebf45f5db-compress": 1, "7e1c467446e2f1200374dacebf45f5db-calc_interdigitation": 1}, "shear_25nN_Etotal": [-1556.826316454037, 48.74470441714496], "shear_25nN_qq": [36.01539105115908, 9.407055309107168], "ch3-smiles": "CC1CC1", "intercept": 0.20871169720585225, "shear_5nN_qq": [-5.256873920063949, 7.539993360528725], "COF": 0.17890269334284342, "chain-smiles": "CCCCCCCCCCCCCCCCCC1CC1", "h-smiles": "C1CC1", "entropy_translational": 155.37, "S2": {"25nN": 0.9468780876435724, "5nN": 0.9547585834400862, "15nN": 0.9595720003028495}}