{"enthalpy_vibrational": 148.05, "shear_5nN_Etotal": [-1769.0584026706636, 84.93254850136015], "heat_capacity_vibrational": 22.11, "entropy_vibrational": 16.85, "status": {"2e307591e9dc97bb46dd40f679bd4fd4-shear_5nN_extend_grompp": 1, "2e307591e9dc97bb46dd40f679bd4fd4-get_interaction_energy_5nN": 1, "2e307591e9dc97bb46dd40f679bd4fd4-shear_15nN_extend_grompp": 1, "2e307591e9dc97bb46dd40f679bd4fd4-unwrap_shear_25nN": 1, "2e307591e9dc97bb46dd40f679bd4fd4-equilibrate_grompp": 1, "2e307591e9dc97bb46dd40f679bd4fd4-shear_5nN_rerun": 1, "2e307591e9dc97bb46dd40f679bd4fd4-log_interaction_energy_5nN": 1, "2e307591e9dc97bb46dd40f679bd4fd4-shear_15nN_rerun_grompp": 1, "2e307591e9dc97bb46dd40f679bd4fd4-shear_15nN_extend": 1, "2e307591e9dc97bb46dd40f679bd4fd4-shear_25nN_rerun": 1, "2e307591e9dc97bb46dd40f679bd4fd4-compress": 1, "2e307591e9dc97bb46dd40f679bd4fd4-shear_15nN": 1, "2e307591e9dc97bb46dd40f679bd4fd4-get_interaction_energy_25nN": 1, "2e307591e9dc97bb46dd40f679bd4fd4-shear_25nN_grompp": 1, "2e307591e9dc97bb46dd40f679bd4fd4-shear_25nN_rerun_grompp": 1, "2e307591e9dc97bb46dd40f679bd4fd4-unwrap_shear_15nN": 1, "2e307591e9dc97bb46dd40f679bd4fd4-shear_5nN_grompp": 1, "2e307591e9dc97bb46dd40f679bd4fd4-shear_25nN_extend_grompp": 1, "2e307591e9dc97bb46dd40f679bd4fd4-calc_tilt_shear": 1, "2e307591e9dc97bb46dd40f679bd4fd4-calc_friction": 1, "2e307591e9dc97bb46dd40f679bd4fd4-minimize_grompp": 1, "2e307591e9dc97bb46dd40f679bd4fd4-minimize": 1, "2e307591e9dc97bb46dd40f679bd4fd4-shear_25nN_extend": 1, "2e307591e9dc97bb46dd40f679bd4fd4-initialize": 1, "2e307591e9dc97bb46dd40f679bd4fd4-log_cof": 1, "2e307591e9dc97bb46dd40f679bd4fd4-shear_25nN": 1, "2e307591e9dc97bb46dd40f679bd4fd4-compress_grompp": 1, "2e307591e9dc97bb46dd40f679bd4fd4-shear_15nN_rerun": 1, "2e307591e9dc97bb46dd40f679bd4fd4-log_tilt": 1, "2e307591e9dc97bb46dd40f679bd4fd4-unwrap_shear_5nN": 1, "2e307591e9dc97bb46dd40f679bd4fd4-shear_15nN_grompp": 1, "2e307591e9dc97bb46dd40f679bd4fd4-equilibrate": 1, "2e307591e9dc97bb46dd40f679bd4fd4-shear_5nN": 1, "2e307591e9dc97bb46dd40f679bd4fd4-get_interaction_energy_15nN": 1, "2e307591e9dc97bb46dd40f679bd4fd4-log_S2": 1, "2e307591e9dc97bb46dd40f679bd4fd4-log_interaction_energy_25nN": 1, "2e307591e9dc97bb46dd40f679bd4fd4-calc_S2_shear": 1, "2e307591e9dc97bb46dd40f679bd4fd4-calc_interdigitation": 3, "2e307591e9dc97bb46dd40f679bd4fd4-count_hydrogen_bonds": 1, "2e307591e9dc97bb46dd40f679bd4fd4-log_interaction_energy_15nN": 1, "2e307591e9dc97bb46dd40f679bd4fd4-fix_overlaps": 1, "2e307591e9dc97bb46dd40f679bd4fd4-calc_roughness": 1, "2e307591e9dc97bb46dd40f679bd4fd4-shear_5nN_rerun_grompp": 1, "2e307591e9dc97bb46dd40f679bd4fd4-lammps_to_gmx": 1, "2e307591e9dc97bb46dd40f679bd4fd4-shear_5nN_extend": 1, "2e307591e9dc97bb46dd40f679bd4fd4-top_to_mol2": 1}, "polar_solvation_energy": -15.94, "shear_15nN_qq": [-292.64971135491606, 75.59733946307347], "nonpolar_solvation_energy": 8.9, "molecular_weight": 43.0445, "shear_15nN_Etotal": [-2065.568799320544, 96.21816851504148], "roughness": {"25nN": 0.04876414859818876, "5nN": 0.05551562633552098, "15nN": 0.050022512816317616}, "tilt": {"25nN": 35.86226629134008, "5nN": 29.609978680743385, "15nN": 33.173767253982476}, "shear_15nN_lj": [-1772.9190879656276, 48.86624103322488], "surface_area": 66.15, "total_solvation_energy": -7.02, "dipole_moment": 3.16, "entropy_rotational": 90.56, "shear_25nN_lj": [-1865.2398940407675, 47.009935972104], "shear_25nN_qq": [-332.2532560607514, 85.17343237199196], "shear_25nN_Etotal": [-2197.493150101519, 104.91963998797495], "ch3-smiles": "CC(=O)C", "intercept": 1.6378371719597886, "shear_5nN_qq": [-233.82199180015988, 58.62079490234866], "COF": 0.12889463911889204, "chain-smiles": "CCCCCCCCCCCCCCCCCC(=O)C", "shear_5nN_lj": [-1535.2364108705035, 52.400903775179245], "h-smiles": "C(=O)C", "entropy_translational": 155.95, "S2": {"25nN": 0.8939734688762195, "5nN": 0.9107415997635674, "15nN": 0.8732302592884666}}