{"shear_15nN_Etotal": [-3972.1736711286967, 137.3303913793221], "molecular_weight": 122.1013, "shear_25nN_Etotal": [-4035.2144833029574, 131.94531598313182], "surface_area": 118.23, "shear_15nN_qq": [-1490.5502058233412, 89.96901782280788], "enthalpy_vibrational": 280.86, "shear_5nN_qq": [-1448.736445698641, 91.10082019568127], "tilt": {"5nN": 29.65663498152945, "15nN": 33.75098149963137, "25nN": 34.99052972741644}, "intercept": 3.059623140369254, "shear_25nN_lj": [-2559.0524798976817, 66.76661421881293], "entropy_rotational": 119.66, "shear_5nN_lj": [-2365.816864469225, 76.97018086715038], "shear_25nN_qq": [-1476.1620034052758, 91.82015412272183], "nonpolar_solvation_energy": 8.49, "total_solvation_energy": -24.48, "shear_15nN_lj": [-2481.6234653053557, 67.16480928921094], "shear_5nN_Etotal": [-3814.5533101678657, 151.29533209306084], "interdigitation": {"5nN": 0.20308670020909209, "15nN": 0.18304584018993947, "25nN": 0.1740718328569956}, "entropy_vibrational": 69.31, "heat_capacity_vibrational": 83.45, "entropy_translational": 168.76, "roughness": {"5nN": 0.05813417014685166, "15nN": 0.055216764115391864, "25nN": 0.05113966804165366}, "S2": {"5nN": 0.8498095575426133, "15nN": 0.8589663085008244, "25nN": 0.8609491345314075}, "dipole_moment": 6.22, "COF": 0.12882581847778685, "status": {"313d55773f63a8736681eb5aacec139d-calc_roughness": 1, "313d55773f63a8736681eb5aacec139d-shear_15nN_grompp": 1, "313d55773f63a8736681eb5aacec139d-count_hydrogen_bonds": 1, "313d55773f63a8736681eb5aacec139d-shear_15nN_extend": 1, "313d55773f63a8736681eb5aacec139d-unwrap_shear_25nN": 1, "313d55773f63a8736681eb5aacec139d-get_interaction_energy_25nN": 1, "313d55773f63a8736681eb5aacec139d-compress_grompp": 1, "313d55773f63a8736681eb5aacec139d-lammps_to_gmx": 1, "313d55773f63a8736681eb5aacec139d-log_interaction_energy_15nN": 1, "313d55773f63a8736681eb5aacec139d-shear_15nN_rerun_grompp": 1, "313d55773f63a8736681eb5aacec139d-shear_5nN_rerun_grompp": 1, "313d55773f63a8736681eb5aacec139d-shear_15nN_extend_grompp": 1, "313d55773f63a8736681eb5aacec139d-compress": 1, "313d55773f63a8736681eb5aacec139d-shear_25nN_grompp": 1, "313d55773f63a8736681eb5aacec139d-log_S2": 1, "313d55773f63a8736681eb5aacec139d-log_tilt": 1, "313d55773f63a8736681eb5aacec139d-shear_5nN_grompp": 1, "313d55773f63a8736681eb5aacec139d-shear_25nN_rerun_grompp": 1, "313d55773f63a8736681eb5aacec139d-shear_25nN": 1, "313d55773f63a8736681eb5aacec139d-minimize": 1, "313d55773f63a8736681eb5aacec139d-shear_5nN_extend": 1, "313d55773f63a8736681eb5aacec139d-shear_5nN_extend_grompp": 1, "313d55773f63a8736681eb5aacec139d-unwrap_shear_15nN": 1, "313d55773f63a8736681eb5aacec139d-equilibrate": 1, "313d55773f63a8736681eb5aacec139d-shear_25nN_extend_grompp": 1, "313d55773f63a8736681eb5aacec139d-log_interaction_energy_25nN": 1, "313d55773f63a8736681eb5aacec139d-unwrap_shear_5nN": 1, "313d55773f63a8736681eb5aacec139d-log_interaction_energy_5nN": 1, "313d55773f63a8736681eb5aacec139d-calc_S2_shear": 1, "313d55773f63a8736681eb5aacec139d-get_interaction_energy_5nN": 1, "313d55773f63a8736681eb5aacec139d-shear_5nN": 1, "313d55773f63a8736681eb5aacec139d-log_cof": 1, "313d55773f63a8736681eb5aacec139d-shear_5nN_rerun": 1, "313d55773f63a8736681eb5aacec139d-equilibrate_grompp": 1, "313d55773f63a8736681eb5aacec139d-minimize_grompp": 1, "313d55773f63a8736681eb5aacec139d-top_to_mol2": 1, "313d55773f63a8736681eb5aacec139d-shear_15nN": 1, "313d55773f63a8736681eb5aacec139d-initialize": 1, "313d55773f63a8736681eb5aacec139d-fix_overlaps": 1, "313d55773f63a8736681eb5aacec139d-shear_25nN_rerun": 1, "313d55773f63a8736681eb5aacec139d-calc_tilt_shear": 1, "313d55773f63a8736681eb5aacec139d-get_interaction_energy_15nN": 1, "313d55773f63a8736681eb5aacec139d-shear_25nN_extend": 1, "313d55773f63a8736681eb5aacec139d-calc_friction": 1, "313d55773f63a8736681eb5aacec139d-calc_interdigitation": 1, "313d55773f63a8736681eb5aacec139d-shear_15nN_rerun": 1}, "polar_solvation_energy": -32.99}