{"shear_15nN_Etotal": [-2933.7771526890488, 188.19463710090602], "molecular_weight": 45.0174, "shear_25nN_Etotal": [-2848.6639338241407, 201.68176801344583], "surface_area": 64.71, "shear_15nN_qq": [-970.135947696243, 187.23382925788803], "enthalpy_vibrational": 87.35, "shear_5nN_qq": [-1121.2064349040766, 181.73201047017378], "tilt": {"5nN": 31.525713808959956, "25nN": 37.01892178182706, "15nN": 34.837549618491806}, "intercept": 5.472003792525147, "shear_25nN_lj": [-2054.30538546203, 62.23210495438012], "entropy_rotational": 87.93, "shear_5nN_lj": [-1797.3108172669863, 66.11658591000666], "shear_25nN_qq": [-794.3585483621104, 208.05840451935364], "nonpolar_solvation_energy": 3.72, "total_solvation_energy": -32.72, "shear_15nN_lj": [-1963.6412049928058, 65.37617953900805], "shear_5nN_Etotal": [-2918.517252171063, 185.60755864065538], "interdigitation": {"5nN": 0.10037174973520682, "25nN": 0.10529660353434815, "15nN": 0.103427218378092}, "entropy_vibrational": 7.1, "heat_capacity_vibrational": 15.26, "entropy_translational": 156.5, "roughness": {"5nN": 0.04779615939140547, "25nN": 0.047307830708836894, "15nN": 0.0476391334731333}, "S2": {"5nN": 0.7765032993933997, "25nN": 0.7510652686504822, "15nN": 0.7565130972400517}, "dipole_moment": 4.81, "COF": 0.14965125197640192, "status": {"8e08289273e2650d4e9c59a03df2c3c5-log_interaction_energy_25nN": 1, "8e08289273e2650d4e9c59a03df2c3c5-get_interaction_energy_25nN": 1, "8e08289273e2650d4e9c59a03df2c3c5-shear_15nN_rerun": 1, "8e08289273e2650d4e9c59a03df2c3c5-equilibrate_grompp": 1, "8e08289273e2650d4e9c59a03df2c3c5-shear_25nN_extend_grompp": 1, "8e08289273e2650d4e9c59a03df2c3c5-log_interaction_energy_15nN": 1, "8e08289273e2650d4e9c59a03df2c3c5-unwrap_shear_15nN": 1, "8e08289273e2650d4e9c59a03df2c3c5-log_S2": 1, "8e08289273e2650d4e9c59a03df2c3c5-shear_25nN_rerun": 1, "8e08289273e2650d4e9c59a03df2c3c5-shear_15nN_rerun_grompp": 1, "8e08289273e2650d4e9c59a03df2c3c5-shear_5nN_grompp": 1, "8e08289273e2650d4e9c59a03df2c3c5-shear_25nN_extend": 1, "8e08289273e2650d4e9c59a03df2c3c5-shear_15nN_extend_grompp": 1, "8e08289273e2650d4e9c59a03df2c3c5-initialize": 1, "8e08289273e2650d4e9c59a03df2c3c5-compress": 1, "8e08289273e2650d4e9c59a03df2c3c5-get_interaction_energy_15nN": 1, "8e08289273e2650d4e9c59a03df2c3c5-lammps_to_gmx": 1, "8e08289273e2650d4e9c59a03df2c3c5-log_tilt": 1, "8e08289273e2650d4e9c59a03df2c3c5-get_interaction_energy_5nN": 1, "8e08289273e2650d4e9c59a03df2c3c5-log_interaction_energy_5nN": 1, "8e08289273e2650d4e9c59a03df2c3c5-calc_interdigitation": 1, "8e08289273e2650d4e9c59a03df2c3c5-minimize": 1, "8e08289273e2650d4e9c59a03df2c3c5-shear_15nN": 1, "8e08289273e2650d4e9c59a03df2c3c5-calc_S2_shear": 1, "8e08289273e2650d4e9c59a03df2c3c5-shear_15nN_grompp": 1, "8e08289273e2650d4e9c59a03df2c3c5-unwrap_shear_5nN": 1, "8e08289273e2650d4e9c59a03df2c3c5-fix_overlaps": 1, "8e08289273e2650d4e9c59a03df2c3c5-shear_25nN": 1, "8e08289273e2650d4e9c59a03df2c3c5-unwrap_shear_25nN": 1, "8e08289273e2650d4e9c59a03df2c3c5-calc_roughness": 1, "8e08289273e2650d4e9c59a03df2c3c5-top_to_mol2": 1, "8e08289273e2650d4e9c59a03df2c3c5-shear_5nN_rerun": 1, "8e08289273e2650d4e9c59a03df2c3c5-shear_5nN_extend": 1, "8e08289273e2650d4e9c59a03df2c3c5-calc_tilt_shear": 1, "8e08289273e2650d4e9c59a03df2c3c5-shear_25nN_grompp": 1, "8e08289273e2650d4e9c59a03df2c3c5-shear_5nN_rerun_grompp": 1, "8e08289273e2650d4e9c59a03df2c3c5-shear_5nN": 1, "8e08289273e2650d4e9c59a03df2c3c5-log_cof": 1, "8e08289273e2650d4e9c59a03df2c3c5-compress_grompp": 1, "8e08289273e2650d4e9c59a03df2c3c5-count_hydrogen_bonds": 1, "8e08289273e2650d4e9c59a03df2c3c5-minimize_grompp": 1, "8e08289273e2650d4e9c59a03df2c3c5-equilibrate": 1, "8e08289273e2650d4e9c59a03df2c3c5-shear_15nN_extend": 1, "8e08289273e2650d4e9c59a03df2c3c5-calc_friction": 1, "8e08289273e2650d4e9c59a03df2c3c5-shear_5nN_extend_grompp": 1, "8e08289273e2650d4e9c59a03df2c3c5-shear_25nN_rerun_grompp": 1}, "polar_solvation_energy": -36.43}