{"enthalpy_vibrational": 62.86, "shear_5nN_Etotal": [-3166.360417490808, 143.2137772048327], "heat_capacity_vibrational": 5.42, "entropy_vibrational": 1.77, "interdigitation": {"25nN": 0.1702672141188343, "5nN": 0.155997324401745, "15nN": 0.16551647325550545}, "polar_solvation_energy": -48.71, "shear_15nN_qq": [-1271.7666447913668, 118.37626715895398], "nonpolar_solvation_energy": 4.77, "molecular_weight": 46.0055, "shear_15nN_Etotal": [-3431.550367431654, 146.79798209434367], "roughness": {"25nN": 0.06361874277929458, "5nN": 0.06112656123769315, "15nN": 0.06071722056331205}, "tilt": {"25nN": 39.33711414583127, "5nN": 32.75704837494349, "15nN": 36.568598493856534}, "shear_15nN_lj": [-2159.7837226402876, 57.12286290898557], "surface_area": 59.09, "total_solvation_energy": -43.93, "dipole_moment": 3.81, "entropy_rotational": 85.69, "shear_25nN_lj": [-2247.9104275179857, 57.03325332760931], "shear_25nN_qq": [-1268.6652395371702, 105.26882588530916], "ch3-smiles": "C[N+](=O)[O-]", "status": {"5c1571eb665a543e80e7f10322a77ca3-shear_5nN": 1, "5c1571eb665a543e80e7f10322a77ca3-shear_25nN_rerun_grompp": 1, "5c1571eb665a543e80e7f10322a77ca3-compress_grompp": 1, "5c1571eb665a543e80e7f10322a77ca3-shear_5nN_rerun": 1, "5c1571eb665a543e80e7f10322a77ca3-equilibrate": 1, "5c1571eb665a543e80e7f10322a77ca3-shear_15nN_extend": 1, "5c1571eb665a543e80e7f10322a77ca3-count_hydrogen_bonds": 1, "5c1571eb665a543e80e7f10322a77ca3-lammps_to_gmx": 1, "5c1571eb665a543e80e7f10322a77ca3-log_interaction_energy_15nN": 1, "5c1571eb665a543e80e7f10322a77ca3-shear_5nN_rerun_grompp": 1, "5c1571eb665a543e80e7f10322a77ca3-log_tilt": 1, "5c1571eb665a543e80e7f10322a77ca3-calc_S2_shear": 1, "5c1571eb665a543e80e7f10322a77ca3-shear_15nN_grompp": 1, "5c1571eb665a543e80e7f10322a77ca3-unwrap_shear_15nN": 1, "5c1571eb665a543e80e7f10322a77ca3-shear_25nN_rerun": 1, "5c1571eb665a543e80e7f10322a77ca3-log_interaction_energy_25nN": 1, "5c1571eb665a543e80e7f10322a77ca3-calc_friction": 1, "5c1571eb665a543e80e7f10322a77ca3-shear_15nN_rerun_grompp": 1, "5c1571eb665a543e80e7f10322a77ca3-get_interaction_energy_25nN": 1, "5c1571eb665a543e80e7f10322a77ca3-fix_overlaps": 1, "5c1571eb665a543e80e7f10322a77ca3-log_cof": 1, "5c1571eb665a543e80e7f10322a77ca3-unwrap_shear_5nN": 1, "5c1571eb665a543e80e7f10322a77ca3-top_to_mol2": 1, "5c1571eb665a543e80e7f10322a77ca3-minimize_grompp": 1, "5c1571eb665a543e80e7f10322a77ca3-shear_5nN_grompp": 1, "5c1571eb665a543e80e7f10322a77ca3-shear_15nN": 1, "5c1571eb665a543e80e7f10322a77ca3-unwrap_shear_25nN": 1, "5c1571eb665a543e80e7f10322a77ca3-calc_roughness": 1, "5c1571eb665a543e80e7f10322a77ca3-calc_interdigitation": 6, "5c1571eb665a543e80e7f10322a77ca3-log_interaction_energy_5nN": 1, "5c1571eb665a543e80e7f10322a77ca3-shear_25nN_grompp": 1, "5c1571eb665a543e80e7f10322a77ca3-shear_15nN_rerun": 1, "5c1571eb665a543e80e7f10322a77ca3-compress": 1, "5c1571eb665a543e80e7f10322a77ca3-shear_5nN_extend": 1, "5c1571eb665a543e80e7f10322a77ca3-minimize": 1, "5c1571eb665a543e80e7f10322a77ca3-equilibrate_grompp": 1, "5c1571eb665a543e80e7f10322a77ca3-shear_25nN": 1, "5c1571eb665a543e80e7f10322a77ca3-initialize": 1, "5c1571eb665a543e80e7f10322a77ca3-get_interaction_energy_15nN": 1, "5c1571eb665a543e80e7f10322a77ca3-shear_15nN_extend_grompp": 1, "5c1571eb665a543e80e7f10322a77ca3-shear_5nN_extend_grompp": 1, "5c1571eb665a543e80e7f10322a77ca3-get_interaction_energy_5nN": 1, "5c1571eb665a543e80e7f10322a77ca3-log_S2": 1, "5c1571eb665a543e80e7f10322a77ca3-shear_25nN_extend": 1, "5c1571eb665a543e80e7f10322a77ca3-shear_25nN_extend_grompp": 1, "5c1571eb665a543e80e7f10322a77ca3-calc_tilt_shear": 1}, "shear_25nN_Etotal": [-3516.5756670551555, 131.0745330985045], "intercept": 2.151222938247081, "shear_5nN_qq": [-1199.1375393477217, 109.39179611192503], "COF": 0.14286868616391848, "chain-smiles": "CCCCCCCCCCCCCCCCC[N+](=O)[O-]", "shear_5nN_lj": [-1967.2228781430856, 59.92857742458195], "h-smiles": "[N+](=O)[O-]", "entropy_translational": 156.76, "S2": {"25nN": 0.9356914691114455, "5nN": 0.9314002049803403, "15nN": 0.9365211623165279}}