{"MR":7.112,"asphericity":0.193776,"balabanj":3.023716,"bertzct":22.364528,"chi0":4.5,"chi0n":2.633893,"chi0v":1.633893,"chi1":2.0,"chi1n":1.066947,"chi1v":0.566947,"chi2n":0.214286,"chi2v":0.214286,"chi3n":0.0,"chi3v":0.0,"chi4n":0.0,"chi4v":0.0,"e-valence":26.0,"eccentricity":0.850192,"hk-alpha":-0.21,"hk-kappa1":2.053852,"hk-kappa2":1.148423,"hk-kappa3":25.33195,"ipc":3.60964,"isf":0.010923,"labuteASA":22.640828,"logP":1.1785,"molwt":70.003035,"molwt-hvy":69.005,"nheavy":4.0,"npr1":0.526473,"npr2":0.557676,"pbf":0.47709,"pc+":0.522672,"pc-":-0.522672,"pmi1":51.056962,"pmi2":54.083026,"pmi3":96.979223,"rbonds":0.0,"rg":1.201433,"rpc+":0.724404,"rpc-":0.333333,"spherocity":0.782496,"tpsa":0.0,"vsa+":8.026025,"vsa-":13.171245,"vsa-fhyd":0.686032,"vsa-fneg":0.621365,"vsa-fpneg":0.0,"vsa-fpos":0.378635,"vsa-fppos":0.313968,"vsa-hyd":14.542004,"vsa-polar":0.313968,"vsa-polar+":6.655266,"vsa-polar-":0.0,"hbonds":0.0}