{"shear_15nN_Etotal": [-1569.9295169624302, 51.08978391152437], "molecular_weight": 69.0059, "shear_25nN_Etotal": [-1627.42014527498, 54.94826382008639], "surface_area": 60.34, "shear_15nN_qq": [-400.44836969384494, 27.97277843199407], "enthalpy_vibrational": 66.5, "shear_5nN_qq": [-404.07759366986414, 22.855389232037236], "tilt": {"5nN": 26.679703927810156, "25nN": 34.49169917681256, "15nN": 31.783364241756185}, "intercept": 0.8281185224524825, "shear_25nN_lj": [-1249.7252744804157, 43.38620343745681], "entropy_rotational": 99.44, "shear_5nN_lj": [-969.5507558241407, 40.99138369814754], "shear_25nN_qq": [-377.6948707945644, 32.51949113690411], "nonpolar_solvation_energy": 23.24, "total_solvation_energy": 10.13, "shear_15nN_lj": [-1169.4811472685853, 40.94165926060095], "shear_5nN_Etotal": [-1373.6283494940049, 47.52411947472155], "interdigitation": {"5nN": 0.14866475093936163, "25nN": 0.14428926487093405, "15nN": 0.1456004848876743}, "entropy_vibrational": 8.9, "heat_capacity_vibrational": 19.38, "entropy_translational": 161.73, "roughness": {"5nN": 0.05747127279156886, "25nN": 0.04864983474900639, "15nN": 0.05398473863235742}, "S2": {"5nN": 0.7883651715684686, "25nN": 0.7948860371643485, "15nN": 0.7919792027138344}, "dipole_moment": 2.09, "COF": 0.18197195347773565, "status": {"8e38a0e234bae1930d99d8fd1a2c7416-shear_25nN_extend": 1, "8e38a0e234bae1930d99d8fd1a2c7416-shear_25nN_rerun": 1, "8e38a0e234bae1930d99d8fd1a2c7416-get_interaction_energy_5nN": 1, "8e38a0e234bae1930d99d8fd1a2c7416-fix_overlaps": 1, "8e38a0e234bae1930d99d8fd1a2c7416-calc_tilt_shear": 1, "8e38a0e234bae1930d99d8fd1a2c7416-calc_roughness": 1, "8e38a0e234bae1930d99d8fd1a2c7416-log_tilt": 1, "8e38a0e234bae1930d99d8fd1a2c7416-get_interaction_energy_15nN": 1, "8e38a0e234bae1930d99d8fd1a2c7416-get_interaction_energy_25nN": 1, "8e38a0e234bae1930d99d8fd1a2c7416-log_interaction_energy_15nN": 1, "8e38a0e234bae1930d99d8fd1a2c7416-log_cof": 1, "8e38a0e234bae1930d99d8fd1a2c7416-log_S2": 1, "8e38a0e234bae1930d99d8fd1a2c7416-shear_5nN_rerun_grompp": 1, "8e38a0e234bae1930d99d8fd1a2c7416-unwrap_shear_15nN": 1, "8e38a0e234bae1930d99d8fd1a2c7416-calc_S2_shear": 1, "8e38a0e234bae1930d99d8fd1a2c7416-calc_interdigitation": 1, "8e38a0e234bae1930d99d8fd1a2c7416-unwrap_shear_5nN": 1, "8e38a0e234bae1930d99d8fd1a2c7416-equilibrate": 1, "8e38a0e234bae1930d99d8fd1a2c7416-compress_grompp": 1, "8e38a0e234bae1930d99d8fd1a2c7416-log_interaction_energy_25nN": 1, "8e38a0e234bae1930d99d8fd1a2c7416-shear_15nN_extend_grompp": 1, "8e38a0e234bae1930d99d8fd1a2c7416-shear_15nN_grompp": 1, "8e38a0e234bae1930d99d8fd1a2c7416-shear_5nN_extend": 1, "8e38a0e234bae1930d99d8fd1a2c7416-shear_15nN_rerun_grompp": 1, "8e38a0e234bae1930d99d8fd1a2c7416-shear_15nN_extend": 1, "8e38a0e234bae1930d99d8fd1a2c7416-top_to_mol2": 1, "8e38a0e234bae1930d99d8fd1a2c7416-shear_5nN": 1, "8e38a0e234bae1930d99d8fd1a2c7416-initialize": 1, "8e38a0e234bae1930d99d8fd1a2c7416-shear_25nN": 1, "8e38a0e234bae1930d99d8fd1a2c7416-count_hydrogen_bonds": 1, "8e38a0e234bae1930d99d8fd1a2c7416-compress": 1, "8e38a0e234bae1930d99d8fd1a2c7416-calc_friction": 1, "8e38a0e234bae1930d99d8fd1a2c7416-shear_15nN": 1, "8e38a0e234bae1930d99d8fd1a2c7416-shear_15nN_rerun": 1, "8e38a0e234bae1930d99d8fd1a2c7416-minimize": 1, "8e38a0e234bae1930d99d8fd1a2c7416-shear_5nN_extend_grompp": 1, "8e38a0e234bae1930d99d8fd1a2c7416-log_interaction_energy_5nN": 1, "8e38a0e234bae1930d99d8fd1a2c7416-unwrap_shear_25nN": 1, "8e38a0e234bae1930d99d8fd1a2c7416-shear_25nN_grompp": 1, "8e38a0e234bae1930d99d8fd1a2c7416-shear_5nN_rerun": 1, "8e38a0e234bae1930d99d8fd1a2c7416-lammps_to_gmx": 1, "8e38a0e234bae1930d99d8fd1a2c7416-shear_25nN_extend_grompp": 1, "8e38a0e234bae1930d99d8fd1a2c7416-shear_25nN_rerun_grompp": 1, "8e38a0e234bae1930d99d8fd1a2c7416-minimize_grompp": 1, "8e38a0e234bae1930d99d8fd1a2c7416-equilibrate_grompp": 1, "8e38a0e234bae1930d99d8fd1a2c7416-shear_5nN_grompp": 1}, "polar_solvation_energy": -13.1}