{"enthalpy_vibrational": 214.06, "shear_5nN_Etotal": [-1255.6209464236608, 48.42620768218871], "heat_capacity_vibrational": 19.47, "entropy_vibrational": 5.04, "interdigitation": {"25nN": 0.08800111158286192, "5nN": 0.08063165868998756, "15nN": 0.11337086153467452}, "polar_solvation_energy": -1.28, "shear_15nN_qq": [11.53368141966427, 14.605532783648064], "nonpolar_solvation_energy": 9.15, "molecular_weight": 41.0716, "shear_15nN_Etotal": [-1466.5349470655476, 52.765895951082236], "roughness": {"25nN": 0.04779678997701667, "5nN": 0.05154285503998403, "15nN": 0.05945881341654556}, "tilt": {"25nN": 40.95067107716498, "5nN": 34.963765938776994, "15nN": 37.936266676478574}, "shear_15nN_lj": [-1478.0686284852118, 49.64584133885942], "surface_area": 65.5, "total_solvation_energy": 7.89, "dipole_moment": 0.0, "entropy_rotational": 90.7, "shear_25nN_lj": [-1565.914072645084, 50.62269102842674], "shear_25nN_qq": [35.22448459872103, 15.58881465995929], "ch3-smiles": "CC1CC1", "status": {"0772d64f9f7e346f6f5de9cd409c4867-log_tilt": 1, "0772d64f9f7e346f6f5de9cd409c4867-minimize": 1, "0772d64f9f7e346f6f5de9cd409c4867-get_interaction_energy_15nN": 1, "0772d64f9f7e346f6f5de9cd409c4867-shear_15nN_rerun": 1, "0772d64f9f7e346f6f5de9cd409c4867-log_S2": 1, "0772d64f9f7e346f6f5de9cd409c4867-shear_5nN_extend_grompp": 1, "0772d64f9f7e346f6f5de9cd409c4867-count_hydrogen_bonds": 1, "0772d64f9f7e346f6f5de9cd409c4867-shear_25nN_extend": 1, "0772d64f9f7e346f6f5de9cd409c4867-shear_5nN_rerun_grompp": 1, "0772d64f9f7e346f6f5de9cd409c4867-calc_tilt_shear": 1, "0772d64f9f7e346f6f5de9cd409c4867-unwrap_shear_5nN": 1, "0772d64f9f7e346f6f5de9cd409c4867-calc_S2_shear": 1, "0772d64f9f7e346f6f5de9cd409c4867-log_cof": 1, "0772d64f9f7e346f6f5de9cd409c4867-equilibrate_grompp": 1, "0772d64f9f7e346f6f5de9cd409c4867-shear_5nN_grompp": 1, "0772d64f9f7e346f6f5de9cd409c4867-shear_15nN_extend": 1, "0772d64f9f7e346f6f5de9cd409c4867-get_interaction_energy_5nN": 1, "0772d64f9f7e346f6f5de9cd409c4867-shear_5nN_rerun": 1, "0772d64f9f7e346f6f5de9cd409c4867-shear_15nN": 1, "0772d64f9f7e346f6f5de9cd409c4867-get_interaction_energy_25nN": 1, "0772d64f9f7e346f6f5de9cd409c4867-shear_15nN_extend_grompp": 1, "0772d64f9f7e346f6f5de9cd409c4867-fix_overlaps": 1, "0772d64f9f7e346f6f5de9cd409c4867-compress_grompp": 1, "0772d64f9f7e346f6f5de9cd409c4867-initialize": 1, "0772d64f9f7e346f6f5de9cd409c4867-calc_interdigitation": 6, "0772d64f9f7e346f6f5de9cd409c4867-shear_15nN_grompp": 1, "0772d64f9f7e346f6f5de9cd409c4867-lammps_to_gmx": 1, "0772d64f9f7e346f6f5de9cd409c4867-calc_friction": 1, "0772d64f9f7e346f6f5de9cd409c4867-shear_25nN_grompp": 1, "0772d64f9f7e346f6f5de9cd409c4867-shear_15nN_rerun_grompp": 1, "0772d64f9f7e346f6f5de9cd409c4867-shear_5nN": 1, "0772d64f9f7e346f6f5de9cd409c4867-unwrap_shear_25nN": 1, "0772d64f9f7e346f6f5de9cd409c4867-log_interaction_energy_5nN": 1, "0772d64f9f7e346f6f5de9cd409c4867-shear_5nN_extend": 1, "0772d64f9f7e346f6f5de9cd409c4867-unwrap_shear_15nN": 1, "0772d64f9f7e346f6f5de9cd409c4867-shear_25nN_extend_grompp": 1, "0772d64f9f7e346f6f5de9cd409c4867-shear_25nN": 1, "0772d64f9f7e346f6f5de9cd409c4867-log_interaction_energy_15nN": 1, "0772d64f9f7e346f6f5de9cd409c4867-top_to_mol2": 1, "0772d64f9f7e346f6f5de9cd409c4867-equilibrate": 1, "0772d64f9f7e346f6f5de9cd409c4867-shear_25nN_rerun": 1, "0772d64f9f7e346f6f5de9cd409c4867-minimize_grompp": 1, "0772d64f9f7e346f6f5de9cd409c4867-calc_roughness": 1, "0772d64f9f7e346f6f5de9cd409c4867-log_interaction_energy_25nN": 1, "0772d64f9f7e346f6f5de9cd409c4867-compress": 1, "0772d64f9f7e346f6f5de9cd409c4867-shear_25nN_rerun_grompp": 1}, "shear_25nN_Etotal": [-1530.6895880463628, 51.37565541300824], "intercept": 0.32548061189499, "shear_5nN_qq": [-0.5823271302957633, 9.979564056263081], "COF": 0.15283416053575716, "chain-smiles": "CCCCCCCCCCCCCCCCCC1CC1", "shear_5nN_lj": [-1255.0386192933652, 47.37623400859255], "h-smiles": "C1CC1", "entropy_translational": 155.37, "S2": {"25nN": 0.9791063230405156, "5nN": 0.9759335874667071, "15nN": 0.971710561437308}}