{"polar_solvation_energy": -1.05, "interdigitation": {"5nN": 0.15993013302521783, "15nN": 0.18048969115191735, "25nN": 0.15571745068229104}, "enthalpy_vibrational": 131.44, "entropy_rotational": 77.76, "heat_capacity_vibrational": 10.23, "molecular_weight": 27.0451, "intercept": 0.7098083602235186, "shear_5nN_Etotal": [-1308.537109310152, 40.530756979894356], "tilt": {"5nN": 33.69905652040509, "15nN": 37.09277863606464, "25nN": 38.78918317519371}, "S2": {"5nN": 0.9524986520224369, "15nN": 0.9338510940129476, "25nN": 0.9301024753494035}, "status": {"12c82fe121b427dacc7cf1830f31d7f9-log_cof": 1, "12c82fe121b427dacc7cf1830f31d7f9-lammps_to_gmx": 1, "12c82fe121b427dacc7cf1830f31d7f9-fix_overlaps": 1, "12c82fe121b427dacc7cf1830f31d7f9-calc_S2_shear": 1, "12c82fe121b427dacc7cf1830f31d7f9-unwrap_shear_15nN": 1, "12c82fe121b427dacc7cf1830f31d7f9-log_tilt": 1, "12c82fe121b427dacc7cf1830f31d7f9-calc_interdigitation": 6, "12c82fe121b427dacc7cf1830f31d7f9-calc_tilt_shear": 1, "12c82fe121b427dacc7cf1830f31d7f9-calc_roughness": 1, "12c82fe121b427dacc7cf1830f31d7f9-get_interaction_energy_5nN": 1, "12c82fe121b427dacc7cf1830f31d7f9-shear_25nN_rerun": 1, "12c82fe121b427dacc7cf1830f31d7f9-initialize": 1, "12c82fe121b427dacc7cf1830f31d7f9-shear_5nN": 1, "12c82fe121b427dacc7cf1830f31d7f9-shear_5nN_rerun": 1, "12c82fe121b427dacc7cf1830f31d7f9-log_interaction_energy_25nN": 1, "12c82fe121b427dacc7cf1830f31d7f9-shear_15nN": 1, "12c82fe121b427dacc7cf1830f31d7f9-shear_25nN_extend_grompp": 1, "12c82fe121b427dacc7cf1830f31d7f9-shear_15nN_extend": 1, "12c82fe121b427dacc7cf1830f31d7f9-unwrap_shear_5nN": 1, "12c82fe121b427dacc7cf1830f31d7f9-minimize_grompp": 1, "12c82fe121b427dacc7cf1830f31d7f9-shear_25nN": 1, "12c82fe121b427dacc7cf1830f31d7f9-compress": 1, "12c82fe121b427dacc7cf1830f31d7f9-shear_5nN_extend": 1, "12c82fe121b427dacc7cf1830f31d7f9-get_interaction_energy_25nN": 1, "12c82fe121b427dacc7cf1830f31d7f9-count_hydrogen_bonds": 1, "12c82fe121b427dacc7cf1830f31d7f9-shear_15nN_grompp": 1, "12c82fe121b427dacc7cf1830f31d7f9-shear_5nN_rerun_grompp": 1, "12c82fe121b427dacc7cf1830f31d7f9-top_to_mol2": 1, "12c82fe121b427dacc7cf1830f31d7f9-shear_15nN_rerun": 1, "12c82fe121b427dacc7cf1830f31d7f9-equilibrate_grompp": 1, "12c82fe121b427dacc7cf1830f31d7f9-get_interaction_energy_15nN": 1, "12c82fe121b427dacc7cf1830f31d7f9-shear_15nN_extend_grompp": 1, "12c82fe121b427dacc7cf1830f31d7f9-log_interaction_energy_5nN": 1, "12c82fe121b427dacc7cf1830f31d7f9-shear_15nN_rerun_grompp": 1, "12c82fe121b427dacc7cf1830f31d7f9-shear_5nN_grompp": 1, "12c82fe121b427dacc7cf1830f31d7f9-shear_25nN_extend": 1, "12c82fe121b427dacc7cf1830f31d7f9-unwrap_shear_25nN": 1, "12c82fe121b427dacc7cf1830f31d7f9-log_S2": 1, "12c82fe121b427dacc7cf1830f31d7f9-log_interaction_energy_15nN": 1, "12c82fe121b427dacc7cf1830f31d7f9-calc_friction": 1, "12c82fe121b427dacc7cf1830f31d7f9-shear_5nN_extend_grompp": 1, "12c82fe121b427dacc7cf1830f31d7f9-equilibrate": 1, "12c82fe121b427dacc7cf1830f31d7f9-minimize": 1, "12c82fe121b427dacc7cf1830f31d7f9-shear_25nN_grompp": 1, "12c82fe121b427dacc7cf1830f31d7f9-compress_grompp": 1, "12c82fe121b427dacc7cf1830f31d7f9-shear_25nN_rerun_grompp": 1}, "COF": 0.11675214458755208, "shear_15nN_lj": [-1555.0961181398882, 42.18052221286184], "shear_15nN_qq": [59.31026633093525, 11.6780010004666], "shear_25nN_lj": [-1661.5243103341327, 43.93856330466553], "shear_15nN_Etotal": [-1495.7858518089527, 41.52661345101455], "shear_5nN_lj": [-1320.4160900879297, 41.44448877258694], "nonpolar_solvation_energy": 8.4, "entropy_vibrational": 2.65, "surface_area": 61.0, "entropy_translational": 150.32, "dipole_moment": 0.0, "shear_25nN_qq": [93.9031082589928, 15.818280366458726], "total_solvation_energy": 7.34, "roughness": {"5nN": 0.08241788080250087, "15nN": 0.09050215130142134, "25nN": 0.07123129402129115}, "shear_5nN_qq": [11.878980777777778, 10.480742674309017], "shear_25nN_Etotal": [-1567.62120207514, 45.23470566635778]}