{"MR":11.738,"asphericity":0.523202,"balabanj":3.791118,"bertzct":82.180809,"chi0":6.07735,"chi0n":5.408248,"chi0v":1.408248,"chi1":2.943376,"chi1n":2.454124,"chi1v":0.454124,"chi2n":0.102062,"chi2v":0.102062,"chi3n":0.0,"chi3v":0.0,"chi4n":0.0,"chi4v":0.0,"e-valence":18.0,"eccentricity":0.980555,"hk-alpha":-0.33,"hk-kappa1":0.231621,"hk-kappa2":1.67,"hk-kappa3":1.67,"ipc":17.086166,"isf":0.083896,"labuteASA":24.885597,"logP":0.2052,"molwt":44.026215,"molwt-hvy":40.021,"nheavy":3.0,"npr1":0.196243,"npr2":0.868312,"pbf":0.271374,"pc+":0.312461,"pc-":-0.312461,"pmi1":10.349811,"pmi2":45.794682,"pmi3":52.739894,"rbonds":1.0,"rg":1.111681,"rpc+":0.372544,"rpc-":0.972012,"spherocity":0.376315,"tpsa":17.07,"vsa+":11.745247,"vsa-":11.646429,"vsa-fhyd":0.795032,"vsa-fneg":0.497888,"vsa-fpneg":0.204968,"vsa-fpos":0.502112,"vsa-fppos":0.0,"vsa-hyd":18.597139,"vsa-polar":0.204968,"vsa-polar+":0.0,"vsa-polar-":4.794537,"hbonds":0.0}