{"shear_25nN_qq": [259.1177915867306, 137.2364843509021], "shear_25nN_lj": [-1766.7314902965625, 49.331690705260606], "enthalpy_vibrational": 148.05, "surface_area": 66.15, "shear_5nN_qq": [143.21046177058352, 106.44924712108993], "COF": 0.16817648221727619, "nonpolar_solvation_energy": 8.9, "shear_5nN_Etotal": [-1267.7209317913669, 124.05210576417288], "status": {"8ebce229de1b0979351ccc28d719e434-shear_15nN_rerun": 1, "8ebce229de1b0979351ccc28d719e434-shear_25nN_rerun": 1, "8ebce229de1b0979351ccc28d719e434-count_hydrogen_bonds": 1, "8ebce229de1b0979351ccc28d719e434-shear_15nN_grompp": 1, "8ebce229de1b0979351ccc28d719e434-equilibrate_grompp": 1, "8ebce229de1b0979351ccc28d719e434-get_interaction_energy_25nN": 1, "8ebce229de1b0979351ccc28d719e434-get_interaction_energy_5nN": 1, "8ebce229de1b0979351ccc28d719e434-shear_5nN_rerun": 1, "8ebce229de1b0979351ccc28d719e434-compress_grompp": 1, "8ebce229de1b0979351ccc28d719e434-shear_25nN": 1, "8ebce229de1b0979351ccc28d719e434-shear_15nN_rerun_grompp": 1, "8ebce229de1b0979351ccc28d719e434-shear_15nN_extend_grompp": 1, "8ebce229de1b0979351ccc28d719e434-equilibrate": 1, "8ebce229de1b0979351ccc28d719e434-calc_S2_shear": 1, "8ebce229de1b0979351ccc28d719e434-calc_roughness": 1, "8ebce229de1b0979351ccc28d719e434-shear_25nN_grompp": 1, "8ebce229de1b0979351ccc28d719e434-get_interaction_energy_15nN": 1, "8ebce229de1b0979351ccc28d719e434-initialize": 1, "8ebce229de1b0979351ccc28d719e434-shear_25nN_extend_grompp": 1, "8ebce229de1b0979351ccc28d719e434-top_to_mol2": 1, "8ebce229de1b0979351ccc28d719e434-shear_5nN": 1, "8ebce229de1b0979351ccc28d719e434-calc_friction": 1, "8ebce229de1b0979351ccc28d719e434-unwrap_shear_25nN": 1, "8ebce229de1b0979351ccc28d719e434-minimize_grompp": 1, "8ebce229de1b0979351ccc28d719e434-shear_5nN_extend": 1, "8ebce229de1b0979351ccc28d719e434-shear_5nN_rerun_grompp": 1, "8ebce229de1b0979351ccc28d719e434-log_interaction_energy_15nN": 1, "8ebce229de1b0979351ccc28d719e434-unwrap_shear_15nN": 1, "8ebce229de1b0979351ccc28d719e434-minimize": 1, "8ebce229de1b0979351ccc28d719e434-shear_25nN_extend": 1, "8ebce229de1b0979351ccc28d719e434-calc_tilt_shear": 1, "8ebce229de1b0979351ccc28d719e434-fix_overlaps": 1, "8ebce229de1b0979351ccc28d719e434-log_tilt": 1, "8ebce229de1b0979351ccc28d719e434-log_cof": 1, "8ebce229de1b0979351ccc28d719e434-log_interaction_energy_25nN": 1, "8ebce229de1b0979351ccc28d719e434-shear_5nN_grompp": 1, "8ebce229de1b0979351ccc28d719e434-log_S2": 1, "8ebce229de1b0979351ccc28d719e434-shear_5nN_extend_grompp": 1, "8ebce229de1b0979351ccc28d719e434-log_interaction_energy_5nN": 1, "8ebce229de1b0979351ccc28d719e434-shear_25nN_rerun_grompp": 1, "8ebce229de1b0979351ccc28d719e434-compress": 1, "8ebce229de1b0979351ccc28d719e434-shear_15nN": 1, "8ebce229de1b0979351ccc28d719e434-calc_interdigitation": 1, "8ebce229de1b0979351ccc28d719e434-unwrap_shear_5nN": 1, "8ebce229de1b0979351ccc28d719e434-shear_15nN_extend": 1, "8ebce229de1b0979351ccc28d719e434-lammps_to_gmx": 1}, "shear_15nN_qq": [229.79385796003197, 119.81021750836022], "interdigitation": {"15nN": 0.12840090216571245, "25nN": 0.13356423998425102, "5nN": 0.12741127680644027}, "total_solvation_energy": -7.02, "entropy_vibrational": 16.85, "roughness": {"15nN": 0.06271953423169786, "25nN": 0.06311315969529797, "5nN": 0.0651679568242125}, "S2": {"15nN": 0.6433004287775601, "25nN": 0.6472904431111854, "5nN": 0.6708924775284634}, "entropy_rotational": 90.56, "polar_solvation_energy": -15.94, "shear_5nN_lj": [-1410.9313935619502, 53.44082530458229], "entropy_translational": 155.95, "tilt": {"15nN": 30.545728708730458, "25nN": 32.44666518703489, "5nN": 26.759386845191187}, "dipole_moment": 3.16, "heat_capacity_vibrational": 22.11, "shear_25nN_Etotal": [-1507.613698709832, 147.36713596820084], "intercept": 1.6362053312793874, "shear_15nN_lj": [-1660.8866658505196, 50.32792016027396], "molecular_weight": 43.0445, "shear_15nN_Etotal": [-1431.0928078904876, 130.42264284041187]}