{"enthalpy_vibrational": 148.05, "shear_5nN_Etotal": [-1596.6906419808154, 100.60025777846512], "heat_capacity_vibrational": 22.11, "entropy_vibrational": 16.85, "interdigitation": {"25nN": 0.13284790563230675, "5nN": 0.14096619327069795, "15nN": 0.13810179009225088}, "polar_solvation_energy": -15.94, "shear_15nN_qq": [-168.70775173141487, 102.04394841969773], "nonpolar_solvation_energy": 8.9, "molecular_weight": 43.0445, "shear_15nN_Etotal": [-1936.3693255899284, 122.10404040673657], "roughness": {"25nN": 0.06313540766488336, "5nN": 0.07075031383934928, "15nN": 0.06516245681090178}, "tilt": {"25nN": 34.146025306807715, "5nN": 27.941108834362787, "15nN": 32.18422442024905}, "shear_15nN_lj": [-1767.6615738585133, 48.51286160180999], "surface_area": 66.15, "total_solvation_energy": -7.02, "dipole_moment": 3.16, "entropy_rotational": 90.56, "shear_25nN_lj": [-1853.1631825395684, 51.989399812605214], "shear_5nN_lj": [-1509.6114159440447, 56.13959285104], "status": {"9eb22ec7c3e926fd2285f4729d996c6f-shear_25nN_rerun_grompp": 1, "9eb22ec7c3e926fd2285f4729d996c6f-log_tilt": 1, "9eb22ec7c3e926fd2285f4729d996c6f-compress": 1, "9eb22ec7c3e926fd2285f4729d996c6f-shear_5nN_rerun_grompp": 1, "9eb22ec7c3e926fd2285f4729d996c6f-shear_5nN_extend_grompp": 1, "9eb22ec7c3e926fd2285f4729d996c6f-minimize": 1, "9eb22ec7c3e926fd2285f4729d996c6f-shear_15nN_rerun_grompp": 1, "9eb22ec7c3e926fd2285f4729d996c6f-unwrap_shear_15nN": 1, "9eb22ec7c3e926fd2285f4729d996c6f-log_interaction_energy_15nN": 1, "9eb22ec7c3e926fd2285f4729d996c6f-log_interaction_energy_25nN": 1, "9eb22ec7c3e926fd2285f4729d996c6f-calc_friction": 1, "9eb22ec7c3e926fd2285f4729d996c6f-get_interaction_energy_15nN": 1, "9eb22ec7c3e926fd2285f4729d996c6f-get_interaction_energy_25nN": 1, "9eb22ec7c3e926fd2285f4729d996c6f-calc_interdigitation": 1, "9eb22ec7c3e926fd2285f4729d996c6f-initialize": 1, "9eb22ec7c3e926fd2285f4729d996c6f-shear_15nN": 1, "9eb22ec7c3e926fd2285f4729d996c6f-shear_15nN_rerun": 1, "9eb22ec7c3e926fd2285f4729d996c6f-get_interaction_energy_5nN": 1, "9eb22ec7c3e926fd2285f4729d996c6f-shear_5nN_rerun": 1, "9eb22ec7c3e926fd2285f4729d996c6f-shear_5nN_grompp": 1, "9eb22ec7c3e926fd2285f4729d996c6f-shear_15nN_extend_grompp": 1, "9eb22ec7c3e926fd2285f4729d996c6f-unwrap_shear_5nN": 1, "9eb22ec7c3e926fd2285f4729d996c6f-fix_overlaps": 1, "9eb22ec7c3e926fd2285f4729d996c6f-shear_15nN_grompp": 1, "9eb22ec7c3e926fd2285f4729d996c6f-calc_tilt_shear": 1, "9eb22ec7c3e926fd2285f4729d996c6f-shear_15nN_extend": 1, "9eb22ec7c3e926fd2285f4729d996c6f-shear_25nN_rerun": 1, "9eb22ec7c3e926fd2285f4729d996c6f-top_to_mol2": 1, "9eb22ec7c3e926fd2285f4729d996c6f-equilibrate": 1, "9eb22ec7c3e926fd2285f4729d996c6f-calc_S2_shear": 1, "9eb22ec7c3e926fd2285f4729d996c6f-log_interaction_energy_5nN": 1, "9eb22ec7c3e926fd2285f4729d996c6f-shear_5nN_extend": 1, "9eb22ec7c3e926fd2285f4729d996c6f-shear_25nN_extend": 1, "9eb22ec7c3e926fd2285f4729d996c6f-lammps_to_gmx": 1, "9eb22ec7c3e926fd2285f4729d996c6f-log_S2": 1, "9eb22ec7c3e926fd2285f4729d996c6f-shear_25nN": 1, "9eb22ec7c3e926fd2285f4729d996c6f-shear_5nN": 1, "9eb22ec7c3e926fd2285f4729d996c6f-equilibrate_grompp": 1, "9eb22ec7c3e926fd2285f4729d996c6f-compress_grompp": 1, "9eb22ec7c3e926fd2285f4729d996c6f-count_hydrogen_bonds": 1, "9eb22ec7c3e926fd2285f4729d996c6f-log_cof": 1, "9eb22ec7c3e926fd2285f4729d996c6f-unwrap_shear_25nN": 1, "9eb22ec7c3e926fd2285f4729d996c6f-calc_roughness": 1, "9eb22ec7c3e926fd2285f4729d996c6f-shear_25nN_extend_grompp": 1, "9eb22ec7c3e926fd2285f4729d996c6f-shear_25nN_grompp": 1, "9eb22ec7c3e926fd2285f4729d996c6f-minimize_grompp": 1}, "shear_25nN_Etotal": [-2112.2580450607516, 131.76909649485842], "shear_25nN_qq": [-259.094862521183, 111.62575370647555], "ch3-smiles": "CC(=O)C", "intercept": 1.632871752934388, "shear_5nN_qq": [-87.07922603677059, 78.36162575537547], "COF": 0.16460732849753698, "chain-smiles": "CCCCCCCCCCCCCCCCCC(=O)C", "h-smiles": "C(=O)C", "entropy_translational": 155.95, "S2": {"25nN": 0.7612040790752, "5nN": 0.7531634669637893, "15nN": 0.756217109122919}}