{"enthalpy_vibrational": 216.45, "shear_5nN_Etotal": [-1731.791778760192, 94.08920648076123], "heat_capacity_vibrational": 38.72, "entropy_vibrational": 16.0, "interdigitation": {"25nN": 0.09955731089422803, "5nN": 0.08940559335250706, "15nN": 0.09506575317919756}, "polar_solvation_energy": -14.13, "shear_15nN_qq": [-98.0267982709832, 57.75861148345063], "nonpolar_solvation_energy": 11.08, "molecular_weight": 66.0811, "shear_15nN_Etotal": [-1988.342178973621, 87.36535533125118], "roughness": {"25nN": 0.049028124480136305, "5nN": 0.04734461105224064, "15nN": 0.049083007402775936}, "tilt": {"25nN": 35.631794560988375, "5nN": 28.345430153008206, "15nN": 32.594161916421946}, "shear_15nN_lj": [-1890.3153807026379, 54.83745212385034], "surface_area": 76.02, "total_solvation_energy": -3.05, "dipole_moment": 2.89, "entropy_rotational": 101.75, "shear_25nN_lj": [-1981.317364270983, 56.445772082664675], "shear_5nN_lj": [-1688.06982870024, 62.32221423889822], "status": {"affac258b2eb9fc5ef1ffe07b2ec9397-calc_tilt_shear": 1, "affac258b2eb9fc5ef1ffe07b2ec9397-shear_25nN_extend": 1, "affac258b2eb9fc5ef1ffe07b2ec9397-shear_25nN_rerun_grompp": 1, "affac258b2eb9fc5ef1ffe07b2ec9397-shear_25nN": 1, "affac258b2eb9fc5ef1ffe07b2ec9397-shear_15nN": 1, "affac258b2eb9fc5ef1ffe07b2ec9397-lammps_to_gmx": 1, "affac258b2eb9fc5ef1ffe07b2ec9397-get_interaction_energy_5nN": 1, "affac258b2eb9fc5ef1ffe07b2ec9397-equilibrate_grompp": 1, "affac258b2eb9fc5ef1ffe07b2ec9397-shear_15nN_grompp": 1, "affac258b2eb9fc5ef1ffe07b2ec9397-count_hydrogen_bonds": 1, "affac258b2eb9fc5ef1ffe07b2ec9397-calc_S2_shear": 1, "affac258b2eb9fc5ef1ffe07b2ec9397-shear_25nN_grompp": 1, "affac258b2eb9fc5ef1ffe07b2ec9397-shear_5nN_grompp": 1, "affac258b2eb9fc5ef1ffe07b2ec9397-shear_15nN_extend": 1, "affac258b2eb9fc5ef1ffe07b2ec9397-shear_5nN": 1, "affac258b2eb9fc5ef1ffe07b2ec9397-log_interaction_energy_25nN": 1, "affac258b2eb9fc5ef1ffe07b2ec9397-unwrap_shear_15nN": 1, "affac258b2eb9fc5ef1ffe07b2ec9397-log_interaction_energy_5nN": 1, "affac258b2eb9fc5ef1ffe07b2ec9397-shear_5nN_extend": 1, "affac258b2eb9fc5ef1ffe07b2ec9397-get_interaction_energy_15nN": 1, "affac258b2eb9fc5ef1ffe07b2ec9397-shear_15nN_rerun": 1, "affac258b2eb9fc5ef1ffe07b2ec9397-shear_25nN_extend_grompp": 1, "affac258b2eb9fc5ef1ffe07b2ec9397-log_cof": 1, "affac258b2eb9fc5ef1ffe07b2ec9397-unwrap_shear_25nN": 1, "affac258b2eb9fc5ef1ffe07b2ec9397-minimize": 1, "affac258b2eb9fc5ef1ffe07b2ec9397-log_S2": 1, "affac258b2eb9fc5ef1ffe07b2ec9397-calc_interdigitation": 3, "affac258b2eb9fc5ef1ffe07b2ec9397-compress_grompp": 1, "affac258b2eb9fc5ef1ffe07b2ec9397-shear_15nN_extend_grompp": 1, "affac258b2eb9fc5ef1ffe07b2ec9397-calc_friction": 1, "affac258b2eb9fc5ef1ffe07b2ec9397-get_interaction_energy_25nN": 1, "affac258b2eb9fc5ef1ffe07b2ec9397-initialize": 1, "affac258b2eb9fc5ef1ffe07b2ec9397-fix_overlaps": 1, "affac258b2eb9fc5ef1ffe07b2ec9397-log_tilt": 1, "affac258b2eb9fc5ef1ffe07b2ec9397-minimize_grompp": 1, "affac258b2eb9fc5ef1ffe07b2ec9397-top_to_mol2": 1, "affac258b2eb9fc5ef1ffe07b2ec9397-equilibrate": 1, "affac258b2eb9fc5ef1ffe07b2ec9397-shear_5nN_rerun": 1, "affac258b2eb9fc5ef1ffe07b2ec9397-shear_25nN_rerun": 1, "affac258b2eb9fc5ef1ffe07b2ec9397-shear_5nN_rerun_grompp": 1, "affac258b2eb9fc5ef1ffe07b2ec9397-shear_5nN_extend_grompp": 1, "affac258b2eb9fc5ef1ffe07b2ec9397-log_interaction_energy_15nN": 1, "affac258b2eb9fc5ef1ffe07b2ec9397-unwrap_shear_5nN": 1, "affac258b2eb9fc5ef1ffe07b2ec9397-calc_roughness": 1, "affac258b2eb9fc5ef1ffe07b2ec9397-shear_15nN_rerun_grompp": 1, "affac258b2eb9fc5ef1ffe07b2ec9397-compress": 1}, "shear_25nN_Etotal": [-2100.113004531575, 94.33655709289525], "shear_25nN_qq": [-118.79564026059153, 67.47288100383764], "ch3-smiles": "C1=C(C)NC=C1", "intercept": 1.958634080252963, "shear_5nN_qq": [-43.721950059952036, 51.84110342750003], "COF": 0.15531831770821655, "chain-smiles": "CCCCCCCCCCCCCCCCCC1=CNC=C1", "h-smiles": "C1=CNC=C1", "entropy_translational": 161.19, "S2": {"25nN": 0.8765717749011583, "5nN": 0.8884175145172112, "15nN": 0.90026781333853}}