{"enthalpy_vibrational": 148.05, "shear_5nN_Etotal": [-1590.9596826906475, 101.14023911340162], "heat_capacity_vibrational": 22.11, "entropy_vibrational": 16.85, "interdigitation": {"25nN": 0.12831405983915628, "5nN": 0.12676932415558517, "15nN": 0.11977325377562625}, "polar_solvation_energy": -15.94, "shear_15nN_qq": [-175.19041000479615, 91.9026022540355], "nonpolar_solvation_energy": 8.9, "molecular_weight": 43.0445, "shear_15nN_Etotal": [-1920.0669666722627, 111.74913735396493], "roughness": {"25nN": 0.06110895994620354, "5nN": 0.06354136374890886, "15nN": 0.05743577508949134}, "tilt": {"25nN": 33.8704141130941, "5nN": 26.150011190686747, "15nN": 31.464918364857322}, "shear_15nN_lj": [-1744.876556667466, 52.586647188673794], "surface_area": 66.15, "total_solvation_energy": -7.02, "dipole_moment": 3.16, "entropy_rotational": 90.56, "shear_25nN_lj": [-1850.9684661430854, 48.74388071674538], "shear_5nN_lj": [-1515.6131017034372, 59.09686383337289], "status": {"89a00f3eb6f81aff0266095141d21bbb-shear_5nN": 1, "89a00f3eb6f81aff0266095141d21bbb-shear_5nN_extend": 1, "89a00f3eb6f81aff0266095141d21bbb-log_interaction_energy_15nN": 1, "89a00f3eb6f81aff0266095141d21bbb-calc_S2_shear": 1, "89a00f3eb6f81aff0266095141d21bbb-shear_25nN_grompp": 1, "89a00f3eb6f81aff0266095141d21bbb-calc_friction": 1, "89a00f3eb6f81aff0266095141d21bbb-log_cof": 1, "89a00f3eb6f81aff0266095141d21bbb-minimize": 1, "89a00f3eb6f81aff0266095141d21bbb-lammps_to_gmx": 1, "89a00f3eb6f81aff0266095141d21bbb-equilibrate": 1, "89a00f3eb6f81aff0266095141d21bbb-minimize_grompp": 1, "89a00f3eb6f81aff0266095141d21bbb-get_interaction_energy_15nN": 1, "89a00f3eb6f81aff0266095141d21bbb-calc_roughness": 1, "89a00f3eb6f81aff0266095141d21bbb-log_interaction_energy_25nN": 1, "89a00f3eb6f81aff0266095141d21bbb-compress": 1, "89a00f3eb6f81aff0266095141d21bbb-top_to_mol2": 1, "89a00f3eb6f81aff0266095141d21bbb-log_S2": 1, "89a00f3eb6f81aff0266095141d21bbb-unwrap_shear_15nN": 1, "89a00f3eb6f81aff0266095141d21bbb-shear_15nN_rerun_grompp": 1, "89a00f3eb6f81aff0266095141d21bbb-shear_25nN": 1, "89a00f3eb6f81aff0266095141d21bbb-shear_25nN_extend": 1, "89a00f3eb6f81aff0266095141d21bbb-shear_5nN_rerun": 1, "89a00f3eb6f81aff0266095141d21bbb-calc_interdigitation": 6, "89a00f3eb6f81aff0266095141d21bbb-fix_overlaps": 1, "89a00f3eb6f81aff0266095141d21bbb-shear_25nN_extend_grompp": 1, "89a00f3eb6f81aff0266095141d21bbb-shear_25nN_rerun_grompp": 1, "89a00f3eb6f81aff0266095141d21bbb-get_interaction_energy_5nN": 1, "89a00f3eb6f81aff0266095141d21bbb-count_hydrogen_bonds": 1, "89a00f3eb6f81aff0266095141d21bbb-shear_15nN_extend": 1, "89a00f3eb6f81aff0266095141d21bbb-shear_15nN_grompp": 1, "89a00f3eb6f81aff0266095141d21bbb-compress_grompp": 1, "89a00f3eb6f81aff0266095141d21bbb-equilibrate_grompp": 1, "89a00f3eb6f81aff0266095141d21bbb-log_interaction_energy_5nN": 1, "89a00f3eb6f81aff0266095141d21bbb-get_interaction_energy_25nN": 1, "89a00f3eb6f81aff0266095141d21bbb-shear_5nN_grompp": 1, "89a00f3eb6f81aff0266095141d21bbb-shear_5nN_rerun_grompp": 1, "89a00f3eb6f81aff0266095141d21bbb-shear_15nN_extend_grompp": 1, "89a00f3eb6f81aff0266095141d21bbb-initialize": 1, "89a00f3eb6f81aff0266095141d21bbb-unwrap_shear_25nN": 1, "89a00f3eb6f81aff0266095141d21bbb-shear_15nN": 1, "89a00f3eb6f81aff0266095141d21bbb-log_tilt": 1, "89a00f3eb6f81aff0266095141d21bbb-calc_tilt_shear": 1, "89a00f3eb6f81aff0266095141d21bbb-shear_5nN_extend_grompp": 1, "89a00f3eb6f81aff0266095141d21bbb-shear_15nN_rerun": 1, "89a00f3eb6f81aff0266095141d21bbb-shear_25nN_rerun": 1, "89a00f3eb6f81aff0266095141d21bbb-unwrap_shear_5nN": 1}, "shear_25nN_Etotal": [-2055.787819407674, 121.13104114652215], "shear_25nN_qq": [-204.81935326458833, 104.7700063121416], "ch3-smiles": "CC(=O)C", "intercept": 1.2452771456936618, "shear_5nN_qq": [-75.34658098721023, 74.08928234311325], "COF": 0.17942428447955855, "chain-smiles": "CCCCCCCCCCCCCCCCCC(=O)C", "h-smiles": "C(=O)C", "entropy_translational": 155.95, "S2": {"25nN": 0.8029503857230122, "5nN": 0.8220727220586712, "15nN": 0.7881867036911634}}