{"enthalpy_vibrational": 133.72, "shear_5nN_Etotal": [-1310.52630251239, 57.1944621993961], "heat_capacity_vibrational": 12.98, "entropy_vibrational": 7.17, "interdigitation": {"25nN": 0.10523645446920692, "5nN": 0.11233174227040124, "15nN": 0.1134941393100164}, "polar_solvation_energy": -10.78, "shear_15nN_qq": [35.31657947721823, 31.995531752759934], "nonpolar_solvation_energy": 5.64, "molecular_weight": 31.0338, "shear_15nN_Etotal": [-1542.1686020935254, 58.508334690082485], "roughness": {"25nN": 0.052967955324945665, "5nN": 0.06298819509851808, "15nN": 0.05527238722422601}, "tilt": {"25nN": 38.814237783760234, "5nN": 34.19318701572119, "15nN": 37.4220977527764}, "shear_15nN_lj": [-1577.4851815707432, 48.464080930812116], "surface_area": 54.24, "total_solvation_energy": -5.11, "dipole_moment": 1.68, "entropy_rotational": 79.18, "shear_25nN_lj": [-1668.678746467626, 51.856513814139255], "shear_25nN_qq": [46.69119734292566, 37.8159011728428], "ch3-smiles": "COC", "status": {"45a8942572efd93c64645e34c0b3c188-shear_25nN_grompp": 1, "45a8942572efd93c64645e34c0b3c188-calc_roughness": 1, "45a8942572efd93c64645e34c0b3c188-calc_S2_shear": 1, "45a8942572efd93c64645e34c0b3c188-shear_25nN_extend_grompp": 1, "45a8942572efd93c64645e34c0b3c188-equilibrate": 1, "45a8942572efd93c64645e34c0b3c188-shear_25nN_rerun": 1, "45a8942572efd93c64645e34c0b3c188-unwrap_shear_25nN": 1, "45a8942572efd93c64645e34c0b3c188-shear_5nN": 1, "45a8942572efd93c64645e34c0b3c188-shear_5nN_extend": 1, "45a8942572efd93c64645e34c0b3c188-shear_15nN_rerun": 1, "45a8942572efd93c64645e34c0b3c188-log_interaction_energy_5nN": 1, "45a8942572efd93c64645e34c0b3c188-shear_15nN_extend_grompp": 1, "45a8942572efd93c64645e34c0b3c188-shear_5nN_rerun": 1, "45a8942572efd93c64645e34c0b3c188-shear_25nN_extend": 1, "45a8942572efd93c64645e34c0b3c188-log_cof": 1, "45a8942572efd93c64645e34c0b3c188-lammps_to_gmx": 1, "45a8942572efd93c64645e34c0b3c188-minimize_grompp": 1, "45a8942572efd93c64645e34c0b3c188-minimize": 1, "45a8942572efd93c64645e34c0b3c188-equilibrate_grompp": 1, "45a8942572efd93c64645e34c0b3c188-log_interaction_energy_15nN": 1, "45a8942572efd93c64645e34c0b3c188-unwrap_shear_5nN": 1, "45a8942572efd93c64645e34c0b3c188-log_tilt": 1, "45a8942572efd93c64645e34c0b3c188-shear_25nN_rerun_grompp": 1, "45a8942572efd93c64645e34c0b3c188-count_hydrogen_bonds": 1, "45a8942572efd93c64645e34c0b3c188-calc_interdigitation": 7, "45a8942572efd93c64645e34c0b3c188-get_interaction_energy_5nN": 1, "45a8942572efd93c64645e34c0b3c188-shear_25nN": 1, "45a8942572efd93c64645e34c0b3c188-shear_5nN_extend_grompp": 1, "45a8942572efd93c64645e34c0b3c188-shear_15nN_rerun_grompp": 1, "45a8942572efd93c64645e34c0b3c188-compress": 1, "45a8942572efd93c64645e34c0b3c188-shear_5nN_rerun_grompp": 1, "45a8942572efd93c64645e34c0b3c188-calc_tilt_shear": 1, "45a8942572efd93c64645e34c0b3c188-log_S2": 1, "45a8942572efd93c64645e34c0b3c188-compress_grompp": 1, "45a8942572efd93c64645e34c0b3c188-get_interaction_energy_25nN": 1, "45a8942572efd93c64645e34c0b3c188-unwrap_shear_15nN": 1, "45a8942572efd93c64645e34c0b3c188-initialize": 1, "45a8942572efd93c64645e34c0b3c188-log_interaction_energy_25nN": 1, "45a8942572efd93c64645e34c0b3c188-fix_overlaps": 1, "45a8942572efd93c64645e34c0b3c188-shear_5nN_grompp": 1, "45a8942572efd93c64645e34c0b3c188-calc_friction": 1, "45a8942572efd93c64645e34c0b3c188-top_to_mol2": 1, "45a8942572efd93c64645e34c0b3c188-get_interaction_energy_15nN": 1, "45a8942572efd93c64645e34c0b3c188-shear_15nN_extend": 1, "45a8942572efd93c64645e34c0b3c188-shear_15nN": 1, "45a8942572efd93c64645e34c0b3c188-shear_15nN_grompp": 1}, "shear_25nN_Etotal": [-1621.9875491247003, 61.948598225557504], "intercept": 1.30878959479305, "shear_5nN_qq": [21.661127531574742, 24.934656271338245], "COF": 0.14514589885875537, "chain-smiles": "CCCCCCCCCCCCCCCCCOC", "shear_5nN_lj": [-1332.1874300439647, 50.57606296357763], "h-smiles": "OC", "entropy_translational": 151.98, "S2": {"25nN": 0.9299674026037981, "5nN": 0.9484771128130427, "15nN": 0.9417062665697995}}