{"shear_5nN_lj": [-1130.4703765979218, 53.68142921812957], "roughness": {"15nN": 0.05824193580956644, "25nN": 0.05525146375360898, "5nN": 0.060452839197118836}, "enthalpy_vibrational": 92.73, "interdigitation": {"15nN": 0.13619967476278094, "25nN": 0.1365113917623295, "5nN": 0.13633508438870878}, "nonpolar_solvation_energy": 5.48, "entropy_translational": 144.1, "dipole_moment": 1.63, "shear_25nN_qq": [-1353.8150330303756, 152.1588006024786], "shear_5nN_Etotal": [-2486.573929148681, 142.36315197541515], "shear_5nN_qq": [-1356.1035525507593, 138.11384600121787], "total_solvation_energy": -4.92, "heat_capacity_vibrational": 0.69, "polar_solvation_energy": -10.38, "S2": {"15nN": 0.857127264852298, "25nN": 0.8592670016603332, "5nN": 0.8540413978702902}, "shear_15nN_qq": [-1436.3082032478019, 146.98406015571467], "tilt": {"15nN": 34.213532666706435, "25nN": 36.99320736155595, "5nN": 30.189227148370584}, "surface_area": 42.91, "status": {"c9c53a0e725106e740832568ce2b00dd-shear_5nN_grompp": 1, "c9c53a0e725106e740832568ce2b00dd-shear_15nN_grompp": 1, "c9c53a0e725106e740832568ce2b00dd-calc_roughness": 1, "c9c53a0e725106e740832568ce2b00dd-initialize": 1, "c9c53a0e725106e740832568ce2b00dd-shear_25nN_rerun": 1, "c9c53a0e725106e740832568ce2b00dd-log_interaction_energy_25nN": 1, "c9c53a0e725106e740832568ce2b00dd-shear_5nN": 1, "c9c53a0e725106e740832568ce2b00dd-compress_grompp": 1, "c9c53a0e725106e740832568ce2b00dd-get_interaction_energy_5nN": 1, "c9c53a0e725106e740832568ce2b00dd-log_interaction_energy_5nN": 1, "c9c53a0e725106e740832568ce2b00dd-shear_5nN_rerun_grompp": 1, "c9c53a0e725106e740832568ce2b00dd-shear_15nN": 1, "c9c53a0e725106e740832568ce2b00dd-log_cof": 1, "c9c53a0e725106e740832568ce2b00dd-compress": 1, "c9c53a0e725106e740832568ce2b00dd-shear_25nN_extend_grompp": 1, "c9c53a0e725106e740832568ce2b00dd-fix_overlaps": 1, "c9c53a0e725106e740832568ce2b00dd-shear_15nN_rerun_grompp": 1, "c9c53a0e725106e740832568ce2b00dd-equilibrate": 1, "c9c53a0e725106e740832568ce2b00dd-calc_interdigitation": 6, "c9c53a0e725106e740832568ce2b00dd-shear_5nN_extend_grompp": 1, "c9c53a0e725106e740832568ce2b00dd-calc_friction": 1, "c9c53a0e725106e740832568ce2b00dd-log_tilt": 1, "c9c53a0e725106e740832568ce2b00dd-shear_25nN_extend": 1, "c9c53a0e725106e740832568ce2b00dd-unwrap_shear_5nN": 1, "c9c53a0e725106e740832568ce2b00dd-shear_15nN_extend_grompp": 1, "c9c53a0e725106e740832568ce2b00dd-calc_tilt_shear": 1, "c9c53a0e725106e740832568ce2b00dd-shear_25nN_grompp": 1, "c9c53a0e725106e740832568ce2b00dd-shear_15nN_rerun": 1, "c9c53a0e725106e740832568ce2b00dd-minimize": 1, "c9c53a0e725106e740832568ce2b00dd-count_hydrogen_bonds": 1, "c9c53a0e725106e740832568ce2b00dd-unwrap_shear_25nN": 1, "c9c53a0e725106e740832568ce2b00dd-shear_5nN_extend": 1, "c9c53a0e725106e740832568ce2b00dd-get_interaction_energy_15nN": 1, "c9c53a0e725106e740832568ce2b00dd-log_interaction_energy_15nN": 1, "c9c53a0e725106e740832568ce2b00dd-shear_25nN_rerun_grompp": 1, "c9c53a0e725106e740832568ce2b00dd-minimize_grompp": 1, "c9c53a0e725106e740832568ce2b00dd-calc_S2_shear": 1, "c9c53a0e725106e740832568ce2b00dd-log_S2": 1, "c9c53a0e725106e740832568ce2b00dd-get_interaction_energy_25nN": 1, "c9c53a0e725106e740832568ce2b00dd-shear_5nN_rerun": 1, "c9c53a0e725106e740832568ce2b00dd-top_to_mol2": 1, "c9c53a0e725106e740832568ce2b00dd-lammps_to_gmx": 1, "c9c53a0e725106e740832568ce2b00dd-shear_15nN_extend": 1, "c9c53a0e725106e740832568ce2b00dd-equilibrate_grompp": 1, "c9c53a0e725106e740832568ce2b00dd-unwrap_shear_15nN": 1, "c9c53a0e725106e740832568ce2b00dd-shear_25nN": 1}, "intercept": 3.157919989663936, "shear_25nN_lj": [-1330.1709171710634, 57.28192890599461], "shear_15nN_lj": [-1264.5438567074339, 55.20136430933785], "molecular_weight": 16.0225, "entropy_vibrational": 0.11, "COF": 0.18439401753771437, "shear_25nN_Etotal": [-2683.9859502014388, 148.20627173457873], "shear_15nN_Etotal": [-2700.8520599552357, 140.65460088604246], "entropy_rotational": 56.63}