{"shear_15nN_Etotal": [-1331.2967186642686, 41.984005317031986], "molecular_weight": 27.0451, "shear_25nN_Etotal": [-1407.7279896690648, 44.13813644522639], "surface_area": 61.0, "shear_15nN_qq": [215.10219706235014, 13.150838983348315], "enthalpy_vibrational": 131.44, "shear_5nN_qq": [143.84726299280575, 13.089619546042607], "tilt": {"5nN": 32.23629896457358, "25nN": 37.4375516824252, "15nN": 36.48075448684551}, "intercept": 0.7178768091674965, "shear_25nN_lj": [-1665.8897049352518, 46.08863807049586], "entropy_rotational": 77.76, "shear_5nN_lj": [-1314.2436966370904, 44.835795286364245], "shear_25nN_qq": [258.161715266187, 15.666844186326198], "nonpolar_solvation_energy": 8.4, "total_solvation_energy": 7.34, "shear_15nN_lj": [-1546.3989157266187, 42.67887181449409], "shear_5nN_Etotal": [-1170.3964336442846, 43.353527661986725], "interdigitation": {"5nN": 0.12502214050528354, "25nN": 0.1269117389629469, "15nN": 0.10188423103141543}, "entropy_vibrational": 2.65, "heat_capacity_vibrational": 10.23, "entropy_translational": 150.32, "status": {"a4a948f75236ec081f7cd5be4ff6e9de-shear_5nN_extend": 1, "a4a948f75236ec081f7cd5be4ff6e9de-log_interaction_energy_25nN": 1, "a4a948f75236ec081f7cd5be4ff6e9de-shear_5nN_rerun": 1, "a4a948f75236ec081f7cd5be4ff6e9de-calc_roughness": 1, "a4a948f75236ec081f7cd5be4ff6e9de-shear_5nN_grompp": 1, "a4a948f75236ec081f7cd5be4ff6e9de-unwrap_shear_5nN": 1, "a4a948f75236ec081f7cd5be4ff6e9de-shear_15nN_extend_grompp": 1, "a4a948f75236ec081f7cd5be4ff6e9de-calc_friction": 1, "a4a948f75236ec081f7cd5be4ff6e9de-shear_5nN_extend_grompp": 1, "a4a948f75236ec081f7cd5be4ff6e9de-top_to_mol2": 1, "a4a948f75236ec081f7cd5be4ff6e9de-log_interaction_energy_15nN": 1, "a4a948f75236ec081f7cd5be4ff6e9de-log_cof": 1, "a4a948f75236ec081f7cd5be4ff6e9de-get_interaction_energy_25nN": 1, "a4a948f75236ec081f7cd5be4ff6e9de-shear_25nN_extend": 1, "a4a948f75236ec081f7cd5be4ff6e9de-compress_grompp": 1, "a4a948f75236ec081f7cd5be4ff6e9de-shear_25nN_rerun_grompp": 1, "a4a948f75236ec081f7cd5be4ff6e9de-log_S2": 1, "a4a948f75236ec081f7cd5be4ff6e9de-unwrap_shear_15nN": 1, "a4a948f75236ec081f7cd5be4ff6e9de-shear_15nN_rerun_grompp": 1, "a4a948f75236ec081f7cd5be4ff6e9de-shear_25nN_extend_grompp": 1, "a4a948f75236ec081f7cd5be4ff6e9de-calc_interdigitation": 1, "a4a948f75236ec081f7cd5be4ff6e9de-compress": 1, "a4a948f75236ec081f7cd5be4ff6e9de-calc_tilt_shear": 1, "a4a948f75236ec081f7cd5be4ff6e9de-count_hydrogen_bonds": 1, "a4a948f75236ec081f7cd5be4ff6e9de-shear_5nN": 1, "a4a948f75236ec081f7cd5be4ff6e9de-fix_overlaps": 1, "a4a948f75236ec081f7cd5be4ff6e9de-minimize_grompp": 1, "a4a948f75236ec081f7cd5be4ff6e9de-shear_5nN_rerun_grompp": 1, "a4a948f75236ec081f7cd5be4ff6e9de-get_interaction_energy_5nN": 1, "a4a948f75236ec081f7cd5be4ff6e9de-shear_25nN": 1, "a4a948f75236ec081f7cd5be4ff6e9de-minimize": 1, "a4a948f75236ec081f7cd5be4ff6e9de-shear_25nN_rerun": 1, "a4a948f75236ec081f7cd5be4ff6e9de-log_tilt": 1, "a4a948f75236ec081f7cd5be4ff6e9de-equilibrate_grompp": 1, "a4a948f75236ec081f7cd5be4ff6e9de-calc_S2_shear": 1, "a4a948f75236ec081f7cd5be4ff6e9de-shear_25nN_grompp": 1, "a4a948f75236ec081f7cd5be4ff6e9de-get_interaction_energy_15nN": 1, "a4a948f75236ec081f7cd5be4ff6e9de-shear_15nN_rerun": 1, "a4a948f75236ec081f7cd5be4ff6e9de-lammps_to_gmx": 1, "a4a948f75236ec081f7cd5be4ff6e9de-shear_15nN_extend": 1, "a4a948f75236ec081f7cd5be4ff6e9de-shear_15nN": 1, "a4a948f75236ec081f7cd5be4ff6e9de-shear_15nN_grompp": 1, "a4a948f75236ec081f7cd5be4ff6e9de-log_interaction_energy_5nN": 1, "a4a948f75236ec081f7cd5be4ff6e9de-initialize": 1, "a4a948f75236ec081f7cd5be4ff6e9de-unwrap_shear_25nN": 1, "a4a948f75236ec081f7cd5be4ff6e9de-equilibrate": 1}, "S2": {"5nN": 0.9308790611332464, "25nN": 0.8873580749345642, "15nN": 0.9258129566333801}, "polar_solvation_energy": -1.05, "COF": 0.11640627259032475, "roughness": {"5nN": 0.060338002700967126, "25nN": 0.05484543422210754, "15nN": 0.0502401508010631}, "dipole_moment": 0.0}