{"enthalpy_vibrational": 214.06, "shear_5nN_Etotal": [-1248.1350905771383, 49.63143148898906], "heat_capacity_vibrational": 19.47, "entropy_vibrational": 5.04, "interdigitation": {"25nN": 0.11743886031466694, "5nN": 0.12501353668811266, "15nN": 0.1396683617708726}, "polar_solvation_energy": -1.28, "shear_15nN_qq": [16.131008538768985, 10.631353835154563], "nonpolar_solvation_energy": 9.15, "molecular_weight": 41.0716, "shear_15nN_Etotal": [-1480.019092658673, 51.00731527496268], "roughness": {"25nN": 0.060965330045066934, "5nN": 0.0701503541981718, "15nN": 0.07359340017403472}, "tilt": {"25nN": 39.69169515672612, "5nN": 34.05892724534501, "15nN": 37.15961723769533}, "total_solvation_energy": 7.89, "surface_area": 65.5, "shear_15nN_lj": [-1496.150101197442, 51.16136127510788], "dipole_moment": 0.0, "entropy_rotational": 90.7, "shear_25nN_lj": [-1598.0826386634692, 52.23713619325784], "shear_25nN_qq": [37.7905433381295, 9.878915481008624], "status": {"05dd05449d07e785d940bf6cf08843e3-minimize_grompp": 1, "05dd05449d07e785d940bf6cf08843e3-shear_25nN_rerun_grompp": 1, "05dd05449d07e785d940bf6cf08843e3-shear_15nN_rerun": 1, "05dd05449d07e785d940bf6cf08843e3-get_interaction_energy_5nN": 1, "05dd05449d07e785d940bf6cf08843e3-equilibrate_grompp": 1, "05dd05449d07e785d940bf6cf08843e3-log_interaction_energy_25nN": 1, "05dd05449d07e785d940bf6cf08843e3-shear_15nN": 1, "05dd05449d07e785d940bf6cf08843e3-log_interaction_energy_5nN": 1, "05dd05449d07e785d940bf6cf08843e3-shear_5nN_grompp": 1, "05dd05449d07e785d940bf6cf08843e3-shear_5nN_rerun": 1, "05dd05449d07e785d940bf6cf08843e3-shear_15nN_rerun_grompp": 1, "05dd05449d07e785d940bf6cf08843e3-lammps_to_gmx": 1, "05dd05449d07e785d940bf6cf08843e3-initialize": 1, "05dd05449d07e785d940bf6cf08843e3-get_interaction_energy_15nN": 1, "05dd05449d07e785d940bf6cf08843e3-count_hydrogen_bonds": 1, "05dd05449d07e785d940bf6cf08843e3-shear_15nN_grompp": 1, "05dd05449d07e785d940bf6cf08843e3-unwrap_shear_25nN": 1, "05dd05449d07e785d940bf6cf08843e3-shear_5nN": 1, "05dd05449d07e785d940bf6cf08843e3-log_cof": 1, "05dd05449d07e785d940bf6cf08843e3-shear_5nN_extend": 1, "05dd05449d07e785d940bf6cf08843e3-compress_grompp": 1, "05dd05449d07e785d940bf6cf08843e3-top_to_mol2": 1, "05dd05449d07e785d940bf6cf08843e3-shear_25nN_rerun": 1, "05dd05449d07e785d940bf6cf08843e3-compress": 1, "05dd05449d07e785d940bf6cf08843e3-fix_overlaps": 1, "05dd05449d07e785d940bf6cf08843e3-calc_friction": 1, "05dd05449d07e785d940bf6cf08843e3-log_tilt": 1, "05dd05449d07e785d940bf6cf08843e3-log_S2": 1, "05dd05449d07e785d940bf6cf08843e3-unwrap_shear_5nN": 1, "05dd05449d07e785d940bf6cf08843e3-log_interaction_energy_15nN": 1, "05dd05449d07e785d940bf6cf08843e3-shear_25nN_extend_grompp": 1, "05dd05449d07e785d940bf6cf08843e3-shear_25nN": 1, "05dd05449d07e785d940bf6cf08843e3-shear_25nN_extend": 1, "05dd05449d07e785d940bf6cf08843e3-shear_25nN_grompp": 1, "05dd05449d07e785d940bf6cf08843e3-calc_tilt_shear": 1, "05dd05449d07e785d940bf6cf08843e3-minimize": 1, "05dd05449d07e785d940bf6cf08843e3-get_interaction_energy_25nN": 1, "05dd05449d07e785d940bf6cf08843e3-equilibrate": 1, "05dd05449d07e785d940bf6cf08843e3-calc_roughness": 1, "05dd05449d07e785d940bf6cf08843e3-shear_5nN_extend_grompp": 1, "05dd05449d07e785d940bf6cf08843e3-calc_interdigitation": 6, "05dd05449d07e785d940bf6cf08843e3-shear_5nN_rerun_grompp": 1, "05dd05449d07e785d940bf6cf08843e3-calc_S2_shear": 1, "05dd05449d07e785d940bf6cf08843e3-shear_15nN_extend_grompp": 1, "05dd05449d07e785d940bf6cf08843e3-unwrap_shear_15nN": 1, "05dd05449d07e785d940bf6cf08843e3-shear_15nN_extend": 1}, "shear_25nN_Etotal": [-1560.2920953253397, 52.000361898985076], "ch3-smiles": "CC1CC1", "intercept": 0.40357480711732086, "shear_5nN_qq": [-2.412856436450839, 9.296302522920502], "COF": 0.18651476905876113, "chain-smiles": "CCCCCCCCCCCCCCCCCC1CC1", "shear_5nN_lj": [-1245.7222341406873, 48.061903547550926], "h-smiles": "C1CC1", "entropy_translational": 155.37, "S2": {"25nN": 0.9392872198287562, "5nN": 0.9489294983471825, "15nN": 0.9387731526144553}}