{"shear_5nN_Etotal": [-526.1184124036771, 47.62361043716533], "shear_5nN_qq": [725.9291327625899, 33.6119254708946], "molecular_weight": 27.0451, "surface_area": 61.0, "polar_solvation_energy": -1.05, "roughness": {"5nN": 0.06593469107282697, "15nN": 0.06437276040649624, "25nN": 0.061599930453749875}, "shear_5nN_lj": [-1252.0475451662671, 44.673411122704714], "entropy_rotational": 77.76, "enthalpy_vibrational": 131.44, "S2": {"5nN": 0.6696917672763865, "15nN": 0.6657090346932821, "25nN": 0.6602528226775025}, "nonpolar_solvation_energy": 8.4, "dipole_moment": 0.0, "intercept": 1.2266761250393334, "shear_25nN_lj": [-1585.427393326139, 47.228810041470396], "shear_15nN_Etotal": [-585.4822882038369, 50.72462677841009], "entropy_vibrational": 2.65, "shear_15nN_qq": [906.1724708097522, 38.732448558805636], "tilt": {"5nN": 27.6358066267808, "15nN": 30.995581272441388, "25nN": 33.3395297008756}, "heat_capacity_vibrational": 10.23, "interdigitation": {"5nN": 0.1498961806738411, "15nN": 0.15157393078588693, "25nN": 0.1418594820505507}, "shear_25nN_qq": [1071.3315133229416, 43.236174768530525], "shear_15nN_lj": [-1491.654759013589, 44.17840500776866], "shear_25nN_Etotal": [-514.0958800031975, 55.13198744886181], "total_solvation_energy": 7.34, "COF": 0.15953085745240786, "status": {"c411ebccb08302a696897bbeb2516243-unwrap_shear_15nN": 1, "c411ebccb08302a696897bbeb2516243-equilibrate_grompp": 1, "c411ebccb08302a696897bbeb2516243-log_cof": 1, "c411ebccb08302a696897bbeb2516243-shear_5nN": 1, "c411ebccb08302a696897bbeb2516243-shear_25nN_rerun": 1, "c411ebccb08302a696897bbeb2516243-shear_25nN_rerun_grompp": 1, "c411ebccb08302a696897bbeb2516243-compress_grompp": 1, "c411ebccb08302a696897bbeb2516243-log_S2": 1, "c411ebccb08302a696897bbeb2516243-get_interaction_energy_15nN": 1, "c411ebccb08302a696897bbeb2516243-calc_interdigitation": 6, "c411ebccb08302a696897bbeb2516243-shear_5nN_extend_grompp": 1, "c411ebccb08302a696897bbeb2516243-log_interaction_energy_15nN": 1, "c411ebccb08302a696897bbeb2516243-minimize_grompp": 1, "c411ebccb08302a696897bbeb2516243-shear_15nN_rerun_grompp": 1, "c411ebccb08302a696897bbeb2516243-log_interaction_energy_5nN": 1, "c411ebccb08302a696897bbeb2516243-shear_15nN_extend": 1, "c411ebccb08302a696897bbeb2516243-equilibrate": 1, "c411ebccb08302a696897bbeb2516243-log_tilt": 1, "c411ebccb08302a696897bbeb2516243-top_to_mol2": 1, "c411ebccb08302a696897bbeb2516243-lammps_to_gmx": 1, "c411ebccb08302a696897bbeb2516243-shear_25nN": 1, "c411ebccb08302a696897bbeb2516243-shear_25nN_extend_grompp": 1, "c411ebccb08302a696897bbeb2516243-shear_5nN_grompp": 1, "c411ebccb08302a696897bbeb2516243-shear_5nN_rerun_grompp": 1, "c411ebccb08302a696897bbeb2516243-shear_15nN_extend_grompp": 1, "c411ebccb08302a696897bbeb2516243-compress": 1, "c411ebccb08302a696897bbeb2516243-calc_friction": 1, "c411ebccb08302a696897bbeb2516243-shear_5nN_extend": 1, "c411ebccb08302a696897bbeb2516243-calc_roughness": 1, "c411ebccb08302a696897bbeb2516243-shear_15nN_grompp": 1, "c411ebccb08302a696897bbeb2516243-calc_S2_shear": 1, "c411ebccb08302a696897bbeb2516243-shear_15nN_rerun": 1, "c411ebccb08302a696897bbeb2516243-get_interaction_energy_25nN": 1, "c411ebccb08302a696897bbeb2516243-unwrap_shear_5nN": 1, "c411ebccb08302a696897bbeb2516243-log_interaction_energy_25nN": 1, "c411ebccb08302a696897bbeb2516243-shear_25nN_grompp": 1, "c411ebccb08302a696897bbeb2516243-count_hydrogen_bonds": 1, "c411ebccb08302a696897bbeb2516243-shear_25nN_extend": 1, "c411ebccb08302a696897bbeb2516243-fix_overlaps": 1, "c411ebccb08302a696897bbeb2516243-get_interaction_energy_5nN": 1, "c411ebccb08302a696897bbeb2516243-shear_5nN_rerun": 1, "c411ebccb08302a696897bbeb2516243-minimize": 1, "c411ebccb08302a696897bbeb2516243-unwrap_shear_25nN": 1, "c411ebccb08302a696897bbeb2516243-shear_15nN": 1, "c411ebccb08302a696897bbeb2516243-initialize": 1, "c411ebccb08302a696897bbeb2516243-calc_tilt_shear": 1}, "entropy_translational": 150.32}