{"enthalpy_vibrational": 57.43, "shear_5nN_Etotal": [-3657.1845521422865, 192.05324949397246], "heat_capacity_vibrational": 0.13, "entropy_vibrational": 0.02, "interdigitation": {"25nN": 0.12052000205915758, "5nN": 0.11708402650487547, "15nN": 0.1277743968441389}, "polar_solvation_energy": -15.61, "shear_15nN_qq": [-2507.699947160672, 196.91541497870335], "nonpolar_solvation_energy": 2.8, "molecular_weight": 17.0073, "shear_15nN_Etotal": [-3835.916898996802, 184.6278885670818], "roughness": {"25nN": 0.05164468521754776, "5nN": 0.05067604568546185, "15nN": 0.055862385062205214}, "tilt": {"25nN": 36.73352292362089, "5nN": 30.543483581375785, "15nN": 34.424214879388884}, "shear_15nN_lj": [-1328.216951836131, 67.05561227411991], "surface_area": 42.49, "total_solvation_energy": -12.83, "dipole_moment": 1.88, "entropy_rotational": 49.19, "shear_25nN_lj": [-1394.3656194108712, 66.00919241663055], "shear_5nN_lj": [-1195.2356122821743, 58.233141337345195], "status": {"8ad1fb1f6f1cb28ad2d6b0978a83c320-shear_25nN_rerun_grompp": 1, "8ad1fb1f6f1cb28ad2d6b0978a83c320-get_interaction_energy_5nN": 1, "8ad1fb1f6f1cb28ad2d6b0978a83c320-fix_overlaps": 1, "8ad1fb1f6f1cb28ad2d6b0978a83c320-unwrap_shear_15nN": 1, "8ad1fb1f6f1cb28ad2d6b0978a83c320-shear_25nN_extend_grompp": 1, "8ad1fb1f6f1cb28ad2d6b0978a83c320-shear_25nN_grompp": 1, "8ad1fb1f6f1cb28ad2d6b0978a83c320-compress_grompp": 1, "8ad1fb1f6f1cb28ad2d6b0978a83c320-shear_15nN_rerun": 1, "8ad1fb1f6f1cb28ad2d6b0978a83c320-shear_15nN": 1, "8ad1fb1f6f1cb28ad2d6b0978a83c320-get_interaction_energy_25nN": 1, "8ad1fb1f6f1cb28ad2d6b0978a83c320-shear_15nN_extend_grompp": 1, "8ad1fb1f6f1cb28ad2d6b0978a83c320-equilibrate_grompp": 1, "8ad1fb1f6f1cb28ad2d6b0978a83c320-shear_15nN_extend": 1, "8ad1fb1f6f1cb28ad2d6b0978a83c320-top_to_mol2": 1, "8ad1fb1f6f1cb28ad2d6b0978a83c320-shear_5nN_rerun_grompp": 1, "8ad1fb1f6f1cb28ad2d6b0978a83c320-calc_S2_shear": 1, "8ad1fb1f6f1cb28ad2d6b0978a83c320-log_S2": 1, "8ad1fb1f6f1cb28ad2d6b0978a83c320-shear_25nN": 1, "8ad1fb1f6f1cb28ad2d6b0978a83c320-log_interaction_energy_5nN": 1, "8ad1fb1f6f1cb28ad2d6b0978a83c320-shear_25nN_rerun": 1, "8ad1fb1f6f1cb28ad2d6b0978a83c320-shear_5nN_rerun": 1, "8ad1fb1f6f1cb28ad2d6b0978a83c320-calc_tilt_shear": 1, "8ad1fb1f6f1cb28ad2d6b0978a83c320-calc_roughness": 1, "8ad1fb1f6f1cb28ad2d6b0978a83c320-shear_15nN_grompp": 1, "8ad1fb1f6f1cb28ad2d6b0978a83c320-unwrap_shear_25nN": 1, "8ad1fb1f6f1cb28ad2d6b0978a83c320-shear_5nN_grompp": 1, "8ad1fb1f6f1cb28ad2d6b0978a83c320-get_interaction_energy_15nN": 1, "8ad1fb1f6f1cb28ad2d6b0978a83c320-compress": 1, "8ad1fb1f6f1cb28ad2d6b0978a83c320-calc_friction": 1, "8ad1fb1f6f1cb28ad2d6b0978a83c320-equilibrate": 1, "8ad1fb1f6f1cb28ad2d6b0978a83c320-initialize": 1, "8ad1fb1f6f1cb28ad2d6b0978a83c320-log_interaction_energy_25nN": 1, "8ad1fb1f6f1cb28ad2d6b0978a83c320-unwrap_shear_5nN": 1, "8ad1fb1f6f1cb28ad2d6b0978a83c320-shear_5nN_extend_grompp": 1, "8ad1fb1f6f1cb28ad2d6b0978a83c320-count_hydrogen_bonds": 1, "8ad1fb1f6f1cb28ad2d6b0978a83c320-calc_interdigitation": 7, "8ad1fb1f6f1cb28ad2d6b0978a83c320-log_cof": 1, "8ad1fb1f6f1cb28ad2d6b0978a83c320-shear_5nN_extend": 1, "8ad1fb1f6f1cb28ad2d6b0978a83c320-lammps_to_gmx": 1, "8ad1fb1f6f1cb28ad2d6b0978a83c320-minimize_grompp": 1, "8ad1fb1f6f1cb28ad2d6b0978a83c320-log_interaction_energy_15nN": 1, "8ad1fb1f6f1cb28ad2d6b0978a83c320-shear_5nN": 1, "8ad1fb1f6f1cb28ad2d6b0978a83c320-shear_15nN_rerun_grompp": 1, "8ad1fb1f6f1cb28ad2d6b0978a83c320-minimize": 1, "8ad1fb1f6f1cb28ad2d6b0978a83c320-shear_25nN_extend": 1, "8ad1fb1f6f1cb28ad2d6b0978a83c320-log_tilt": 1}, "shear_25nN_Etotal": [-3858.004552402078, 195.89983591838322], "shear_25nN_qq": [-2463.638932991207, 201.868646592017], "ch3-smiles": "CO", "intercept": 5.108316433024525, "shear_5nN_qq": [-2461.948939860112, 193.51095632773072], "COF": 0.17290316673332168, "chain-smiles": "CCCCCCCCCCCCCCCCCO", "h-smiles": "O", "entropy_translational": 144.8, "S2": {"25nN": 0.8433533043115825, "5nN": 0.8528435481667149, "15nN": 0.8395108001093705}}