{"shear_15nN_Etotal": [-2012.4902991015188, 93.01252160654019], "molecular_weight": 66.0811, "shear_25nN_Etotal": [-2101.5619629456437, 93.80613028587295], "surface_area": 76.02, "shear_15nN_qq": [-121.75410787929655, 63.22827121486908], "enthalpy_vibrational": 216.45, "shear_5nN_qq": [-73.49607664828137, 52.19792592072408], "tilt": {"5nN": 28.122890562947884, "25nN": 34.53238155813977, "15nN": 32.70129106603906}, "intercept": 2.434376515719464, "shear_25nN_lj": [-1972.7467138593126, 60.79837999216457], "entropy_rotational": 101.75, "shear_5nN_lj": [-1672.8712069464427, 60.42629563212959], "shear_25nN_qq": [-128.81524908633094, 65.3972762863255], "nonpolar_solvation_energy": 11.08, "total_solvation_energy": -3.05, "shear_15nN_lj": [-1890.7361912222223, 59.42454419660041], "shear_5nN_Etotal": [-1746.3672835947243, 93.11694839489402], "interdigitation": {"5nN": 0.11078813083753178, "25nN": 0.12082436507336897, "15nN": 0.12828270899015573}, "entropy_vibrational": 16.0, "heat_capacity_vibrational": 38.72, "entropy_translational": 161.19, "status": {"5ff2a6e6010538e5535e22a5f853d93a-log_interaction_energy_15nN": 1, "5ff2a6e6010538e5535e22a5f853d93a-minimize": 1, "5ff2a6e6010538e5535e22a5f853d93a-lammps_to_gmx": 1, "5ff2a6e6010538e5535e22a5f853d93a-shear_15nN_grompp": 1, "5ff2a6e6010538e5535e22a5f853d93a-log_interaction_energy_25nN": 1, "5ff2a6e6010538e5535e22a5f853d93a-equilibrate_grompp": 1, "5ff2a6e6010538e5535e22a5f853d93a-calc_interdigitation": 1, "5ff2a6e6010538e5535e22a5f853d93a-shear_15nN_extend_grompp": 1, "5ff2a6e6010538e5535e22a5f853d93a-log_interaction_energy_5nN": 1, "5ff2a6e6010538e5535e22a5f853d93a-equilibrate": 1, "5ff2a6e6010538e5535e22a5f853d93a-count_hydrogen_bonds": 1, "5ff2a6e6010538e5535e22a5f853d93a-log_tilt": 1, "5ff2a6e6010538e5535e22a5f853d93a-calc_tilt_shear": 1, "5ff2a6e6010538e5535e22a5f853d93a-shear_5nN": 1, "5ff2a6e6010538e5535e22a5f853d93a-get_interaction_energy_15nN": 1, "5ff2a6e6010538e5535e22a5f853d93a-shear_5nN_extend_grompp": 1, "5ff2a6e6010538e5535e22a5f853d93a-unwrap_shear_25nN": 1, "5ff2a6e6010538e5535e22a5f853d93a-minimize_grompp": 1, "5ff2a6e6010538e5535e22a5f853d93a-shear_25nN": 1, "5ff2a6e6010538e5535e22a5f853d93a-shear_15nN_rerun_grompp": 1, "5ff2a6e6010538e5535e22a5f853d93a-calc_friction": 1, "5ff2a6e6010538e5535e22a5f853d93a-shear_25nN_extend": 1, "5ff2a6e6010538e5535e22a5f853d93a-get_interaction_energy_5nN": 1, "5ff2a6e6010538e5535e22a5f853d93a-shear_5nN_extend": 1, "5ff2a6e6010538e5535e22a5f853d93a-shear_25nN_grompp": 1, "5ff2a6e6010538e5535e22a5f853d93a-shear_25nN_rerun_grompp": 1, "5ff2a6e6010538e5535e22a5f853d93a-shear_5nN_rerun": 1, "5ff2a6e6010538e5535e22a5f853d93a-shear_15nN_rerun": 1, "5ff2a6e6010538e5535e22a5f853d93a-calc_S2_shear": 1, "5ff2a6e6010538e5535e22a5f853d93a-compress_grompp": 1, "5ff2a6e6010538e5535e22a5f853d93a-compress": 1, "5ff2a6e6010538e5535e22a5f853d93a-shear_25nN_extend_grompp": 1, "5ff2a6e6010538e5535e22a5f853d93a-log_S2": 1, "5ff2a6e6010538e5535e22a5f853d93a-fix_overlaps": 1, "5ff2a6e6010538e5535e22a5f853d93a-get_interaction_energy_25nN": 1, "5ff2a6e6010538e5535e22a5f853d93a-log_cof": 1, "5ff2a6e6010538e5535e22a5f853d93a-unwrap_shear_15nN": 1, "5ff2a6e6010538e5535e22a5f853d93a-shear_15nN_extend": 1, "5ff2a6e6010538e5535e22a5f853d93a-unwrap_shear_5nN": 1, "5ff2a6e6010538e5535e22a5f853d93a-shear_15nN": 1, "5ff2a6e6010538e5535e22a5f853d93a-shear_5nN_rerun_grompp": 1, "5ff2a6e6010538e5535e22a5f853d93a-shear_25nN_rerun": 1, "5ff2a6e6010538e5535e22a5f853d93a-shear_5nN_grompp": 1, "5ff2a6e6010538e5535e22a5f853d93a-calc_roughness": 1, "5ff2a6e6010538e5535e22a5f853d93a-initialize": 1, "5ff2a6e6010538e5535e22a5f853d93a-top_to_mol2": 1}, "S2": {"5nN": 0.8177057340206301, "25nN": 0.8046418955939938, "15nN": 0.8186391085772615}, "polar_solvation_energy": -14.13, "COF": 0.15545939194693556, "roughness": {"5nN": 0.06130759131674791, "25nN": 0.06003280761172965, "15nN": 0.06538115285000437}, "dipole_moment": 2.89}