{"enthalpy_vibrational": 133.72, "shear_5nN_Etotal": [-1059.5698174028776, 77.92105127761744], "heat_capacity_vibrational": 12.98, "entropy_vibrational": 7.17, "interdigitation": {"25nN": 0.12052762488458235, "5nN": 0.13315204766247987, "15nN": 0.12479833618412679}, "polar_solvation_energy": -10.78, "shear_15nN_qq": [281.01578366506794, 62.04254455472961], "nonpolar_solvation_energy": 5.64, "molecular_weight": 31.0338, "shear_15nN_Etotal": [-1306.5837554484413, 81.58608414278707], "roughness": {"25nN": 0.057247077757393475, "5nN": 0.06392177809471318, "15nN": 0.0590188550412232}, "tilt": {"25nN": 36.72053726480251, "5nN": 29.519030475478417, "15nN": 34.40357283952644}, "shear_15nN_lj": [-1587.599539113509, 49.063449912314724], "surface_area": 54.24, "total_solvation_energy": -5.11, "dipole_moment": 1.68, "entropy_rotational": 79.18, "shear_25nN_lj": [-1698.1070973309354, 49.97946191591234], "shear_5nN_lj": [-1362.2358034484414, 53.38236129840895], "status": {"75b25f04cd35f59cf432d9c690c4c4d1-shear_25nN_rerun_grompp": 1, "75b25f04cd35f59cf432d9c690c4c4d1-log_interaction_energy_5nN": 1, "75b25f04cd35f59cf432d9c690c4c4d1-log_S2": 1, "75b25f04cd35f59cf432d9c690c4c4d1-shear_15nN_rerun": 1, "75b25f04cd35f59cf432d9c690c4c4d1-log_tilt": 1, "75b25f04cd35f59cf432d9c690c4c4d1-log_cof": 1, "75b25f04cd35f59cf432d9c690c4c4d1-get_interaction_energy_5nN": 1, "75b25f04cd35f59cf432d9c690c4c4d1-calc_roughness": 1, "75b25f04cd35f59cf432d9c690c4c4d1-equilibrate_grompp": 1, "75b25f04cd35f59cf432d9c690c4c4d1-compress": 1, "75b25f04cd35f59cf432d9c690c4c4d1-shear_25nN_extend": 1, "75b25f04cd35f59cf432d9c690c4c4d1-unwrap_shear_5nN": 1, "75b25f04cd35f59cf432d9c690c4c4d1-shear_5nN_rerun": 1, "75b25f04cd35f59cf432d9c690c4c4d1-shear_25nN": 1, "75b25f04cd35f59cf432d9c690c4c4d1-get_interaction_energy_15nN": 1, "75b25f04cd35f59cf432d9c690c4c4d1-get_interaction_energy_25nN": 1, "75b25f04cd35f59cf432d9c690c4c4d1-compress_grompp": 1, "75b25f04cd35f59cf432d9c690c4c4d1-shear_15nN_rerun_grompp": 1, "75b25f04cd35f59cf432d9c690c4c4d1-calc_friction": 1, "75b25f04cd35f59cf432d9c690c4c4d1-shear_5nN_extend": 1, "75b25f04cd35f59cf432d9c690c4c4d1-count_hydrogen_bonds": 1, "75b25f04cd35f59cf432d9c690c4c4d1-initialize": 1, "75b25f04cd35f59cf432d9c690c4c4d1-shear_5nN": 1, "75b25f04cd35f59cf432d9c690c4c4d1-shear_5nN_grompp": 1, "75b25f04cd35f59cf432d9c690c4c4d1-minimize_grompp": 1, "75b25f04cd35f59cf432d9c690c4c4d1-shear_15nN": 1, "75b25f04cd35f59cf432d9c690c4c4d1-minimize": 1, "75b25f04cd35f59cf432d9c690c4c4d1-unwrap_shear_25nN": 1, "75b25f04cd35f59cf432d9c690c4c4d1-shear_15nN_extend_grompp": 1, "75b25f04cd35f59cf432d9c690c4c4d1-unwrap_shear_15nN": 1, "75b25f04cd35f59cf432d9c690c4c4d1-shear_15nN_extend": 1, "75b25f04cd35f59cf432d9c690c4c4d1-fix_overlaps": 1, "75b25f04cd35f59cf432d9c690c4c4d1-lammps_to_gmx": 1, "75b25f04cd35f59cf432d9c690c4c4d1-shear_15nN_grompp": 1, "75b25f04cd35f59cf432d9c690c4c4d1-shear_25nN_extend_grompp": 1, "75b25f04cd35f59cf432d9c690c4c4d1-top_to_mol2": 1, "75b25f04cd35f59cf432d9c690c4c4d1-shear_5nN_extend_grompp": 1, "75b25f04cd35f59cf432d9c690c4c4d1-log_interaction_energy_25nN": 1, "75b25f04cd35f59cf432d9c690c4c4d1-shear_25nN_grompp": 1, "75b25f04cd35f59cf432d9c690c4c4d1-shear_25nN_rerun": 1, "75b25f04cd35f59cf432d9c690c4c4d1-calc_tilt_shear": 1, "75b25f04cd35f59cf432d9c690c4c4d1-equilibrate": 1, "75b25f04cd35f59cf432d9c690c4c4d1-log_interaction_energy_15nN": 1, "75b25f04cd35f59cf432d9c690c4c4d1-calc_S2_shear": 1, "75b25f04cd35f59cf432d9c690c4c4d1-calc_interdigitation": 1, "75b25f04cd35f59cf432d9c690c4c4d1-shear_5nN_rerun_grompp": 1}, "shear_25nN_Etotal": [-1452.3472205619503, 87.09683122777554], "shear_25nN_qq": [245.75987676898478, 68.27299634657], "ch3-smiles": "COC", "intercept": 1.4446936529565408, "shear_5nN_qq": [302.66598604556356, 50.75277794059836], "COF": 0.16581274638904797, "chain-smiles": "CCCCCCCCCCCCCCCCCOC", "h-smiles": "OC", "entropy_translational": 151.98, "S2": {"25nN": 0.7968845152987235, "5nN": 0.8006759334984577, "15nN": 0.8046714455087194}}