{"enthalpy_vibrational": 214.06, "shear_5nN_Etotal": [-1257.0104200143883, 48.41972823781244], "heat_capacity_vibrational": 19.47, "entropy_vibrational": 5.04, "interdigitation": {"25nN": 0.15721470906568072, "5nN": 0.1253097722458559, "15nN": 0.1224369252052108}, "polar_solvation_energy": -1.28, "shear_15nN_qq": [19.44319851558753, 10.423212143834126], "nonpolar_solvation_energy": 9.15, "molecular_weight": 41.0716, "shear_15nN_Etotal": [-1467.4447693397283, 48.66093654962101], "roughness": {"25nN": 0.08156111967689768, "5nN": 0.07459496372914473, "15nN": 0.07269825611564336}, "tilt": {"25nN": 39.641167219301714, "5nN": 33.223236554941046, "15nN": 37.66204710909385}, "total_solvation_energy": 7.89, "surface_area": 65.5, "shear_15nN_lj": [-1486.8879678553158, 47.650198710823446], "dipole_moment": 0.0, "entropy_rotational": 90.7, "shear_25nN_lj": [-1615.5195018760992, 51.93790376891154], "shear_25nN_qq": [38.225454987210234, 11.658656394506334], "status": {"4b695d24ed55e549b27eaa9c52394c03-get_interaction_energy_15nN": 1, "4b695d24ed55e549b27eaa9c52394c03-equilibrate": 1, "4b695d24ed55e549b27eaa9c52394c03-shear_25nN_extend_grompp": 1, "4b695d24ed55e549b27eaa9c52394c03-calc_interdigitation": 6, "4b695d24ed55e549b27eaa9c52394c03-compress_grompp": 1, "4b695d24ed55e549b27eaa9c52394c03-calc_roughness": 1, "4b695d24ed55e549b27eaa9c52394c03-fix_overlaps": 1, "4b695d24ed55e549b27eaa9c52394c03-unwrap_shear_25nN": 1, "4b695d24ed55e549b27eaa9c52394c03-log_interaction_energy_15nN": 1, "4b695d24ed55e549b27eaa9c52394c03-get_interaction_energy_25nN": 1, "4b695d24ed55e549b27eaa9c52394c03-unwrap_shear_15nN": 1, "4b695d24ed55e549b27eaa9c52394c03-shear_15nN_extend": 1, "4b695d24ed55e549b27eaa9c52394c03-shear_25nN_rerun": 1, "4b695d24ed55e549b27eaa9c52394c03-shear_5nN": 1, "4b695d24ed55e549b27eaa9c52394c03-calc_S2_shear": 1, "4b695d24ed55e549b27eaa9c52394c03-shear_5nN_extend": 1, "4b695d24ed55e549b27eaa9c52394c03-log_tilt": 1, "4b695d24ed55e549b27eaa9c52394c03-log_interaction_energy_5nN": 1, "4b695d24ed55e549b27eaa9c52394c03-shear_25nN_rerun_grompp": 1, "4b695d24ed55e549b27eaa9c52394c03-get_interaction_energy_5nN": 1, "4b695d24ed55e549b27eaa9c52394c03-shear_15nN_rerun_grompp": 1, "4b695d24ed55e549b27eaa9c52394c03-calc_tilt_shear": 1, "4b695d24ed55e549b27eaa9c52394c03-minimize_grompp": 1, "4b695d24ed55e549b27eaa9c52394c03-log_S2": 1, "4b695d24ed55e549b27eaa9c52394c03-compress": 1, "4b695d24ed55e549b27eaa9c52394c03-initialize": 1, "4b695d24ed55e549b27eaa9c52394c03-shear_5nN_extend_grompp": 1, "4b695d24ed55e549b27eaa9c52394c03-shear_25nN_extend": 1, "4b695d24ed55e549b27eaa9c52394c03-shear_15nN": 1, "4b695d24ed55e549b27eaa9c52394c03-shear_5nN_grompp": 1, "4b695d24ed55e549b27eaa9c52394c03-shear_25nN_grompp": 1, "4b695d24ed55e549b27eaa9c52394c03-equilibrate_grompp": 1, "4b695d24ed55e549b27eaa9c52394c03-count_hydrogen_bonds": 1, "4b695d24ed55e549b27eaa9c52394c03-minimize": 1, "4b695d24ed55e549b27eaa9c52394c03-lammps_to_gmx": 1, "4b695d24ed55e549b27eaa9c52394c03-shear_15nN_rerun": 1, "4b695d24ed55e549b27eaa9c52394c03-log_cof": 1, "4b695d24ed55e549b27eaa9c52394c03-unwrap_shear_5nN": 1, "4b695d24ed55e549b27eaa9c52394c03-shear_25nN": 1, "4b695d24ed55e549b27eaa9c52394c03-log_interaction_energy_25nN": 1, "4b695d24ed55e549b27eaa9c52394c03-shear_15nN_grompp": 1, "4b695d24ed55e549b27eaa9c52394c03-top_to_mol2": 1, "4b695d24ed55e549b27eaa9c52394c03-shear_15nN_extend_grompp": 1, "4b695d24ed55e549b27eaa9c52394c03-calc_friction": 1, "4b695d24ed55e549b27eaa9c52394c03-shear_5nN_rerun_grompp": 1, "4b695d24ed55e549b27eaa9c52394c03-shear_5nN_rerun": 1}, "shear_25nN_Etotal": [-1577.2940468888887, 50.42382724254162], "ch3-smiles": "CC1CC1", "intercept": 0.283094559106309, "shear_5nN_qq": [-3.9744975827338127, 6.7286201549929805], "COF": 0.19661639027491676, "chain-smiles": "CCCCCCCCCCCCCCCCCC1CC1", "shear_5nN_lj": [-1253.0359224316546, 47.93615116440022], "h-smiles": "C1CC1", "entropy_translational": 155.37, "S2": {"25nN": 0.9218744222505766, "5nN": 0.9334146740388547, "15nN": 0.9460361555366164}}