{"roughness": {"25nN": 0.05360525237501356, "15nN": 0.0452548340257789, "5nN": 0.06009208445006646}, "shear_25nN_qq": [-314.74244740767386, 67.10053905820843], "shear_15nN_Etotal": [-2200.1496276986413, 85.0567529059609], "shear_25nN_Etotal": [-2282.1569057857714, 92.5762187344453], "shear_25nN_lj": [-1967.4144583780976, 57.803332019542836], "entropy_vibrational": 16.0, "entropy_translational": 161.19, "surface_area": 76.02, "dipole_moment": 2.89, "interdigitation": {"5nN": 0.10849910346243287, "15nN": 0.09493259127732899, "25nN": 0.10428299105345522}, "COF": 0.1261867470600079, "shear_5nN_lj": [-1652.0578976306954, 61.55530486721071], "entropy_rotational": 101.75, "shear_15nN_qq": [-326.72638777138286, 57.38927270937648], "nonpolar_solvation_energy": 11.08, "shear_5nN_Etotal": [-1933.5824624468423, 87.67157036057708], "heat_capacity_vibrational": 38.72, "molecular_weight": 66.0811, "tilt": {"25nN": 40.98090780212159, "15nN": 39.04861927880298, "5nN": 35.977503000776466}, "S2": {"25nN": 0.9724741906634449, "15nN": 0.973908736854334, "5nN": 0.9763648849166958}, "total_solvation_energy": -3.05, "enthalpy_vibrational": 216.45, "status": {"5d3ee1428da3f045eb83ed134a4197a9-shear_5nN": 1, "5d3ee1428da3f045eb83ed134a4197a9-lammps_to_gmx": 1, "5d3ee1428da3f045eb83ed134a4197a9-shear_5nN_extend": 1, "5d3ee1428da3f045eb83ed134a4197a9-equilibrate": 1, "5d3ee1428da3f045eb83ed134a4197a9-unwrap_shear_15nN": 1, "5d3ee1428da3f045eb83ed134a4197a9-get_interaction_energy_25nN": 1, "5d3ee1428da3f045eb83ed134a4197a9-shear_15nN_rerun_grompp": 1, "5d3ee1428da3f045eb83ed134a4197a9-shear_5nN_grompp": 1, "5d3ee1428da3f045eb83ed134a4197a9-log_tilt": 1, "5d3ee1428da3f045eb83ed134a4197a9-top_to_mol2": 1, "5d3ee1428da3f045eb83ed134a4197a9-shear_5nN_extend_grompp": 1, "5d3ee1428da3f045eb83ed134a4197a9-shear_25nN": 1, "5d3ee1428da3f045eb83ed134a4197a9-shear_25nN_rerun": 1, "5d3ee1428da3f045eb83ed134a4197a9-get_interaction_energy_15nN": 1, "5d3ee1428da3f045eb83ed134a4197a9-calc_tilt_shear": 1, "5d3ee1428da3f045eb83ed134a4197a9-shear_25nN_rerun_grompp": 1, "5d3ee1428da3f045eb83ed134a4197a9-equilibrate_grompp": 1, "5d3ee1428da3f045eb83ed134a4197a9-log_S2": 1, "5d3ee1428da3f045eb83ed134a4197a9-log_interaction_energy_25nN": 1, "5d3ee1428da3f045eb83ed134a4197a9-calc_roughness": 1, "5d3ee1428da3f045eb83ed134a4197a9-log_interaction_energy_15nN": 1, "5d3ee1428da3f045eb83ed134a4197a9-shear_25nN_grompp": 1, "5d3ee1428da3f045eb83ed134a4197a9-calc_interdigitation": 6, "5d3ee1428da3f045eb83ed134a4197a9-initialize": 1, "5d3ee1428da3f045eb83ed134a4197a9-calc_friction": 1, "5d3ee1428da3f045eb83ed134a4197a9-unwrap_shear_25nN": 1, "5d3ee1428da3f045eb83ed134a4197a9-unwrap_shear_5nN": 1, "5d3ee1428da3f045eb83ed134a4197a9-calc_S2_shear": 1, "5d3ee1428da3f045eb83ed134a4197a9-shear_25nN_extend_grompp": 1, "5d3ee1428da3f045eb83ed134a4197a9-log_cof": 1, "5d3ee1428da3f045eb83ed134a4197a9-shear_5nN_rerun_grompp": 1, "5d3ee1428da3f045eb83ed134a4197a9-shear_25nN_extend": 1, "5d3ee1428da3f045eb83ed134a4197a9-get_interaction_energy_5nN": 1, "5d3ee1428da3f045eb83ed134a4197a9-shear_5nN_rerun": 1, "5d3ee1428da3f045eb83ed134a4197a9-minimize_grompp": 1, "5d3ee1428da3f045eb83ed134a4197a9-shear_15nN_extend": 1, "5d3ee1428da3f045eb83ed134a4197a9-log_interaction_energy_5nN": 1, "5d3ee1428da3f045eb83ed134a4197a9-compress_grompp": 1, "5d3ee1428da3f045eb83ed134a4197a9-shear_15nN": 1, "5d3ee1428da3f045eb83ed134a4197a9-minimize": 1, "5d3ee1428da3f045eb83ed134a4197a9-compress": 1, "5d3ee1428da3f045eb83ed134a4197a9-count_hydrogen_bonds": 1, "5d3ee1428da3f045eb83ed134a4197a9-fix_overlaps": 1, "5d3ee1428da3f045eb83ed134a4197a9-shear_15nN_rerun": 1, "5d3ee1428da3f045eb83ed134a4197a9-shear_15nN_extend_grompp": 1, "5d3ee1428da3f045eb83ed134a4197a9-shear_15nN_grompp": 1}, "shear_15nN_lj": [-1873.4232399272585, 53.808851932094726], "polar_solvation_energy": -14.13, "shear_5nN_qq": [-281.5245648161471, 47.329194158770726], "intercept": 1.6874554563077095}