{"entropy_translational": 161.73, "entropy_vibrational": 8.9, "shear_5nN_Etotal": [-1260.9264231470825, 52.157927181107524], "molecular_weight": 69.0059, "shear_15nN_Etotal": [-1471.8476637657873, 46.051201321469954], "roughness": {"25nN": 0.06510706935351272, "15nN": 0.06827268271755559, "5nN": 0.07489572637467078}, "shear_25nN_Etotal": [-1534.4329228609113, 50.890156022499056], "shear_25nN_qq": [-273.32817892406075, 23.179319258720405], "shear_5nN_qq": [-266.4381151614708, 16.975930503616766], "interdigitation": {"5nN": 0.19018123415286056, "15nN": 0.17548077182863997, "25nN": 0.17239091598410453}, "tilt": {"25nN": 37.71213364257532, "15nN": 35.102091964447254, "5nN": 29.24980603931041}, "shear_5nN_lj": [-994.4883079856115, 44.76613123045333], "total_solvation_energy": 10.13, "shear_25nN_lj": [-1261.1047439368506, 46.1051383306069], "heat_capacity_vibrational": 19.38, "S2": {"25nN": 0.8382563091392207, "15nN": 0.8321401869698886, "5nN": 0.8277654923467285}, "enthalpy_vibrational": 66.5, "COF": 0.16834025448870585, "entropy_rotational": 99.44, "status": {"418971895292659c52d3a5af12698c42-compress_grompp": 1, "418971895292659c52d3a5af12698c42-shear_25nN_rerun": 1, "418971895292659c52d3a5af12698c42-count_hydrogen_bonds": 1, "418971895292659c52d3a5af12698c42-shear_5nN_rerun": 1, "418971895292659c52d3a5af12698c42-log_interaction_energy_5nN": 1, "418971895292659c52d3a5af12698c42-unwrap_shear_15nN": 1, "418971895292659c52d3a5af12698c42-unwrap_shear_25nN": 1, "418971895292659c52d3a5af12698c42-initialize": 1, "418971895292659c52d3a5af12698c42-shear_5nN_extend": 1, "418971895292659c52d3a5af12698c42-compress": 1, "418971895292659c52d3a5af12698c42-log_S2": 1, "418971895292659c52d3a5af12698c42-shear_15nN_rerun": 1, "418971895292659c52d3a5af12698c42-fix_overlaps": 1, "418971895292659c52d3a5af12698c42-shear_5nN_grompp": 1, "418971895292659c52d3a5af12698c42-calc_interdigitation": 6, "418971895292659c52d3a5af12698c42-log_interaction_energy_15nN": 1, "418971895292659c52d3a5af12698c42-shear_15nN_extend_grompp": 1, "418971895292659c52d3a5af12698c42-log_cof": 1, "418971895292659c52d3a5af12698c42-minimize_grompp": 1, "418971895292659c52d3a5af12698c42-unwrap_shear_5nN": 1, "418971895292659c52d3a5af12698c42-equilibrate_grompp": 1, "418971895292659c52d3a5af12698c42-shear_15nN": 1, "418971895292659c52d3a5af12698c42-shear_25nN_rerun_grompp": 1, "418971895292659c52d3a5af12698c42-get_interaction_energy_25nN": 1, "418971895292659c52d3a5af12698c42-equilibrate": 1, "418971895292659c52d3a5af12698c42-shear_15nN_grompp": 1, "418971895292659c52d3a5af12698c42-shear_15nN_extend": 1, "418971895292659c52d3a5af12698c42-log_tilt": 1, "418971895292659c52d3a5af12698c42-shear_25nN_grompp": 1, "418971895292659c52d3a5af12698c42-calc_friction": 1, "418971895292659c52d3a5af12698c42-shear_15nN_rerun_grompp": 1, "418971895292659c52d3a5af12698c42-shear_25nN_extend": 1, "418971895292659c52d3a5af12698c42-get_interaction_energy_15nN": 1, "418971895292659c52d3a5af12698c42-lammps_to_gmx": 1, "418971895292659c52d3a5af12698c42-shear_5nN": 1, "418971895292659c52d3a5af12698c42-shear_25nN": 1, "418971895292659c52d3a5af12698c42-minimize": 1, "418971895292659c52d3a5af12698c42-log_interaction_energy_25nN": 1, "418971895292659c52d3a5af12698c42-calc_tilt_shear": 1, "418971895292659c52d3a5af12698c42-calc_S2_shear": 1, "418971895292659c52d3a5af12698c42-calc_roughness": 1, "418971895292659c52d3a5af12698c42-shear_5nN_rerun_grompp": 1, "418971895292659c52d3a5af12698c42-top_to_mol2": 1, "418971895292659c52d3a5af12698c42-shear_5nN_extend_grompp": 1, "418971895292659c52d3a5af12698c42-get_interaction_energy_5nN": 1, "418971895292659c52d3a5af12698c42-shear_25nN_extend_grompp": 1}, "dipole_moment": 2.09, "surface_area": 60.34, "intercept": 1.058859352310745, "shear_15nN_lj": [-1191.0943942989609, 42.54424072716329], "shear_15nN_qq": [-280.7532694668265, 21.09256631583286], "nonpolar_solvation_energy": 23.24, "polar_solvation_energy": -13.1}