{"shear_5nN_qq": [135.45735499920062, 12.410166554294268], "entropy_translational": 143.35, "total_solvation_energy": 4.69, "heat_capacity_vibrational": 2.25, "tilt": {"15nN": 36.438592684606164, "5nN": 32.919375456121, "25nN": 38.85732497263223}, "entropy_vibrational": 0.39, "S2": {"15nN": 0.9382357403442937, "5nN": 0.9345224111878865, "25nN": 0.9361132183794826}, "dipole_moment": 0.0, "status": {"2b049a4a1aa2dc7f93cf48492443933f-get_interaction_energy_15nN": 1, "2b049a4a1aa2dc7f93cf48492443933f-calc_friction": 1, "2b049a4a1aa2dc7f93cf48492443933f-minimize": 1, "2b049a4a1aa2dc7f93cf48492443933f-get_interaction_energy_25nN": 1, "2b049a4a1aa2dc7f93cf48492443933f-shear_25nN_extend": 1, "2b049a4a1aa2dc7f93cf48492443933f-shear_25nN_rerun": 1, "2b049a4a1aa2dc7f93cf48492443933f-calc_tilt_shear": 1, "2b049a4a1aa2dc7f93cf48492443933f-shear_5nN_grompp": 1, "2b049a4a1aa2dc7f93cf48492443933f-unwrap_shear_25nN": 1, "2b049a4a1aa2dc7f93cf48492443933f-shear_5nN_extend_grompp": 1, "2b049a4a1aa2dc7f93cf48492443933f-log_cof": 1, "2b049a4a1aa2dc7f93cf48492443933f-equilibrate": 1, "2b049a4a1aa2dc7f93cf48492443933f-shear_15nN_rerun": 1, "2b049a4a1aa2dc7f93cf48492443933f-shear_5nN_rerun": 1, "2b049a4a1aa2dc7f93cf48492443933f-shear_15nN_rerun_grompp": 1, "2b049a4a1aa2dc7f93cf48492443933f-shear_15nN_extend": 1, "2b049a4a1aa2dc7f93cf48492443933f-initialize": 1, "2b049a4a1aa2dc7f93cf48492443933f-shear_25nN_rerun_grompp": 1, "2b049a4a1aa2dc7f93cf48492443933f-log_interaction_energy_15nN": 1, "2b049a4a1aa2dc7f93cf48492443933f-shear_15nN": 1, "2b049a4a1aa2dc7f93cf48492443933f-compress_grompp": 1, "2b049a4a1aa2dc7f93cf48492443933f-get_interaction_energy_5nN": 1, "2b049a4a1aa2dc7f93cf48492443933f-count_hydrogen_bonds": 1, "2b049a4a1aa2dc7f93cf48492443933f-shear_5nN_rerun_grompp": 1, "2b049a4a1aa2dc7f93cf48492443933f-shear_5nN": 1, "2b049a4a1aa2dc7f93cf48492443933f-calc_roughness": 1, "2b049a4a1aa2dc7f93cf48492443933f-shear_15nN_extend_grompp": 1, "2b049a4a1aa2dc7f93cf48492443933f-calc_interdigitation": 6, "2b049a4a1aa2dc7f93cf48492443933f-shear_25nN_extend_grompp": 1, "2b049a4a1aa2dc7f93cf48492443933f-shear_25nN_grompp": 1, "2b049a4a1aa2dc7f93cf48492443933f-log_interaction_energy_5nN": 1, "2b049a4a1aa2dc7f93cf48492443933f-unwrap_shear_15nN": 1, "2b049a4a1aa2dc7f93cf48492443933f-log_interaction_energy_25nN": 1, "2b049a4a1aa2dc7f93cf48492443933f-shear_15nN_grompp": 1, "2b049a4a1aa2dc7f93cf48492443933f-compress": 1, "2b049a4a1aa2dc7f93cf48492443933f-minimize_grompp": 1, "2b049a4a1aa2dc7f93cf48492443933f-equilibrate_grompp": 1, "2b049a4a1aa2dc7f93cf48492443933f-calc_S2_shear": 1, "2b049a4a1aa2dc7f93cf48492443933f-unwrap_shear_5nN": 1, "2b049a4a1aa2dc7f93cf48492443933f-log_S2": 1, "2b049a4a1aa2dc7f93cf48492443933f-shear_5nN_extend": 1, "2b049a4a1aa2dc7f93cf48492443933f-log_tilt": 1, "2b049a4a1aa2dc7f93cf48492443933f-lammps_to_gmx": 1, "2b049a4a1aa2dc7f93cf48492443933f-top_to_mol2": 1, "2b049a4a1aa2dc7f93cf48492443933f-fix_overlaps": 1, "2b049a4a1aa2dc7f93cf48492443933f-shear_25nN": 1}, "interdigitation": {"15nN": 0.11004651966523431, "5nN": 0.11644324219004261, "25nN": 0.11025843816738339}, "shear_5nN_lj": [-1186.3579843205434, 48.8287940994671], "entropy_rotational": 62.93, "COF": 0.140830272124802, "enthalpy_vibrational": 119.27, "shear_25nN_lj": [-1519.019162988809, 49.83174972266211], "shear_15nN_lj": [-1414.5296616282974, 47.39802825311678], "surface_area": 48.83, "shear_25nN_qq": [221.0941047234213, 14.281157917462371], "shear_15nN_Etotal": [-1226.4708573277378, 46.16020533341681], "nonpolar_solvation_energy": 4.81, "shear_5nN_Etotal": [-1050.9006293213429, 47.46960549556158], "polar_solvation_energy": -0.12, "shear_25nN_Etotal": [-1297.9250582653874, 49.616305309859825], "shear_15nN_qq": [188.05880430055956, 13.497141748691044], "roughness": {"15nN": 0.06034916731618121, "5nN": 0.07083852040068453, "25nN": 0.057884027907352156}, "molecular_weight": 15.0344, "intercept": 0.8847255719135658}