{"shear_15nN_Etotal": [-3562.930524026379, 317.44073591878896], "molecular_weight": 26.0174, "shear_25nN_Etotal": [-3170.1619537290167, 270.85387546269743], "surface_area": 55.12, "shear_15nN_qq": [-2230.7019099408467, 310.50311615596496], "enthalpy_vibrational": 43.98, "shear_5nN_qq": [-2563.966304685052, 269.06478363254854], "tilt": {"5nN": 30.457138529725928, "25nN": 35.66154646360297, "15nN": 34.04511998012051}, "intercept": 3.203767336743203, "shear_25nN_lj": [-1384.7282156634692, 51.523975809099795], "entropy_rotational": 49.42, "shear_5nN_lj": [-1182.725005254996, 49.2780672832725], "shear_25nN_qq": [-1785.4337380655477, 262.5052771890381], "nonpolar_solvation_energy": 9.82, "total_solvation_energy": -8.13, "shear_15nN_lj": [-1332.2286140855315, 48.088375255156954], "shear_5nN_Etotal": [-3746.6913099400476, 285.4664087458959], "interdigitation": {"5nN": 0.15052159665971349, "25nN": 0.12947292691280599, "15nN": 0.14315403932563633}, "entropy_vibrational": 1.39, "heat_capacity_vibrational": 4.71, "entropy_translational": 149.86, "roughness": {"5nN": 0.05767153584644937, "25nN": 0.049553247522310655, "15nN": 0.05246985152745126}, "S2": {"5nN": 0.7022720421990029, "25nN": 0.6855343419952105, "15nN": 0.6844921292846238}, "dipole_moment": 3.41, "COF": 0.13722597892570682, "status": {"d219630495c9001196aeda160774b6d3-unwrap_shear_5nN": 1, "d219630495c9001196aeda160774b6d3-compress_grompp": 1, "d219630495c9001196aeda160774b6d3-equilibrate": 1, "d219630495c9001196aeda160774b6d3-shear_5nN_extend_grompp": 1, "d219630495c9001196aeda160774b6d3-shear_5nN_rerun_grompp": 1, "d219630495c9001196aeda160774b6d3-shear_5nN_rerun": 1, "d219630495c9001196aeda160774b6d3-get_interaction_energy_15nN": 1, "d219630495c9001196aeda160774b6d3-fix_overlaps": 1, "d219630495c9001196aeda160774b6d3-log_S2": 1, "d219630495c9001196aeda160774b6d3-minimize_grompp": 1, "d219630495c9001196aeda160774b6d3-log_interaction_energy_5nN": 1, "d219630495c9001196aeda160774b6d3-shear_15nN": 1, "d219630495c9001196aeda160774b6d3-shear_15nN_rerun_grompp": 1, "d219630495c9001196aeda160774b6d3-shear_25nN_extend_grompp": 1, "d219630495c9001196aeda160774b6d3-shear_15nN_grompp": 1, "d219630495c9001196aeda160774b6d3-log_cof": 1, "d219630495c9001196aeda160774b6d3-unwrap_shear_25nN": 1, "d219630495c9001196aeda160774b6d3-count_hydrogen_bonds": 1, "d219630495c9001196aeda160774b6d3-unwrap_shear_15nN": 1, "d219630495c9001196aeda160774b6d3-shear_5nN": 1, "d219630495c9001196aeda160774b6d3-compress": 1, "d219630495c9001196aeda160774b6d3-equilibrate_grompp": 1, "d219630495c9001196aeda160774b6d3-top_to_mol2": 1, "d219630495c9001196aeda160774b6d3-minimize": 1, "d219630495c9001196aeda160774b6d3-shear_5nN_extend": 1, "d219630495c9001196aeda160774b6d3-shear_25nN": 1, "d219630495c9001196aeda160774b6d3-shear_25nN_grompp": 1, "d219630495c9001196aeda160774b6d3-log_tilt": 1, "d219630495c9001196aeda160774b6d3-shear_5nN_grompp": 1, "d219630495c9001196aeda160774b6d3-shear_25nN_extend": 1, "d219630495c9001196aeda160774b6d3-calc_roughness": 1, "d219630495c9001196aeda160774b6d3-initialize": 1, "d219630495c9001196aeda160774b6d3-shear_25nN_rerun_grompp": 1, "d219630495c9001196aeda160774b6d3-get_interaction_energy_25nN": 1, "d219630495c9001196aeda160774b6d3-calc_tilt_shear": 1, "d219630495c9001196aeda160774b6d3-calc_interdigitation": 1, "d219630495c9001196aeda160774b6d3-lammps_to_gmx": 1, "d219630495c9001196aeda160774b6d3-log_interaction_energy_25nN": 1, "d219630495c9001196aeda160774b6d3-shear_15nN_extend_grompp": 1, "d219630495c9001196aeda160774b6d3-calc_friction": 1, "d219630495c9001196aeda160774b6d3-shear_25nN_rerun": 1, "d219630495c9001196aeda160774b6d3-shear_15nN_extend": 1, "d219630495c9001196aeda160774b6d3-log_interaction_energy_15nN": 1, "d219630495c9001196aeda160774b6d3-calc_S2_shear": 1, "d219630495c9001196aeda160774b6d3-shear_15nN_rerun": 1, "d219630495c9001196aeda160774b6d3-get_interaction_energy_5nN": 1}, "polar_solvation_energy": -17.95}