{"enthalpy_vibrational": 263.87, "shear_5nN_Etotal": [-1611.0528415419665, 60.18530939911443], "heat_capacity_vibrational": 48.68, "entropy_vibrational": 20.79, "interdigitation": {"25nN": 0.1201073475238769, "5nN": 0.13946541230310147, "15nN": 0.12325170881156394}, "polar_solvation_energy": -4.89, "shear_15nN_qq": [55.37880934852118, 22.559503316254837], "nonpolar_solvation_energy": 6.77, "molecular_weight": 77.1037, "shear_15nN_Etotal": [-1738.8345900543566, 52.477583021448076], "roughness": {"25nN": 0.06552493646162975, "5nN": 0.07840035318261951, "15nN": 0.06776131209929055}, "tilt": {"25nN": 37.35793758997672, "5nN": 31.402269386550095, "15nN": 35.0627790902826}, "shear_15nN_lj": [-1794.2133994028777, 50.211126458141194], "surface_area": 93.44, "total_solvation_energy": 1.89, "dipole_moment": 0.0, "entropy_rotational": 107.29, "shear_25nN_lj": [-1870.656402022382, 50.44741835697653], "shear_5nN_lj": [-1585.0026661302957, 58.9076503497453], "status": {"828138054f3fd5d6d0bf1e5dc118a996-calc_friction": 1, "828138054f3fd5d6d0bf1e5dc118a996-calc_tilt_shear": 1, "828138054f3fd5d6d0bf1e5dc118a996-unwrap_shear_5nN": 1, "828138054f3fd5d6d0bf1e5dc118a996-count_hydrogen_bonds": 1, "828138054f3fd5d6d0bf1e5dc118a996-compress_grompp": 1, "828138054f3fd5d6d0bf1e5dc118a996-shear_5nN_rerun_grompp": 1, "828138054f3fd5d6d0bf1e5dc118a996-shear_5nN_extend": 1, "828138054f3fd5d6d0bf1e5dc118a996-log_tilt": 1, "828138054f3fd5d6d0bf1e5dc118a996-shear_15nN_extend": 1, "828138054f3fd5d6d0bf1e5dc118a996-shear_25nN_rerun_grompp": 1, "828138054f3fd5d6d0bf1e5dc118a996-log_interaction_energy_5nN": 1, "828138054f3fd5d6d0bf1e5dc118a996-unwrap_shear_15nN": 1, "828138054f3fd5d6d0bf1e5dc118a996-fix_overlaps": 1, "828138054f3fd5d6d0bf1e5dc118a996-shear_5nN": 1, "828138054f3fd5d6d0bf1e5dc118a996-unwrap_shear_25nN": 1, "828138054f3fd5d6d0bf1e5dc118a996-shear_15nN_extend_grompp": 1, "828138054f3fd5d6d0bf1e5dc118a996-shear_25nN": 1, "828138054f3fd5d6d0bf1e5dc118a996-shear_15nN_rerun": 1, "828138054f3fd5d6d0bf1e5dc118a996-shear_25nN_extend": 1, "828138054f3fd5d6d0bf1e5dc118a996-calc_roughness": 1, "828138054f3fd5d6d0bf1e5dc118a996-calc_interdigitation": 1, "828138054f3fd5d6d0bf1e5dc118a996-get_interaction_energy_5nN": 1, "828138054f3fd5d6d0bf1e5dc118a996-equilibrate": 1, "828138054f3fd5d6d0bf1e5dc118a996-equilibrate_grompp": 1, "828138054f3fd5d6d0bf1e5dc118a996-calc_S2_shear": 1, "828138054f3fd5d6d0bf1e5dc118a996-shear_15nN_grompp": 1, "828138054f3fd5d6d0bf1e5dc118a996-log_cof": 1, "828138054f3fd5d6d0bf1e5dc118a996-log_S2": 1, "828138054f3fd5d6d0bf1e5dc118a996-compress": 1, "828138054f3fd5d6d0bf1e5dc118a996-shear_5nN_grompp": 1, "828138054f3fd5d6d0bf1e5dc118a996-shear_5nN_extend_grompp": 1, "828138054f3fd5d6d0bf1e5dc118a996-lammps_to_gmx": 1, "828138054f3fd5d6d0bf1e5dc118a996-shear_25nN_grompp": 1, "828138054f3fd5d6d0bf1e5dc118a996-log_interaction_energy_25nN": 1, "828138054f3fd5d6d0bf1e5dc118a996-initialize": 1, "828138054f3fd5d6d0bf1e5dc118a996-shear_15nN": 1, "828138054f3fd5d6d0bf1e5dc118a996-minimize_grompp": 1, "828138054f3fd5d6d0bf1e5dc118a996-shear_25nN_rerun": 1, "828138054f3fd5d6d0bf1e5dc118a996-minimize": 1, "828138054f3fd5d6d0bf1e5dc118a996-top_to_mol2": 1, "828138054f3fd5d6d0bf1e5dc118a996-shear_15nN_rerun_grompp": 1, "828138054f3fd5d6d0bf1e5dc118a996-log_interaction_energy_15nN": 1, "828138054f3fd5d6d0bf1e5dc118a996-get_interaction_energy_25nN": 1, "828138054f3fd5d6d0bf1e5dc118a996-get_interaction_energy_15nN": 1, "828138054f3fd5d6d0bf1e5dc118a996-shear_5nN_rerun": 1, "828138054f3fd5d6d0bf1e5dc118a996-shear_25nN_extend_grompp": 1}, "shear_25nN_Etotal": [-1760.869149760192, 53.780418361527765], "shear_25nN_qq": [109.78725226219025, 23.31250967839889], "ch3-smiles": "CC1=CC=CC=C1", "intercept": 1.2721372392492452, "shear_5nN_qq": [-26.050175411670665, 17.75021823905656], "COF": 0.14003888547137064, "chain-smiles": "CCCCCCCCCCCCCCCCCC1=CC=CC=C1", "h-smiles": "C1=CC=CC=C1", "entropy_translational": 163.09, "S2": {"25nN": 0.9328362818492102, "5nN": 0.9454298275172007, "15nN": 0.935330873665024}}