{"shear_15nN_Etotal": [-3310.452025015987, 134.38520004115202], "molecular_weight": 46.0055, "shear_25nN_Etotal": [-3402.4421111766583, 146.48914442670906], "surface_area": 59.09, "shear_15nN_qq": [-1166.9982280815348, 104.22852745060673], "enthalpy_vibrational": 62.86, "shear_5nN_qq": [-1184.325090421263, 112.40934823423646], "tilt": {"5nN": 33.71992622757933, "15nN": 37.20940611447349, "25nN": 39.79458815592939}, "intercept": 2.3028033969885504, "shear_25nN_lj": [-2238.8801013717025, 58.238988490203525], "entropy_rotational": 85.69, "shear_5nN_lj": [-1974.7719619280576, 64.0199914796616], "shear_25nN_qq": [-1163.562009804956, 117.51764355396793], "nonpolar_solvation_energy": 4.77, "total_solvation_energy": -43.93, "shear_15nN_lj": [-2143.4537969344524, 57.54560908693751], "shear_5nN_Etotal": [-3159.09705234932, 151.0455575320867], "interdigitation": {"5nN": 0.19864601016287609, "15nN": 0.15482633142540284, "25nN": 0.1644910769229308}, "entropy_vibrational": 1.77, "heat_capacity_vibrational": 5.42, "entropy_translational": 156.76, "roughness": {"5nN": 0.07354304891354066, "15nN": 0.0607998013556406, "25nN": 0.06300772097900323}, "S2": {"5nN": 0.8968861412599156, "15nN": 0.9087164007846832, "25nN": 0.890688204581409}, "dipole_moment": 3.81, "COF": 0.1304561901453039, "status": {"e5667924606d57eb6f8b248b6fc66e8d-get_interaction_energy_15nN": 1, "e5667924606d57eb6f8b248b6fc66e8d-log_interaction_energy_25nN": 1, "e5667924606d57eb6f8b248b6fc66e8d-shear_15nN_extend": 1, "e5667924606d57eb6f8b248b6fc66e8d-calc_tilt_shear": 1, "e5667924606d57eb6f8b248b6fc66e8d-top_to_mol2": 1, "e5667924606d57eb6f8b248b6fc66e8d-shear_5nN_grompp": 1, "e5667924606d57eb6f8b248b6fc66e8d-minimize": 1, "e5667924606d57eb6f8b248b6fc66e8d-shear_15nN_grompp": 1, "e5667924606d57eb6f8b248b6fc66e8d-log_S2": 1, "e5667924606d57eb6f8b248b6fc66e8d-shear_5nN": 1, "e5667924606d57eb6f8b248b6fc66e8d-log_interaction_energy_15nN": 1, "e5667924606d57eb6f8b248b6fc66e8d-get_interaction_energy_25nN": 1, "e5667924606d57eb6f8b248b6fc66e8d-shear_5nN_extend_grompp": 1, "e5667924606d57eb6f8b248b6fc66e8d-count_hydrogen_bonds": 1, "e5667924606d57eb6f8b248b6fc66e8d-shear_25nN": 1, "e5667924606d57eb6f8b248b6fc66e8d-unwrap_shear_25nN": 1, "e5667924606d57eb6f8b248b6fc66e8d-unwrap_shear_5nN": 1, "e5667924606d57eb6f8b248b6fc66e8d-equilibrate_grompp": 1, "e5667924606d57eb6f8b248b6fc66e8d-shear_5nN_extend": 1, "e5667924606d57eb6f8b248b6fc66e8d-log_tilt": 1, "e5667924606d57eb6f8b248b6fc66e8d-equilibrate": 1, "e5667924606d57eb6f8b248b6fc66e8d-shear_15nN_rerun_grompp": 1, "e5667924606d57eb6f8b248b6fc66e8d-shear_5nN_rerun_grompp": 1, "e5667924606d57eb6f8b248b6fc66e8d-calc_friction": 1, "e5667924606d57eb6f8b248b6fc66e8d-shear_15nN_extend_grompp": 1, "e5667924606d57eb6f8b248b6fc66e8d-calc_S2_shear": 1, "e5667924606d57eb6f8b248b6fc66e8d-shear_25nN_grompp": 1, "e5667924606d57eb6f8b248b6fc66e8d-lammps_to_gmx": 1, "e5667924606d57eb6f8b248b6fc66e8d-shear_5nN_rerun": 1, "e5667924606d57eb6f8b248b6fc66e8d-minimize_grompp": 1, "e5667924606d57eb6f8b248b6fc66e8d-calc_roughness": 1, "e5667924606d57eb6f8b248b6fc66e8d-log_interaction_energy_5nN": 1, "e5667924606d57eb6f8b248b6fc66e8d-shear_25nN_extend_grompp": 1, "e5667924606d57eb6f8b248b6fc66e8d-unwrap_shear_15nN": 1, "e5667924606d57eb6f8b248b6fc66e8d-shear_15nN_rerun": 1, "e5667924606d57eb6f8b248b6fc66e8d-shear_15nN": 1, "e5667924606d57eb6f8b248b6fc66e8d-log_cof": 1, "e5667924606d57eb6f8b248b6fc66e8d-compress": 1, "e5667924606d57eb6f8b248b6fc66e8d-calc_interdigitation": 1, "e5667924606d57eb6f8b248b6fc66e8d-shear_25nN_extend": 1, "e5667924606d57eb6f8b248b6fc66e8d-compress_grompp": 1, "e5667924606d57eb6f8b248b6fc66e8d-get_interaction_energy_5nN": 1, "e5667924606d57eb6f8b248b6fc66e8d-fix_overlaps": 1, "e5667924606d57eb6f8b248b6fc66e8d-initialize": 1, "e5667924606d57eb6f8b248b6fc66e8d-shear_25nN_rerun_grompp": 1, "e5667924606d57eb6f8b248b6fc66e8d-shear_25nN_rerun": 1}, "polar_solvation_energy": -48.71}