{"shear_15nN_Etotal": [-1496.6150287593923, 55.763863441718165], "molecular_weight": 77.1037, "shear_25nN_Etotal": [-1555.927572392486, 54.70658558022669], "surface_area": 93.44, "shear_15nN_qq": [272.7349314980016, 23.545422168591625], "enthalpy_vibrational": 263.87, "shear_5nN_qq": [271.96548269224616, 19.95367300431427], "tilt": {"5nN": 25.811898631477636, "15nN": 29.81550073462028, "25nN": 33.220187074594904}, "intercept": 1.5333132741461268, "shear_25nN_lj": [-1846.914144853717, 51.132395595023574], "entropy_rotational": 107.29, "shear_5nN_lj": [-1565.0785280895284, 56.76959527772733], "shear_25nN_qq": [290.98657246123105, 23.92729966660024], "nonpolar_solvation_energy": 6.77, "total_solvation_energy": 1.89, "shear_15nN_lj": [-1769.3499602573938, 51.82327045978104], "shear_5nN_Etotal": [-1293.1130453972821, 62.29071678855357], "interdigitation": {"5nN": 0.10240091488290438, "15nN": 0.09731827651118032, "25nN": 0.09342415043981984}, "entropy_vibrational": 20.79, "heat_capacity_vibrational": 48.68, "entropy_translational": 163.09, "status": {"fbc803c2859496ae7e60cd6cdbd5583a-calc_tilt_shear": 1, "fbc803c2859496ae7e60cd6cdbd5583a-unwrap_shear_15nN": 1, "fbc803c2859496ae7e60cd6cdbd5583a-shear_15nN_extend": 1, "fbc803c2859496ae7e60cd6cdbd5583a-count_hydrogen_bonds": 1, "fbc803c2859496ae7e60cd6cdbd5583a-shear_25nN": 1, "fbc803c2859496ae7e60cd6cdbd5583a-shear_15nN_extend_grompp": 1, "fbc803c2859496ae7e60cd6cdbd5583a-log_interaction_energy_5nN": 1, "fbc803c2859496ae7e60cd6cdbd5583a-equilibrate": 1, "fbc803c2859496ae7e60cd6cdbd5583a-initialize": 1, "fbc803c2859496ae7e60cd6cdbd5583a-shear_15nN_grompp": 1, "fbc803c2859496ae7e60cd6cdbd5583a-shear_15nN_rerun_grompp": 1, "fbc803c2859496ae7e60cd6cdbd5583a-get_interaction_energy_15nN": 1, "fbc803c2859496ae7e60cd6cdbd5583a-minimize_grompp": 1, "fbc803c2859496ae7e60cd6cdbd5583a-shear_25nN_grompp": 1, "fbc803c2859496ae7e60cd6cdbd5583a-shear_5nN_rerun": 1, "fbc803c2859496ae7e60cd6cdbd5583a-shear_5nN_extend": 1, "fbc803c2859496ae7e60cd6cdbd5583a-compress_grompp": 1, "fbc803c2859496ae7e60cd6cdbd5583a-calc_friction": 1, "fbc803c2859496ae7e60cd6cdbd5583a-fix_overlaps": 1, "fbc803c2859496ae7e60cd6cdbd5583a-shear_15nN_rerun": 1, "fbc803c2859496ae7e60cd6cdbd5583a-shear_25nN_rerun": 1, "fbc803c2859496ae7e60cd6cdbd5583a-log_tilt": 1, "fbc803c2859496ae7e60cd6cdbd5583a-shear_25nN_extend": 1, "fbc803c2859496ae7e60cd6cdbd5583a-calc_roughness": 1, "fbc803c2859496ae7e60cd6cdbd5583a-log_S2": 1, "fbc803c2859496ae7e60cd6cdbd5583a-shear_25nN_extend_grompp": 1, "fbc803c2859496ae7e60cd6cdbd5583a-shear_5nN_grompp": 1, "fbc803c2859496ae7e60cd6cdbd5583a-calc_S2_shear": 1, "fbc803c2859496ae7e60cd6cdbd5583a-lammps_to_gmx": 1, "fbc803c2859496ae7e60cd6cdbd5583a-shear_5nN": 1, "fbc803c2859496ae7e60cd6cdbd5583a-unwrap_shear_25nN": 1, "fbc803c2859496ae7e60cd6cdbd5583a-shear_5nN_rerun_grompp": 1, "fbc803c2859496ae7e60cd6cdbd5583a-calc_interdigitation": 1, "fbc803c2859496ae7e60cd6cdbd5583a-log_cof": 1, "fbc803c2859496ae7e60cd6cdbd5583a-log_interaction_energy_25nN": 1, "fbc803c2859496ae7e60cd6cdbd5583a-get_interaction_energy_25nN": 1, "fbc803c2859496ae7e60cd6cdbd5583a-shear_15nN": 1, "fbc803c2859496ae7e60cd6cdbd5583a-shear_25nN_rerun_grompp": 1, "fbc803c2859496ae7e60cd6cdbd5583a-unwrap_shear_5nN": 1, "fbc803c2859496ae7e60cd6cdbd5583a-get_interaction_energy_5nN": 1, "fbc803c2859496ae7e60cd6cdbd5583a-shear_5nN_extend_grompp": 1, "fbc803c2859496ae7e60cd6cdbd5583a-compress": 1, "fbc803c2859496ae7e60cd6cdbd5583a-log_interaction_energy_15nN": 1, "fbc803c2859496ae7e60cd6cdbd5583a-top_to_mol2": 1, "fbc803c2859496ae7e60cd6cdbd5583a-minimize": 1, "fbc803c2859496ae7e60cd6cdbd5583a-equilibrate_grompp": 1}, "S2": {"5nN": 0.8392423561411387, "15nN": 0.8302570186426838, "25nN": 0.8372971376210704}, "polar_solvation_energy": -4.89, "COF": 0.1330902929717225, "roughness": {"5nN": 0.058859600217131366, "15nN": 0.05262039350516214, "25nN": 0.05210457448935549}, "dipole_moment": 0.0}