{"enthalpy_vibrational": 263.87, "shear_5nN_Etotal": [-1293.1130453972821, 62.29071678855357], "heat_capacity_vibrational": 48.68, "entropy_vibrational": 20.79, "interdigitation": {"25nN": 0.09337527188002584, "5nN": 0.10188411560036321, "15nN": 0.09716455884466461}, "polar_solvation_energy": -4.89, "shear_15nN_qq": [272.7349314980016, 23.545422168591625], "nonpolar_solvation_energy": 6.77, "molecular_weight": 77.1037, "shear_15nN_Etotal": [-1496.6150287593923, 55.763863441718165], "roughness": {"25nN": 0.05210457448935549, "5nN": 0.058859600217131366, "15nN": 0.05262039350516214}, "tilt": {"25nN": 33.220187074594904, "5nN": 25.811898631477636, "15nN": 29.81550073462028}, "shear_15nN_lj": [-1769.3499602573938, 51.82327045978104], "surface_area": 93.44, "total_solvation_energy": 1.89, "dipole_moment": 0.0, "entropy_rotational": 107.29, "shear_25nN_lj": [-1846.914144853717, 51.132395595023574], "shear_5nN_lj": [-1565.0785280895284, 56.76959527772733], "status": {"fbc803c2859496ae7e60cd6cdbd5583a-log_interaction_energy_5nN": 1, "fbc803c2859496ae7e60cd6cdbd5583a-initialize": 1, "fbc803c2859496ae7e60cd6cdbd5583a-unwrap_shear_15nN": 1, "fbc803c2859496ae7e60cd6cdbd5583a-get_interaction_energy_5nN": 1, "fbc803c2859496ae7e60cd6cdbd5583a-calc_S2_shear": 1, "fbc803c2859496ae7e60cd6cdbd5583a-equilibrate": 1, "fbc803c2859496ae7e60cd6cdbd5583a-shear_5nN_rerun_grompp": 1, "fbc803c2859496ae7e60cd6cdbd5583a-shear_25nN_grompp": 1, "fbc803c2859496ae7e60cd6cdbd5583a-shear_5nN_extend_grompp": 1, "fbc803c2859496ae7e60cd6cdbd5583a-shear_15nN_rerun_grompp": 1, "fbc803c2859496ae7e60cd6cdbd5583a-top_to_mol2": 1, "fbc803c2859496ae7e60cd6cdbd5583a-shear_25nN_extend": 1, "fbc803c2859496ae7e60cd6cdbd5583a-shear_5nN": 1, "fbc803c2859496ae7e60cd6cdbd5583a-shear_15nN_grompp": 1, "fbc803c2859496ae7e60cd6cdbd5583a-count_hydrogen_bonds": 1, "fbc803c2859496ae7e60cd6cdbd5583a-shear_5nN_grompp": 1, "fbc803c2859496ae7e60cd6cdbd5583a-shear_15nN": 1, "fbc803c2859496ae7e60cd6cdbd5583a-calc_roughness": 1, "fbc803c2859496ae7e60cd6cdbd5583a-unwrap_shear_5nN": 1, "fbc803c2859496ae7e60cd6cdbd5583a-lammps_to_gmx": 1, "fbc803c2859496ae7e60cd6cdbd5583a-log_cof": 1, "fbc803c2859496ae7e60cd6cdbd5583a-compress": 1, "fbc803c2859496ae7e60cd6cdbd5583a-shear_15nN_rerun": 1, "fbc803c2859496ae7e60cd6cdbd5583a-compress_grompp": 1, "fbc803c2859496ae7e60cd6cdbd5583a-unwrap_shear_25nN": 1, "fbc803c2859496ae7e60cd6cdbd5583a-log_interaction_energy_15nN": 1, "fbc803c2859496ae7e60cd6cdbd5583a-shear_25nN_rerun_grompp": 1, "fbc803c2859496ae7e60cd6cdbd5583a-shear_5nN_rerun": 1, "fbc803c2859496ae7e60cd6cdbd5583a-log_S2": 1, "fbc803c2859496ae7e60cd6cdbd5583a-shear_15nN_extend_grompp": 1, "fbc803c2859496ae7e60cd6cdbd5583a-calc_tilt_shear": 1, "fbc803c2859496ae7e60cd6cdbd5583a-shear_25nN_rerun": 1, "fbc803c2859496ae7e60cd6cdbd5583a-shear_5nN_extend": 1, "fbc803c2859496ae7e60cd6cdbd5583a-get_interaction_energy_15nN": 1, "fbc803c2859496ae7e60cd6cdbd5583a-get_interaction_energy_25nN": 1, "fbc803c2859496ae7e60cd6cdbd5583a-shear_25nN": 1, "fbc803c2859496ae7e60cd6cdbd5583a-calc_interdigitation": 6, "fbc803c2859496ae7e60cd6cdbd5583a-equilibrate_grompp": 1, "fbc803c2859496ae7e60cd6cdbd5583a-shear_25nN_extend_grompp": 1, "fbc803c2859496ae7e60cd6cdbd5583a-minimize_grompp": 1, "fbc803c2859496ae7e60cd6cdbd5583a-minimize": 1, "fbc803c2859496ae7e60cd6cdbd5583a-shear_15nN_extend": 1, "fbc803c2859496ae7e60cd6cdbd5583a-log_interaction_energy_25nN": 1, "fbc803c2859496ae7e60cd6cdbd5583a-calc_friction": 1, "fbc803c2859496ae7e60cd6cdbd5583a-fix_overlaps": 1, "fbc803c2859496ae7e60cd6cdbd5583a-log_tilt": 1}, "shear_25nN_Etotal": [-1555.927572392486, 54.70658558022669], "shear_25nN_qq": [290.98657246123105, 23.92729966660024], "ch3-smiles": "CC1=CC=CC=C1", "intercept": 1.5333132741461268, "shear_5nN_qq": [271.96548269224616, 19.95367300431427], "COF": 0.1330902929717225, "chain-smiles": "CCCCCCCCCCCCCCCCCC1=CC=CC=C1", "h-smiles": "C1=CC=CC=C1", "entropy_translational": 163.09, "S2": {"25nN": 0.8372971376210704, "5nN": 0.8392423561411387, "15nN": 0.8302570186426838}}