{"enthalpy_vibrational": 214.06, "shear_5nN_Etotal": [-1219.6762503021585, 53.10242429644602], "heat_capacity_vibrational": 19.47, "entropy_vibrational": 5.04, "interdigitation": {"25nN": 0.11983961445557716, "5nN": 0.11922583375394254, "15nN": 0.12200981760916595}, "polar_solvation_energy": -1.28, "shear_15nN_qq": [111.5979573701039, 9.696260131559622], "nonpolar_solvation_energy": 9.15, "molecular_weight": 41.0716, "shear_15nN_Etotal": [-1394.6776727106314, 46.83714790203776], "roughness": {"25nN": 0.06687372798180558, "5nN": 0.06809036512631635, "15nN": 0.0702375591226501}, "tilt": {"25nN": 37.21290464174453, "5nN": 31.070389513206326, "15nN": 35.246809166418316}, "shear_15nN_lj": [-1506.2756300807355, 47.140876696492505], "surface_area": 65.5, "total_solvation_energy": 7.89, "dipole_moment": 0.0, "entropy_rotational": 90.7, "shear_25nN_lj": [-1603.1482468209433, 53.952694893410026], "shear_25nN_qq": [144.82270536690646, 11.225573948564438], "ch3-smiles": "CC1CC1", "status": {"e182ff54f5039f3f5572a0b0ce7a71df-shear_25nN_grompp": 1, "e182ff54f5039f3f5572a0b0ce7a71df-get_interaction_energy_15nN": 1, "e182ff54f5039f3f5572a0b0ce7a71df-shear_5nN": 1, "e182ff54f5039f3f5572a0b0ce7a71df-fix_overlaps": 1, "e182ff54f5039f3f5572a0b0ce7a71df-get_interaction_energy_25nN": 1, "e182ff54f5039f3f5572a0b0ce7a71df-count_hydrogen_bonds": 1, "e182ff54f5039f3f5572a0b0ce7a71df-minimize_grompp": 1, "e182ff54f5039f3f5572a0b0ce7a71df-shear_5nN_extend": 1, "e182ff54f5039f3f5572a0b0ce7a71df-equilibrate": 1, "e182ff54f5039f3f5572a0b0ce7a71df-unwrap_shear_5nN": 1, "e182ff54f5039f3f5572a0b0ce7a71df-log_cof": 1, "e182ff54f5039f3f5572a0b0ce7a71df-shear_15nN_extend_grompp": 1, "e182ff54f5039f3f5572a0b0ce7a71df-shear_5nN_rerun": 1, "e182ff54f5039f3f5572a0b0ce7a71df-log_interaction_energy_5nN": 1, "e182ff54f5039f3f5572a0b0ce7a71df-shear_5nN_extend_grompp": 1, "e182ff54f5039f3f5572a0b0ce7a71df-calc_roughness": 1, "e182ff54f5039f3f5572a0b0ce7a71df-shear_5nN_grompp": 1, "e182ff54f5039f3f5572a0b0ce7a71df-log_interaction_energy_25nN": 1, "e182ff54f5039f3f5572a0b0ce7a71df-shear_25nN_rerun_grompp": 1, "e182ff54f5039f3f5572a0b0ce7a71df-compress_grompp": 1, "e182ff54f5039f3f5572a0b0ce7a71df-minimize": 1, "e182ff54f5039f3f5572a0b0ce7a71df-initialize": 1, "e182ff54f5039f3f5572a0b0ce7a71df-shear_15nN_rerun": 1, "e182ff54f5039f3f5572a0b0ce7a71df-lammps_to_gmx": 1, "e182ff54f5039f3f5572a0b0ce7a71df-shear_15nN_grompp": 1, "e182ff54f5039f3f5572a0b0ce7a71df-compress": 1, "e182ff54f5039f3f5572a0b0ce7a71df-shear_5nN_rerun_grompp": 1, "e182ff54f5039f3f5572a0b0ce7a71df-calc_friction": 1, "e182ff54f5039f3f5572a0b0ce7a71df-unwrap_shear_15nN": 1, "e182ff54f5039f3f5572a0b0ce7a71df-log_S2": 1, "e182ff54f5039f3f5572a0b0ce7a71df-shear_15nN_extend": 1, "e182ff54f5039f3f5572a0b0ce7a71df-get_interaction_energy_5nN": 1, "e182ff54f5039f3f5572a0b0ce7a71df-log_interaction_energy_15nN": 1, "e182ff54f5039f3f5572a0b0ce7a71df-shear_25nN_extend": 1, "e182ff54f5039f3f5572a0b0ce7a71df-shear_15nN_rerun_grompp": 1, "e182ff54f5039f3f5572a0b0ce7a71df-shear_25nN": 1, "e182ff54f5039f3f5572a0b0ce7a71df-log_tilt": 1, "e182ff54f5039f3f5572a0b0ce7a71df-shear_25nN_extend_grompp": 1, "e182ff54f5039f3f5572a0b0ce7a71df-equilibrate_grompp": 1, "e182ff54f5039f3f5572a0b0ce7a71df-shear_25nN_rerun": 1, "e182ff54f5039f3f5572a0b0ce7a71df-unwrap_shear_25nN": 1, "e182ff54f5039f3f5572a0b0ce7a71df-calc_tilt_shear": 1, "e182ff54f5039f3f5572a0b0ce7a71df-top_to_mol2": 1, "e182ff54f5039f3f5572a0b0ce7a71df-calc_S2_shear": 1, "e182ff54f5039f3f5572a0b0ce7a71df-shear_15nN": 1, "e182ff54f5039f3f5572a0b0ce7a71df-calc_interdigitation": 6}, "shear_25nN_Etotal": [-1458.3255414540367, 53.4843479179587], "intercept": 0.547016393358978, "shear_5nN_qq": [57.23435958273381, 9.451060520383223], "COF": 0.16982044950734845, "chain-smiles": "CCCCCCCCCCCCCCCCCC1CC1", "shear_5nN_lj": [-1276.9106098848922, 54.08124511709519], "h-smiles": "C1CC1", "entropy_translational": 155.37, "S2": {"25nN": 0.8992698000517729, "5nN": 0.8985363316653132, "15nN": 0.9035025777266162}}