{"shear_25nN_lj": [-1523.035223481215, 45.34493070459529], "interdigitation": {"25nN": 0.1083660215920008, "5nN": 0.10022010913957907, "15nN": 0.11715818468533265}, "tilt": {"25nN": 31.77556093842062, "5nN": 25.593323492356685, "15nN": 29.61313750461648}, "intercept": 0.9996877896953258, "shear_5nN_Etotal": [-890.1431424380496, 46.19584647809339], "shear_25nN_Etotal": [-1132.783867856115, 45.719425074601595], "shear_15nN_Etotal": [-1067.9015822406075, 43.99161572869469], "COF": 0.14628599838676032, "entropy_vibrational": 26.04, "molecular_weight": 43.0874, "surface_area": 70.99, "S2": {"25nN": 0.7966174711104543, "5nN": 0.7932303657421262, "15nN": 0.8016459651493304}, "entropy_rotational": 94.72, "shear_5nN_qq": [298.9251309720224, 9.718014961566217], "status": {"41d0844ca5ec231ce1ce6c0e6f3530bc-get_interaction_energy_25nN": 1, "41d0844ca5ec231ce1ce6c0e6f3530bc-calc_roughness": 1, "41d0844ca5ec231ce1ce6c0e6f3530bc-calc_interdigitation": 6, "41d0844ca5ec231ce1ce6c0e6f3530bc-shear_15nN_extend": 1, "41d0844ca5ec231ce1ce6c0e6f3530bc-lammps_to_gmx": 1, "41d0844ca5ec231ce1ce6c0e6f3530bc-log_tilt": 1, "41d0844ca5ec231ce1ce6c0e6f3530bc-shear_25nN_extend_grompp": 1, "41d0844ca5ec231ce1ce6c0e6f3530bc-unwrap_shear_5nN": 1, "41d0844ca5ec231ce1ce6c0e6f3530bc-shear_5nN_rerun": 1, "41d0844ca5ec231ce1ce6c0e6f3530bc-shear_5nN_extend": 1, "41d0844ca5ec231ce1ce6c0e6f3530bc-equilibrate": 1, "41d0844ca5ec231ce1ce6c0e6f3530bc-log_interaction_energy_25nN": 1, "41d0844ca5ec231ce1ce6c0e6f3530bc-log_interaction_energy_15nN": 1, "41d0844ca5ec231ce1ce6c0e6f3530bc-shear_25nN_extend": 1, "41d0844ca5ec231ce1ce6c0e6f3530bc-get_interaction_energy_5nN": 1, "41d0844ca5ec231ce1ce6c0e6f3530bc-log_S2": 1, "41d0844ca5ec231ce1ce6c0e6f3530bc-count_hydrogen_bonds": 1, "41d0844ca5ec231ce1ce6c0e6f3530bc-shear_15nN_rerun_grompp": 1, "41d0844ca5ec231ce1ce6c0e6f3530bc-shear_15nN": 1, "41d0844ca5ec231ce1ce6c0e6f3530bc-unwrap_shear_15nN": 1, "41d0844ca5ec231ce1ce6c0e6f3530bc-shear_25nN_grompp": 1, "41d0844ca5ec231ce1ce6c0e6f3530bc-shear_5nN_extend_grompp": 1, "41d0844ca5ec231ce1ce6c0e6f3530bc-fix_overlaps": 1, "41d0844ca5ec231ce1ce6c0e6f3530bc-shear_15nN_extend_grompp": 1, "41d0844ca5ec231ce1ce6c0e6f3530bc-get_interaction_energy_15nN": 1, "41d0844ca5ec231ce1ce6c0e6f3530bc-shear_25nN": 1, "41d0844ca5ec231ce1ce6c0e6f3530bc-shear_25nN_rerun_grompp": 1, "41d0844ca5ec231ce1ce6c0e6f3530bc-calc_tilt_shear": 1, "41d0844ca5ec231ce1ce6c0e6f3530bc-shear_15nN_rerun": 1, "41d0844ca5ec231ce1ce6c0e6f3530bc-top_to_mol2": 1, "41d0844ca5ec231ce1ce6c0e6f3530bc-initialize": 1, "41d0844ca5ec231ce1ce6c0e6f3530bc-calc_S2_shear": 1, "41d0844ca5ec231ce1ce6c0e6f3530bc-shear_5nN_rerun_grompp": 1, "41d0844ca5ec231ce1ce6c0e6f3530bc-calc_friction": 1, "41d0844ca5ec231ce1ce6c0e6f3530bc-shear_5nN_grompp": 1, "41d0844ca5ec231ce1ce6c0e6f3530bc-compress": 1, "41d0844ca5ec231ce1ce6c0e6f3530bc-shear_15nN_grompp": 1, "41d0844ca5ec231ce1ce6c0e6f3530bc-shear_25nN_rerun": 1, "41d0844ca5ec231ce1ce6c0e6f3530bc-log_cof": 1, "41d0844ca5ec231ce1ce6c0e6f3530bc-shear_5nN": 1, "41d0844ca5ec231ce1ce6c0e6f3530bc-unwrap_shear_25nN": 1, "41d0844ca5ec231ce1ce6c0e6f3530bc-log_interaction_energy_5nN": 1, "41d0844ca5ec231ce1ce6c0e6f3530bc-minimize_grompp": 1, "41d0844ca5ec231ce1ce6c0e6f3530bc-minimize": 1, "41d0844ca5ec231ce1ce6c0e6f3530bc-equilibrate_grompp": 1, "41d0844ca5ec231ce1ce6c0e6f3530bc-compress_grompp": 1}, "roughness": {"25nN": 0.059251160520938415, "5nN": 0.05476694358292446, "15nN": 0.05936770090484537}, "dipole_moment": 0.01, "heat_capacity_vibrational": 37.37, "entropy_translational": 155.96, "shear_5nN_lj": [-1189.068273410072, 49.50785683147998], "polar_solvation_energy": -0.4, "shear_15nN_lj": [-1426.3694546410873, 44.768945697871885], "total_solvation_energy": 11.37, "nonpolar_solvation_energy": 11.79, "enthalpy_vibrational": 273.28, "shear_15nN_qq": [358.4678724004796, 11.6913586553682], "shear_25nN_qq": [390.2513556250999, 13.751627775596122]}