{"shear_15nN_Etotal": [-2153.9481606746604, 80.99942472525844], "molecular_weight": 66.0811, "shear_25nN_Etotal": [-2247.9686262094324, 85.16412506195985], "surface_area": 76.02, "shear_15nN_qq": [-290.47057945963235, 54.1240230554704], "enthalpy_vibrational": 216.45, "shear_5nN_qq": [-300.93554939808155, 57.63515865016794], "tilt": {"5nN": 35.90916509192849, "25nN": 41.01435588257589, "15nN": 39.26590440300372}, "intercept": 1.4882090375042185, "shear_25nN_lj": [-1964.8876520895283, 56.85521175216914], "entropy_rotational": 101.75, "shear_5nN_lj": [-1667.1134668345321, 63.98716262903132], "shear_25nN_qq": [-283.08097411990406, 57.05777647542805], "nonpolar_solvation_energy": 11.08, "total_solvation_energy": -3.05, "shear_15nN_lj": [-1863.4775812150278, 51.01890632503125], "shear_5nN_Etotal": [-1968.049016232614, 102.39070292757265], "interdigitation": {"5nN": 0.09440763616054614, "25nN": 0.11684340961704634, "15nN": 0.11021827550183713}, "entropy_vibrational": 16.0, "heat_capacity_vibrational": 38.72, "entropy_translational": 161.19, "roughness": {"5nN": 0.05706902674822909, "25nN": 0.06321590789619087, "15nN": 0.06106244346654597}, "S2": {"5nN": 0.9770913498754107, "25nN": 0.9735968101195585, "15nN": 0.9788220889957483}, "dipole_moment": 2.89, "COF": 0.13038889141780155, "status": {"35c310b3d79e356f14bce6a576f2d13f-fix_overlaps": 1, "35c310b3d79e356f14bce6a576f2d13f-minimize_grompp": 1, "35c310b3d79e356f14bce6a576f2d13f-shear_15nN_rerun": 1, "35c310b3d79e356f14bce6a576f2d13f-calc_roughness": 1, "35c310b3d79e356f14bce6a576f2d13f-shear_25nN_rerun": 1, "35c310b3d79e356f14bce6a576f2d13f-shear_25nN_extend": 1, "35c310b3d79e356f14bce6a576f2d13f-log_interaction_energy_25nN": 1, "35c310b3d79e356f14bce6a576f2d13f-shear_25nN_extend_grompp": 1, "35c310b3d79e356f14bce6a576f2d13f-compress": 1, "35c310b3d79e356f14bce6a576f2d13f-minimize": 1, "35c310b3d79e356f14bce6a576f2d13f-shear_15nN": 1, "35c310b3d79e356f14bce6a576f2d13f-count_hydrogen_bonds": 1, "35c310b3d79e356f14bce6a576f2d13f-shear_25nN": 1, "35c310b3d79e356f14bce6a576f2d13f-log_cof": 1, "35c310b3d79e356f14bce6a576f2d13f-shear_15nN_rerun_grompp": 1, "35c310b3d79e356f14bce6a576f2d13f-equilibrate_grompp": 1, "35c310b3d79e356f14bce6a576f2d13f-initialize": 1, "35c310b3d79e356f14bce6a576f2d13f-shear_25nN_rerun_grompp": 1, "35c310b3d79e356f14bce6a576f2d13f-shear_5nN_extend_grompp": 1, "35c310b3d79e356f14bce6a576f2d13f-log_interaction_energy_5nN": 1, "35c310b3d79e356f14bce6a576f2d13f-shear_15nN_extend": 1, "35c310b3d79e356f14bce6a576f2d13f-calc_interdigitation": 1, "35c310b3d79e356f14bce6a576f2d13f-shear_5nN_extend": 1, "35c310b3d79e356f14bce6a576f2d13f-shear_5nN_rerun_grompp": 1, "35c310b3d79e356f14bce6a576f2d13f-unwrap_shear_5nN": 1, "35c310b3d79e356f14bce6a576f2d13f-get_interaction_energy_5nN": 1, "35c310b3d79e356f14bce6a576f2d13f-shear_15nN_grompp": 1, "35c310b3d79e356f14bce6a576f2d13f-log_interaction_energy_15nN": 1, "35c310b3d79e356f14bce6a576f2d13f-top_to_mol2": 1, "35c310b3d79e356f14bce6a576f2d13f-shear_5nN_rerun": 1, "35c310b3d79e356f14bce6a576f2d13f-equilibrate": 1, "35c310b3d79e356f14bce6a576f2d13f-shear_15nN_extend_grompp": 1, "35c310b3d79e356f14bce6a576f2d13f-get_interaction_energy_15nN": 1, "35c310b3d79e356f14bce6a576f2d13f-unwrap_shear_25nN": 1, "35c310b3d79e356f14bce6a576f2d13f-calc_S2_shear": 1, "35c310b3d79e356f14bce6a576f2d13f-shear_5nN": 1, "35c310b3d79e356f14bce6a576f2d13f-compress_grompp": 1, "35c310b3d79e356f14bce6a576f2d13f-unwrap_shear_15nN": 1, "35c310b3d79e356f14bce6a576f2d13f-get_interaction_energy_25nN": 1, "35c310b3d79e356f14bce6a576f2d13f-shear_5nN_grompp": 1, "35c310b3d79e356f14bce6a576f2d13f-lammps_to_gmx": 1, "35c310b3d79e356f14bce6a576f2d13f-calc_friction": 1, "35c310b3d79e356f14bce6a576f2d13f-log_tilt": 1, "35c310b3d79e356f14bce6a576f2d13f-calc_tilt_shear": 1, "35c310b3d79e356f14bce6a576f2d13f-shear_25nN_grompp": 1, "35c310b3d79e356f14bce6a576f2d13f-log_S2": 1}, "polar_solvation_energy": -14.13}