{"enthalpy_vibrational": 119.27, "shear_5nN_Etotal": [-956.9448547050359, 45.632154607849614], "heat_capacity_vibrational": 2.25, "entropy_vibrational": 0.39, "interdigitation": {"25nN": 0.15843881901877183, "5nN": 0.15019453701141242, "15nN": 0.14656061277664043}, "polar_solvation_energy": -0.12, "shear_15nN_qq": [310.431074266187, 9.939247941098127], "nonpolar_solvation_energy": 4.81, "molecular_weight": 15.0344, "shear_15nN_Etotal": [-1132.0862970951239, 43.851507280103185], "roughness": {"25nN": 0.07399846062111644, "5nN": 0.0713890336739563, "15nN": 0.07207154568345778}, "tilt": {"25nN": 35.17459312585816, "5nN": 28.493847614958046, "15nN": 33.060461994909296}, "shear_15nN_lj": [-1442.517371361311, 45.340828412234714], "surface_area": 48.83, "total_solvation_energy": 4.69, "dipole_moment": 0.0, "entropy_rotational": 62.93, "shear_25nN_lj": [-1549.524985379696, 52.31937732733303], "shear_25nN_qq": [339.2263373605116, 11.01387764951861], "ch3-smiles": "CC", "status": {"78f52ded535ceff74e46ce857452cda4-calc_interdigitation": 6, "78f52ded535ceff74e46ce857452cda4-log_tilt": 1, "78f52ded535ceff74e46ce857452cda4-shear_25nN": 1, "78f52ded535ceff74e46ce857452cda4-get_interaction_energy_25nN": 1, "78f52ded535ceff74e46ce857452cda4-minimize": 1, "78f52ded535ceff74e46ce857452cda4-log_cof": 1, "78f52ded535ceff74e46ce857452cda4-shear_15nN_rerun": 1, "78f52ded535ceff74e46ce857452cda4-unwrap_shear_25nN": 1, "78f52ded535ceff74e46ce857452cda4-shear_15nN_extend_grompp": 1, "78f52ded535ceff74e46ce857452cda4-shear_5nN_rerun": 1, "78f52ded535ceff74e46ce857452cda4-shear_25nN_extend_grompp": 1, "78f52ded535ceff74e46ce857452cda4-shear_5nN_extend_grompp": 1, "78f52ded535ceff74e46ce857452cda4-top_to_mol2": 1, "78f52ded535ceff74e46ce857452cda4-shear_15nN": 1, "78f52ded535ceff74e46ce857452cda4-shear_5nN": 1, "78f52ded535ceff74e46ce857452cda4-shear_25nN_grompp": 1, "78f52ded535ceff74e46ce857452cda4-lammps_to_gmx": 1, "78f52ded535ceff74e46ce857452cda4-unwrap_shear_5nN": 1, "78f52ded535ceff74e46ce857452cda4-equilibrate": 1, "78f52ded535ceff74e46ce857452cda4-unwrap_shear_15nN": 1, "78f52ded535ceff74e46ce857452cda4-calc_S2_shear": 1, "78f52ded535ceff74e46ce857452cda4-equilibrate_grompp": 1, "78f52ded535ceff74e46ce857452cda4-fix_overlaps": 1, "78f52ded535ceff74e46ce857452cda4-initialize": 1, "78f52ded535ceff74e46ce857452cda4-get_interaction_energy_15nN": 1, "78f52ded535ceff74e46ce857452cda4-log_interaction_energy_5nN": 1, "78f52ded535ceff74e46ce857452cda4-shear_5nN_rerun_grompp": 1, "78f52ded535ceff74e46ce857452cda4-get_interaction_energy_5nN": 1, "78f52ded535ceff74e46ce857452cda4-calc_friction": 1, "78f52ded535ceff74e46ce857452cda4-log_interaction_energy_25nN": 1, "78f52ded535ceff74e46ce857452cda4-shear_25nN_rerun_grompp": 1, "78f52ded535ceff74e46ce857452cda4-compress_grompp": 1, "78f52ded535ceff74e46ce857452cda4-calc_roughness": 1, "78f52ded535ceff74e46ce857452cda4-shear_15nN_rerun_grompp": 1, "78f52ded535ceff74e46ce857452cda4-shear_25nN_rerun": 1, "78f52ded535ceff74e46ce857452cda4-count_hydrogen_bonds": 1, "78f52ded535ceff74e46ce857452cda4-log_interaction_energy_15nN": 1, "78f52ded535ceff74e46ce857452cda4-shear_15nN_extend": 1, "78f52ded535ceff74e46ce857452cda4-calc_tilt_shear": 1, "78f52ded535ceff74e46ce857452cda4-compress": 1, "78f52ded535ceff74e46ce857452cda4-shear_15nN_grompp": 1, "78f52ded535ceff74e46ce857452cda4-log_S2": 1, "78f52ded535ceff74e46ce857452cda4-shear_5nN_grompp": 1, "78f52ded535ceff74e46ce857452cda4-shear_5nN_extend": 1, "78f52ded535ceff74e46ce857452cda4-shear_25nN_extend": 1, "78f52ded535ceff74e46ce857452cda4-minimize_grompp": 1}, "shear_25nN_Etotal": [-1210.2986480191846, 51.326504143463694], "intercept": 1.0281010001217163, "shear_5nN_qq": [255.88165920543568, 9.53897804109526], "COF": 0.18166416415825237, "chain-smiles": "CCCCCCCCCCCCCCCCCC", "shear_5nN_lj": [-1212.8265139104717, 48.11351309609944], "h-smiles": "C", "entropy_translational": 143.35, "S2": {"25nN": 0.8413354251283596, "5nN": 0.8494278074438135, "15nN": 0.8605194268638706}}