{"shear_15nN_Etotal": [-2076.629980984812, 93.03957132777316], "molecular_weight": 66.0811, "shear_25nN_Etotal": [-2192.480367053557, 93.78157300282268], "surface_area": 76.02, "shear_15nN_qq": [-189.30700996642685, 60.265772169531274], "enthalpy_vibrational": 216.45, "shear_5nN_qq": [-185.68253102957632, 57.83444630736858], "tilt": {"5nN": 34.11500478784936, "15nN": 36.49900503273939, "25nN": 38.92044171070868}, "intercept": 1.860045651584159, "shear_25nN_lj": [-1994.9543743045565, 57.30387901997188], "entropy_rotational": 101.75, "shear_5nN_lj": [-1697.020685895284, 59.387121234069454], "shear_25nN_qq": [-197.5259927490008, 67.87882514489068], "nonpolar_solvation_energy": 11.08, "total_solvation_energy": -3.05, "shear_15nN_lj": [-1887.3229710183857, 58.74391022439519], "shear_5nN_Etotal": [-1882.7032169248598, 93.88456749836361], "interdigitation": {"5nN": 0.09252294928524886, "15nN": 0.0987820538577456, "25nN": 0.11509744883429236}, "entropy_vibrational": 16.0, "heat_capacity_vibrational": 38.72, "entropy_translational": 161.19, "status": {"4ac7d55cd1d4554bac5e31e34e5ce229-shear_5nN_extend": 1, "4ac7d55cd1d4554bac5e31e34e5ce229-shear_15nN_rerun_grompp": 1, "4ac7d55cd1d4554bac5e31e34e5ce229-shear_25nN_rerun": 1, "4ac7d55cd1d4554bac5e31e34e5ce229-get_interaction_energy_15nN": 1, "4ac7d55cd1d4554bac5e31e34e5ce229-log_interaction_energy_5nN": 1, "4ac7d55cd1d4554bac5e31e34e5ce229-log_tilt": 1, "4ac7d55cd1d4554bac5e31e34e5ce229-equilibrate": 1, "4ac7d55cd1d4554bac5e31e34e5ce229-initialize": 1, "4ac7d55cd1d4554bac5e31e34e5ce229-shear_15nN_extend_grompp": 1, "4ac7d55cd1d4554bac5e31e34e5ce229-shear_15nN_rerun": 1, "4ac7d55cd1d4554bac5e31e34e5ce229-shear_5nN_extend_grompp": 1, "4ac7d55cd1d4554bac5e31e34e5ce229-shear_25nN": 1, "4ac7d55cd1d4554bac5e31e34e5ce229-log_cof": 1, "4ac7d55cd1d4554bac5e31e34e5ce229-minimize": 1, "4ac7d55cd1d4554bac5e31e34e5ce229-shear_25nN_extend_grompp": 1, "4ac7d55cd1d4554bac5e31e34e5ce229-unwrap_shear_15nN": 1, "4ac7d55cd1d4554bac5e31e34e5ce229-calc_interdigitation": 1, "4ac7d55cd1d4554bac5e31e34e5ce229-compress": 1, "4ac7d55cd1d4554bac5e31e34e5ce229-count_hydrogen_bonds": 1, "4ac7d55cd1d4554bac5e31e34e5ce229-shear_5nN_grompp": 1, "4ac7d55cd1d4554bac5e31e34e5ce229-compress_grompp": 1, "4ac7d55cd1d4554bac5e31e34e5ce229-fix_overlaps": 1, "4ac7d55cd1d4554bac5e31e34e5ce229-calc_friction": 1, "4ac7d55cd1d4554bac5e31e34e5ce229-shear_15nN": 1, "4ac7d55cd1d4554bac5e31e34e5ce229-log_interaction_energy_25nN": 1, "4ac7d55cd1d4554bac5e31e34e5ce229-unwrap_shear_5nN": 1, "4ac7d55cd1d4554bac5e31e34e5ce229-unwrap_shear_25nN": 1, "4ac7d55cd1d4554bac5e31e34e5ce229-get_interaction_energy_5nN": 1, "4ac7d55cd1d4554bac5e31e34e5ce229-log_interaction_energy_15nN": 1, "4ac7d55cd1d4554bac5e31e34e5ce229-calc_roughness": 1, "4ac7d55cd1d4554bac5e31e34e5ce229-shear_5nN_rerun_grompp": 1, "4ac7d55cd1d4554bac5e31e34e5ce229-shear_25nN_rerun_grompp": 1, "4ac7d55cd1d4554bac5e31e34e5ce229-calc_tilt_shear": 1, "4ac7d55cd1d4554bac5e31e34e5ce229-calc_S2_shear": 1, "4ac7d55cd1d4554bac5e31e34e5ce229-shear_5nN_rerun": 1, "4ac7d55cd1d4554bac5e31e34e5ce229-minimize_grompp": 1, "4ac7d55cd1d4554bac5e31e34e5ce229-lammps_to_gmx": 1, "4ac7d55cd1d4554bac5e31e34e5ce229-shear_25nN_extend": 1, "4ac7d55cd1d4554bac5e31e34e5ce229-log_S2": 1, "4ac7d55cd1d4554bac5e31e34e5ce229-shear_15nN_extend": 1, "4ac7d55cd1d4554bac5e31e34e5ce229-top_to_mol2": 1, "4ac7d55cd1d4554bac5e31e34e5ce229-shear_5nN": 1, "4ac7d55cd1d4554bac5e31e34e5ce229-shear_25nN_grompp": 1, "4ac7d55cd1d4554bac5e31e34e5ce229-equilibrate_grompp": 1, "4ac7d55cd1d4554bac5e31e34e5ce229-get_interaction_energy_25nN": 1, "4ac7d55cd1d4554bac5e31e34e5ce229-shear_15nN_grompp": 1}, "S2": {"5nN": 0.9484990151500006, "15nN": 0.955496730890807, "25nN": 0.9543425667543913}, "dipole_moment": 2.89, "COF": 0.14376932295053277, "roughness": {"5nN": 0.054563312925029896, "15nN": 0.054249967807815345, "25nN": 0.0556261934580697}, "polar_solvation_energy": -14.13}