{"enthalpy_vibrational": 87.35, "shear_5nN_Etotal": [-2855.1683820895287, 177.08313485022245], "heat_capacity_vibrational": 15.26, "entropy_vibrational": 7.1, "interdigitation": {"25nN": 0.10860217073023504, "5nN": 0.10278144139365127, "15nN": 0.10495193403013675}, "polar_solvation_energy": -36.43, "shear_15nN_qq": [-996.7213820831334, 197.4828825603343], "nonpolar_solvation_energy": 3.72, "molecular_weight": 45.0174, "shear_15nN_Etotal": [-2927.7917603493206, 191.28928838220355], "roughness": {"25nN": 0.05009843295872214, "5nN": 0.050573985589482215, "15nN": 0.048287506270317755}, "tilt": {"25nN": 35.6825980462209, "5nN": 30.450785049644285, "15nN": 33.926125830112284}, "total_solvation_energy": -32.72, "surface_area": 64.71, "shear_15nN_lj": [-1931.0703782661872, 67.21177997769591], "dipole_moment": 4.81, "entropy_rotational": 87.93, "shear_25nN_lj": [-2029.400522073541, 66.41580465254094], "shear_25nN_qq": [-900.4181015595524, 189.68712704850765], "status": {"47589cb3e6b9e69524bac2c2b5cef8f7-equilibrate_grompp": 1, "47589cb3e6b9e69524bac2c2b5cef8f7-shear_5nN_extend": 1, "47589cb3e6b9e69524bac2c2b5cef8f7-calc_roughness": 1, "47589cb3e6b9e69524bac2c2b5cef8f7-get_interaction_energy_25nN": 1, "47589cb3e6b9e69524bac2c2b5cef8f7-compress_grompp": 1, "47589cb3e6b9e69524bac2c2b5cef8f7-calc_interdigitation": 6, "47589cb3e6b9e69524bac2c2b5cef8f7-top_to_mol2": 1, "47589cb3e6b9e69524bac2c2b5cef8f7-log_interaction_energy_15nN": 1, "47589cb3e6b9e69524bac2c2b5cef8f7-calc_tilt_shear": 1, "47589cb3e6b9e69524bac2c2b5cef8f7-get_interaction_energy_15nN": 1, "47589cb3e6b9e69524bac2c2b5cef8f7-shear_25nN": 1, "47589cb3e6b9e69524bac2c2b5cef8f7-lammps_to_gmx": 1, "47589cb3e6b9e69524bac2c2b5cef8f7-shear_15nN_extend_grompp": 1, "47589cb3e6b9e69524bac2c2b5cef8f7-log_interaction_energy_25nN": 1, "47589cb3e6b9e69524bac2c2b5cef8f7-log_interaction_energy_5nN": 1, "47589cb3e6b9e69524bac2c2b5cef8f7-fix_overlaps": 1, "47589cb3e6b9e69524bac2c2b5cef8f7-shear_25nN_grompp": 1, "47589cb3e6b9e69524bac2c2b5cef8f7-shear_15nN_grompp": 1, "47589cb3e6b9e69524bac2c2b5cef8f7-minimize": 1, "47589cb3e6b9e69524bac2c2b5cef8f7-get_interaction_energy_5nN": 1, "47589cb3e6b9e69524bac2c2b5cef8f7-shear_15nN": 1, "47589cb3e6b9e69524bac2c2b5cef8f7-shear_5nN_grompp": 1, "47589cb3e6b9e69524bac2c2b5cef8f7-shear_5nN_extend_grompp": 1, "47589cb3e6b9e69524bac2c2b5cef8f7-shear_5nN_rerun_grompp": 1, "47589cb3e6b9e69524bac2c2b5cef8f7-shear_25nN_extend_grompp": 1, "47589cb3e6b9e69524bac2c2b5cef8f7-shear_15nN_extend": 1, "47589cb3e6b9e69524bac2c2b5cef8f7-shear_5nN": 1, "47589cb3e6b9e69524bac2c2b5cef8f7-shear_25nN_rerun_grompp": 1, "47589cb3e6b9e69524bac2c2b5cef8f7-log_tilt": 1, "47589cb3e6b9e69524bac2c2b5cef8f7-equilibrate": 1, "47589cb3e6b9e69524bac2c2b5cef8f7-shear_5nN_rerun": 1, "47589cb3e6b9e69524bac2c2b5cef8f7-calc_S2_shear": 1, "47589cb3e6b9e69524bac2c2b5cef8f7-unwrap_shear_25nN": 1, "47589cb3e6b9e69524bac2c2b5cef8f7-shear_15nN_rerun": 1, "47589cb3e6b9e69524bac2c2b5cef8f7-log_cof": 1, "47589cb3e6b9e69524bac2c2b5cef8f7-calc_friction": 1, "47589cb3e6b9e69524bac2c2b5cef8f7-compress": 1, "47589cb3e6b9e69524bac2c2b5cef8f7-shear_25nN_extend": 1, "47589cb3e6b9e69524bac2c2b5cef8f7-count_hydrogen_bonds": 1, "47589cb3e6b9e69524bac2c2b5cef8f7-unwrap_shear_15nN": 1, "47589cb3e6b9e69524bac2c2b5cef8f7-unwrap_shear_5nN": 1, "47589cb3e6b9e69524bac2c2b5cef8f7-initialize": 1, "47589cb3e6b9e69524bac2c2b5cef8f7-shear_15nN_rerun_grompp": 1, "47589cb3e6b9e69524bac2c2b5cef8f7-minimize_grompp": 1, "47589cb3e6b9e69524bac2c2b5cef8f7-shear_25nN_rerun": 1, "47589cb3e6b9e69524bac2c2b5cef8f7-log_S2": 1}, "shear_25nN_Etotal": [-2929.8186236330935, 191.6098985325793], "ch3-smiles": "CC(=O)O", "intercept": 5.346542782720183, "shear_5nN_qq": [-1108.6868634900081, 179.48961746212322], "COF": 0.15373439594104932, "chain-smiles": "CCCCCCCCCCCCCCCCCC(=O)O", "shear_5nN_lj": [-1746.4815185995203, 71.91466143488965], "h-smiles": "C(=O)O", "entropy_translational": 156.5, "S2": {"25nN": 0.7140967938771187, "5nN": 0.7246635393172209, "15nN": 0.6911818836384689}}