{"shear_15nN_Etotal": [-3464.311685866507, 202.91763121500625], "molecular_weight": 46.0055, "shear_25nN_Etotal": [-3363.625217020784, 190.429480493892], "surface_area": 59.09, "shear_15nN_qq": [-1444.8227241063148, 180.82780663552506], "enthalpy_vibrational": 62.86, "shear_5nN_qq": [-1603.0855049328536, 159.69700636097215], "tilt": {"5nN": 29.572827270917408, "15nN": 33.62241745304051, "25nN": 35.52906002614066}, "intercept": 2.3409332586322114, "shear_25nN_lj": [-2114.857619952038, 52.862550938406386], "entropy_rotational": 85.69, "shear_5nN_lj": [-1801.8737093237407, 58.463993432352325], "shear_25nN_qq": [-1248.7675970687449, 173.40188139715022], "nonpolar_solvation_energy": 4.77, "total_solvation_energy": -43.93, "shear_15nN_lj": [-2019.4889617601918, 53.76666179110867], "shear_5nN_Etotal": [-3404.959214256595, 185.75052240535226], "interdigitation": {"5nN": 0.13195525679767836, "15nN": 0.12160991428929561, "25nN": 0.12052826656277921}, "entropy_vibrational": 1.77, "heat_capacity_vibrational": 5.42, "entropy_translational": 156.76, "roughness": {"5nN": 0.04710514167465041, "15nN": 0.04145182658253399, "25nN": 0.04164456843709528}, "S2": {"5nN": 0.6718101360774951, "15nN": 0.646407955078915, "25nN": 0.6594009044747372}, "dipole_moment": 3.81, "COF": 0.14319273090899884, "status": {"8c6ecdfe1da8cca60bcb38307846f4fa-shear_25nN_grompp": 1, "8c6ecdfe1da8cca60bcb38307846f4fa-shear_15nN_rerun_grompp": 1, "8c6ecdfe1da8cca60bcb38307846f4fa-unwrap_shear_15nN": 1, "8c6ecdfe1da8cca60bcb38307846f4fa-log_interaction_energy_25nN": 1, "8c6ecdfe1da8cca60bcb38307846f4fa-get_interaction_energy_25nN": 1, "8c6ecdfe1da8cca60bcb38307846f4fa-shear_25nN_rerun": 1, "8c6ecdfe1da8cca60bcb38307846f4fa-calc_tilt_shear": 1, "8c6ecdfe1da8cca60bcb38307846f4fa-shear_5nN_rerun": 1, "8c6ecdfe1da8cca60bcb38307846f4fa-calc_interdigitation": 1, "8c6ecdfe1da8cca60bcb38307846f4fa-get_interaction_energy_5nN": 1, "8c6ecdfe1da8cca60bcb38307846f4fa-calc_S2_shear": 1, "8c6ecdfe1da8cca60bcb38307846f4fa-get_interaction_energy_15nN": 1, "8c6ecdfe1da8cca60bcb38307846f4fa-shear_5nN": 1, "8c6ecdfe1da8cca60bcb38307846f4fa-fix_overlaps": 1, "8c6ecdfe1da8cca60bcb38307846f4fa-shear_15nN": 1, "8c6ecdfe1da8cca60bcb38307846f4fa-calc_roughness": 1, "8c6ecdfe1da8cca60bcb38307846f4fa-shear_5nN_rerun_grompp": 1, "8c6ecdfe1da8cca60bcb38307846f4fa-equilibrate_grompp": 1, "8c6ecdfe1da8cca60bcb38307846f4fa-equilibrate": 1, "8c6ecdfe1da8cca60bcb38307846f4fa-shear_25nN_extend": 1, "8c6ecdfe1da8cca60bcb38307846f4fa-shear_15nN_extend": 1, "8c6ecdfe1da8cca60bcb38307846f4fa-unwrap_shear_25nN": 1, "8c6ecdfe1da8cca60bcb38307846f4fa-initialize": 1, "8c6ecdfe1da8cca60bcb38307846f4fa-log_interaction_energy_15nN": 1, "8c6ecdfe1da8cca60bcb38307846f4fa-log_interaction_energy_5nN": 1, "8c6ecdfe1da8cca60bcb38307846f4fa-unwrap_shear_5nN": 1, "8c6ecdfe1da8cca60bcb38307846f4fa-count_hydrogen_bonds": 1, "8c6ecdfe1da8cca60bcb38307846f4fa-shear_25nN_rerun_grompp": 1, "8c6ecdfe1da8cca60bcb38307846f4fa-top_to_mol2": 1, "8c6ecdfe1da8cca60bcb38307846f4fa-shear_5nN_extend_grompp": 1, "8c6ecdfe1da8cca60bcb38307846f4fa-shear_5nN_extend": 1, "8c6ecdfe1da8cca60bcb38307846f4fa-shear_25nN": 1, "8c6ecdfe1da8cca60bcb38307846f4fa-log_tilt": 1, "8c6ecdfe1da8cca60bcb38307846f4fa-minimize": 1, "8c6ecdfe1da8cca60bcb38307846f4fa-calc_friction": 1, "8c6ecdfe1da8cca60bcb38307846f4fa-shear_15nN_extend_grompp": 1, "8c6ecdfe1da8cca60bcb38307846f4fa-compress_grompp": 1, "8c6ecdfe1da8cca60bcb38307846f4fa-shear_25nN_extend_grompp": 1, "8c6ecdfe1da8cca60bcb38307846f4fa-log_cof": 1, "8c6ecdfe1da8cca60bcb38307846f4fa-minimize_grompp": 1, "8c6ecdfe1da8cca60bcb38307846f4fa-log_S2": 1, "8c6ecdfe1da8cca60bcb38307846f4fa-compress": 1, "8c6ecdfe1da8cca60bcb38307846f4fa-shear_5nN_grompp": 1, "8c6ecdfe1da8cca60bcb38307846f4fa-lammps_to_gmx": 1, "8c6ecdfe1da8cca60bcb38307846f4fa-shear_15nN_rerun": 1, "8c6ecdfe1da8cca60bcb38307846f4fa-shear_15nN_grompp": 1}, "polar_solvation_energy": -48.71}