{"enthalpy_vibrational": 119.27, "shear_5nN_Etotal": [-419.07147430055954, 50.2097621411273], "heat_capacity_vibrational": 2.25, "entropy_vibrational": 0.39, "interdigitation": {"25nN": 0.09780289282816014, "5nN": 0.11262488296517406, "15nN": 0.10195719344548329}, "polar_solvation_energy": -0.12, "shear_15nN_qq": [955.2557962781775, 45.43376637032865], "nonpolar_solvation_energy": 4.81, "molecular_weight": 15.0344, "shear_15nN_Etotal": [-405.84422770263785, 50.9717593161563], "roughness": {"25nN": 0.04978431102934716, "5nN": 0.05990275397880386, "15nN": 0.054062271724732304}, "tilt": {"25nN": 32.7378888938805, "5nN": 25.778741061314502, "15nN": 30.113992332550268}, "total_solvation_energy": 4.69, "surface_area": 48.83, "shear_15nN_lj": [-1361.1000239808152, 44.22650506479576], "dipole_moment": 0.0, "entropy_rotational": 62.93, "shear_25nN_lj": [-1468.5245664716228, 43.877469285958476], "shear_25nN_qq": [1150.6887466059152, 47.27929843790979], "status": {"85b4702a9245417613d99aeeb2a9da14-compress": 1, "85b4702a9245417613d99aeeb2a9da14-shear_5nN_extend": 1, "85b4702a9245417613d99aeeb2a9da14-fix_overlaps": 1, "85b4702a9245417613d99aeeb2a9da14-compress_grompp": 1, "85b4702a9245417613d99aeeb2a9da14-shear_5nN_grompp": 1, "85b4702a9245417613d99aeeb2a9da14-log_tilt": 1, "85b4702a9245417613d99aeeb2a9da14-equilibrate": 1, "85b4702a9245417613d99aeeb2a9da14-lammps_to_gmx": 1, "85b4702a9245417613d99aeeb2a9da14-log_interaction_energy_15nN": 1, "85b4702a9245417613d99aeeb2a9da14-calc_S2_shear": 1, "85b4702a9245417613d99aeeb2a9da14-log_cof": 1, "85b4702a9245417613d99aeeb2a9da14-shear_25nN": 1, "85b4702a9245417613d99aeeb2a9da14-calc_friction": 1, "85b4702a9245417613d99aeeb2a9da14-equilibrate_grompp": 1, "85b4702a9245417613d99aeeb2a9da14-shear_25nN_grompp": 1, "85b4702a9245417613d99aeeb2a9da14-minimize_grompp": 1, "85b4702a9245417613d99aeeb2a9da14-log_S2": 1, "85b4702a9245417613d99aeeb2a9da14-shear_15nN_rerun_grompp": 1, "85b4702a9245417613d99aeeb2a9da14-shear_5nN_rerun": 1, "85b4702a9245417613d99aeeb2a9da14-count_hydrogen_bonds": 1, "85b4702a9245417613d99aeeb2a9da14-get_interaction_energy_15nN": 1, "85b4702a9245417613d99aeeb2a9da14-shear_25nN_rerun_grompp": 1, "85b4702a9245417613d99aeeb2a9da14-calc_interdigitation": 6, "85b4702a9245417613d99aeeb2a9da14-shear_15nN_rerun": 1, "85b4702a9245417613d99aeeb2a9da14-shear_25nN_extend_grompp": 1, "85b4702a9245417613d99aeeb2a9da14-get_interaction_energy_5nN": 1, "85b4702a9245417613d99aeeb2a9da14-log_interaction_energy_25nN": 1, "85b4702a9245417613d99aeeb2a9da14-minimize": 1, "85b4702a9245417613d99aeeb2a9da14-calc_roughness": 1, "85b4702a9245417613d99aeeb2a9da14-shear_15nN": 1, "85b4702a9245417613d99aeeb2a9da14-get_interaction_energy_25nN": 1, "85b4702a9245417613d99aeeb2a9da14-shear_5nN_rerun_grompp": 1, "85b4702a9245417613d99aeeb2a9da14-log_interaction_energy_5nN": 1, "85b4702a9245417613d99aeeb2a9da14-shear_15nN_extend_grompp": 1, "85b4702a9245417613d99aeeb2a9da14-calc_tilt_shear": 1, "85b4702a9245417613d99aeeb2a9da14-shear_25nN_rerun": 1, "85b4702a9245417613d99aeeb2a9da14-shear_25nN_extend": 1, "85b4702a9245417613d99aeeb2a9da14-unwrap_shear_15nN": 1, "85b4702a9245417613d99aeeb2a9da14-initialize": 1, "85b4702a9245417613d99aeeb2a9da14-shear_5nN_extend_grompp": 1, "85b4702a9245417613d99aeeb2a9da14-shear_5nN": 1, "85b4702a9245417613d99aeeb2a9da14-shear_15nN_extend": 1, "85b4702a9245417613d99aeeb2a9da14-unwrap_shear_25nN": 1, "85b4702a9245417613d99aeeb2a9da14-unwrap_shear_5nN": 1, "85b4702a9245417613d99aeeb2a9da14-top_to_mol2": 1, "85b4702a9245417613d99aeeb2a9da14-shear_15nN_grompp": 1}, "shear_25nN_Etotal": [-317.8358198657075, 57.27422944730947], "ch3-smiles": "CC", "intercept": -0.1226282131398313, "shear_5nN_qq": [654.8752435667466, 46.24821479528912], "COF": 0.22418869637297825, "chain-smiles": "CCCCCCCCCCCCCCCCCC", "shear_5nN_lj": [-1073.9467178673062, 46.432631107688934], "h-smiles": "C", "entropy_translational": 143.35, "S2": {"25nN": 0.6340828728863032, "5nN": 0.6856097241726664, "15nN": 0.6606848939703605}}