{"enthalpy_vibrational": 92.73, "shear_5nN_Etotal": [-2433.112519646683, 135.46640835963697], "heat_capacity_vibrational": 0.69, "entropy_vibrational": 0.11, "interdigitation": {"25nN": 0.14022105234105703, "5nN": 0.14505110018501471, "15nN": 0.13959447153357107}, "polar_solvation_energy": -10.38, "shear_15nN_qq": [-1359.3385505547562, 137.083833469063], "nonpolar_solvation_energy": 5.48, "molecular_weight": 16.0225, "shear_15nN_Etotal": [-2638.974375876099, 134.94085782191246], "roughness": {"25nN": 0.057843939720018195, "5nN": 0.05985637980863269, "15nN": 0.05560911705687649}, "tilt": {"25nN": 35.467041198932414, "5nN": 29.192714206744828, "15nN": 32.77895834834798}, "shear_15nN_lj": [-1279.635825321343, 54.84841743044887], "surface_area": 42.91, "total_solvation_energy": -4.92, "dipole_moment": 1.63, "entropy_rotational": 56.63, "shear_25nN_lj": [-1335.4002801718623, 57.29387777305221], "shear_5nN_lj": [-1135.109493611511, 52.2398788590085], "status": {"ab9459862c1796ba53a46f67d05cc861-calc_interdigitation": 6, "ab9459862c1796ba53a46f67d05cc861-calc_tilt_shear": 1, "ab9459862c1796ba53a46f67d05cc861-shear_15nN_extend": 1, "ab9459862c1796ba53a46f67d05cc861-log_S2": 1, "ab9459862c1796ba53a46f67d05cc861-get_interaction_energy_5nN": 1, "ab9459862c1796ba53a46f67d05cc861-shear_25nN": 1, "ab9459862c1796ba53a46f67d05cc861-log_cof": 1, "ab9459862c1796ba53a46f67d05cc861-shear_5nN_rerun_grompp": 1, "ab9459862c1796ba53a46f67d05cc861-fix_overlaps": 1, "ab9459862c1796ba53a46f67d05cc861-log_interaction_energy_25nN": 1, "ab9459862c1796ba53a46f67d05cc861-log_interaction_energy_5nN": 1, "ab9459862c1796ba53a46f67d05cc861-count_hydrogen_bonds": 1, "ab9459862c1796ba53a46f67d05cc861-shear_5nN_grompp": 1, "ab9459862c1796ba53a46f67d05cc861-shear_5nN_extend": 1, "ab9459862c1796ba53a46f67d05cc861-minimize_grompp": 1, "ab9459862c1796ba53a46f67d05cc861-shear_15nN_rerun_grompp": 1, "ab9459862c1796ba53a46f67d05cc861-shear_5nN_rerun": 1, "ab9459862c1796ba53a46f67d05cc861-equilibrate": 1, "ab9459862c1796ba53a46f67d05cc861-lammps_to_gmx": 1, "ab9459862c1796ba53a46f67d05cc861-shear_15nN_rerun": 1, "ab9459862c1796ba53a46f67d05cc861-minimize": 1, "ab9459862c1796ba53a46f67d05cc861-compress_grompp": 1, "ab9459862c1796ba53a46f67d05cc861-top_to_mol2": 1, "ab9459862c1796ba53a46f67d05cc861-unwrap_shear_15nN": 1, "ab9459862c1796ba53a46f67d05cc861-shear_15nN_grompp": 1, "ab9459862c1796ba53a46f67d05cc861-initialize": 1, "ab9459862c1796ba53a46f67d05cc861-calc_roughness": 1, "ab9459862c1796ba53a46f67d05cc861-shear_25nN_rerun_grompp": 1, "ab9459862c1796ba53a46f67d05cc861-unwrap_shear_25nN": 1, "ab9459862c1796ba53a46f67d05cc861-shear_15nN_extend_grompp": 1, "ab9459862c1796ba53a46f67d05cc861-shear_5nN_extend_grompp": 1, "ab9459862c1796ba53a46f67d05cc861-equilibrate_grompp": 1, "ab9459862c1796ba53a46f67d05cc861-shear_25nN_grompp": 1, "ab9459862c1796ba53a46f67d05cc861-shear_5nN": 1, "ab9459862c1796ba53a46f67d05cc861-calc_friction": 1, "ab9459862c1796ba53a46f67d05cc861-unwrap_shear_5nN": 1, "ab9459862c1796ba53a46f67d05cc861-get_interaction_energy_25nN": 1, "ab9459862c1796ba53a46f67d05cc861-get_interaction_energy_15nN": 1, "ab9459862c1796ba53a46f67d05cc861-shear_25nN_extend": 1, "ab9459862c1796ba53a46f67d05cc861-shear_25nN_rerun": 1, "ab9459862c1796ba53a46f67d05cc861-compress": 1, "ab9459862c1796ba53a46f67d05cc861-log_tilt": 1, "ab9459862c1796ba53a46f67d05cc861-shear_25nN_extend_grompp": 1, "ab9459862c1796ba53a46f67d05cc861-log_interaction_energy_15nN": 1, "ab9459862c1796ba53a46f67d05cc861-shear_15nN": 1, "ab9459862c1796ba53a46f67d05cc861-calc_S2_shear": 1}, "shear_25nN_Etotal": [-2650.628202721023, 144.1113519766756], "shear_25nN_qq": [-1315.2279225491607, 150.74798401256197], "ch3-smiles": "CN", "intercept": 3.3625347799158254, "shear_5nN_qq": [-1298.0030260351718, 130.40326215062038], "COF": 0.17768506356832864, "chain-smiles": "CCCCCCCCCCCCCCCCCN", "h-smiles": "N", "entropy_translational": 144.1, "S2": {"25nN": 0.7945871337542305, "5nN": 0.8042694860969775, "15nN": 0.8064729154861049}}