{"shear_15nN_Etotal": [-2504.608709265388, 83.27694902595043], "molecular_weight": 95.0942, "shear_25nN_Etotal": [-2611.9494237090325, 82.75233353678586], "surface_area": 96.58, "shear_15nN_qq": [-832.5111315603517, 51.42460122258152], "enthalpy_vibrational": 248.15, "shear_5nN_qq": [-773.6096779792167, 47.828836537710764], "tilt": {"5nN": 28.284006185124166, "25nN": 33.86251330288008, "15nN": 31.092644412387855}, "intercept": 1.9085597104288823, "shear_25nN_lj": [-1748.136004756195, 51.54764010856901], "entropy_rotational": 112.71, "shear_5nN_lj": [-1489.1679323405276, 54.861554217531015], "shear_25nN_qq": [-863.8134189528379, 51.41267145146939], "nonpolar_solvation_energy": 14.09, "total_solvation_energy": 6.28, "shear_15nN_lj": [-1672.0975777050362, 51.20850562565598], "shear_5nN_Etotal": [-2262.7776103197443, 89.40523938166112], "interdigitation": {"5nN": 0.20071896116701438, "25nN": 0.18515739119579624, "15nN": 0.18183300620466275}, "entropy_vibrational": 30.51, "heat_capacity_vibrational": 58.87, "entropy_translational": 165.68, "roughness": {"5nN": 0.06796602822850256, "25nN": 0.06678048788420836, "15nN": 0.06169055634410183}, "S2": {"5nN": 0.7863544470253647, "25nN": 0.7950789339998241, "15nN": 0.7882247101241455}, "dipole_moment": 2.03, "COF": 0.13657210725447047, "status": {"e04cc4f26313abe02b00a5431f26ac90-lammps_to_gmx": 1, "e04cc4f26313abe02b00a5431f26ac90-log_interaction_energy_25nN": 1, "e04cc4f26313abe02b00a5431f26ac90-fix_overlaps": 1, "e04cc4f26313abe02b00a5431f26ac90-shear_5nN_extend_grompp": 1, "e04cc4f26313abe02b00a5431f26ac90-calc_friction": 1, "e04cc4f26313abe02b00a5431f26ac90-calc_tilt_shear": 1, "e04cc4f26313abe02b00a5431f26ac90-log_cof": 1, "e04cc4f26313abe02b00a5431f26ac90-shear_25nN_rerun": 1, "e04cc4f26313abe02b00a5431f26ac90-minimize_grompp": 1, "e04cc4f26313abe02b00a5431f26ac90-shear_15nN_grompp": 1, "e04cc4f26313abe02b00a5431f26ac90-shear_25nN_extend": 1, "e04cc4f26313abe02b00a5431f26ac90-shear_15nN_extend_grompp": 1, "e04cc4f26313abe02b00a5431f26ac90-log_interaction_energy_15nN": 1, "e04cc4f26313abe02b00a5431f26ac90-shear_5nN_grompp": 1, "e04cc4f26313abe02b00a5431f26ac90-calc_interdigitation": 1, "e04cc4f26313abe02b00a5431f26ac90-shear_5nN": 1, "e04cc4f26313abe02b00a5431f26ac90-log_S2": 1, "e04cc4f26313abe02b00a5431f26ac90-compress": 1, "e04cc4f26313abe02b00a5431f26ac90-calc_S2_shear": 1, "e04cc4f26313abe02b00a5431f26ac90-compress_grompp": 1, "e04cc4f26313abe02b00a5431f26ac90-shear_25nN": 1, "e04cc4f26313abe02b00a5431f26ac90-shear_5nN_extend": 1, "e04cc4f26313abe02b00a5431f26ac90-shear_5nN_rerun": 1, "e04cc4f26313abe02b00a5431f26ac90-shear_5nN_rerun_grompp": 1, "e04cc4f26313abe02b00a5431f26ac90-equilibrate": 1, "e04cc4f26313abe02b00a5431f26ac90-count_hydrogen_bonds": 1, "e04cc4f26313abe02b00a5431f26ac90-shear_15nN": 1, "e04cc4f26313abe02b00a5431f26ac90-equilibrate_grompp": 1, "e04cc4f26313abe02b00a5431f26ac90-log_tilt": 1, "e04cc4f26313abe02b00a5431f26ac90-unwrap_shear_25nN": 1, "e04cc4f26313abe02b00a5431f26ac90-shear_25nN_extend_grompp": 1, "e04cc4f26313abe02b00a5431f26ac90-shear_15nN_rerun_grompp": 1, "e04cc4f26313abe02b00a5431f26ac90-get_interaction_energy_5nN": 1, "e04cc4f26313abe02b00a5431f26ac90-shear_25nN_rerun_grompp": 1, "e04cc4f26313abe02b00a5431f26ac90-log_interaction_energy_5nN": 1, "e04cc4f26313abe02b00a5431f26ac90-get_interaction_energy_25nN": 1, "e04cc4f26313abe02b00a5431f26ac90-shear_15nN_extend": 1, "e04cc4f26313abe02b00a5431f26ac90-shear_15nN_rerun": 1, "e04cc4f26313abe02b00a5431f26ac90-shear_25nN_grompp": 1, "e04cc4f26313abe02b00a5431f26ac90-initialize": 1, "e04cc4f26313abe02b00a5431f26ac90-top_to_mol2": 1, "e04cc4f26313abe02b00a5431f26ac90-minimize": 1, "e04cc4f26313abe02b00a5431f26ac90-unwrap_shear_15nN": 1, "e04cc4f26313abe02b00a5431f26ac90-calc_roughness": 1, "e04cc4f26313abe02b00a5431f26ac90-get_interaction_energy_15nN": 1, "e04cc4f26313abe02b00a5431f26ac90-unwrap_shear_5nN": 1}, "polar_solvation_energy": -7.83}