{"enthalpy_vibrational": 214.06, "shear_5nN_Etotal": [-876.1429021822541, 49.31430348684046], "heat_capacity_vibrational": 19.47, "entropy_vibrational": 5.04, "interdigitation": {"25nN": 0.08666124187033859, "5nN": 0.08147171034072243, "15nN": 0.08784201262629282}, "polar_solvation_energy": -1.28, "shear_15nN_qq": [439.63595490647486, 28.58232853946584], "nonpolar_solvation_energy": 9.15, "molecular_weight": 41.0716, "shear_15nN_Etotal": [-1033.6264604492405, 47.54500737086498], "roughness": {"25nN": 0.050117020592555815, "5nN": 0.05183757351904683, "15nN": 0.04953026236355567}, "tilt": {"25nN": 32.31566071840543, "5nN": 24.940781041915518, "15nN": 28.959596496594795}, "total_solvation_energy": 7.89, "surface_area": 65.5, "shear_15nN_lj": [-1473.2624153557153, 45.197583047999565], "dipole_moment": 0.0, "entropy_rotational": 90.7, "shear_25nN_lj": [-1553.511448248601, 46.526752183650764], "shear_25nN_qq": [537.8449206922462, 31.630143764177696], "status": {"836655d07da6fb0d6a69721f059e312e-count_hydrogen_bonds": 1, "836655d07da6fb0d6a69721f059e312e-shear_15nN_grompp": 1, "836655d07da6fb0d6a69721f059e312e-get_interaction_energy_15nN": 1, "836655d07da6fb0d6a69721f059e312e-compress_grompp": 1, "836655d07da6fb0d6a69721f059e312e-calc_S2_shear": 1, "836655d07da6fb0d6a69721f059e312e-calc_interdigitation": 6, "836655d07da6fb0d6a69721f059e312e-shear_5nN_extend": 1, "836655d07da6fb0d6a69721f059e312e-top_to_mol2": 1, "836655d07da6fb0d6a69721f059e312e-shear_5nN_grompp": 1, "836655d07da6fb0d6a69721f059e312e-initialize": 1, "836655d07da6fb0d6a69721f059e312e-calc_tilt_shear": 1, "836655d07da6fb0d6a69721f059e312e-shear_5nN_rerun": 1, "836655d07da6fb0d6a69721f059e312e-shear_25nN_extend": 1, "836655d07da6fb0d6a69721f059e312e-log_interaction_energy_15nN": 1, "836655d07da6fb0d6a69721f059e312e-unwrap_shear_25nN": 1, "836655d07da6fb0d6a69721f059e312e-log_tilt": 1, "836655d07da6fb0d6a69721f059e312e-shear_15nN_rerun_grompp": 1, "836655d07da6fb0d6a69721f059e312e-log_interaction_energy_5nN": 1, "836655d07da6fb0d6a69721f059e312e-shear_5nN": 1, "836655d07da6fb0d6a69721f059e312e-shear_25nN": 1, "836655d07da6fb0d6a69721f059e312e-shear_25nN_extend_grompp": 1, "836655d07da6fb0d6a69721f059e312e-log_S2": 1, "836655d07da6fb0d6a69721f059e312e-log_cof": 1, "836655d07da6fb0d6a69721f059e312e-unwrap_shear_5nN": 1, "836655d07da6fb0d6a69721f059e312e-shear_15nN_rerun": 1, "836655d07da6fb0d6a69721f059e312e-get_interaction_energy_25nN": 1, "836655d07da6fb0d6a69721f059e312e-shear_15nN": 1, "836655d07da6fb0d6a69721f059e312e-shear_15nN_extend": 1, "836655d07da6fb0d6a69721f059e312e-calc_friction": 1, "836655d07da6fb0d6a69721f059e312e-compress": 1, "836655d07da6fb0d6a69721f059e312e-unwrap_shear_15nN": 1, "836655d07da6fb0d6a69721f059e312e-shear_25nN_rerun_grompp": 1, "836655d07da6fb0d6a69721f059e312e-shear_15nN_extend_grompp": 1, "836655d07da6fb0d6a69721f059e312e-lammps_to_gmx": 1, "836655d07da6fb0d6a69721f059e312e-calc_roughness": 1, "836655d07da6fb0d6a69721f059e312e-shear_25nN_rerun": 1, "836655d07da6fb0d6a69721f059e312e-minimize": 1, "836655d07da6fb0d6a69721f059e312e-log_interaction_energy_25nN": 1, "836655d07da6fb0d6a69721f059e312e-get_interaction_energy_5nN": 1, "836655d07da6fb0d6a69721f059e312e-shear_5nN_rerun_grompp": 1, "836655d07da6fb0d6a69721f059e312e-shear_5nN_extend_grompp": 1, "836655d07da6fb0d6a69721f059e312e-equilibrate": 1, "836655d07da6fb0d6a69721f059e312e-equilibrate_grompp": 1, "836655d07da6fb0d6a69721f059e312e-minimize_grompp": 1, "836655d07da6fb0d6a69721f059e312e-shear_25nN_grompp": 1, "836655d07da6fb0d6a69721f059e312e-fix_overlaps": 1}, "shear_25nN_Etotal": [-1015.6665275563548, 50.68023892920744], "ch3-smiles": "CC1CC1", "intercept": 0.7952444668018774, "shear_5nN_qq": [345.7744427585931, 21.86281173055163], "COF": 0.1769457809155185, "chain-smiles": "CCCCCCCCCCCCCCCCCC1CC1", "shear_5nN_lj": [-1221.9173449408472, 47.00709695762776], "h-smiles": "C1CC1", "entropy_translational": 155.37, "S2": {"25nN": 0.7339237105032506, "5nN": 0.7481988122986781, "15nN": 0.7431667094716479}}