{"enthalpy_vibrational": 263.87, "shear_5nN_Etotal": [-1300.9776577745804, 56.24859059347928], "heat_capacity_vibrational": 48.68, "entropy_vibrational": 20.79, "interdigitation": {"25nN": 0.08592586647663672, "5nN": 0.08642918742917052, "15nN": 0.0864892939483167}, "polar_solvation_energy": -4.89, "shear_15nN_qq": [279.68577345643484, 21.61994404231945], "nonpolar_solvation_energy": 6.77, "molecular_weight": 77.1037, "shear_15nN_Etotal": [-1472.985245303757, 52.25805048447262], "roughness": {"25nN": 0.04909794954584451, "5nN": 0.05367693549493829, "15nN": 0.052248437009776}, "tilt": {"25nN": 33.37070187677433, "5nN": 25.847530515134743, "15nN": 29.997979727281084}, "shear_15nN_lj": [-1752.6710187601916, 48.45427923955726], "surface_area": 93.44, "total_solvation_energy": 1.89, "dipole_moment": 0.0, "entropy_rotational": 107.29, "shear_25nN_lj": [-1837.6092186786573, 50.460124177964474], "shear_25nN_qq": [282.3856837394085, 25.434518952379342], "ch3-smiles": "CC1=CC=CC=C1", "status": {"d17bd6637aea1fa4d9ec438b0a6cd765-calc_tilt_shear": 1, "d17bd6637aea1fa4d9ec438b0a6cd765-initialize": 1, "d17bd6637aea1fa4d9ec438b0a6cd765-log_S2": 1, "d17bd6637aea1fa4d9ec438b0a6cd765-get_interaction_energy_15nN": 1, "d17bd6637aea1fa4d9ec438b0a6cd765-get_interaction_energy_25nN": 1, "d17bd6637aea1fa4d9ec438b0a6cd765-shear_25nN_grompp": 1, "d17bd6637aea1fa4d9ec438b0a6cd765-shear_15nN_extend": 1, "d17bd6637aea1fa4d9ec438b0a6cd765-shear_15nN_grompp": 1, "d17bd6637aea1fa4d9ec438b0a6cd765-top_to_mol2": 1, "d17bd6637aea1fa4d9ec438b0a6cd765-calc_roughness": 1, "d17bd6637aea1fa4d9ec438b0a6cd765-equilibrate_grompp": 1, "d17bd6637aea1fa4d9ec438b0a6cd765-shear_15nN_rerun_grompp": 1, "d17bd6637aea1fa4d9ec438b0a6cd765-unwrap_shear_25nN": 1, "d17bd6637aea1fa4d9ec438b0a6cd765-shear_15nN_extend_grompp": 1, "d17bd6637aea1fa4d9ec438b0a6cd765-shear_25nN_extend": 1, "d17bd6637aea1fa4d9ec438b0a6cd765-compress_grompp": 1, "d17bd6637aea1fa4d9ec438b0a6cd765-unwrap_shear_5nN": 1, "d17bd6637aea1fa4d9ec438b0a6cd765-shear_5nN_rerun_grompp": 1, "d17bd6637aea1fa4d9ec438b0a6cd765-shear_5nN_rerun": 1, "d17bd6637aea1fa4d9ec438b0a6cd765-shear_25nN_extend_grompp": 1, "d17bd6637aea1fa4d9ec438b0a6cd765-get_interaction_energy_5nN": 1, "d17bd6637aea1fa4d9ec438b0a6cd765-unwrap_shear_15nN": 1, "d17bd6637aea1fa4d9ec438b0a6cd765-shear_5nN_extend_grompp": 1, "d17bd6637aea1fa4d9ec438b0a6cd765-minimize_grompp": 1, "d17bd6637aea1fa4d9ec438b0a6cd765-shear_25nN_rerun": 1, "d17bd6637aea1fa4d9ec438b0a6cd765-shear_5nN": 1, "d17bd6637aea1fa4d9ec438b0a6cd765-log_interaction_energy_5nN": 1, "d17bd6637aea1fa4d9ec438b0a6cd765-log_interaction_energy_25nN": 1, "d17bd6637aea1fa4d9ec438b0a6cd765-fix_overlaps": 1, "d17bd6637aea1fa4d9ec438b0a6cd765-calc_interdigitation": 6, "d17bd6637aea1fa4d9ec438b0a6cd765-calc_friction": 1, "d17bd6637aea1fa4d9ec438b0a6cd765-log_interaction_energy_15nN": 1, "d17bd6637aea1fa4d9ec438b0a6cd765-lammps_to_gmx": 1, "d17bd6637aea1fa4d9ec438b0a6cd765-shear_25nN_rerun_grompp": 1, "d17bd6637aea1fa4d9ec438b0a6cd765-log_tilt": 1, "d17bd6637aea1fa4d9ec438b0a6cd765-shear_15nN": 1, "d17bd6637aea1fa4d9ec438b0a6cd765-shear_15nN_rerun": 1, "d17bd6637aea1fa4d9ec438b0a6cd765-equilibrate": 1, "d17bd6637aea1fa4d9ec438b0a6cd765-log_cof": 1, "d17bd6637aea1fa4d9ec438b0a6cd765-shear_5nN_grompp": 1, "d17bd6637aea1fa4d9ec438b0a6cd765-minimize": 1, "d17bd6637aea1fa4d9ec438b0a6cd765-shear_5nN_extend": 1, "d17bd6637aea1fa4d9ec438b0a6cd765-count_hydrogen_bonds": 1, "d17bd6637aea1fa4d9ec438b0a6cd765-calc_S2_shear": 1, "d17bd6637aea1fa4d9ec438b0a6cd765-shear_25nN": 1, "d17bd6637aea1fa4d9ec438b0a6cd765-compress": 1}, "shear_25nN_Etotal": [-1555.2235349392486, 53.90448324114513], "intercept": 1.4197963770261417, "shear_5nN_qq": [264.3845498273381, 18.04985158225149], "COF": 0.1354042408657931, "chain-smiles": "CCCCCCCCCCCCCCCCCC1=CC=CC=C1", "shear_5nN_lj": [-1565.3622076019185, 52.525811804981764], "h-smiles": "C1=CC=CC=C1", "entropy_translational": 163.09, "S2": {"25nN": 0.8362719390515657, "5nN": 0.8275588787239395, "15nN": 0.8412999405760552}}