{"enthalpy_vibrational": 148.05, "shear_5nN_Etotal": [-1776.4393982605914, 84.70889661206566], "heat_capacity_vibrational": 22.11, "entropy_vibrational": 16.85, "interdigitation": {"25nN": 0.11858967507465382, "5nN": 0.12110234339913534, "15nN": 0.11776340310925233}, "polar_solvation_energy": -15.94, "shear_15nN_qq": [-317.0244195451639, 71.54311765003787], "nonpolar_solvation_energy": 8.9, "molecular_weight": 43.0445, "shear_15nN_Etotal": [-2075.29475220064, 91.96625197520447], "roughness": {"25nN": 0.05570898745660109, "5nN": 0.06363554714285999, "15nN": 0.05643252147923175}, "tilt": {"25nN": 37.28973956552215, "5nN": 31.182769896913836, "15nN": 35.18915558198077}, "shear_15nN_lj": [-1758.2703326554756, 48.16511612078503], "surface_area": 66.15, "total_solvation_energy": -7.02, "dipole_moment": 3.16, "entropy_rotational": 90.56, "shear_25nN_lj": [-1857.3046225995204, 48.62890327382544], "shear_25nN_qq": [-338.5256362853717, 86.97237362456006], "ch3-smiles": "CC(=O)C", "status": {"04f091310e661f46c6d27c4bce18989d-equilibrate_grompp": 1, "04f091310e661f46c6d27c4bce18989d-shear_15nN": 1, "04f091310e661f46c6d27c4bce18989d-shear_25nN_grompp": 1, "04f091310e661f46c6d27c4bce18989d-minimize_grompp": 1, "04f091310e661f46c6d27c4bce18989d-shear_5nN_extend": 1, "04f091310e661f46c6d27c4bce18989d-compress": 1, "04f091310e661f46c6d27c4bce18989d-log_tilt": 1, "04f091310e661f46c6d27c4bce18989d-shear_5nN_grompp": 1, "04f091310e661f46c6d27c4bce18989d-shear_5nN": 1, "04f091310e661f46c6d27c4bce18989d-shear_15nN_extend_grompp": 1, "04f091310e661f46c6d27c4bce18989d-shear_25nN": 1, "04f091310e661f46c6d27c4bce18989d-calc_tilt_shear": 1, "04f091310e661f46c6d27c4bce18989d-log_interaction_energy_15nN": 1, "04f091310e661f46c6d27c4bce18989d-get_interaction_energy_15nN": 1, "04f091310e661f46c6d27c4bce18989d-log_cof": 1, "04f091310e661f46c6d27c4bce18989d-unwrap_shear_15nN": 1, "04f091310e661f46c6d27c4bce18989d-top_to_mol2": 1, "04f091310e661f46c6d27c4bce18989d-calc_interdigitation": 6, "04f091310e661f46c6d27c4bce18989d-unwrap_shear_5nN": 1, "04f091310e661f46c6d27c4bce18989d-shear_15nN_rerun_grompp": 1, "04f091310e661f46c6d27c4bce18989d-log_interaction_energy_5nN": 1, "04f091310e661f46c6d27c4bce18989d-lammps_to_gmx": 1, "04f091310e661f46c6d27c4bce18989d-equilibrate": 1, "04f091310e661f46c6d27c4bce18989d-log_interaction_energy_25nN": 1, "04f091310e661f46c6d27c4bce18989d-shear_5nN_extend_grompp": 1, "04f091310e661f46c6d27c4bce18989d-shear_15nN_grompp": 1, "04f091310e661f46c6d27c4bce18989d-compress_grompp": 1, "04f091310e661f46c6d27c4bce18989d-initialize": 1, "04f091310e661f46c6d27c4bce18989d-shear_5nN_rerun_grompp": 1, "04f091310e661f46c6d27c4bce18989d-unwrap_shear_25nN": 1, "04f091310e661f46c6d27c4bce18989d-get_interaction_energy_25nN": 1, "04f091310e661f46c6d27c4bce18989d-shear_25nN_rerun": 1, "04f091310e661f46c6d27c4bce18989d-shear_25nN_extend": 1, "04f091310e661f46c6d27c4bce18989d-count_hydrogen_bonds": 1, "04f091310e661f46c6d27c4bce18989d-calc_S2_shear": 1, "04f091310e661f46c6d27c4bce18989d-fix_overlaps": 1, "04f091310e661f46c6d27c4bce18989d-log_S2": 1, "04f091310e661f46c6d27c4bce18989d-calc_friction": 1, "04f091310e661f46c6d27c4bce18989d-shear_5nN_rerun": 1, "04f091310e661f46c6d27c4bce18989d-get_interaction_energy_5nN": 1, "04f091310e661f46c6d27c4bce18989d-shear_15nN_rerun": 1, "04f091310e661f46c6d27c4bce18989d-shear_25nN_rerun_grompp": 1, "04f091310e661f46c6d27c4bce18989d-minimize": 1, "04f091310e661f46c6d27c4bce18989d-shear_25nN_extend_grompp": 1, "04f091310e661f46c6d27c4bce18989d-calc_roughness": 1, "04f091310e661f46c6d27c4bce18989d-shear_15nN_extend": 1}, "shear_25nN_Etotal": [-2195.8302588848924, 105.31002710038611], "intercept": 1.543561649666633, "shear_5nN_qq": [-245.9729784316547, 58.9230196495425], "COF": 0.1426490728885525, "chain-smiles": "CCCCCCCCCCCCCCCCCC(=O)C", "shear_5nN_lj": [-1530.466419828937, 48.55351025829322], "h-smiles": "C(=O)C", "entropy_translational": 155.95, "S2": {"25nN": 0.9250301269568266, "5nN": 0.929268420452301, "15nN": 0.9260865415381183}}