{"shear_15nN_Etotal": [-1215.6869416922461, 47.616431223086195], "molecular_weight": 43.0874, "shear_25nN_Etotal": [-1293.2758238417266, 44.80707391322517], "surface_area": 70.99, "shear_15nN_qq": [219.49855776179058, 8.871529521292938], "enthalpy_vibrational": 273.28, "shear_5nN_qq": [164.93028945403677, 8.589668971037936], "tilt": {"5nN": 27.944202134624536, "15nN": 31.830603650460773, "25nN": 33.84067892771011}, "intercept": 0.9129504499598649, "shear_25nN_lj": [-1548.4119925707435, 46.422677864978404], "entropy_rotational": 94.72, "shear_5nN_lj": [-1206.7886331622701, 49.9908528192491], "shear_25nN_qq": [255.13616872901676, 10.418182448233637], "nonpolar_solvation_energy": 11.79, "total_solvation_energy": 11.37, "shear_15nN_lj": [-1435.1854994540367, 47.956254393429795], "shear_5nN_Etotal": [-1041.8583437082334, 47.585704457041444], "interdigitation": {"5nN": 0.10180311541548391, "15nN": 0.12482278073250476, "25nN": 0.12701933485369743}, "entropy_vibrational": 26.04, "heat_capacity_vibrational": 37.37, "entropy_translational": 155.96, "status": {"e60a7ef494ffe87f96e02e84cc19db80-calc_interdigitation": 1, "e60a7ef494ffe87f96e02e84cc19db80-get_interaction_energy_15nN": 1, "e60a7ef494ffe87f96e02e84cc19db80-shear_15nN_rerun_grompp": 1, "e60a7ef494ffe87f96e02e84cc19db80-minimize": 1, "e60a7ef494ffe87f96e02e84cc19db80-equilibrate_grompp": 1, "e60a7ef494ffe87f96e02e84cc19db80-log_S2": 1, "e60a7ef494ffe87f96e02e84cc19db80-calc_roughness": 1, "e60a7ef494ffe87f96e02e84cc19db80-shear_25nN_rerun_grompp": 1, "e60a7ef494ffe87f96e02e84cc19db80-get_interaction_energy_5nN": 1, "e60a7ef494ffe87f96e02e84cc19db80-shear_25nN": 1, "e60a7ef494ffe87f96e02e84cc19db80-shear_5nN_rerun_grompp": 1, "e60a7ef494ffe87f96e02e84cc19db80-unwrap_shear_15nN": 1, "e60a7ef494ffe87f96e02e84cc19db80-shear_25nN_extend": 1, "e60a7ef494ffe87f96e02e84cc19db80-unwrap_shear_25nN": 1, "e60a7ef494ffe87f96e02e84cc19db80-initialize": 1, "e60a7ef494ffe87f96e02e84cc19db80-log_interaction_energy_5nN": 1, "e60a7ef494ffe87f96e02e84cc19db80-log_tilt": 1, "e60a7ef494ffe87f96e02e84cc19db80-compress": 1, "e60a7ef494ffe87f96e02e84cc19db80-lammps_to_gmx": 1, "e60a7ef494ffe87f96e02e84cc19db80-log_interaction_energy_25nN": 1, "e60a7ef494ffe87f96e02e84cc19db80-get_interaction_energy_25nN": 1, "e60a7ef494ffe87f96e02e84cc19db80-shear_15nN": 1, "e60a7ef494ffe87f96e02e84cc19db80-minimize_grompp": 1, "e60a7ef494ffe87f96e02e84cc19db80-shear_5nN_extend": 1, "e60a7ef494ffe87f96e02e84cc19db80-shear_5nN_extend_grompp": 1, "e60a7ef494ffe87f96e02e84cc19db80-shear_5nN": 1, "e60a7ef494ffe87f96e02e84cc19db80-calc_S2_shear": 1, "e60a7ef494ffe87f96e02e84cc19db80-fix_overlaps": 1, "e60a7ef494ffe87f96e02e84cc19db80-unwrap_shear_5nN": 1, "e60a7ef494ffe87f96e02e84cc19db80-log_cof": 1, "e60a7ef494ffe87f96e02e84cc19db80-shear_25nN_rerun": 1, "e60a7ef494ffe87f96e02e84cc19db80-top_to_mol2": 1, "e60a7ef494ffe87f96e02e84cc19db80-calc_friction": 1, "e60a7ef494ffe87f96e02e84cc19db80-equilibrate": 1, "e60a7ef494ffe87f96e02e84cc19db80-calc_tilt_shear": 1, "e60a7ef494ffe87f96e02e84cc19db80-shear_25nN_grompp": 1, "e60a7ef494ffe87f96e02e84cc19db80-shear_5nN_grompp": 1, "e60a7ef494ffe87f96e02e84cc19db80-shear_15nN_grompp": 1, "e60a7ef494ffe87f96e02e84cc19db80-shear_15nN_rerun": 1, "e60a7ef494ffe87f96e02e84cc19db80-shear_25nN_extend_grompp": 1, "e60a7ef494ffe87f96e02e84cc19db80-log_interaction_energy_15nN": 1, "e60a7ef494ffe87f96e02e84cc19db80-shear_5nN_rerun": 1, "e60a7ef494ffe87f96e02e84cc19db80-shear_15nN_extend": 1, "e60a7ef494ffe87f96e02e84cc19db80-shear_15nN_extend_grompp": 1, "e60a7ef494ffe87f96e02e84cc19db80-compress_grompp": 1, "e60a7ef494ffe87f96e02e84cc19db80-count_hydrogen_bonds": 1}, "S2": {"5nN": 0.8221404287677531, "15nN": 0.8286420341997011, "25nN": 0.8291420855771438}, "dipole_moment": 0.01, "COF": 0.15289420853690072, "roughness": {"5nN": 0.05964138115302092, "15nN": 0.06353922204453019, "25nN": 0.06621580922413454}, "polar_solvation_energy": -0.4}