{"interdigitation": {"15nN": 0.10468489626763022, "25nN": 0.10949902340918072, "5nN": 0.08865641430588965}, "enthalpy_vibrational": 214.06, "shear_25nN_Etotal": [-1358.5703539032775, 49.77264128129181], "shear_5nN_qq": [168.86534821742606, 9.354760028967045], "entropy_vibrational": 5.04, "status": {"edd97fdc7ff1e5760a6dd34eeeeb4c1f-calc_interdigitation": 6, "edd97fdc7ff1e5760a6dd34eeeeb4c1f-compress_grompp": 1, "edd97fdc7ff1e5760a6dd34eeeeb4c1f-compress": 1, "edd97fdc7ff1e5760a6dd34eeeeb4c1f-calc_roughness": 1, "edd97fdc7ff1e5760a6dd34eeeeb4c1f-calc_tilt_shear": 1, "edd97fdc7ff1e5760a6dd34eeeeb4c1f-shear_25nN_rerun_grompp": 1, "edd97fdc7ff1e5760a6dd34eeeeb4c1f-top_to_mol2": 1, "edd97fdc7ff1e5760a6dd34eeeeb4c1f-minimize_grompp": 1, "edd97fdc7ff1e5760a6dd34eeeeb4c1f-lammps_to_gmx": 1, "edd97fdc7ff1e5760a6dd34eeeeb4c1f-shear_5nN_rerun_grompp": 1, "edd97fdc7ff1e5760a6dd34eeeeb4c1f-log_interaction_energy_5nN": 1, "edd97fdc7ff1e5760a6dd34eeeeb4c1f-log_S2": 1, "edd97fdc7ff1e5760a6dd34eeeeb4c1f-equilibrate_grompp": 1, "edd97fdc7ff1e5760a6dd34eeeeb4c1f-equilibrate": 1, "edd97fdc7ff1e5760a6dd34eeeeb4c1f-initialize": 1, "edd97fdc7ff1e5760a6dd34eeeeb4c1f-fix_overlaps": 1, "edd97fdc7ff1e5760a6dd34eeeeb4c1f-log_tilt": 1, "edd97fdc7ff1e5760a6dd34eeeeb4c1f-shear_5nN_extend_grompp": 1, "edd97fdc7ff1e5760a6dd34eeeeb4c1f-get_interaction_energy_15nN": 1, "edd97fdc7ff1e5760a6dd34eeeeb4c1f-shear_15nN_extend": 1, "edd97fdc7ff1e5760a6dd34eeeeb4c1f-get_interaction_energy_5nN": 1, "edd97fdc7ff1e5760a6dd34eeeeb4c1f-calc_friction": 1, "edd97fdc7ff1e5760a6dd34eeeeb4c1f-shear_25nN_extend_grompp": 1, "edd97fdc7ff1e5760a6dd34eeeeb4c1f-log_interaction_energy_25nN": 1, "edd97fdc7ff1e5760a6dd34eeeeb4c1f-unwrap_shear_5nN": 1, "edd97fdc7ff1e5760a6dd34eeeeb4c1f-shear_15nN": 1, "edd97fdc7ff1e5760a6dd34eeeeb4c1f-shear_15nN_extend_grompp": 1, "edd97fdc7ff1e5760a6dd34eeeeb4c1f-unwrap_shear_15nN": 1, "edd97fdc7ff1e5760a6dd34eeeeb4c1f-shear_25nN_extend": 1, "edd97fdc7ff1e5760a6dd34eeeeb4c1f-shear_5nN": 1, "edd97fdc7ff1e5760a6dd34eeeeb4c1f-shear_15nN_grompp": 1, "edd97fdc7ff1e5760a6dd34eeeeb4c1f-count_hydrogen_bonds": 1, "edd97fdc7ff1e5760a6dd34eeeeb4c1f-log_cof": 1, "edd97fdc7ff1e5760a6dd34eeeeb4c1f-shear_25nN": 1, "edd97fdc7ff1e5760a6dd34eeeeb4c1f-minimize": 1, "edd97fdc7ff1e5760a6dd34eeeeb4c1f-shear_15nN_rerun_grompp": 1, "edd97fdc7ff1e5760a6dd34eeeeb4c1f-shear_5nN_extend": 1, "edd97fdc7ff1e5760a6dd34eeeeb4c1f-get_interaction_energy_25nN": 1, "edd97fdc7ff1e5760a6dd34eeeeb4c1f-log_interaction_energy_15nN": 1, "edd97fdc7ff1e5760a6dd34eeeeb4c1f-unwrap_shear_25nN": 1, "edd97fdc7ff1e5760a6dd34eeeeb4c1f-shear_5nN_rerun": 1, "edd97fdc7ff1e5760a6dd34eeeeb4c1f-shear_5nN_grompp": 1, "edd97fdc7ff1e5760a6dd34eeeeb4c1f-shear_25nN_rerun": 1, "edd97fdc7ff1e5760a6dd34eeeeb4c1f-shear_15nN_rerun": 1, "edd97fdc7ff1e5760a6dd34eeeeb4c1f-shear_25nN_grompp": 1, "edd97fdc7ff1e5760a6dd34eeeeb4c1f-calc_S2_shear": 1}, "tilt": {"15nN": 33.81492763086087, "25nN": 36.11268559748318, "5nN": 29.31542853354342}, "entropy_rotational": 90.7, "entropy_translational": 155.37, "shear_15nN_qq": [222.95924007993605, 9.939890558988163], "nonpolar_solvation_energy": 9.15, "polar_solvation_energy": -1.28, "shear_25nN_qq": [260.4136008433253, 10.935122873884772], "total_solvation_energy": 7.89, "COF": 0.1680652046541258, "shear_25nN_lj": [-1618.9839547466029, 50.77687812317566], "molecular_weight": 41.0716, "surface_area": 65.5, "heat_capacity_vibrational": 19.47, "shear_5nN_Etotal": [-1117.948786003997, 46.84945234389151], "roughness": {"15nN": 0.056747584969421616, "25nN": 0.059349365829251245, "5nN": 0.0536996885778184}, "shear_15nN_lj": [-1504.8216792733813, 48.56491965111141], "shear_5nN_lj": [-1286.8141342214228, 47.450827452110964], "dipole_moment": 0.0, "intercept": 0.5470298148627446, "shear_15nN_Etotal": [-1281.8624391934454, 47.9129347086137], "S2": {"15nN": 0.9178962371068489, "25nN": 0.8948839656726401, "5nN": 0.8993269282798907}}