{"shear_15nN_Etotal": [-1281.8624391934454, 47.9129347086137], "molecular_weight": 41.0716, "shear_25nN_Etotal": [-1358.5703539032775, 49.77264128129181], "surface_area": 65.5, "shear_15nN_qq": [222.95924007993605, 9.939890558988163], "enthalpy_vibrational": 214.06, "shear_5nN_qq": [168.86534821742606, 9.354760028967045], "tilt": {"5nN": 29.31542853354342, "25nN": 36.11268559748318, "15nN": 33.81492763086087}, "intercept": 0.5470298148627446, "shear_25nN_lj": [-1618.9839547466029, 50.77687812317566], "entropy_rotational": 90.7, "shear_5nN_lj": [-1286.8141342214228, 47.450827452110964], "shear_25nN_qq": [260.4136008433253, 10.935122873884772], "nonpolar_solvation_energy": 9.15, "total_solvation_energy": 7.89, "shear_15nN_lj": [-1504.8216792733813, 48.56491965111141], "shear_5nN_Etotal": [-1117.948786003997, 46.84945234389151], "interdigitation": {"5nN": 0.08815172825075446, "25nN": 0.10937723443428118, "15nN": 0.10450941923563892}, "entropy_vibrational": 5.04, "heat_capacity_vibrational": 19.47, "entropy_translational": 155.37, "roughness": {"5nN": 0.0536996885778184, "25nN": 0.059349365829251245, "15nN": 0.056747584969421616}, "S2": {"5nN": 0.8993269282798907, "25nN": 0.8948839656726401, "15nN": 0.9178962371068489}, "dipole_moment": 0.0, "COF": 0.1680652046541258, "status": {"edd97fdc7ff1e5760a6dd34eeeeb4c1f-shear_25nN_rerun": 1, "edd97fdc7ff1e5760a6dd34eeeeb4c1f-shear_15nN_rerun": 1, "edd97fdc7ff1e5760a6dd34eeeeb4c1f-equilibrate_grompp": 1, "edd97fdc7ff1e5760a6dd34eeeeb4c1f-shear_25nN_grompp": 1, "edd97fdc7ff1e5760a6dd34eeeeb4c1f-count_hydrogen_bonds": 1, "edd97fdc7ff1e5760a6dd34eeeeb4c1f-shear_5nN_extend": 1, "edd97fdc7ff1e5760a6dd34eeeeb4c1f-log_cof": 1, "edd97fdc7ff1e5760a6dd34eeeeb4c1f-shear_25nN_rerun_grompp": 1, "edd97fdc7ff1e5760a6dd34eeeeb4c1f-get_interaction_energy_15nN": 1, "edd97fdc7ff1e5760a6dd34eeeeb4c1f-calc_S2_shear": 1, "edd97fdc7ff1e5760a6dd34eeeeb4c1f-initialize": 1, "edd97fdc7ff1e5760a6dd34eeeeb4c1f-calc_interdigitation": 1, "edd97fdc7ff1e5760a6dd34eeeeb4c1f-unwrap_shear_5nN": 1, "edd97fdc7ff1e5760a6dd34eeeeb4c1f-calc_tilt_shear": 1, "edd97fdc7ff1e5760a6dd34eeeeb4c1f-shear_5nN_extend_grompp": 1, "edd97fdc7ff1e5760a6dd34eeeeb4c1f-get_interaction_energy_25nN": 1, "edd97fdc7ff1e5760a6dd34eeeeb4c1f-log_S2": 1, "edd97fdc7ff1e5760a6dd34eeeeb4c1f-shear_15nN_extend": 1, "edd97fdc7ff1e5760a6dd34eeeeb4c1f-top_to_mol2": 1, "edd97fdc7ff1e5760a6dd34eeeeb4c1f-shear_5nN_rerun": 1, "edd97fdc7ff1e5760a6dd34eeeeb4c1f-log_interaction_energy_15nN": 1, "edd97fdc7ff1e5760a6dd34eeeeb4c1f-shear_15nN_grompp": 1, "edd97fdc7ff1e5760a6dd34eeeeb4c1f-calc_roughness": 1, "edd97fdc7ff1e5760a6dd34eeeeb4c1f-shear_5nN_grompp": 1, "edd97fdc7ff1e5760a6dd34eeeeb4c1f-shear_5nN_rerun_grompp": 1, "edd97fdc7ff1e5760a6dd34eeeeb4c1f-shear_25nN": 1, "edd97fdc7ff1e5760a6dd34eeeeb4c1f-log_tilt": 1, "edd97fdc7ff1e5760a6dd34eeeeb4c1f-minimize": 1, "edd97fdc7ff1e5760a6dd34eeeeb4c1f-shear_25nN_extend": 1, "edd97fdc7ff1e5760a6dd34eeeeb4c1f-fix_overlaps": 1, "edd97fdc7ff1e5760a6dd34eeeeb4c1f-lammps_to_gmx": 1, "edd97fdc7ff1e5760a6dd34eeeeb4c1f-shear_5nN": 1, "edd97fdc7ff1e5760a6dd34eeeeb4c1f-shear_15nN_extend_grompp": 1, "edd97fdc7ff1e5760a6dd34eeeeb4c1f-unwrap_shear_25nN": 1, "edd97fdc7ff1e5760a6dd34eeeeb4c1f-log_interaction_energy_25nN": 1, "edd97fdc7ff1e5760a6dd34eeeeb4c1f-minimize_grompp": 1, "edd97fdc7ff1e5760a6dd34eeeeb4c1f-log_interaction_energy_5nN": 1, "edd97fdc7ff1e5760a6dd34eeeeb4c1f-equilibrate": 1, "edd97fdc7ff1e5760a6dd34eeeeb4c1f-compress": 1, "edd97fdc7ff1e5760a6dd34eeeeb4c1f-shear_15nN": 1, "edd97fdc7ff1e5760a6dd34eeeeb4c1f-shear_15nN_rerun_grompp": 1, "edd97fdc7ff1e5760a6dd34eeeeb4c1f-shear_25nN_extend_grompp": 1, "edd97fdc7ff1e5760a6dd34eeeeb4c1f-unwrap_shear_15nN": 1, "edd97fdc7ff1e5760a6dd34eeeeb4c1f-get_interaction_energy_5nN": 1, "edd97fdc7ff1e5760a6dd34eeeeb4c1f-calc_friction": 1, "edd97fdc7ff1e5760a6dd34eeeeb4c1f-compress_grompp": 1}, "polar_solvation_energy": -1.28}