{"enthalpy_vibrational": 248.15, "shear_5nN_Etotal": [-1680.1904126450838, 77.34338834915656], "heat_capacity_vibrational": 58.87, "entropy_vibrational": 30.51, "interdigitation": {"25nN": 0.1733286258822892, "5nN": 0.21523533973823378, "15nN": 0.19889649996111658}, "polar_solvation_energy": -7.83, "shear_15nN_qq": [-174.17059011270985, 30.732463014583995], "nonpolar_solvation_energy": 14.09, "molecular_weight": 95.0942, "shear_15nN_Etotal": [-1871.5822577450035, 68.89702774198062], "roughness": {"25nN": 0.06470602284447428, "5nN": 0.07602797862660092, "15nN": 0.07037664928309696}, "tilt": {"25nN": 37.101068185566696, "5nN": 33.97888132442951, "15nN": 36.811094020949184}, "shear_15nN_lj": [-1697.4116676322942, 53.74075498013622], "surface_area": 96.58, "total_solvation_energy": 6.28, "dipole_moment": 2.03, "entropy_rotational": 112.71, "shear_25nN_lj": [-1796.4603633413271, 49.95330229074742], "shear_5nN_lj": [-1511.6778504916067, 60.413748685708796], "status": {"178d9a4a0cfd9afd7b970483532de7c3-shear_5nN_extend_grompp": 1, "178d9a4a0cfd9afd7b970483532de7c3-shear_25nN_rerun_grompp": 1, "178d9a4a0cfd9afd7b970483532de7c3-get_interaction_energy_25nN": 1, "178d9a4a0cfd9afd7b970483532de7c3-shear_5nN_extend": 1, "178d9a4a0cfd9afd7b970483532de7c3-shear_15nN_extend_grompp": 1, "178d9a4a0cfd9afd7b970483532de7c3-get_interaction_energy_15nN": 1, "178d9a4a0cfd9afd7b970483532de7c3-compress": 1, "178d9a4a0cfd9afd7b970483532de7c3-log_tilt": 1, "178d9a4a0cfd9afd7b970483532de7c3-equilibrate": 1, "178d9a4a0cfd9afd7b970483532de7c3-unwrap_shear_25nN": 1, "178d9a4a0cfd9afd7b970483532de7c3-unwrap_shear_5nN": 1, "178d9a4a0cfd9afd7b970483532de7c3-fix_overlaps": 1, "178d9a4a0cfd9afd7b970483532de7c3-calc_roughness": 1, "178d9a4a0cfd9afd7b970483532de7c3-log_S2": 1, "178d9a4a0cfd9afd7b970483532de7c3-unwrap_shear_15nN": 1, "178d9a4a0cfd9afd7b970483532de7c3-shear_5nN_rerun_grompp": 1, "178d9a4a0cfd9afd7b970483532de7c3-shear_5nN_rerun": 1, "178d9a4a0cfd9afd7b970483532de7c3-lammps_to_gmx": 1, "178d9a4a0cfd9afd7b970483532de7c3-shear_25nN_extend_grompp": 1, "178d9a4a0cfd9afd7b970483532de7c3-initialize": 1, "178d9a4a0cfd9afd7b970483532de7c3-minimize_grompp": 1, "178d9a4a0cfd9afd7b970483532de7c3-get_interaction_energy_5nN": 1, "178d9a4a0cfd9afd7b970483532de7c3-count_hydrogen_bonds": 1, "178d9a4a0cfd9afd7b970483532de7c3-log_interaction_energy_25nN": 1, "178d9a4a0cfd9afd7b970483532de7c3-calc_S2_shear": 1, "178d9a4a0cfd9afd7b970483532de7c3-equilibrate_grompp": 1, "178d9a4a0cfd9afd7b970483532de7c3-shear_15nN_rerun_grompp": 1, "178d9a4a0cfd9afd7b970483532de7c3-shear_15nN_grompp": 1, "178d9a4a0cfd9afd7b970483532de7c3-calc_interdigitation": 6, "178d9a4a0cfd9afd7b970483532de7c3-log_interaction_energy_15nN": 1, "178d9a4a0cfd9afd7b970483532de7c3-shear_25nN_rerun": 1, "178d9a4a0cfd9afd7b970483532de7c3-calc_tilt_shear": 1, "178d9a4a0cfd9afd7b970483532de7c3-shear_25nN_extend": 1, "178d9a4a0cfd9afd7b970483532de7c3-minimize": 1, "178d9a4a0cfd9afd7b970483532de7c3-shear_5nN_grompp": 1, "178d9a4a0cfd9afd7b970483532de7c3-shear_5nN": 1, "178d9a4a0cfd9afd7b970483532de7c3-top_to_mol2": 1, "178d9a4a0cfd9afd7b970483532de7c3-calc_friction": 1, "178d9a4a0cfd9afd7b970483532de7c3-shear_15nN": 1, "178d9a4a0cfd9afd7b970483532de7c3-shear_25nN": 1, "178d9a4a0cfd9afd7b970483532de7c3-shear_15nN_rerun": 1, "178d9a4a0cfd9afd7b970483532de7c3-shear_15nN_extend": 1, "178d9a4a0cfd9afd7b970483532de7c3-log_cof": 1, "178d9a4a0cfd9afd7b970483532de7c3-compress_grompp": 1, "178d9a4a0cfd9afd7b970483532de7c3-log_interaction_energy_5nN": 1, "178d9a4a0cfd9afd7b970483532de7c3-shear_25nN_grompp": 1}, "shear_25nN_Etotal": [-1944.911355164668, 61.23015420046134], "shear_25nN_qq": [-148.45099182334133, 28.670559969883694], "ch3-smiles": "CC1=CC=C(F)C=C1", "intercept": 1.935140489565925, "shear_5nN_qq": [-168.5125621534772, 29.324198857680173], "COF": 0.10479051053941786, "chain-smiles": "CCCCCCCCCCCCCCCCCC1=CC=C(F)C=C1", "h-smiles": "C1=CC=C(F)C=C1", "entropy_translational": 165.68, "S2": {"25nN": 0.8944651546571752, "5nN": 0.9217271911666955, "15nN": 0.9229644647623818}}