{"shear_15nN_Etotal": [-3320.772619123901, 195.3777004915999], "molecular_weight": 46.0055, "shear_25nN_Etotal": [-3194.420382257394, 203.35515882397257], "surface_area": 59.09, "shear_15nN_qq": [-1315.8071837505995, 171.03965408044536], "enthalpy_vibrational": 62.86, "shear_5nN_qq": [-1443.1140235283772, 173.7347224980782], "tilt": {"5nN": 29.17357572102041, "25nN": 33.7650206053092, "15nN": 31.350388470870485}, "intercept": 2.546516552310732, "shear_25nN_lj": [-2103.394113920064, 56.69347847530667], "entropy_rotational": 85.69, "shear_5nN_lj": [-1769.793815418865, 60.0865037278105], "shear_25nN_qq": [-1091.0262683373303, 181.08459051924186], "nonpolar_solvation_energy": 4.77, "total_solvation_energy": -43.93, "shear_15nN_lj": [-2004.9654353733013, 56.635408601369946], "shear_5nN_Etotal": [-3212.9078389472425, 201.91595552830856], "interdigitation": {"5nN": 0.12865553183537745, "25nN": 0.12822742049662797, "15nN": 0.13516057503910228}, "entropy_vibrational": 1.77, "heat_capacity_vibrational": 5.42, "entropy_translational": 156.76, "status": {"747630f3ca25d7c17bdcd9a75aaac81b-shear_25nN_grompp": 1, "747630f3ca25d7c17bdcd9a75aaac81b-shear_15nN_rerun": 1, "747630f3ca25d7c17bdcd9a75aaac81b-initialize": 1, "747630f3ca25d7c17bdcd9a75aaac81b-unwrap_shear_5nN": 1, "747630f3ca25d7c17bdcd9a75aaac81b-shear_15nN_rerun_grompp": 1, "747630f3ca25d7c17bdcd9a75aaac81b-shear_15nN_grompp": 1, "747630f3ca25d7c17bdcd9a75aaac81b-shear_25nN_rerun": 1, "747630f3ca25d7c17bdcd9a75aaac81b-shear_15nN": 1, "747630f3ca25d7c17bdcd9a75aaac81b-log_interaction_energy_15nN": 1, "747630f3ca25d7c17bdcd9a75aaac81b-equilibrate_grompp": 1, "747630f3ca25d7c17bdcd9a75aaac81b-calc_interdigitation": 1, "747630f3ca25d7c17bdcd9a75aaac81b-equilibrate": 1, "747630f3ca25d7c17bdcd9a75aaac81b-unwrap_shear_25nN": 1, "747630f3ca25d7c17bdcd9a75aaac81b-shear_5nN": 1, "747630f3ca25d7c17bdcd9a75aaac81b-shear_5nN_rerun": 1, "747630f3ca25d7c17bdcd9a75aaac81b-shear_15nN_extend": 1, "747630f3ca25d7c17bdcd9a75aaac81b-calc_roughness": 1, "747630f3ca25d7c17bdcd9a75aaac81b-log_interaction_energy_25nN": 1, "747630f3ca25d7c17bdcd9a75aaac81b-fix_overlaps": 1, "747630f3ca25d7c17bdcd9a75aaac81b-get_interaction_energy_15nN": 1, "747630f3ca25d7c17bdcd9a75aaac81b-calc_friction": 1, "747630f3ca25d7c17bdcd9a75aaac81b-count_hydrogen_bonds": 1, "747630f3ca25d7c17bdcd9a75aaac81b-shear_25nN_extend": 1, "747630f3ca25d7c17bdcd9a75aaac81b-shear_5nN_extend": 1, "747630f3ca25d7c17bdcd9a75aaac81b-get_interaction_energy_25nN": 1, "747630f3ca25d7c17bdcd9a75aaac81b-shear_15nN_extend_grompp": 1, "747630f3ca25d7c17bdcd9a75aaac81b-log_interaction_energy_5nN": 1, "747630f3ca25d7c17bdcd9a75aaac81b-top_to_mol2": 1, "747630f3ca25d7c17bdcd9a75aaac81b-shear_5nN_grompp": 1, "747630f3ca25d7c17bdcd9a75aaac81b-compress": 1, "747630f3ca25d7c17bdcd9a75aaac81b-minimize": 1, "747630f3ca25d7c17bdcd9a75aaac81b-calc_tilt_shear": 1, "747630f3ca25d7c17bdcd9a75aaac81b-log_tilt": 1, "747630f3ca25d7c17bdcd9a75aaac81b-shear_5nN_rerun_grompp": 1, "747630f3ca25d7c17bdcd9a75aaac81b-shear_25nN": 1, "747630f3ca25d7c17bdcd9a75aaac81b-calc_S2_shear": 1, "747630f3ca25d7c17bdcd9a75aaac81b-log_S2": 1, "747630f3ca25d7c17bdcd9a75aaac81b-minimize_grompp": 1, "747630f3ca25d7c17bdcd9a75aaac81b-lammps_to_gmx": 1, "747630f3ca25d7c17bdcd9a75aaac81b-get_interaction_energy_5nN": 1, "747630f3ca25d7c17bdcd9a75aaac81b-shear_25nN_rerun_grompp": 1, "747630f3ca25d7c17bdcd9a75aaac81b-log_cof": 1, "747630f3ca25d7c17bdcd9a75aaac81b-shear_25nN_extend_grompp": 1, "747630f3ca25d7c17bdcd9a75aaac81b-unwrap_shear_15nN": 1, "747630f3ca25d7c17bdcd9a75aaac81b-compress_grompp": 1, "747630f3ca25d7c17bdcd9a75aaac81b-shear_5nN_extend_grompp": 1}, "S2": {"5nN": 0.703441041825147, "25nN": 0.7123091969446645, "15nN": 0.7004380580590973}, "polar_solvation_energy": -48.71, "COF": 0.1410159283900761, "roughness": {"5nN": 0.049688057599515806, "25nN": 0.046736184984340755, "15nN": 0.04814904478799379}, "dipole_moment": 3.81}