{"shear_15nN_Etotal": [-2065.527716940048, 86.4503248754476], "molecular_weight": 43.0445, "shear_25nN_Etotal": [-2221.370814969625, 91.85782694218187], "surface_area": 66.15, "shear_15nN_qq": [-323.1531427729816, 61.1741176953333], "enthalpy_vibrational": 148.05, "shear_5nN_qq": [-288.0472485731415, 49.77694769702724], "tilt": {"5nN": 33.14167571557735, "15nN": 36.8384647547519, "25nN": 38.95777510448993}, "intercept": 1.3675056493655626, "shear_25nN_lj": [-1856.9652587545963, 52.93245147530893], "entropy_rotational": 90.56, "shear_5nN_lj": [-1511.5805503884892, 54.91791869208852], "shear_25nN_qq": [-364.40555621502796, 65.26556673753913], "nonpolar_solvation_energy": 8.9, "total_solvation_energy": -7.02, "shear_15nN_lj": [-1742.3745741670666, 52.044388367133514], "shear_5nN_Etotal": [-1799.6277989616303, 84.27042310487376], "interdigitation": {"5nN": 0.13465207593719614, "15nN": 0.12486391558848976, "25nN": 0.142678372239152}, "entropy_vibrational": 16.85, "heat_capacity_vibrational": 22.11, "entropy_translational": 155.95, "roughness": {"5nN": 0.06997563741479042, "15nN": 0.06231541148429351, "25nN": 0.06954546215245154}, "S2": {"5nN": 0.9260741014216323, "15nN": 0.9155815521275745, "25nN": 0.902716474387134}, "dipole_moment": 3.16, "COF": 0.15069690199334662, "status": {"537ac1a53c87c8335b50ea2e59fb9fec-fix_overlaps": 1, "537ac1a53c87c8335b50ea2e59fb9fec-initialize": 1, "537ac1a53c87c8335b50ea2e59fb9fec-get_interaction_energy_25nN": 1, "537ac1a53c87c8335b50ea2e59fb9fec-shear_15nN_extend_grompp": 1, "537ac1a53c87c8335b50ea2e59fb9fec-calc_friction": 1, "537ac1a53c87c8335b50ea2e59fb9fec-unwrap_shear_15nN": 1, "537ac1a53c87c8335b50ea2e59fb9fec-minimize_grompp": 1, "537ac1a53c87c8335b50ea2e59fb9fec-shear_25nN_grompp": 1, "537ac1a53c87c8335b50ea2e59fb9fec-get_interaction_energy_15nN": 1, "537ac1a53c87c8335b50ea2e59fb9fec-shear_25nN": 1, "537ac1a53c87c8335b50ea2e59fb9fec-top_to_mol2": 1, "537ac1a53c87c8335b50ea2e59fb9fec-unwrap_shear_25nN": 1, "537ac1a53c87c8335b50ea2e59fb9fec-count_hydrogen_bonds": 1, "537ac1a53c87c8335b50ea2e59fb9fec-calc_tilt_shear": 1, "537ac1a53c87c8335b50ea2e59fb9fec-shear_5nN_extend": 1, "537ac1a53c87c8335b50ea2e59fb9fec-shear_5nN_rerun_grompp": 1, "537ac1a53c87c8335b50ea2e59fb9fec-shear_25nN_extend_grompp": 1, "537ac1a53c87c8335b50ea2e59fb9fec-get_interaction_energy_5nN": 1, "537ac1a53c87c8335b50ea2e59fb9fec-shear_5nN_extend_grompp": 1, "537ac1a53c87c8335b50ea2e59fb9fec-shear_5nN": 1, "537ac1a53c87c8335b50ea2e59fb9fec-shear_5nN_rerun": 1, "537ac1a53c87c8335b50ea2e59fb9fec-shear_15nN_rerun_grompp": 1, "537ac1a53c87c8335b50ea2e59fb9fec-log_tilt": 1, "537ac1a53c87c8335b50ea2e59fb9fec-calc_S2_shear": 1, "537ac1a53c87c8335b50ea2e59fb9fec-shear_15nN": 1, "537ac1a53c87c8335b50ea2e59fb9fec-minimize": 1, "537ac1a53c87c8335b50ea2e59fb9fec-log_S2": 1, "537ac1a53c87c8335b50ea2e59fb9fec-compress": 1, "537ac1a53c87c8335b50ea2e59fb9fec-compress_grompp": 1, "537ac1a53c87c8335b50ea2e59fb9fec-shear_25nN_rerun": 1, "537ac1a53c87c8335b50ea2e59fb9fec-log_interaction_energy_5nN": 1, "537ac1a53c87c8335b50ea2e59fb9fec-equilibrate_grompp": 1, "537ac1a53c87c8335b50ea2e59fb9fec-calc_interdigitation": 1, "537ac1a53c87c8335b50ea2e59fb9fec-calc_roughness": 1, "537ac1a53c87c8335b50ea2e59fb9fec-unwrap_shear_5nN": 1, "537ac1a53c87c8335b50ea2e59fb9fec-shear_15nN_rerun": 1, "537ac1a53c87c8335b50ea2e59fb9fec-shear_15nN_grompp": 1, "537ac1a53c87c8335b50ea2e59fb9fec-shear_25nN_rerun_grompp": 1, "537ac1a53c87c8335b50ea2e59fb9fec-equilibrate": 1, "537ac1a53c87c8335b50ea2e59fb9fec-log_cof": 1, "537ac1a53c87c8335b50ea2e59fb9fec-log_interaction_energy_25nN": 1, "537ac1a53c87c8335b50ea2e59fb9fec-shear_5nN_grompp": 1, "537ac1a53c87c8335b50ea2e59fb9fec-shear_25nN_extend": 1, "537ac1a53c87c8335b50ea2e59fb9fec-log_interaction_energy_15nN": 1, "537ac1a53c87c8335b50ea2e59fb9fec-lammps_to_gmx": 1, "537ac1a53c87c8335b50ea2e59fb9fec-shear_15nN_extend": 1}, "polar_solvation_energy": -15.94}