{"shear_15nN_Etotal": [-5053.678857305355, 154.335036574324], "molecular_weight": 122.1013, "shear_25nN_Etotal": [-5033.929043867306, 147.02342303622976], "surface_area": 118.23, "shear_15nN_qq": [-2555.5274729552357, 109.44427464867117], "enthalpy_vibrational": 280.86, "shear_5nN_qq": [-2531.2088870031976, 105.5183846122797], "tilt": {"5nN": 28.38917956914621, "25nN": 33.91720077844485, "15nN": 31.460066024236188}, "intercept": 3.86156566867568, "shear_25nN_lj": [-2544.3252298545167, 60.60645859757971], "entropy_rotational": 119.66, "shear_5nN_lj": [-2366.2019431438853, 74.31309266748676], "shear_25nN_qq": [-2489.6038140127894, 111.22207029474808], "nonpolar_solvation_energy": 8.49, "total_solvation_energy": -24.48, "shear_15nN_lj": [-2498.1513843501198, 67.04916501857748], "shear_5nN_Etotal": [-4897.410830147082, 161.8234790560573], "interdigitation": {"5nN": 0.19491524961537068, "25nN": 0.1664507979433772, "15nN": 0.18446118405765147}, "entropy_vibrational": 69.31, "heat_capacity_vibrational": 83.45, "entropy_translational": 168.76, "roughness": {"5nN": 0.057042160271521265, "25nN": 0.052135114396818505, "15nN": 0.05353059408323038}, "S2": {"5nN": 0.8006346633829076, "25nN": 0.8177716786019087, "15nN": 0.8279336547557905}, "dipole_moment": 6.22, "COF": 0.11455277030746656, "status": {"f2b5d6461778a68c5af37bd0a895d780-unwrap_shear_15nN": 1, "f2b5d6461778a68c5af37bd0a895d780-compress": 1, "f2b5d6461778a68c5af37bd0a895d780-log_interaction_energy_25nN": 1, "f2b5d6461778a68c5af37bd0a895d780-equilibrate_grompp": 1, "f2b5d6461778a68c5af37bd0a895d780-shear_15nN_rerun_grompp": 1, "f2b5d6461778a68c5af37bd0a895d780-shear_5nN": 1, "f2b5d6461778a68c5af37bd0a895d780-shear_5nN_extend": 1, "f2b5d6461778a68c5af37bd0a895d780-shear_15nN_extend": 1, "f2b5d6461778a68c5af37bd0a895d780-shear_25nN": 1, "f2b5d6461778a68c5af37bd0a895d780-minimize": 1, "f2b5d6461778a68c5af37bd0a895d780-shear_15nN_extend_grompp": 1, "f2b5d6461778a68c5af37bd0a895d780-count_hydrogen_bonds": 1, "f2b5d6461778a68c5af37bd0a895d780-shear_5nN_extend_grompp": 1, "f2b5d6461778a68c5af37bd0a895d780-shear_15nN_rerun": 1, "f2b5d6461778a68c5af37bd0a895d780-shear_25nN_extend_grompp": 1, "f2b5d6461778a68c5af37bd0a895d780-shear_5nN_grompp": 1, "f2b5d6461778a68c5af37bd0a895d780-shear_25nN_grompp": 1, "f2b5d6461778a68c5af37bd0a895d780-get_interaction_energy_5nN": 1, "f2b5d6461778a68c5af37bd0a895d780-calc_tilt_shear": 1, "f2b5d6461778a68c5af37bd0a895d780-calc_S2_shear": 1, "f2b5d6461778a68c5af37bd0a895d780-get_interaction_energy_25nN": 1, "f2b5d6461778a68c5af37bd0a895d780-shear_25nN_rerun_grompp": 1, "f2b5d6461778a68c5af37bd0a895d780-log_tilt": 1, "f2b5d6461778a68c5af37bd0a895d780-lammps_to_gmx": 1, "f2b5d6461778a68c5af37bd0a895d780-log_interaction_energy_15nN": 1, "f2b5d6461778a68c5af37bd0a895d780-shear_25nN_extend": 1, "f2b5d6461778a68c5af37bd0a895d780-shear_15nN_grompp": 1, "f2b5d6461778a68c5af37bd0a895d780-shear_5nN_rerun": 1, "f2b5d6461778a68c5af37bd0a895d780-unwrap_shear_25nN": 1, "f2b5d6461778a68c5af37bd0a895d780-shear_25nN_rerun": 1, "f2b5d6461778a68c5af37bd0a895d780-fix_overlaps": 1, "f2b5d6461778a68c5af37bd0a895d780-compress_grompp": 1, "f2b5d6461778a68c5af37bd0a895d780-shear_15nN": 1, "f2b5d6461778a68c5af37bd0a895d780-log_cof": 1, "f2b5d6461778a68c5af37bd0a895d780-unwrap_shear_5nN": 1, "f2b5d6461778a68c5af37bd0a895d780-shear_5nN_rerun_grompp": 1, "f2b5d6461778a68c5af37bd0a895d780-calc_interdigitation": 1, "f2b5d6461778a68c5af37bd0a895d780-get_interaction_energy_15nN": 1, "f2b5d6461778a68c5af37bd0a895d780-equilibrate": 1, "f2b5d6461778a68c5af37bd0a895d780-calc_roughness": 1, "f2b5d6461778a68c5af37bd0a895d780-calc_friction": 1, "f2b5d6461778a68c5af37bd0a895d780-minimize_grompp": 1, "f2b5d6461778a68c5af37bd0a895d780-initialize": 1, "f2b5d6461778a68c5af37bd0a895d780-log_interaction_energy_5nN": 1, "f2b5d6461778a68c5af37bd0a895d780-log_S2": 1, "f2b5d6461778a68c5af37bd0a895d780-top_to_mol2": 1}, "polar_solvation_energy": -32.99}