{"shear_15nN_Etotal": [-1589.5568169432454, 49.961322413938476], "molecular_weight": 69.0059, "shear_25nN_Etotal": [-1653.8855726890486, 57.15908730524534], "surface_area": 60.34, "shear_15nN_qq": [-406.2347906778577, 26.288880056220552], "enthalpy_vibrational": 66.5, "shear_5nN_qq": [-416.6187838497202, 22.806846029293215], "tilt": {"5nN": 25.568263173343762, "25nN": 33.8674064908942, "15nN": 30.826013135696133}, "intercept": 0.9711829009830648, "shear_25nN_lj": [-1264.3151362693845, 46.000537848579576], "entropy_rotational": 99.44, "shear_5nN_lj": [-982.9780349952036, 41.682042066942955], "shear_25nN_qq": [-389.57043641966425, 35.24478233309927], "nonpolar_solvation_energy": 23.24, "total_solvation_energy": 10.13, "shear_15nN_lj": [-1183.3220262653876, 42.05978872652039], "shear_5nN_Etotal": [-1399.596818844924, 49.653024050816065], "interdigitation": {"5nN": 0.1396046993420153, "25nN": 0.15442444784936815, "15nN": 0.14074947371057173}, "entropy_vibrational": 8.9, "heat_capacity_vibrational": 19.38, "entropy_translational": 161.73, "roughness": {"5nN": 0.05111754775135648, "25nN": 0.04852870722940481, "15nN": 0.04501813283038297}, "S2": {"5nN": 0.8129143680926045, "25nN": 0.818070258448302, "15nN": 0.8308548573840725}, "dipole_moment": 2.09, "COF": 0.17647713477051818, "status": {"0b4803dde99f060389d640b31093aabe-shear_25nN_rerun_grompp": 1, "0b4803dde99f060389d640b31093aabe-unwrap_shear_5nN": 1, "0b4803dde99f060389d640b31093aabe-log_interaction_energy_25nN": 1, "0b4803dde99f060389d640b31093aabe-shear_25nN_grompp": 1, "0b4803dde99f060389d640b31093aabe-unwrap_shear_15nN": 1, "0b4803dde99f060389d640b31093aabe-shear_15nN_rerun": 1, "0b4803dde99f060389d640b31093aabe-calc_tilt_shear": 1, "0b4803dde99f060389d640b31093aabe-shear_25nN_extend_grompp": 1, "0b4803dde99f060389d640b31093aabe-shear_15nN_extend_grompp": 1, "0b4803dde99f060389d640b31093aabe-get_interaction_energy_15nN": 1, "0b4803dde99f060389d640b31093aabe-shear_5nN_extend_grompp": 1, "0b4803dde99f060389d640b31093aabe-shear_15nN_grompp": 1, "0b4803dde99f060389d640b31093aabe-calc_roughness": 1, "0b4803dde99f060389d640b31093aabe-get_interaction_energy_5nN": 1, "0b4803dde99f060389d640b31093aabe-log_cof": 1, "0b4803dde99f060389d640b31093aabe-equilibrate": 1, "0b4803dde99f060389d640b31093aabe-shear_15nN": 1, "0b4803dde99f060389d640b31093aabe-shear_5nN_rerun": 1, "0b4803dde99f060389d640b31093aabe-compress": 1, "0b4803dde99f060389d640b31093aabe-log_S2": 1, "0b4803dde99f060389d640b31093aabe-calc_friction": 1, "0b4803dde99f060389d640b31093aabe-shear_25nN_extend": 1, "0b4803dde99f060389d640b31093aabe-shear_15nN_rerun_grompp": 1, "0b4803dde99f060389d640b31093aabe-shear_25nN_rerun": 1, "0b4803dde99f060389d640b31093aabe-calc_interdigitation": 1, "0b4803dde99f060389d640b31093aabe-unwrap_shear_25nN": 1, "0b4803dde99f060389d640b31093aabe-shear_25nN": 1, "0b4803dde99f060389d640b31093aabe-log_interaction_energy_5nN": 1, "0b4803dde99f060389d640b31093aabe-minimize_grompp": 1, "0b4803dde99f060389d640b31093aabe-count_hydrogen_bonds": 1, "0b4803dde99f060389d640b31093aabe-log_interaction_energy_15nN": 1, "0b4803dde99f060389d640b31093aabe-compress_grompp": 1, "0b4803dde99f060389d640b31093aabe-shear_5nN_extend": 1, "0b4803dde99f060389d640b31093aabe-calc_S2_shear": 1, "0b4803dde99f060389d640b31093aabe-shear_5nN_rerun_grompp": 1, "0b4803dde99f060389d640b31093aabe-lammps_to_gmx": 1, "0b4803dde99f060389d640b31093aabe-shear_5nN_grompp": 1, "0b4803dde99f060389d640b31093aabe-shear_15nN_extend": 1, "0b4803dde99f060389d640b31093aabe-shear_5nN": 1, "0b4803dde99f060389d640b31093aabe-fix_overlaps": 1, "0b4803dde99f060389d640b31093aabe-log_tilt": 1, "0b4803dde99f060389d640b31093aabe-initialize": 1, "0b4803dde99f060389d640b31093aabe-top_to_mol2": 1, "0b4803dde99f060389d640b31093aabe-minimize": 1, "0b4803dde99f060389d640b31093aabe-equilibrate_grompp": 1, "0b4803dde99f060389d640b31093aabe-get_interaction_energy_25nN": 1}, "polar_solvation_energy": -13.1}