{"shear_15nN_Etotal": [-1018.6700596754597, 49.00775968997847], "molecular_weight": 43.0874, "shear_25nN_Etotal": [-1067.8869136354915, 49.42521929197943], "surface_area": 70.99, "shear_15nN_qq": [366.8338525291767, 23.340669978521074], "enthalpy_vibrational": 273.28, "shear_5nN_qq": [339.83392844684255, 18.44984939643649], "tilt": {"5nN": 22.032569845435482, "25nN": 29.765280737648766, "15nN": 27.245188804883824}, "intercept": -0.3515611218772885, "shear_25nN_lj": [-1489.2890887338128, 43.15094111334528], "entropy_rotational": 94.72, "shear_5nN_lj": [-1077.5187015243807, 57.92546044608776], "shear_25nN_qq": [421.4021750983214, 28.400930593387415], "nonpolar_solvation_energy": 11.79, "total_solvation_energy": 11.37, "shear_15nN_lj": [-1385.503912204636, 44.7878840923597], "shear_5nN_Etotal": [-737.684773077538, 59.413390862463146], "interdigitation": {"5nN": 0.0767541034319385, "15nN": 0.07604615949312019, "25nN": 0.07663086712465009}, "entropy_vibrational": 26.04, "heat_capacity_vibrational": 37.37, "entropy_translational": 155.96, "roughness": {"5nN": 0.049755116512451146, "15nN": 0.0441913336652102, "25nN": 0.04240639293106706}, "S2": {"5nN": 0.7623560682863756, "15nN": 0.7503713363056271, "25nN": 0.7428752615689838}, "dipole_moment": 0.01, "COF": 0.18680094223342572, "status": {"6eb3fb2fce09138627fd7b2453e6bbf5-calc_roughness": 1, "6eb3fb2fce09138627fd7b2453e6bbf5-compress_grompp": 1, "6eb3fb2fce09138627fd7b2453e6bbf5-log_tilt": 1, "6eb3fb2fce09138627fd7b2453e6bbf5-log_interaction_energy_15nN": 1, "6eb3fb2fce09138627fd7b2453e6bbf5-shear_5nN_grompp": 1, "6eb3fb2fce09138627fd7b2453e6bbf5-shear_25nN_extend_grompp": 1, "6eb3fb2fce09138627fd7b2453e6bbf5-shear_15nN_rerun": 1, "6eb3fb2fce09138627fd7b2453e6bbf5-shear_15nN_extend": 1, "6eb3fb2fce09138627fd7b2453e6bbf5-minimize": 1, "6eb3fb2fce09138627fd7b2453e6bbf5-log_interaction_energy_25nN": 1, "6eb3fb2fce09138627fd7b2453e6bbf5-fix_overlaps": 1, "6eb3fb2fce09138627fd7b2453e6bbf5-calc_interdigitation": 1, "6eb3fb2fce09138627fd7b2453e6bbf5-equilibrate": 1, "6eb3fb2fce09138627fd7b2453e6bbf5-shear_5nN": 1, "6eb3fb2fce09138627fd7b2453e6bbf5-unwrap_shear_15nN": 1, "6eb3fb2fce09138627fd7b2453e6bbf5-shear_5nN_rerun": 1, "6eb3fb2fce09138627fd7b2453e6bbf5-unwrap_shear_5nN": 1, "6eb3fb2fce09138627fd7b2453e6bbf5-calc_friction": 1, "6eb3fb2fce09138627fd7b2453e6bbf5-log_interaction_energy_5nN": 1, "6eb3fb2fce09138627fd7b2453e6bbf5-shear_25nN_rerun": 1, "6eb3fb2fce09138627fd7b2453e6bbf5-minimize_grompp": 1, "6eb3fb2fce09138627fd7b2453e6bbf5-compress": 1, "6eb3fb2fce09138627fd7b2453e6bbf5-top_to_mol2": 1, "6eb3fb2fce09138627fd7b2453e6bbf5-shear_25nN": 1, "6eb3fb2fce09138627fd7b2453e6bbf5-calc_tilt_shear": 1, "6eb3fb2fce09138627fd7b2453e6bbf5-log_S2": 1, "6eb3fb2fce09138627fd7b2453e6bbf5-shear_25nN_rerun_grompp": 1, "6eb3fb2fce09138627fd7b2453e6bbf5-log_cof": 1, "6eb3fb2fce09138627fd7b2453e6bbf5-shear_5nN_extend_grompp": 1, "6eb3fb2fce09138627fd7b2453e6bbf5-equilibrate_grompp": 1, "6eb3fb2fce09138627fd7b2453e6bbf5-shear_15nN_rerun_grompp": 1, "6eb3fb2fce09138627fd7b2453e6bbf5-shear_25nN_extend": 1, "6eb3fb2fce09138627fd7b2453e6bbf5-get_interaction_energy_5nN": 1, "6eb3fb2fce09138627fd7b2453e6bbf5-unwrap_shear_25nN": 1, "6eb3fb2fce09138627fd7b2453e6bbf5-lammps_to_gmx": 1, "6eb3fb2fce09138627fd7b2453e6bbf5-shear_25nN_grompp": 1, "6eb3fb2fce09138627fd7b2453e6bbf5-get_interaction_energy_25nN": 1, "6eb3fb2fce09138627fd7b2453e6bbf5-count_hydrogen_bonds": 1, "6eb3fb2fce09138627fd7b2453e6bbf5-initialize": 1, "6eb3fb2fce09138627fd7b2453e6bbf5-shear_15nN_extend_grompp": 1, "6eb3fb2fce09138627fd7b2453e6bbf5-shear_5nN_rerun_grompp": 1, "6eb3fb2fce09138627fd7b2453e6bbf5-shear_15nN": 1, "6eb3fb2fce09138627fd7b2453e6bbf5-calc_S2_shear": 1, "6eb3fb2fce09138627fd7b2453e6bbf5-shear_5nN_extend": 1, "6eb3fb2fce09138627fd7b2453e6bbf5-get_interaction_energy_15nN": 1, "6eb3fb2fce09138627fd7b2453e6bbf5-shear_15nN_grompp": 1}, "polar_solvation_energy": -0.4}