{"molecular_weight": 46.0055, "surface_area": 59.09, "shear_15nN_qq": [-1604.7499865395685, 149.98738531094014], "COF": 0.13165299767798114, "entropy_vibrational": 1.77, "intercept": 2.701286585755148, "total_solvation_energy": -43.93, "dipole_moment": 3.81, "shear_5nN_qq": [-1684.740394581135, 152.09088999110503], "entropy_translational": 156.76, "tilt": {"15nN": 33.6227703650932, "25nN": 35.58393096458583, "5nN": 29.363716143327018}, "S2": {"15nN": 0.781082249623734, "25nN": 0.7850077385143593, "5nN": 0.7942783531233246}, "enthalpy_vibrational": 62.86, "polar_solvation_energy": -48.71, "heat_capacity_vibrational": 5.42, "shear_5nN_lj": [-1915.2424908776982, 63.5353317936391], "status": {"ab6f8b088fc99ddfce8717b31fc70ee7-initialize": 1, "ab6f8b088fc99ddfce8717b31fc70ee7-get_interaction_energy_5nN": 1, "ab6f8b088fc99ddfce8717b31fc70ee7-unwrap_shear_5nN": 1, "ab6f8b088fc99ddfce8717b31fc70ee7-shear_15nN_extend": 1, "ab6f8b088fc99ddfce8717b31fc70ee7-shear_5nN_extend_grompp": 1, "ab6f8b088fc99ddfce8717b31fc70ee7-log_interaction_energy_25nN": 1, "ab6f8b088fc99ddfce8717b31fc70ee7-top_to_mol2": 1, "ab6f8b088fc99ddfce8717b31fc70ee7-equilibrate_grompp": 1, "ab6f8b088fc99ddfce8717b31fc70ee7-shear_25nN_extend_grompp": 1, "ab6f8b088fc99ddfce8717b31fc70ee7-log_cof": 1, "ab6f8b088fc99ddfce8717b31fc70ee7-shear_15nN_rerun": 1, "ab6f8b088fc99ddfce8717b31fc70ee7-shear_5nN": 1, "ab6f8b088fc99ddfce8717b31fc70ee7-calc_roughness": 1, "ab6f8b088fc99ddfce8717b31fc70ee7-compress_grompp": 1, "ab6f8b088fc99ddfce8717b31fc70ee7-calc_interdigitation": 6, "ab6f8b088fc99ddfce8717b31fc70ee7-unwrap_shear_15nN": 1, "ab6f8b088fc99ddfce8717b31fc70ee7-shear_15nN": 1, "ab6f8b088fc99ddfce8717b31fc70ee7-get_interaction_energy_15nN": 1, "ab6f8b088fc99ddfce8717b31fc70ee7-unwrap_shear_25nN": 1, "ab6f8b088fc99ddfce8717b31fc70ee7-shear_25nN_rerun_grompp": 1, "ab6f8b088fc99ddfce8717b31fc70ee7-count_hydrogen_bonds": 1, "ab6f8b088fc99ddfce8717b31fc70ee7-minimize_grompp": 1, "ab6f8b088fc99ddfce8717b31fc70ee7-shear_25nN_rerun": 1, "ab6f8b088fc99ddfce8717b31fc70ee7-shear_15nN_grompp": 1, "ab6f8b088fc99ddfce8717b31fc70ee7-shear_5nN_grompp": 1, "ab6f8b088fc99ddfce8717b31fc70ee7-fix_overlaps": 1, "ab6f8b088fc99ddfce8717b31fc70ee7-log_interaction_energy_5nN": 1, "ab6f8b088fc99ddfce8717b31fc70ee7-log_tilt": 1, "ab6f8b088fc99ddfce8717b31fc70ee7-shear_5nN_rerun_grompp": 1, "ab6f8b088fc99ddfce8717b31fc70ee7-shear_15nN_rerun_grompp": 1, "ab6f8b088fc99ddfce8717b31fc70ee7-log_S2": 1, "ab6f8b088fc99ddfce8717b31fc70ee7-compress": 1, "ab6f8b088fc99ddfce8717b31fc70ee7-log_interaction_energy_15nN": 1, "ab6f8b088fc99ddfce8717b31fc70ee7-calc_tilt_shear": 1, "ab6f8b088fc99ddfce8717b31fc70ee7-minimize": 1, "ab6f8b088fc99ddfce8717b31fc70ee7-shear_25nN_extend": 1, "ab6f8b088fc99ddfce8717b31fc70ee7-calc_S2_shear": 1, "ab6f8b088fc99ddfce8717b31fc70ee7-shear_25nN": 1, "ab6f8b088fc99ddfce8717b31fc70ee7-shear_25nN_grompp": 1, "ab6f8b088fc99ddfce8717b31fc70ee7-lammps_to_gmx": 1, "ab6f8b088fc99ddfce8717b31fc70ee7-shear_15nN_extend_grompp": 1, "ab6f8b088fc99ddfce8717b31fc70ee7-calc_friction": 1, "ab6f8b088fc99ddfce8717b31fc70ee7-shear_5nN_rerun": 1, "ab6f8b088fc99ddfce8717b31fc70ee7-get_interaction_energy_25nN": 1, "ab6f8b088fc99ddfce8717b31fc70ee7-equilibrate": 1, "ab6f8b088fc99ddfce8717b31fc70ee7-shear_5nN_extend": 1}, "entropy_rotational": 85.69, "shear_25nN_qq": [-1590.8171192470024, 175.51354756626597], "nonpolar_solvation_energy": 4.77, "shear_5nN_Etotal": [-3599.9828854588327, 188.01658463709666], "shear_15nN_Etotal": [-3711.94649329976, 171.1720321192922], "shear_25nN_lj": [-2219.4456692358112, 55.948539606374055], "roughness": {"15nN": 0.053069398330536637, "25nN": 0.050059527661717895, "5nN": 0.05925581465291066}, "interdigitation": {"15nN": 0.15057513641392822, "5nN": 0.16896515719271157, "25nN": 0.14766184164047785}, "shear_25nN_Etotal": [-3810.2627884828144, 202.50941659054274], "shear_15nN_lj": [-2107.196506760192, 52.65176213184644]}