{"shear_15nN_Etotal": [-2134.666032342926, 191.5648211385766], "molecular_weight": 17.0073, "shear_25nN_Etotal": [-2007.5312125075939, 200.6987791122868], "surface_area": 42.49, "shear_15nN_qq": [-884.5883406778577, 200.37808609845462], "enthalpy_vibrational": 57.43, "shear_5nN_qq": [-1086.7366661159072, 210.99872028421413], "tilt": {"5nN": 30.521668444988563, "15nN": 33.067035728957954, "25nN": 35.79844698293455}, "intercept": 4.093865895870435, "shear_25nN_lj": [-1316.4574042869706, 59.35102805062639], "entropy_rotational": 49.19, "shear_5nN_lj": [-1094.2888805835332, 57.31232871357842], "shear_25nN_qq": [-691.0738082206235, 207.67382851695987], "nonpolar_solvation_energy": 2.8, "total_solvation_energy": -12.83, "shear_15nN_lj": [-1250.077691665068, 59.52400757117214], "shear_5nN_Etotal": [-2181.0255466994404, 202.93000366690086], "interdigitation": {"5nN": 0.0949170537983245, "15nN": 0.10515332990942555, "25nN": 0.10890042867605604}, "entropy_vibrational": 0.02, "heat_capacity_vibrational": 0.13, "entropy_translational": 144.8, "status": {"af0cbfa552b46171e9bcab10e410f3a9-unwrap_shear_15nN": 1, "af0cbfa552b46171e9bcab10e410f3a9-shear_15nN": 1, "af0cbfa552b46171e9bcab10e410f3a9-log_interaction_energy_5nN": 1, "af0cbfa552b46171e9bcab10e410f3a9-log_cof": 1, "af0cbfa552b46171e9bcab10e410f3a9-unwrap_shear_5nN": 1, "af0cbfa552b46171e9bcab10e410f3a9-shear_15nN_rerun": 1, "af0cbfa552b46171e9bcab10e410f3a9-top_to_mol2": 1, "af0cbfa552b46171e9bcab10e410f3a9-calc_interdigitation": 1, "af0cbfa552b46171e9bcab10e410f3a9-shear_25nN": 1, "af0cbfa552b46171e9bcab10e410f3a9-shear_25nN_rerun_grompp": 1, "af0cbfa552b46171e9bcab10e410f3a9-lammps_to_gmx": 1, "af0cbfa552b46171e9bcab10e410f3a9-shear_25nN_rerun": 1, "af0cbfa552b46171e9bcab10e410f3a9-shear_5nN_rerun_grompp": 1, "af0cbfa552b46171e9bcab10e410f3a9-log_S2": 1, "af0cbfa552b46171e9bcab10e410f3a9-minimize_grompp": 1, "af0cbfa552b46171e9bcab10e410f3a9-equilibrate_grompp": 1, "af0cbfa552b46171e9bcab10e410f3a9-minimize": 1, "af0cbfa552b46171e9bcab10e410f3a9-shear_5nN_rerun": 1, "af0cbfa552b46171e9bcab10e410f3a9-calc_friction": 1, "af0cbfa552b46171e9bcab10e410f3a9-shear_15nN_extend_grompp": 1, "af0cbfa552b46171e9bcab10e410f3a9-equilibrate": 1, "af0cbfa552b46171e9bcab10e410f3a9-compress": 1, "af0cbfa552b46171e9bcab10e410f3a9-log_tilt": 1, "af0cbfa552b46171e9bcab10e410f3a9-shear_15nN_grompp": 1, "af0cbfa552b46171e9bcab10e410f3a9-get_interaction_energy_25nN": 1, "af0cbfa552b46171e9bcab10e410f3a9-calc_roughness": 1, "af0cbfa552b46171e9bcab10e410f3a9-shear_15nN_extend": 1, "af0cbfa552b46171e9bcab10e410f3a9-shear_5nN": 1, "af0cbfa552b46171e9bcab10e410f3a9-shear_15nN_rerun_grompp": 1, "af0cbfa552b46171e9bcab10e410f3a9-calc_S2_shear": 1, "af0cbfa552b46171e9bcab10e410f3a9-shear_25nN_extend_grompp": 1, "af0cbfa552b46171e9bcab10e410f3a9-unwrap_shear_25nN": 1, "af0cbfa552b46171e9bcab10e410f3a9-fix_overlaps": 1, "af0cbfa552b46171e9bcab10e410f3a9-initialize": 1, "af0cbfa552b46171e9bcab10e410f3a9-shear_25nN_extend": 1, "af0cbfa552b46171e9bcab10e410f3a9-calc_tilt_shear": 1, "af0cbfa552b46171e9bcab10e410f3a9-shear_25nN_grompp": 1, "af0cbfa552b46171e9bcab10e410f3a9-get_interaction_energy_5nN": 1, "af0cbfa552b46171e9bcab10e410f3a9-shear_5nN_extend": 1, "af0cbfa552b46171e9bcab10e410f3a9-log_interaction_energy_25nN": 1, "af0cbfa552b46171e9bcab10e410f3a9-compress_grompp": 1, "af0cbfa552b46171e9bcab10e410f3a9-log_interaction_energy_15nN": 1, "af0cbfa552b46171e9bcab10e410f3a9-count_hydrogen_bonds": 1, "af0cbfa552b46171e9bcab10e410f3a9-get_interaction_energy_15nN": 1, "af0cbfa552b46171e9bcab10e410f3a9-shear_5nN_extend_grompp": 1, "af0cbfa552b46171e9bcab10e410f3a9-shear_5nN_grompp": 1}, "S2": {"5nN": 0.6707621692896231, "15nN": 0.6731532982700125, "25nN": 0.6566898874355066}, "dipole_moment": 1.88, "COF": 0.2017294143474019, "roughness": {"5nN": 0.05119741516019027, "15nN": 0.050157348489833026, "25nN": 0.049708686394028125}, "polar_solvation_energy": -15.61}