{"enthalpy_vibrational": 216.45, "shear_5nN_Etotal": [-1746.170445645883, 94.80194662581994], "heat_capacity_vibrational": 38.72, "entropy_vibrational": 16.0, "interdigitation": {"25nN": 0.1155786606915482, "5nN": 0.10369516462760109, "15nN": 0.1057828219064681}, "polar_solvation_energy": -14.13, "shear_15nN_qq": [-105.37867866746602, 59.6972645044591], "nonpolar_solvation_energy": 11.08, "molecular_weight": 66.0811, "shear_15nN_Etotal": [-1999.5548703269385, 90.4397082098476], "roughness": {"25nN": 0.059742488856294206, "5nN": 0.054428903151953326, "15nN": 0.05109985151490159}, "tilt": {"25nN": 37.508872194655744, "5nN": 31.265983530602824, "15nN": 35.20933544704982}, "total_solvation_energy": -3.05, "surface_area": 76.02, "shear_15nN_lj": [-1894.1761916594724, 55.76968213563463], "dipole_moment": 2.89, "entropy_rotational": 101.75, "shear_25nN_lj": [-1988.813265986411, 56.32196351700178], "shear_25nN_qq": [-119.21205360431654, 60.859863879435515], "status": {"1ea7565023a10f5e76bd9c7f0c50d41c-log_tilt": 1, "1ea7565023a10f5e76bd9c7f0c50d41c-shear_5nN_grompp": 1, "1ea7565023a10f5e76bd9c7f0c50d41c-get_interaction_energy_25nN": 1, "1ea7565023a10f5e76bd9c7f0c50d41c-calc_S2_shear": 1, "1ea7565023a10f5e76bd9c7f0c50d41c-unwrap_shear_25nN": 1, "1ea7565023a10f5e76bd9c7f0c50d41c-lammps_to_gmx": 1, "1ea7565023a10f5e76bd9c7f0c50d41c-unwrap_shear_15nN": 1, "1ea7565023a10f5e76bd9c7f0c50d41c-shear_15nN_extend_grompp": 1, "1ea7565023a10f5e76bd9c7f0c50d41c-count_hydrogen_bonds": 1, "1ea7565023a10f5e76bd9c7f0c50d41c-shear_15nN_rerun_grompp": 1, "1ea7565023a10f5e76bd9c7f0c50d41c-shear_5nN": 1, "1ea7565023a10f5e76bd9c7f0c50d41c-compress": 1, "1ea7565023a10f5e76bd9c7f0c50d41c-log_S2": 1, "1ea7565023a10f5e76bd9c7f0c50d41c-get_interaction_energy_5nN": 1, "1ea7565023a10f5e76bd9c7f0c50d41c-equilibrate_grompp": 1, "1ea7565023a10f5e76bd9c7f0c50d41c-shear_5nN_rerun_grompp": 1, "1ea7565023a10f5e76bd9c7f0c50d41c-minimize_grompp": 1, "1ea7565023a10f5e76bd9c7f0c50d41c-shear_25nN": 1, "1ea7565023a10f5e76bd9c7f0c50d41c-equilibrate": 1, "1ea7565023a10f5e76bd9c7f0c50d41c-log_cof": 1, "1ea7565023a10f5e76bd9c7f0c50d41c-shear_15nN_extend": 1, "1ea7565023a10f5e76bd9c7f0c50d41c-shear_5nN_extend_grompp": 1, "1ea7565023a10f5e76bd9c7f0c50d41c-log_interaction_energy_15nN": 1, "1ea7565023a10f5e76bd9c7f0c50d41c-shear_5nN_extend": 1, "1ea7565023a10f5e76bd9c7f0c50d41c-shear_15nN_rerun": 1, "1ea7565023a10f5e76bd9c7f0c50d41c-shear_25nN_extend": 1, "1ea7565023a10f5e76bd9c7f0c50d41c-fix_overlaps": 1, "1ea7565023a10f5e76bd9c7f0c50d41c-initialize": 1, "1ea7565023a10f5e76bd9c7f0c50d41c-calc_interdigitation": 6, "1ea7565023a10f5e76bd9c7f0c50d41c-log_interaction_energy_5nN": 1, "1ea7565023a10f5e76bd9c7f0c50d41c-calc_tilt_shear": 1, "1ea7565023a10f5e76bd9c7f0c50d41c-shear_15nN_grompp": 1, "1ea7565023a10f5e76bd9c7f0c50d41c-shear_25nN_rerun_grompp": 1, "1ea7565023a10f5e76bd9c7f0c50d41c-top_to_mol2": 1, "1ea7565023a10f5e76bd9c7f0c50d41c-compress_grompp": 1, "1ea7565023a10f5e76bd9c7f0c50d41c-shear_25nN_grompp": 1, "1ea7565023a10f5e76bd9c7f0c50d41c-unwrap_shear_5nN": 1, "1ea7565023a10f5e76bd9c7f0c50d41c-log_interaction_energy_25nN": 1, "1ea7565023a10f5e76bd9c7f0c50d41c-shear_15nN": 1, "1ea7565023a10f5e76bd9c7f0c50d41c-minimize": 1, "1ea7565023a10f5e76bd9c7f0c50d41c-shear_25nN_rerun": 1, "1ea7565023a10f5e76bd9c7f0c50d41c-shear_25nN_extend_grompp": 1, "1ea7565023a10f5e76bd9c7f0c50d41c-get_interaction_energy_15nN": 1, "1ea7565023a10f5e76bd9c7f0c50d41c-calc_roughness": 1, "1ea7565023a10f5e76bd9c7f0c50d41c-shear_5nN_rerun": 1, "1ea7565023a10f5e76bd9c7f0c50d41c-calc_friction": 1}, "shear_25nN_Etotal": [-2108.0253195907276, 89.07416102051987], "ch3-smiles": "C1=C(C)NC=C1", "intercept": 2.07370932524583, "shear_5nN_qq": [-48.81816076578737, 52.908625618539354], "COF": 0.14023111567616342, "chain-smiles": "CCCCCCCCCCCCCCCCCC1=CNC=C1", "shear_5nN_lj": [-1697.352284880096, 60.168996825078324], "h-smiles": "C1=CNC=C1", "entropy_translational": 161.19, "S2": {"25nN": 0.9277568213196091, "5nN": 0.9213021914848922, "15nN": 0.9260727364969019}}