{"enthalpy_vibrational": 43.98, "shear_5nN_Etotal": [-2580.3129068081535, 164.70454062166755], "heat_capacity_vibrational": 4.71, "entropy_vibrational": 1.39, "interdigitation": {"25nN": 0.12291332376142643, "5nN": 0.1524505571247982, "15nN": 0.12967820648899736}, "polar_solvation_energy": -17.95, "shear_15nN_qq": [-1233.2015988193446, 142.69153683465098], "nonpolar_solvation_energy": 9.82, "molecular_weight": 26.0174, "shear_15nN_Etotal": [-2692.1252189120705, 160.26283187987653], "roughness": {"25nN": 0.05963540268572096, "5nN": 0.07495235407581267, "15nN": 0.06125797824382555}, "tilt": {"25nN": 40.76495443462352, "5nN": 35.766153657436426, "15nN": 38.303892403720255}, "shear_15nN_lj": [-1458.9236200927257, 46.72460122395229], "surface_area": 55.12, "total_solvation_energy": -8.13, "dipole_moment": 3.41, "entropy_rotational": 49.42, "shear_25nN_lj": [-1499.3403498968823, 47.57828673302376], "shear_25nN_qq": [-1216.3963288920866, 138.74580042966033], "ch3-smiles": "CC#N", "status": {"c0374fbd898307f3ba83868a5acca689-log_interaction_energy_25nN": 1, "c0374fbd898307f3ba83868a5acca689-shear_5nN_extend_grompp": 1, "c0374fbd898307f3ba83868a5acca689-log_interaction_energy_5nN": 1, "c0374fbd898307f3ba83868a5acca689-shear_5nN_rerun_grompp": 1, "c0374fbd898307f3ba83868a5acca689-minimize_grompp": 1, "c0374fbd898307f3ba83868a5acca689-get_interaction_energy_15nN": 1, "c0374fbd898307f3ba83868a5acca689-equilibrate": 1, "c0374fbd898307f3ba83868a5acca689-fix_overlaps": 1, "c0374fbd898307f3ba83868a5acca689-unwrap_shear_15nN": 1, "c0374fbd898307f3ba83868a5acca689-log_cof": 1, "c0374fbd898307f3ba83868a5acca689-get_interaction_energy_5nN": 1, "c0374fbd898307f3ba83868a5acca689-shear_15nN_rerun": 1, "c0374fbd898307f3ba83868a5acca689-initialize": 1, "c0374fbd898307f3ba83868a5acca689-get_interaction_energy_25nN": 1, "c0374fbd898307f3ba83868a5acca689-count_hydrogen_bonds": 1, "c0374fbd898307f3ba83868a5acca689-shear_15nN_extend": 1, "c0374fbd898307f3ba83868a5acca689-compress_grompp": 1, "c0374fbd898307f3ba83868a5acca689-minimize": 1, "c0374fbd898307f3ba83868a5acca689-shear_15nN": 1, "c0374fbd898307f3ba83868a5acca689-log_S2": 1, "c0374fbd898307f3ba83868a5acca689-shear_15nN_extend_grompp": 1, "c0374fbd898307f3ba83868a5acca689-top_to_mol2": 1, "c0374fbd898307f3ba83868a5acca689-shear_5nN_rerun": 1, "c0374fbd898307f3ba83868a5acca689-compress": 1, "c0374fbd898307f3ba83868a5acca689-shear_15nN_rerun_grompp": 1, "c0374fbd898307f3ba83868a5acca689-shear_5nN_grompp": 1, "c0374fbd898307f3ba83868a5acca689-shear_25nN_grompp": 1, "c0374fbd898307f3ba83868a5acca689-unwrap_shear_5nN": 1, "c0374fbd898307f3ba83868a5acca689-shear_25nN_extend": 1, "c0374fbd898307f3ba83868a5acca689-log_interaction_energy_15nN": 1, "c0374fbd898307f3ba83868a5acca689-shear_25nN": 1, "c0374fbd898307f3ba83868a5acca689-calc_roughness": 1, "c0374fbd898307f3ba83868a5acca689-calc_interdigitation": 6, "c0374fbd898307f3ba83868a5acca689-lammps_to_gmx": 1, "c0374fbd898307f3ba83868a5acca689-unwrap_shear_25nN": 1, "c0374fbd898307f3ba83868a5acca689-calc_S2_shear": 1, "c0374fbd898307f3ba83868a5acca689-equilibrate_grompp": 1, "c0374fbd898307f3ba83868a5acca689-shear_15nN_grompp": 1, "c0374fbd898307f3ba83868a5acca689-shear_5nN": 1, "c0374fbd898307f3ba83868a5acca689-shear_25nN_rerun_grompp": 1, "c0374fbd898307f3ba83868a5acca689-shear_25nN_rerun": 1, "c0374fbd898307f3ba83868a5acca689-shear_5nN_extend": 1, "c0374fbd898307f3ba83868a5acca689-log_tilt": 1, "c0374fbd898307f3ba83868a5acca689-calc_tilt_shear": 1, "c0374fbd898307f3ba83868a5acca689-calc_friction": 1, "c0374fbd898307f3ba83868a5acca689-shear_25nN_extend_grompp": 1}, "shear_25nN_Etotal": [-2715.736678788969, 151.91649365209858], "intercept": 2.258017878240178, "shear_5nN_qq": [-1234.2616969928056, 144.54485753618798], "COF": 0.09340220796491716, "chain-smiles": "CCCCCCCCCCCCCCCCCC#N", "shear_5nN_lj": [-1346.0512098153476, 46.17640526400855], "h-smiles": "C#N", "entropy_translational": 149.86, "S2": {"25nN": 0.9557062080686479, "5nN": 0.9555929876638454, "15nN": 0.956185263656275}}