{"shear_15nN_Etotal": [-2692.1252189120705, 160.26283187987653], "molecular_weight": 26.0174, "shear_25nN_Etotal": [-2715.736678788969, 151.91649365209858], "surface_area": 55.12, "shear_15nN_qq": [-1233.2015988193446, 142.69153683465098], "enthalpy_vibrational": 43.98, "shear_5nN_qq": [-1234.2616969928056, 144.54485753618798], "tilt": {"5nN": 35.766153657436426, "25nN": 40.76495443462352, "15nN": 38.303892403720255}, "intercept": 2.258017878240178, "shear_25nN_lj": [-1499.3403498968823, 47.57828673302376], "entropy_rotational": 49.42, "shear_5nN_lj": [-1346.0512098153476, 46.17640526400855], "shear_25nN_qq": [-1216.3963288920866, 138.74580042966033], "nonpolar_solvation_energy": 9.82, "total_solvation_energy": -8.13, "shear_15nN_lj": [-1458.9236200927257, 46.72460122395229], "shear_5nN_Etotal": [-2580.3129068081535, 164.70454062166755], "interdigitation": {"5nN": 0.15224540820898697, "25nN": 0.12274315195928338, "15nN": 0.1294710454466884}, "entropy_vibrational": 1.39, "heat_capacity_vibrational": 4.71, "entropy_translational": 149.86, "roughness": {"5nN": 0.07495235407581267, "25nN": 0.05963540268572096, "15nN": 0.06125797824382555}, "S2": {"5nN": 0.9555929876638454, "25nN": 0.9557062080686479, "15nN": 0.956185263656275}, "dipole_moment": 3.41, "COF": 0.09340220796491716, "status": {"c0374fbd898307f3ba83868a5acca689-shear_5nN_rerun_grompp": 1, "c0374fbd898307f3ba83868a5acca689-shear_15nN_extend_grompp": 1, "c0374fbd898307f3ba83868a5acca689-log_interaction_energy_25nN": 1, "c0374fbd898307f3ba83868a5acca689-calc_S2_shear": 1, "c0374fbd898307f3ba83868a5acca689-compress": 1, "c0374fbd898307f3ba83868a5acca689-initialize": 1, "c0374fbd898307f3ba83868a5acca689-shear_25nN_rerun_grompp": 1, "c0374fbd898307f3ba83868a5acca689-shear_15nN_rerun_grompp": 1, "c0374fbd898307f3ba83868a5acca689-shear_5nN_grompp": 1, "c0374fbd898307f3ba83868a5acca689-minimize": 1, "c0374fbd898307f3ba83868a5acca689-minimize_grompp": 1, "c0374fbd898307f3ba83868a5acca689-shear_5nN_extend": 1, "c0374fbd898307f3ba83868a5acca689-calc_tilt_shear": 1, "c0374fbd898307f3ba83868a5acca689-shear_5nN": 1, "c0374fbd898307f3ba83868a5acca689-equilibrate_grompp": 1, "c0374fbd898307f3ba83868a5acca689-shear_15nN_rerun": 1, "c0374fbd898307f3ba83868a5acca689-compress_grompp": 1, "c0374fbd898307f3ba83868a5acca689-get_interaction_energy_5nN": 1, "c0374fbd898307f3ba83868a5acca689-calc_interdigitation": 1, "c0374fbd898307f3ba83868a5acca689-get_interaction_energy_25nN": 1, "c0374fbd898307f3ba83868a5acca689-equilibrate": 1, "c0374fbd898307f3ba83868a5acca689-log_S2": 1, "c0374fbd898307f3ba83868a5acca689-calc_roughness": 1, "c0374fbd898307f3ba83868a5acca689-shear_25nN_grompp": 1, "c0374fbd898307f3ba83868a5acca689-calc_friction": 1, "c0374fbd898307f3ba83868a5acca689-shear_15nN": 1, "c0374fbd898307f3ba83868a5acca689-log_interaction_energy_15nN": 1, "c0374fbd898307f3ba83868a5acca689-shear_15nN_extend": 1, "c0374fbd898307f3ba83868a5acca689-count_hydrogen_bonds": 1, "c0374fbd898307f3ba83868a5acca689-top_to_mol2": 1, "c0374fbd898307f3ba83868a5acca689-shear_25nN": 1, "c0374fbd898307f3ba83868a5acca689-unwrap_shear_5nN": 1, "c0374fbd898307f3ba83868a5acca689-unwrap_shear_15nN": 1, "c0374fbd898307f3ba83868a5acca689-shear_25nN_extend": 1, "c0374fbd898307f3ba83868a5acca689-shear_25nN_extend_grompp": 1, "c0374fbd898307f3ba83868a5acca689-shear_5nN_rerun": 1, "c0374fbd898307f3ba83868a5acca689-shear_5nN_extend_grompp": 1, "c0374fbd898307f3ba83868a5acca689-log_interaction_energy_5nN": 1, "c0374fbd898307f3ba83868a5acca689-lammps_to_gmx": 1, "c0374fbd898307f3ba83868a5acca689-unwrap_shear_25nN": 1, "c0374fbd898307f3ba83868a5acca689-shear_15nN_grompp": 1, "c0374fbd898307f3ba83868a5acca689-log_tilt": 1, "c0374fbd898307f3ba83868a5acca689-shear_25nN_rerun": 1, "c0374fbd898307f3ba83868a5acca689-fix_overlaps": 1, "c0374fbd898307f3ba83868a5acca689-log_cof": 1, "c0374fbd898307f3ba83868a5acca689-get_interaction_energy_15nN": 1}, "polar_solvation_energy": -17.95}