{"enthalpy_vibrational": 214.06, "shear_5nN_Etotal": [-1099.5723476370902, 45.156699542386846], "heat_capacity_vibrational": 19.47, "entropy_vibrational": 5.04, "interdigitation": {"25nN": 0.10975078320674715, "5nN": 0.0963434739217244, "15nN": 0.10023526774321176}, "polar_solvation_energy": -1.28, "shear_15nN_qq": [227.14745134772178, 9.823274017792086], "nonpolar_solvation_energy": 9.15, "molecular_weight": 41.0716, "shear_15nN_Etotal": [-1274.4258047865708, 43.98304597502362], "roughness": {"25nN": 0.05796399545747197, "5nN": 0.05982749034283466, "15nN": 0.054593998571227785}, "tilt": {"25nN": 36.95336313598774, "5nN": 29.569044259408468, "15nN": 34.51496659838384}, "shear_15nN_lj": [-1501.5732561342927, 44.88323280712808], "surface_area": 65.5, "total_solvation_energy": 7.89, "dipole_moment": 0.0, "entropy_rotational": 90.7, "shear_25nN_lj": [-1598.6663718729017, 48.59391683530474], "shear_25nN_qq": [260.1304276826539, 10.76574753301986], "ch3-smiles": "CC1CC1", "status": {"fb56f522ebbd17141093163667ff9875-calc_tilt_shear": 1, "fb56f522ebbd17141093163667ff9875-unwrap_shear_5nN": 1, "fb56f522ebbd17141093163667ff9875-shear_15nN_extend": 1, "fb56f522ebbd17141093163667ff9875-lammps_to_gmx": 1, "fb56f522ebbd17141093163667ff9875-get_interaction_energy_25nN": 1, "fb56f522ebbd17141093163667ff9875-log_interaction_energy_15nN": 1, "fb56f522ebbd17141093163667ff9875-fix_overlaps": 1, "fb56f522ebbd17141093163667ff9875-get_interaction_energy_5nN": 1, "fb56f522ebbd17141093163667ff9875-shear_25nN_extend": 1, "fb56f522ebbd17141093163667ff9875-shear_15nN_rerun": 1, "fb56f522ebbd17141093163667ff9875-calc_S2_shear": 1, "fb56f522ebbd17141093163667ff9875-log_cof": 1, "fb56f522ebbd17141093163667ff9875-log_interaction_energy_5nN": 1, "fb56f522ebbd17141093163667ff9875-unwrap_shear_25nN": 1, "fb56f522ebbd17141093163667ff9875-get_interaction_energy_15nN": 1, "fb56f522ebbd17141093163667ff9875-top_to_mol2": 1, "fb56f522ebbd17141093163667ff9875-compress": 1, "fb56f522ebbd17141093163667ff9875-shear_15nN_grompp": 1, "fb56f522ebbd17141093163667ff9875-shear_5nN_grompp": 1, "fb56f522ebbd17141093163667ff9875-shear_25nN_grompp": 1, "fb56f522ebbd17141093163667ff9875-compress_grompp": 1, "fb56f522ebbd17141093163667ff9875-log_tilt": 1, "fb56f522ebbd17141093163667ff9875-calc_friction": 1, "fb56f522ebbd17141093163667ff9875-count_hydrogen_bonds": 1, "fb56f522ebbd17141093163667ff9875-minimize_grompp": 1, "fb56f522ebbd17141093163667ff9875-shear_25nN_extend_grompp": 1, "fb56f522ebbd17141093163667ff9875-shear_25nN_rerun_grompp": 1, "fb56f522ebbd17141093163667ff9875-initialize": 1, "fb56f522ebbd17141093163667ff9875-shear_15nN": 1, "fb56f522ebbd17141093163667ff9875-shear_5nN_extend": 1, "fb56f522ebbd17141093163667ff9875-shear_5nN": 1, "fb56f522ebbd17141093163667ff9875-shear_5nN_rerun": 1, "fb56f522ebbd17141093163667ff9875-shear_25nN_rerun": 1, "fb56f522ebbd17141093163667ff9875-calc_interdigitation": 6, "fb56f522ebbd17141093163667ff9875-equilibrate": 1, "fb56f522ebbd17141093163667ff9875-shear_5nN_rerun_grompp": 1, "fb56f522ebbd17141093163667ff9875-shear_5nN_extend_grompp": 1, "fb56f522ebbd17141093163667ff9875-equilibrate_grompp": 1, "fb56f522ebbd17141093163667ff9875-shear_25nN": 1, "fb56f522ebbd17141093163667ff9875-log_S2": 1, "fb56f522ebbd17141093163667ff9875-shear_15nN_rerun_grompp": 1, "fb56f522ebbd17141093163667ff9875-unwrap_shear_15nN": 1, "fb56f522ebbd17141093163667ff9875-calc_roughness": 1, "fb56f522ebbd17141093163667ff9875-minimize": 1, "fb56f522ebbd17141093163667ff9875-log_interaction_energy_25nN": 1, "fb56f522ebbd17141093163667ff9875-shear_15nN_extend_grompp": 1}, "shear_25nN_Etotal": [-1338.5359441902478, 48.737470314587604], "intercept": 0.49045269424573057, "shear_5nN_qq": [167.47303334692248, 10.366672418547848], "COF": 0.17435918044213178, "chain-smiles": "CCCCCCCCCCCCCCCCCC1CC1", "shear_5nN_lj": [-1267.0453809840128, 46.31755666940488], "h-smiles": "C1CC1", "entropy_translational": 155.37, "S2": {"25nN": 0.9366096380096486, "5nN": 0.9284770722840009, "15nN": 0.926252243773176}}