{"enthalpy_vibrational": 280.86, "shear_5nN_Etotal": [-3783.0827162470027, 147.38373637705095], "heat_capacity_vibrational": 83.45, "entropy_vibrational": 69.31, "interdigitation": {"25nN": 0.16844593405415367, "5nN": 0.1995062132346491, "15nN": 0.18314016509818354}, "polar_solvation_energy": -32.99, "shear_15nN_qq": [-1402.21059596243, 90.59946503154168], "nonpolar_solvation_energy": 8.49, "molecular_weight": 122.1013, "shear_15nN_Etotal": [-3914.1325146994404, 140.8947239626455], "roughness": {"25nN": 0.04862262852937254, "5nN": 0.0557362174657838, "15nN": 0.05059308858386966}, "tilt": {"25nN": 35.3466417193332, "5nN": 29.40674016790675, "15nN": 32.95989134285584}, "shear_15nN_lj": [-2511.9219187370104, 70.72466981511789], "surface_area": 118.23, "total_solvation_energy": -24.48, "dipole_moment": 6.22, "entropy_rotational": 119.66, "shear_25nN_lj": [-2557.015923382894, 63.66529613058338], "shear_25nN_qq": [-1437.4424298457234, 88.75340959844203], "ch3-smiles": "CC1=CC=C([N+](=O)[O-])C=C1", "status": {"8b55f08719bc4c2334ce88cf2e931ada-lammps_to_gmx": 1, "8b55f08719bc4c2334ce88cf2e931ada-shear_25nN_extend_grompp": 1, "8b55f08719bc4c2334ce88cf2e931ada-minimize_grompp": 1, "8b55f08719bc4c2334ce88cf2e931ada-compress_grompp": 1, "8b55f08719bc4c2334ce88cf2e931ada-shear_5nN_rerun_grompp": 1, "8b55f08719bc4c2334ce88cf2e931ada-shear_25nN": 1, "8b55f08719bc4c2334ce88cf2e931ada-shear_25nN_extend": 1, "8b55f08719bc4c2334ce88cf2e931ada-log_tilt": 1, "8b55f08719bc4c2334ce88cf2e931ada-calc_interdigitation": 6, "8b55f08719bc4c2334ce88cf2e931ada-unwrap_shear_15nN": 1, "8b55f08719bc4c2334ce88cf2e931ada-log_interaction_energy_15nN": 1, "8b55f08719bc4c2334ce88cf2e931ada-minimize": 1, "8b55f08719bc4c2334ce88cf2e931ada-top_to_mol2": 1, "8b55f08719bc4c2334ce88cf2e931ada-shear_5nN_rerun": 1, "8b55f08719bc4c2334ce88cf2e931ada-calc_tilt_shear": 1, "8b55f08719bc4c2334ce88cf2e931ada-shear_15nN_extend": 1, "8b55f08719bc4c2334ce88cf2e931ada-calc_roughness": 1, "8b55f08719bc4c2334ce88cf2e931ada-fix_overlaps": 1, "8b55f08719bc4c2334ce88cf2e931ada-log_interaction_energy_25nN": 1, "8b55f08719bc4c2334ce88cf2e931ada-shear_25nN_rerun": 1, "8b55f08719bc4c2334ce88cf2e931ada-shear_15nN_grompp": 1, "8b55f08719bc4c2334ce88cf2e931ada-shear_5nN_extend": 1, "8b55f08719bc4c2334ce88cf2e931ada-shear_25nN_grompp": 1, "8b55f08719bc4c2334ce88cf2e931ada-compress": 1, "8b55f08719bc4c2334ce88cf2e931ada-log_S2": 1, "8b55f08719bc4c2334ce88cf2e931ada-shear_5nN_grompp": 1, "8b55f08719bc4c2334ce88cf2e931ada-log_interaction_energy_5nN": 1, "8b55f08719bc4c2334ce88cf2e931ada-unwrap_shear_25nN": 1, "8b55f08719bc4c2334ce88cf2e931ada-log_cof": 1, "8b55f08719bc4c2334ce88cf2e931ada-shear_5nN": 1, "8b55f08719bc4c2334ce88cf2e931ada-shear_15nN": 1, "8b55f08719bc4c2334ce88cf2e931ada-get_interaction_energy_25nN": 1, "8b55f08719bc4c2334ce88cf2e931ada-get_interaction_energy_5nN": 1, "8b55f08719bc4c2334ce88cf2e931ada-equilibrate": 1, "8b55f08719bc4c2334ce88cf2e931ada-equilibrate_grompp": 1, "8b55f08719bc4c2334ce88cf2e931ada-shear_5nN_extend_grompp": 1, "8b55f08719bc4c2334ce88cf2e931ada-calc_friction": 1, "8b55f08719bc4c2334ce88cf2e931ada-shear_15nN_extend_grompp": 1, "8b55f08719bc4c2334ce88cf2e931ada-unwrap_shear_5nN": 1, "8b55f08719bc4c2334ce88cf2e931ada-shear_25nN_rerun_grompp": 1, "8b55f08719bc4c2334ce88cf2e931ada-count_hydrogen_bonds": 1, "8b55f08719bc4c2334ce88cf2e931ada-shear_15nN_rerun": 1, "8b55f08719bc4c2334ce88cf2e931ada-initialize": 1, "8b55f08719bc4c2334ce88cf2e931ada-calc_S2_shear": 1, "8b55f08719bc4c2334ce88cf2e931ada-get_interaction_energy_15nN": 1, "8b55f08719bc4c2334ce88cf2e931ada-shear_15nN_rerun_grompp": 1}, "shear_25nN_Etotal": [-3994.458353228617, 130.0352289471362], "intercept": 2.995348439500588, "shear_5nN_qq": [-1417.788641148681, 88.08722669386478], "COF": 0.12834000828722977, "chain-smiles": "CCCCCCCCCCCCCCCCCC1=CC=C([N+](=O)[O-])C=C1", "shear_5nN_lj": [-2365.294075098321, 76.59864510989524], "h-smiles": "C1=CC=C([N+](=O)[O-])C=C1", "entropy_translational": 168.76, "S2": {"25nN": 0.8565918089011673, "5nN": 0.8572929370786561, "15nN": 0.86347869504245}}