{"shear_15nN_Etotal": [-1480.8025599904076, 49.59567099712668], "molecular_weight": 69.0059, "shear_25nN_Etotal": [-1538.618433798561, 50.607086445427285], "surface_area": 60.34, "shear_15nN_qq": [-301.18629762430055, 20.63381958782582], "enthalpy_vibrational": 66.5, "shear_5nN_qq": [-313.5472355627498, 14.575110348625639], "tilt": {"5nN": 29.106280277428148, "25nN": 37.20415954282544, "15nN": 33.769445545450345}, "intercept": 0.7978294824952723, "shear_25nN_lj": [-1239.022277101519, 47.19484166740837], "entropy_rotational": 99.44, "shear_5nN_lj": [-971.6813117785772, 40.39320287367907], "shear_25nN_qq": [-299.5961566970424, 25.302716383949413], "nonpolar_solvation_energy": 23.24, "total_solvation_energy": 10.13, "shear_15nN_lj": [-1179.616262366107, 44.0826698699262], "shear_5nN_Etotal": [-1285.228547341327, 46.90287023564903], "interdigitation": {"5nN": 0.1403464386805068, "25nN": 0.14021285841653564, "15nN": 0.14728266467726814}, "entropy_vibrational": 8.9, "heat_capacity_vibrational": 19.38, "entropy_translational": 161.73, "status": {"226ea905f0358728b232d65de61fda85-calc_tilt_shear": 1, "226ea905f0358728b232d65de61fda85-log_S2": 1, "226ea905f0358728b232d65de61fda85-shear_25nN_rerun": 1, "226ea905f0358728b232d65de61fda85-unwrap_shear_25nN": 1, "226ea905f0358728b232d65de61fda85-calc_roughness": 1, "226ea905f0358728b232d65de61fda85-shear_5nN_rerun_grompp": 1, "226ea905f0358728b232d65de61fda85-shear_5nN": 1, "226ea905f0358728b232d65de61fda85-fix_overlaps": 1, "226ea905f0358728b232d65de61fda85-unwrap_shear_5nN": 1, "226ea905f0358728b232d65de61fda85-lammps_to_gmx": 1, "226ea905f0358728b232d65de61fda85-minimize_grompp": 1, "226ea905f0358728b232d65de61fda85-shear_15nN_grompp": 1, "226ea905f0358728b232d65de61fda85-shear_25nN_extend_grompp": 1, "226ea905f0358728b232d65de61fda85-shear_15nN_extend": 1, "226ea905f0358728b232d65de61fda85-log_tilt": 1, "226ea905f0358728b232d65de61fda85-shear_15nN_extend_grompp": 1, "226ea905f0358728b232d65de61fda85-get_interaction_energy_25nN": 1, "226ea905f0358728b232d65de61fda85-log_cof": 1, "226ea905f0358728b232d65de61fda85-unwrap_shear_15nN": 1, "226ea905f0358728b232d65de61fda85-shear_5nN_grompp": 1, "226ea905f0358728b232d65de61fda85-log_interaction_energy_15nN": 1, "226ea905f0358728b232d65de61fda85-shear_5nN_extend": 1, "226ea905f0358728b232d65de61fda85-calc_interdigitation": 1, "226ea905f0358728b232d65de61fda85-calc_S2_shear": 1, "226ea905f0358728b232d65de61fda85-top_to_mol2": 1, "226ea905f0358728b232d65de61fda85-equilibrate_grompp": 1, "226ea905f0358728b232d65de61fda85-calc_friction": 1, "226ea905f0358728b232d65de61fda85-get_interaction_energy_15nN": 1, "226ea905f0358728b232d65de61fda85-minimize": 1, "226ea905f0358728b232d65de61fda85-count_hydrogen_bonds": 1, "226ea905f0358728b232d65de61fda85-get_interaction_energy_5nN": 1, "226ea905f0358728b232d65de61fda85-compress_grompp": 1, "226ea905f0358728b232d65de61fda85-compress": 1, "226ea905f0358728b232d65de61fda85-shear_25nN_grompp": 1, "226ea905f0358728b232d65de61fda85-shear_15nN_rerun_grompp": 1, "226ea905f0358728b232d65de61fda85-equilibrate": 1, "226ea905f0358728b232d65de61fda85-shear_15nN_rerun": 1, "226ea905f0358728b232d65de61fda85-shear_25nN": 1, "226ea905f0358728b232d65de61fda85-shear_25nN_extend": 1, "226ea905f0358728b232d65de61fda85-shear_5nN_extend_grompp": 1, "226ea905f0358728b232d65de61fda85-shear_25nN_rerun_grompp": 1, "226ea905f0358728b232d65de61fda85-log_interaction_energy_5nN": 1, "226ea905f0358728b232d65de61fda85-initialize": 1, "226ea905f0358728b232d65de61fda85-shear_5nN_rerun": 1, "226ea905f0358728b232d65de61fda85-log_interaction_energy_25nN": 1, "226ea905f0358728b232d65de61fda85-shear_15nN": 1}, "S2": {"5nN": 0.9172097931935603, "25nN": 0.9111166150552523, "15nN": 0.9050097583282731}, "polar_solvation_energy": -13.1, "COF": 0.17476904044586705, "roughness": {"5nN": 0.0656048911804189, "25nN": 0.05088358212225512, "15nN": 0.05487959819792514}, "dipole_moment": 2.09}