{"interdigitation": {"15nN": 0.12488515888591846, "5nN": 0.14352496661762912, "25nN": 0.12673863728906928}, "shear_15nN_lj": [-1560.5655200439649, 43.407192883362754], "entropy_translational": 150.32, "heat_capacity_vibrational": 10.23, "dipole_moment": 0.0, "status": {"7f77f30f1e15eeec2993d8eff5f85cd9-shear_25nN_rerun": 1, "7f77f30f1e15eeec2993d8eff5f85cd9-log_interaction_energy_25nN": 1, "7f77f30f1e15eeec2993d8eff5f85cd9-shear_5nN_rerun": 1, "7f77f30f1e15eeec2993d8eff5f85cd9-shear_25nN_extend": 1, "7f77f30f1e15eeec2993d8eff5f85cd9-calc_roughness": 1, "7f77f30f1e15eeec2993d8eff5f85cd9-shear_25nN_extend_grompp": 1, "7f77f30f1e15eeec2993d8eff5f85cd9-compress": 1, "7f77f30f1e15eeec2993d8eff5f85cd9-unwrap_shear_25nN": 1, "7f77f30f1e15eeec2993d8eff5f85cd9-get_interaction_energy_5nN": 1, "7f77f30f1e15eeec2993d8eff5f85cd9-calc_S2_shear": 1, "7f77f30f1e15eeec2993d8eff5f85cd9-initialize": 1, "7f77f30f1e15eeec2993d8eff5f85cd9-shear_15nN_extend_grompp": 1, "7f77f30f1e15eeec2993d8eff5f85cd9-calc_interdigitation": 6, "7f77f30f1e15eeec2993d8eff5f85cd9-shear_15nN_rerun_grompp": 1, "7f77f30f1e15eeec2993d8eff5f85cd9-get_interaction_energy_25nN": 1, "7f77f30f1e15eeec2993d8eff5f85cd9-log_cof": 1, "7f77f30f1e15eeec2993d8eff5f85cd9-equilibrate_grompp": 1, "7f77f30f1e15eeec2993d8eff5f85cd9-shear_5nN_extend_grompp": 1, "7f77f30f1e15eeec2993d8eff5f85cd9-unwrap_shear_5nN": 1, "7f77f30f1e15eeec2993d8eff5f85cd9-shear_25nN_rerun_grompp": 1, "7f77f30f1e15eeec2993d8eff5f85cd9-log_S2": 1, "7f77f30f1e15eeec2993d8eff5f85cd9-equilibrate": 1, "7f77f30f1e15eeec2993d8eff5f85cd9-minimize": 1, "7f77f30f1e15eeec2993d8eff5f85cd9-calc_friction": 1, "7f77f30f1e15eeec2993d8eff5f85cd9-count_hydrogen_bonds": 1, "7f77f30f1e15eeec2993d8eff5f85cd9-fix_overlaps": 1, "7f77f30f1e15eeec2993d8eff5f85cd9-shear_15nN_extend": 1, "7f77f30f1e15eeec2993d8eff5f85cd9-shear_5nN_grompp": 1, "7f77f30f1e15eeec2993d8eff5f85cd9-minimize_grompp": 1, "7f77f30f1e15eeec2993d8eff5f85cd9-shear_5nN": 1, "7f77f30f1e15eeec2993d8eff5f85cd9-calc_tilt_shear": 1, "7f77f30f1e15eeec2993d8eff5f85cd9-shear_15nN_rerun": 1, "7f77f30f1e15eeec2993d8eff5f85cd9-compress_grompp": 1, "7f77f30f1e15eeec2993d8eff5f85cd9-lammps_to_gmx": 1, "7f77f30f1e15eeec2993d8eff5f85cd9-shear_5nN_extend": 1, "7f77f30f1e15eeec2993d8eff5f85cd9-unwrap_shear_15nN": 1, "7f77f30f1e15eeec2993d8eff5f85cd9-log_tilt": 1, "7f77f30f1e15eeec2993d8eff5f85cd9-log_interaction_energy_15nN": 1, "7f77f30f1e15eeec2993d8eff5f85cd9-shear_15nN_grompp": 1, "7f77f30f1e15eeec2993d8eff5f85cd9-shear_15nN": 1, "7f77f30f1e15eeec2993d8eff5f85cd9-shear_25nN": 1, "7f77f30f1e15eeec2993d8eff5f85cd9-top_to_mol2": 1, "7f77f30f1e15eeec2993d8eff5f85cd9-log_interaction_energy_5nN": 1, "7f77f30f1e15eeec2993d8eff5f85cd9-get_interaction_energy_15nN": 1, "7f77f30f1e15eeec2993d8eff5f85cd9-shear_25nN_grompp": 1, "7f77f30f1e15eeec2993d8eff5f85cd9-shear_5nN_rerun_grompp": 1}, "roughness": {"15nN": 0.057015484682875706, "5nN": 0.06337414087873304, "25nN": 0.06022425945105705}, "nonpolar_solvation_energy": 8.4, "shear_25nN_Etotal": [-1216.493456008793, 44.95968800545234], "shear_5nN_lj": [-1338.0644741910473, 46.621249986819514], "shear_25nN_qq": [441.3699254444445, 15.257712229254977], "shear_5nN_qq": [347.3826235163869, 13.57178619653712], "enthalpy_vibrational": 131.44, "polar_solvation_energy": -1.05, "COF": 0.13006029853104356, "shear_15nN_Etotal": [-1160.1798361670662, 43.01726005592098], "intercept": 0.9858276085782756, "surface_area": 61.0, "shear_25nN_lj": [-1657.8633814532375, 44.217938890764245], "tilt": {"15nN": 35.555577095006626, "5nN": 31.432342829806096, "25nN": 37.57131883175998}, "molecular_weight": 27.0451, "S2": {"15nN": 0.9165456970026536, "5nN": 0.9140423618032182, "25nN": 0.9111894964954892}, "entropy_vibrational": 2.65, "shear_15nN_qq": [400.38568387689844, 13.474263379668734], "shear_5nN_Etotal": [-990.6818506746604, 44.23274661709079], "entropy_rotational": 77.76, "total_solvation_energy": 7.34}