{"shear_15nN_Etotal": [-1359.238586135092, 47.321052289629314], "entropy_translational": 155.37, "dipole_moment": 0.0, "intercept": 0.39389536815570825, "heat_capacity_vibrational": 19.47, "roughness": {"15nN": 0.05319428086670231, "5nN": 0.06029761343850941, "25nN": 0.05089097420615057}, "molecular_weight": 41.0716, "S2": {"15nN": 0.9559365722806755, "5nN": 0.9514849034856595, "25nN": 0.9269828901001071}, "shear_25nN_qq": [147.09149338689048, 15.642344550306133], "surface_area": 65.5, "interdigitation": {"15nN": 0.09450554738122291, "5nN": 0.1124417853392031, "25nN": 0.09394463341396218}, "shear_15nN_lj": [-1471.20132, 47.61003157841215], "total_solvation_energy": 7.89, "shear_5nN_Etotal": [-1187.1264915595525, 47.96739230205563], "COF": 0.15608508920035047, "nonpolar_solvation_energy": 9.15, "shear_25nN_Etotal": [-1448.0472541958434, 45.749295556099376], "shear_5nN_qq": [60.07979379936051, 9.702700768069608], "entropy_vibrational": 5.04, "entropy_rotational": 90.7, "enthalpy_vibrational": 214.06, "tilt": {"15nN": 36.70551876615529, "5nN": 33.84117870932768, "25nN": 38.82081731032102}, "polar_solvation_energy": -1.28, "shear_5nN_lj": [-1247.2062853589127, 49.0910089758884], "shear_25nN_lj": [-1595.138747582734, 45.74123650641593], "status": {"ba6ab77fc9b29f80773e656a8eac5016-minimize": 1, "ba6ab77fc9b29f80773e656a8eac5016-unwrap_shear_15nN": 1, "ba6ab77fc9b29f80773e656a8eac5016-calc_roughness": 1, "ba6ab77fc9b29f80773e656a8eac5016-shear_15nN_extend_grompp": 1, "ba6ab77fc9b29f80773e656a8eac5016-log_interaction_energy_25nN": 1, "ba6ab77fc9b29f80773e656a8eac5016-log_interaction_energy_5nN": 1, "ba6ab77fc9b29f80773e656a8eac5016-log_S2": 1, "ba6ab77fc9b29f80773e656a8eac5016-log_tilt": 1, "ba6ab77fc9b29f80773e656a8eac5016-shear_15nN_grompp": 1, "ba6ab77fc9b29f80773e656a8eac5016-compress": 1, "ba6ab77fc9b29f80773e656a8eac5016-log_cof": 1, "ba6ab77fc9b29f80773e656a8eac5016-get_interaction_energy_15nN": 1, "ba6ab77fc9b29f80773e656a8eac5016-shear_5nN_rerun_grompp": 1, "ba6ab77fc9b29f80773e656a8eac5016-shear_15nN_extend": 1, "ba6ab77fc9b29f80773e656a8eac5016-top_to_mol2": 1, "ba6ab77fc9b29f80773e656a8eac5016-equilibrate": 1, "ba6ab77fc9b29f80773e656a8eac5016-calc_friction": 1, "ba6ab77fc9b29f80773e656a8eac5016-shear_25nN_extend": 1, "ba6ab77fc9b29f80773e656a8eac5016-shear_5nN": 1, "ba6ab77fc9b29f80773e656a8eac5016-shear_15nN_rerun": 1, "ba6ab77fc9b29f80773e656a8eac5016-get_interaction_energy_25nN": 1, "ba6ab77fc9b29f80773e656a8eac5016-shear_25nN_rerun_grompp": 1, "ba6ab77fc9b29f80773e656a8eac5016-calc_S2_shear": 1, "ba6ab77fc9b29f80773e656a8eac5016-shear_5nN_extend_grompp": 1, "ba6ab77fc9b29f80773e656a8eac5016-shear_25nN": 1, "ba6ab77fc9b29f80773e656a8eac5016-unwrap_shear_25nN": 1, "ba6ab77fc9b29f80773e656a8eac5016-shear_5nN_extend": 1, "ba6ab77fc9b29f80773e656a8eac5016-shear_25nN_extend_grompp": 1, "ba6ab77fc9b29f80773e656a8eac5016-shear_15nN": 1, "ba6ab77fc9b29f80773e656a8eac5016-lammps_to_gmx": 1, "ba6ab77fc9b29f80773e656a8eac5016-initialize": 1, "ba6ab77fc9b29f80773e656a8eac5016-get_interaction_energy_5nN": 1, "ba6ab77fc9b29f80773e656a8eac5016-shear_15nN_rerun_grompp": 1, "ba6ab77fc9b29f80773e656a8eac5016-compress_grompp": 1, "ba6ab77fc9b29f80773e656a8eac5016-shear_5nN_grompp": 1, "ba6ab77fc9b29f80773e656a8eac5016-shear_25nN_grompp": 1, "ba6ab77fc9b29f80773e656a8eac5016-calc_tilt_shear": 1, "ba6ab77fc9b29f80773e656a8eac5016-count_hydrogen_bonds": 1, "ba6ab77fc9b29f80773e656a8eac5016-fix_overlaps": 1, "ba6ab77fc9b29f80773e656a8eac5016-unwrap_shear_5nN": 1, "ba6ab77fc9b29f80773e656a8eac5016-shear_5nN_rerun": 1, "ba6ab77fc9b29f80773e656a8eac5016-equilibrate_grompp": 1, "ba6ab77fc9b29f80773e656a8eac5016-minimize_grompp": 1, "ba6ab77fc9b29f80773e656a8eac5016-log_interaction_energy_15nN": 1, "ba6ab77fc9b29f80773e656a8eac5016-shear_25nN_rerun": 1, "ba6ab77fc9b29f80773e656a8eac5016-calc_interdigitation": 6}, "shear_15nN_qq": [111.96273386490807, 12.304889783779311]}