{"enthalpy_vibrational": 92.73, "shear_5nN_Etotal": [-1637.1858882166268, 140.73405979166495], "heat_capacity_vibrational": 0.69, "entropy_vibrational": 0.11, "interdigitation": {"25nN": 0.12248961318889597, "5nN": 0.11688172805654172, "15nN": 0.11826249397539215}, "polar_solvation_energy": -10.38, "shear_15nN_qq": [-295.5928024236611, 163.58481217213642], "nonpolar_solvation_energy": 5.48, "molecular_weight": 16.0225, "shear_15nN_Etotal": [-1465.3580046594725, 159.15426626395737], "roughness": {"25nN": 0.05373579825640879, "5nN": 0.05635419338802256, "15nN": 0.05370365931447018}, "tilt": {"25nN": 35.56791188831414, "5nN": 30.438103384034324, "15nN": 33.827598954556066}, "shear_15nN_lj": [-1169.7652022358113, 52.890856660645284], "surface_area": 42.91, "total_solvation_energy": -4.92, "dipole_moment": 1.63, "entropy_rotational": 56.63, "shear_25nN_lj": [-1233.5886209960033, 56.03988041256793], "shear_5nN_lj": [-1009.7069096650679, 54.539821571533885], "status": {"ef00025fe29853c49157f07ef6612374-lammps_to_gmx": 1, "ef00025fe29853c49157f07ef6612374-fix_overlaps": 1, "ef00025fe29853c49157f07ef6612374-log_interaction_energy_15nN": 1, "ef00025fe29853c49157f07ef6612374-log_interaction_energy_25nN": 1, "ef00025fe29853c49157f07ef6612374-shear_25nN": 1, "ef00025fe29853c49157f07ef6612374-shear_15nN_grompp": 1, "ef00025fe29853c49157f07ef6612374-shear_15nN_extend_grompp": 1, "ef00025fe29853c49157f07ef6612374-unwrap_shear_5nN": 1, "ef00025fe29853c49157f07ef6612374-minimize": 1, "ef00025fe29853c49157f07ef6612374-log_cof": 1, "ef00025fe29853c49157f07ef6612374-calc_S2_shear": 1, "ef00025fe29853c49157f07ef6612374-shear_15nN": 1, "ef00025fe29853c49157f07ef6612374-log_tilt": 1, "ef00025fe29853c49157f07ef6612374-shear_25nN_extend_grompp": 1, "ef00025fe29853c49157f07ef6612374-shear_15nN_rerun": 1, "ef00025fe29853c49157f07ef6612374-shear_25nN_grompp": 1, "ef00025fe29853c49157f07ef6612374-shear_5nN_rerun_grompp": 1, "ef00025fe29853c49157f07ef6612374-calc_tilt_shear": 1, "ef00025fe29853c49157f07ef6612374-log_interaction_energy_5nN": 1, "ef00025fe29853c49157f07ef6612374-shear_25nN_extend": 1, "ef00025fe29853c49157f07ef6612374-get_interaction_energy_5nN": 1, "ef00025fe29853c49157f07ef6612374-shear_25nN_rerun_grompp": 1, "ef00025fe29853c49157f07ef6612374-calc_friction": 1, "ef00025fe29853c49157f07ef6612374-calc_roughness": 1, "ef00025fe29853c49157f07ef6612374-shear_5nN": 1, "ef00025fe29853c49157f07ef6612374-top_to_mol2": 1, "ef00025fe29853c49157f07ef6612374-shear_25nN_rerun": 1, "ef00025fe29853c49157f07ef6612374-shear_15nN_extend": 1, "ef00025fe29853c49157f07ef6612374-equilibrate_grompp": 1, "ef00025fe29853c49157f07ef6612374-shear_5nN_rerun": 1, "ef00025fe29853c49157f07ef6612374-get_interaction_energy_25nN": 1, "ef00025fe29853c49157f07ef6612374-equilibrate": 1, "ef00025fe29853c49157f07ef6612374-shear_5nN_grompp": 1, "ef00025fe29853c49157f07ef6612374-unwrap_shear_25nN": 1, "ef00025fe29853c49157f07ef6612374-get_interaction_energy_15nN": 1, "ef00025fe29853c49157f07ef6612374-calc_interdigitation": 3, "ef00025fe29853c49157f07ef6612374-compress_grompp": 1, "ef00025fe29853c49157f07ef6612374-shear_5nN_extend_grompp": 1, "ef00025fe29853c49157f07ef6612374-log_S2": 1, "ef00025fe29853c49157f07ef6612374-shear_5nN_extend": 1, "ef00025fe29853c49157f07ef6612374-minimize_grompp": 1, "ef00025fe29853c49157f07ef6612374-count_hydrogen_bonds": 1, "ef00025fe29853c49157f07ef6612374-initialize": 1, "ef00025fe29853c49157f07ef6612374-compress": 1, "ef00025fe29853c49157f07ef6612374-shear_15nN_rerun_grompp": 1, "ef00025fe29853c49157f07ef6612374-unwrap_shear_15nN": 1}, "shear_25nN_Etotal": [-1266.988031092726, 156.4283780004465], "shear_25nN_qq": [-33.39941009672262, 160.76938611014958], "ch3-smiles": "CN", "intercept": 3.147732038658109, "shear_5nN_qq": [-627.4789785515587, 145.54448727560327], "COF": 0.17757096789852606, "chain-smiles": "CCCCCCCCCCCCCCCCCN", "h-smiles": "N", "entropy_translational": 144.1, "S2": {"25nN": 0.658363224685318, "5nN": 0.6796638078484325, "15nN": 0.6551653292979046}}