{"entropy_translational": 155.95, "shear_15nN_lj": [-1758.7775548001596, 51.31925361232571], "shear_25nN_lj": [-1859.687410611511, 49.487580198222076], "surface_area": 66.15, "nonpolar_solvation_energy": 8.9, "shear_15nN_qq": [-159.85457089528379, 94.03301499961786], "interdigitation": {"25nN": 0.1227087430343197, "5nN": 0.12907100540371308, "15nN": 0.13551373207905545}, "dipole_moment": 3.16, "shear_5nN_Etotal": [-1623.7950647138289, 97.32488947227353], "polar_solvation_energy": -15.94, "total_solvation_energy": -7.02, "COF": 0.1504233663988447, "S2": {"5nN": 0.8094737414221805, "25nN": 0.8088729667022706, "15nN": 0.7946741830159663}, "intercept": 1.740915479758101, "enthalpy_vibrational": 148.05, "heat_capacity_vibrational": 22.11, "shear_5nN_qq": [-98.39186237090328, 76.01376727257326], "molecular_weight": 43.0445, "tilt": {"5nN": 26.497763674611107, "25nN": 34.04020105864813, "15nN": 31.022582385006142}, "entropy_vibrational": 16.85, "entropy_rotational": 90.56, "shear_25nN_qq": [-192.1144590143885, 95.47011161817292], "status": {"6a9323b5c9dfb00000094625a82499cc-unwrap_shear_25nN": 1, "6a9323b5c9dfb00000094625a82499cc-shear_15nN_extend": 1, "6a9323b5c9dfb00000094625a82499cc-top_to_mol2": 1, "6a9323b5c9dfb00000094625a82499cc-log_cof": 1, "6a9323b5c9dfb00000094625a82499cc-shear_25nN_grompp": 1, "6a9323b5c9dfb00000094625a82499cc-initialize": 1, "6a9323b5c9dfb00000094625a82499cc-shear_15nN_rerun_grompp": 1, "6a9323b5c9dfb00000094625a82499cc-compress": 1, "6a9323b5c9dfb00000094625a82499cc-shear_5nN": 1, "6a9323b5c9dfb00000094625a82499cc-calc_tilt_shear": 1, "6a9323b5c9dfb00000094625a82499cc-get_interaction_energy_15nN": 1, "6a9323b5c9dfb00000094625a82499cc-calc_friction": 1, "6a9323b5c9dfb00000094625a82499cc-log_interaction_energy_5nN": 1, "6a9323b5c9dfb00000094625a82499cc-equilibrate_grompp": 1, "6a9323b5c9dfb00000094625a82499cc-get_interaction_energy_5nN": 1, "6a9323b5c9dfb00000094625a82499cc-unwrap_shear_15nN": 1, "6a9323b5c9dfb00000094625a82499cc-compress_grompp": 1, "6a9323b5c9dfb00000094625a82499cc-minimize": 1, "6a9323b5c9dfb00000094625a82499cc-shear_25nN_extend_grompp": 1, "6a9323b5c9dfb00000094625a82499cc-get_interaction_energy_25nN": 1, "6a9323b5c9dfb00000094625a82499cc-shear_5nN_rerun_grompp": 1, "6a9323b5c9dfb00000094625a82499cc-shear_5nN_extend_grompp": 1, "6a9323b5c9dfb00000094625a82499cc-log_interaction_energy_25nN": 1, "6a9323b5c9dfb00000094625a82499cc-unwrap_shear_5nN": 1, "6a9323b5c9dfb00000094625a82499cc-shear_25nN_extend": 1, "6a9323b5c9dfb00000094625a82499cc-shear_5nN_extend": 1, "6a9323b5c9dfb00000094625a82499cc-shear_25nN_rerun": 1, "6a9323b5c9dfb00000094625a82499cc-log_tilt": 1, "6a9323b5c9dfb00000094625a82499cc-calc_interdigitation": 6, "6a9323b5c9dfb00000094625a82499cc-calc_roughness": 1, "6a9323b5c9dfb00000094625a82499cc-shear_15nN_extend_grompp": 1, "6a9323b5c9dfb00000094625a82499cc-lammps_to_gmx": 1, "6a9323b5c9dfb00000094625a82499cc-shear_5nN_grompp": 1, "6a9323b5c9dfb00000094625a82499cc-shear_15nN_rerun": 1, "6a9323b5c9dfb00000094625a82499cc-shear_25nN_rerun_grompp": 1, "6a9323b5c9dfb00000094625a82499cc-minimize_grompp": 1, "6a9323b5c9dfb00000094625a82499cc-log_interaction_energy_15nN": 1, "6a9323b5c9dfb00000094625a82499cc-shear_5nN_rerun": 1, "6a9323b5c9dfb00000094625a82499cc-equilibrate": 1, "6a9323b5c9dfb00000094625a82499cc-fix_overlaps": 1, "6a9323b5c9dfb00000094625a82499cc-shear_15nN": 1, "6a9323b5c9dfb00000094625a82499cc-shear_15nN_grompp": 1, "6a9323b5c9dfb00000094625a82499cc-log_S2": 1, "6a9323b5c9dfb00000094625a82499cc-shear_25nN": 1, "6a9323b5c9dfb00000094625a82499cc-calc_S2_shear": 1, "6a9323b5c9dfb00000094625a82499cc-count_hydrogen_bonds": 1}, "shear_25nN_Etotal": [-2051.801869625899, 111.69278008630297], "shear_15nN_Etotal": [-1918.6321256954436, 110.38546207277442], "roughness": {"5nN": 0.06185413369224205, "25nN": 0.05545429989585742, "15nN": 0.06375316666194919}, "shear_5nN_lj": [-1525.4032023429256, 52.14342742482578]}