{"enthalpy_vibrational": 148.05, "shear_5nN_Etotal": [-1788.9197766059153, 81.44592093539943], "heat_capacity_vibrational": 22.11, "entropy_vibrational": 16.85, "interdigitation": {"25nN": 0.1469484382260718, "5nN": 0.13984681762187354, "15nN": 0.13009315133301894}, "polar_solvation_energy": -15.94, "shear_15nN_qq": [-359.3366264196643, 56.23559802481365], "nonpolar_solvation_energy": 8.9, "molecular_weight": 43.0445, "shear_15nN_Etotal": [-2100.6202545931255, 79.84252404710486], "roughness": {"25nN": 0.07093210679414982, "5nN": 0.07654030725507559, "15nN": 0.06721750578293616}, "tilt": {"25nN": 40.11057024595018, "5nN": 35.14876113657848, "15nN": 38.37948880008931}, "shear_15nN_lj": [-1741.283628173461, 50.376112483881116], "surface_area": 66.15, "total_solvation_energy": -7.02, "dipole_moment": 3.16, "entropy_rotational": 90.56, "shear_25nN_lj": [-1849.8094858105517, 52.671172970049696], "shear_25nN_qq": [-401.2710148904876, 54.76506961361736], "ch3-smiles": "CC(=O)C", "status": {"5145ed8a7c74bb99831692e033196fa2-log_interaction_energy_15nN": 1, "5145ed8a7c74bb99831692e033196fa2-log_tilt": 1, "5145ed8a7c74bb99831692e033196fa2-compress_grompp": 1, "5145ed8a7c74bb99831692e033196fa2-shear_15nN_grompp": 1, "5145ed8a7c74bb99831692e033196fa2-shear_15nN_rerun_grompp": 1, "5145ed8a7c74bb99831692e033196fa2-compress": 1, "5145ed8a7c74bb99831692e033196fa2-calc_roughness": 1, "5145ed8a7c74bb99831692e033196fa2-shear_25nN_rerun": 1, "5145ed8a7c74bb99831692e033196fa2-shear_5nN_rerun_grompp": 1, "5145ed8a7c74bb99831692e033196fa2-calc_tilt_shear": 1, "5145ed8a7c74bb99831692e033196fa2-shear_25nN_extend_grompp": 1, "5145ed8a7c74bb99831692e033196fa2-calc_interdigitation": 7, "5145ed8a7c74bb99831692e033196fa2-shear_15nN_extend": 1, "5145ed8a7c74bb99831692e033196fa2-equilibrate": 1, "5145ed8a7c74bb99831692e033196fa2-unwrap_shear_25nN": 1, "5145ed8a7c74bb99831692e033196fa2-minimize_grompp": 1, "5145ed8a7c74bb99831692e033196fa2-shear_5nN_grompp": 1, "5145ed8a7c74bb99831692e033196fa2-minimize": 1, "5145ed8a7c74bb99831692e033196fa2-calc_friction": 1, "5145ed8a7c74bb99831692e033196fa2-lammps_to_gmx": 1, "5145ed8a7c74bb99831692e033196fa2-shear_25nN_extend": 1, "5145ed8a7c74bb99831692e033196fa2-unwrap_shear_5nN": 1, "5145ed8a7c74bb99831692e033196fa2-shear_25nN_grompp": 1, "5145ed8a7c74bb99831692e033196fa2-shear_5nN": 1, "5145ed8a7c74bb99831692e033196fa2-shear_25nN": 1, "5145ed8a7c74bb99831692e033196fa2-unwrap_shear_15nN": 1, "5145ed8a7c74bb99831692e033196fa2-log_interaction_energy_5nN": 1, "5145ed8a7c74bb99831692e033196fa2-get_interaction_energy_25nN": 1, "5145ed8a7c74bb99831692e033196fa2-initialize": 1, "5145ed8a7c74bb99831692e033196fa2-log_cof": 1, "5145ed8a7c74bb99831692e033196fa2-shear_15nN_extend_grompp": 1, "5145ed8a7c74bb99831692e033196fa2-log_interaction_energy_25nN": 1, "5145ed8a7c74bb99831692e033196fa2-log_S2": 1, "5145ed8a7c74bb99831692e033196fa2-top_to_mol2": 1, "5145ed8a7c74bb99831692e033196fa2-equilibrate_grompp": 1, "5145ed8a7c74bb99831692e033196fa2-shear_5nN_rerun": 1, "5145ed8a7c74bb99831692e033196fa2-shear_5nN_extend": 1, "5145ed8a7c74bb99831692e033196fa2-shear_15nN_rerun": 1, "5145ed8a7c74bb99831692e033196fa2-get_interaction_energy_5nN": 1, "5145ed8a7c74bb99831692e033196fa2-calc_S2_shear": 1, "5145ed8a7c74bb99831692e033196fa2-shear_15nN": 1, "5145ed8a7c74bb99831692e033196fa2-shear_5nN_extend_grompp": 1, "5145ed8a7c74bb99831692e033196fa2-get_interaction_energy_15nN": 1, "5145ed8a7c74bb99831692e033196fa2-count_hydrogen_bonds": 1, "5145ed8a7c74bb99831692e033196fa2-shear_25nN_rerun_grompp": 1, "5145ed8a7c74bb99831692e033196fa2-fix_overlaps": 1}, "shear_25nN_Etotal": [-2251.0805007010395, 78.83773771072165], "intercept": 1.3613518183276612, "shear_5nN_qq": [-299.11173387529976, 45.07191672857147], "COF": 0.15181465078679712, "chain-smiles": "CCCCCCCCCCCCCCCCCC(=O)C", "shear_5nN_lj": [-1489.8080427306156, 56.58145815107946], "h-smiles": "C(=O)C", "entropy_translational": 155.95, "S2": {"25nN": 0.9466433132580907, "5nN": 0.9406426518416636, "15nN": 0.9490936780080538}}