{"shear_15nN_Etotal": [-1310.3109393645082, 169.0049900166474], "molecular_weight": 16.0225, "shear_25nN_Etotal": [-1094.304258953637, 162.81139073196871], "surface_area": 42.91, "shear_15nN_qq": [-199.35758052757794, 171.37945110775507], "enthalpy_vibrational": 92.73, "shear_5nN_qq": [-422.1706898241407, 162.65632616347526], "tilt": {"5nN": 30.936293200448603, "25nN": 35.89698480681676, "15nN": 33.62986633634944}, "intercept": 2.70182571364424, "shear_25nN_lj": [-1180.8383959816147, 58.582705675618506], "entropy_rotational": 56.63, "shear_5nN_lj": [-947.1076295795363, 54.46670589958721], "shear_25nN_qq": [86.53413702797762, 167.01879678009053], "nonpolar_solvation_energy": 5.48, "total_solvation_energy": -4.92, "shear_15nN_lj": [-1110.9533588369306, 57.95646070144412], "shear_5nN_Etotal": [-1369.2783194036772, 155.8246332214457], "interdigitation": {"5nN": 0.14630072661038998, "15nN": 0.163558331641926, "25nN": 0.16578774981734717}, "entropy_vibrational": 0.11, "heat_capacity_vibrational": 0.69, "entropy_translational": 144.1, "status": {"f5f5f50b90beeed9ea3283ca41049278-calc_tilt_shear": 1, "f5f5f50b90beeed9ea3283ca41049278-log_interaction_energy_25nN": 1, "f5f5f50b90beeed9ea3283ca41049278-calc_roughness": 1, "f5f5f50b90beeed9ea3283ca41049278-shear_25nN_extend_grompp": 1, "f5f5f50b90beeed9ea3283ca41049278-unwrap_shear_15nN": 1, "f5f5f50b90beeed9ea3283ca41049278-shear_25nN_rerun": 1, "f5f5f50b90beeed9ea3283ca41049278-calc_S2_shear": 1, "f5f5f50b90beeed9ea3283ca41049278-unwrap_shear_5nN": 1, "f5f5f50b90beeed9ea3283ca41049278-calc_interdigitation": 1, "f5f5f50b90beeed9ea3283ca41049278-shear_5nN_rerun_grompp": 1, "f5f5f50b90beeed9ea3283ca41049278-unwrap_shear_25nN": 1, "f5f5f50b90beeed9ea3283ca41049278-shear_5nN_rerun": 1, "f5f5f50b90beeed9ea3283ca41049278-compress_grompp": 1, "f5f5f50b90beeed9ea3283ca41049278-shear_5nN_extend": 1, "f5f5f50b90beeed9ea3283ca41049278-shear_25nN_grompp": 1, "f5f5f50b90beeed9ea3283ca41049278-shear_15nN_extend_grompp": 1, "f5f5f50b90beeed9ea3283ca41049278-get_interaction_energy_25nN": 1, "f5f5f50b90beeed9ea3283ca41049278-shear_25nN": 1, "f5f5f50b90beeed9ea3283ca41049278-log_S2": 1, "f5f5f50b90beeed9ea3283ca41049278-equilibrate_grompp": 1, "f5f5f50b90beeed9ea3283ca41049278-minimize": 1, "f5f5f50b90beeed9ea3283ca41049278-log_interaction_energy_5nN": 1, "f5f5f50b90beeed9ea3283ca41049278-get_interaction_energy_5nN": 1, "f5f5f50b90beeed9ea3283ca41049278-top_to_mol2": 1, "f5f5f50b90beeed9ea3283ca41049278-equilibrate": 1, "f5f5f50b90beeed9ea3283ca41049278-compress": 1, "f5f5f50b90beeed9ea3283ca41049278-get_interaction_energy_15nN": 1, "f5f5f50b90beeed9ea3283ca41049278-fix_overlaps": 1, "f5f5f50b90beeed9ea3283ca41049278-lammps_to_gmx": 1, "f5f5f50b90beeed9ea3283ca41049278-shear_25nN_rerun_grompp": 1, "f5f5f50b90beeed9ea3283ca41049278-minimize_grompp": 1, "f5f5f50b90beeed9ea3283ca41049278-initialize": 1, "f5f5f50b90beeed9ea3283ca41049278-shear_15nN": 1, "f5f5f50b90beeed9ea3283ca41049278-calc_friction": 1, "f5f5f50b90beeed9ea3283ca41049278-shear_15nN_grompp": 1, "f5f5f50b90beeed9ea3283ca41049278-shear_5nN": 1, "f5f5f50b90beeed9ea3283ca41049278-log_tilt": 1, "f5f5f50b90beeed9ea3283ca41049278-shear_15nN_rerun_grompp": 1, "f5f5f50b90beeed9ea3283ca41049278-shear_25nN_extend": 1, "f5f5f50b90beeed9ea3283ca41049278-log_interaction_energy_15nN": 1, "f5f5f50b90beeed9ea3283ca41049278-count_hydrogen_bonds": 1, "f5f5f50b90beeed9ea3283ca41049278-shear_5nN_extend_grompp": 1, "f5f5f50b90beeed9ea3283ca41049278-shear_15nN_rerun": 1, "f5f5f50b90beeed9ea3283ca41049278-log_cof": 1, "f5f5f50b90beeed9ea3283ca41049278-shear_5nN_grompp": 1, "f5f5f50b90beeed9ea3283ca41049278-shear_15nN_extend": 1}, "S2": {"5nN": 0.6184444482434541, "15nN": 0.6141713415081813, "25nN": 0.5904443811383082}, "dipole_moment": 1.63, "COF": 0.222945760696594, "roughness": {"5nN": 0.0724474995502476, "15nN": 0.07262535762540573, "25nN": 0.07161616832956084}, "polar_solvation_energy": -10.38}