{"MR":8.6928,"asphericity":0.649353,"balabanj":2.847379,"bertzct":42.912609,"chi0":4.284457,"chi0n":3.316497,"chi0v":1.316497,"chi1":2.270056,"chi1n":1.316497,"chi1v":0.408248,"chi2n":0.083333,"chi2v":0.083333,"chi3n":0.0,"chi3v":0.0,"chi4n":0.0,"chi4v":0.0,"e-valence":18.0,"eccentricity":0.990878,"hk-alpha":-0.53,"hk-kappa1":0.443274,"hk-kappa2":1.47,"hk-kappa3":1.47,"ipc":9.651484,"isf":0.1288,"labuteASA":20.591618,"logP":-0.2992,"molwt":46.005479,"molwt-hvy":44.009,"nheavy":3.0,"npr1":0.134763,"npr2":0.892715,"pbf":0.191586,"pc+":0.739791,"pc-":-0.739791,"pmi1":6.931,"pmi2":45.913281,"pmi3":51.431056,"rbonds":0.0,"rg":1.064336,"rpc+":0.400072,"rpc-":0.653518,"spherocity":0.109211,"tpsa":37.3,"vsa+":9.250231,"vsa-":9.903345,"vsa-fhyd":0.071567,"vsa-fneg":0.517049,"vsa-fpneg":0.517049,"vsa-fpos":0.482951,"vsa-fppos":0.411384,"vsa-hyd":1.370759,"vsa-polar":0.928433,"vsa-polar+":7.879472,"vsa-polar-":9.903345,"hbonds":4.0}