{"shear_15nN_Etotal": [-2770.884441303757, 159.36467356991534], "molecular_weight": 45.0174, "shear_25nN_Etotal": [-2778.9808432549958, 198.14940794660257], "surface_area": 64.71, "shear_15nN_qq": [-883.7859505627498, 155.31081066263837], "enthalpy_vibrational": 87.35, "shear_5nN_qq": [-994.0511157458034, 170.26874677575887], "tilt": {"5nN": 29.48495707365098, "25nN": 34.50009882929286, "15nN": 32.72703106082115}, "intercept": 5.228550420224027, "shear_25nN_lj": [-1977.9898248377299, 70.52398468562495], "entropy_rotational": 87.93, "shear_5nN_lj": [-1688.367869973621, 66.54269700661175], "shear_25nN_qq": [-800.9910184172662, 192.5081964037442], "nonpolar_solvation_energy": 3.72, "total_solvation_energy": -32.72, "shear_15nN_lj": [-1887.098490741007, 62.51131757686006], "shear_5nN_Etotal": [-2682.418985719424, 172.26372150043758], "interdigitation": {"5nN": 0.12313503815680361, "25nN": 0.13640527285175014, "15nN": 0.12983438512030004}, "entropy_vibrational": 7.1, "heat_capacity_vibrational": 15.26, "entropy_translational": 156.5, "status": {"aa3e6340d823f23f919642b303ee47ef-log_interaction_energy_25nN": 1, "aa3e6340d823f23f919642b303ee47ef-shear_15nN_extend_grompp": 1, "aa3e6340d823f23f919642b303ee47ef-shear_25nN_rerun_grompp": 1, "aa3e6340d823f23f919642b303ee47ef-calc_roughness": 1, "aa3e6340d823f23f919642b303ee47ef-lammps_to_gmx": 1, "aa3e6340d823f23f919642b303ee47ef-calc_friction": 1, "aa3e6340d823f23f919642b303ee47ef-log_interaction_energy_15nN": 1, "aa3e6340d823f23f919642b303ee47ef-calc_interdigitation": 1, "aa3e6340d823f23f919642b303ee47ef-equilibrate": 1, "aa3e6340d823f23f919642b303ee47ef-calc_S2_shear": 1, "aa3e6340d823f23f919642b303ee47ef-top_to_mol2": 1, "aa3e6340d823f23f919642b303ee47ef-shear_15nN_grompp": 1, "aa3e6340d823f23f919642b303ee47ef-log_tilt": 1, "aa3e6340d823f23f919642b303ee47ef-shear_5nN_grompp": 1, "aa3e6340d823f23f919642b303ee47ef-compress_grompp": 1, "aa3e6340d823f23f919642b303ee47ef-log_S2": 1, "aa3e6340d823f23f919642b303ee47ef-initialize": 1, "aa3e6340d823f23f919642b303ee47ef-shear_5nN_rerun_grompp": 1, "aa3e6340d823f23f919642b303ee47ef-shear_15nN_rerun": 1, "aa3e6340d823f23f919642b303ee47ef-shear_25nN": 1, "aa3e6340d823f23f919642b303ee47ef-get_interaction_energy_15nN": 1, "aa3e6340d823f23f919642b303ee47ef-shear_5nN_rerun": 1, "aa3e6340d823f23f919642b303ee47ef-unwrap_shear_5nN": 1, "aa3e6340d823f23f919642b303ee47ef-fix_overlaps": 1, "aa3e6340d823f23f919642b303ee47ef-get_interaction_energy_5nN": 1, "aa3e6340d823f23f919642b303ee47ef-shear_5nN_extend_grompp": 1, "aa3e6340d823f23f919642b303ee47ef-shear_25nN_rerun": 1, "aa3e6340d823f23f919642b303ee47ef-shear_15nN_rerun_grompp": 1, "aa3e6340d823f23f919642b303ee47ef-count_hydrogen_bonds": 1, "aa3e6340d823f23f919642b303ee47ef-shear_5nN_extend": 1, "aa3e6340d823f23f919642b303ee47ef-shear_25nN_grompp": 1, "aa3e6340d823f23f919642b303ee47ef-unwrap_shear_25nN": 1, "aa3e6340d823f23f919642b303ee47ef-get_interaction_energy_25nN": 1, "aa3e6340d823f23f919642b303ee47ef-log_cof": 1, "aa3e6340d823f23f919642b303ee47ef-shear_15nN": 1, "aa3e6340d823f23f919642b303ee47ef-shear_5nN": 1, "aa3e6340d823f23f919642b303ee47ef-unwrap_shear_15nN": 1, "aa3e6340d823f23f919642b303ee47ef-log_interaction_energy_5nN": 1, "aa3e6340d823f23f919642b303ee47ef-minimize_grompp": 1, "aa3e6340d823f23f919642b303ee47ef-shear_25nN_extend_grompp": 1, "aa3e6340d823f23f919642b303ee47ef-compress": 1, "aa3e6340d823f23f919642b303ee47ef-minimize": 1, "aa3e6340d823f23f919642b303ee47ef-shear_25nN_extend": 1, "aa3e6340d823f23f919642b303ee47ef-shear_15nN_extend": 1, "aa3e6340d823f23f919642b303ee47ef-calc_tilt_shear": 1, "aa3e6340d823f23f919642b303ee47ef-equilibrate_grompp": 1}, "S2": {"5nN": 0.7110440562177203, "25nN": 0.6818804736183033, "15nN": 0.6824336742293844}, "polar_solvation_energy": -36.43, "COF": 0.17810316145181423, "roughness": {"5nN": 0.06091936514200217, "25nN": 0.06368701020730615, "15nN": 0.06207091561743921}, "dipole_moment": 4.81}