{"shear_15nN_Etotal": [-2998.4212256594724, 115.20420157054032], "molecular_weight": 122.1013, "shear_25nN_Etotal": [-3145.42690603757, 119.37575096862919], "surface_area": 118.23, "shear_15nN_qq": [-503.8908798201439, 65.37866418048505], "enthalpy_vibrational": 280.86, "shear_5nN_qq": [-490.2964199992007, 69.00187278969564], "tilt": {"5nN": 32.87868271987468, "25nN": 37.755997279737514, "15nN": 36.250994262438404}, "intercept": 2.4759640413664754, "shear_25nN_lj": [-2589.935885658673, 71.254373108583], "entropy_rotational": 119.66, "shear_5nN_lj": [-2346.434284896882, 75.7581073414481], "shear_25nN_qq": [-555.4910203788969, 73.02380159402414], "nonpolar_solvation_energy": 8.49, "total_solvation_energy": -24.48, "shear_15nN_lj": [-2494.530345839328, 68.6227426181297], "shear_5nN_Etotal": [-2836.7307048960834, 127.04900755620986], "interdigitation": {"5nN": 0.22701336803859196, "25nN": 0.22529269051366882, "15nN": 0.1985172797535598}, "entropy_vibrational": 69.31, "heat_capacity_vibrational": 83.45, "entropy_translational": 168.76, "roughness": {"5nN": 0.07064397731058829, "25nN": 0.0725974099524766, "15nN": 0.06135929865523791}, "S2": {"5nN": 0.9213931212720162, "25nN": 0.9310755534309658, "15nN": 0.9363401271527129}, "dipole_moment": 6.22, "COF": 0.14907734364413358, "status": {"738f896ee878d6fd10c051b650dc5e01-log_interaction_energy_25nN": 1, "738f896ee878d6fd10c051b650dc5e01-log_interaction_energy_15nN": 1, "738f896ee878d6fd10c051b650dc5e01-calc_friction": 1, "738f896ee878d6fd10c051b650dc5e01-log_interaction_energy_5nN": 1, "738f896ee878d6fd10c051b650dc5e01-compress_grompp": 1, "738f896ee878d6fd10c051b650dc5e01-unwrap_shear_15nN": 1, "738f896ee878d6fd10c051b650dc5e01-shear_15nN_extend": 1, "738f896ee878d6fd10c051b650dc5e01-shear_15nN_grompp": 1, "738f896ee878d6fd10c051b650dc5e01-shear_5nN_rerun": 1, "738f896ee878d6fd10c051b650dc5e01-shear_25nN_rerun_grompp": 1, "738f896ee878d6fd10c051b650dc5e01-calc_roughness": 1, "738f896ee878d6fd10c051b650dc5e01-log_tilt": 1, "738f896ee878d6fd10c051b650dc5e01-get_interaction_energy_25nN": 1, "738f896ee878d6fd10c051b650dc5e01-unwrap_shear_25nN": 1, "738f896ee878d6fd10c051b650dc5e01-get_interaction_energy_5nN": 1, "738f896ee878d6fd10c051b650dc5e01-shear_5nN_grompp": 1, "738f896ee878d6fd10c051b650dc5e01-shear_15nN_rerun": 1, "738f896ee878d6fd10c051b650dc5e01-shear_25nN": 1, "738f896ee878d6fd10c051b650dc5e01-shear_5nN_rerun_grompp": 1, "738f896ee878d6fd10c051b650dc5e01-get_interaction_energy_15nN": 1, "738f896ee878d6fd10c051b650dc5e01-fix_overlaps": 1, "738f896ee878d6fd10c051b650dc5e01-calc_tilt_shear": 1, "738f896ee878d6fd10c051b650dc5e01-unwrap_shear_5nN": 1, "738f896ee878d6fd10c051b650dc5e01-minimize_grompp": 1, "738f896ee878d6fd10c051b650dc5e01-minimize": 1, "738f896ee878d6fd10c051b650dc5e01-shear_25nN_extend": 1, "738f896ee878d6fd10c051b650dc5e01-shear_5nN_extend": 1, "738f896ee878d6fd10c051b650dc5e01-top_to_mol2": 1, "738f896ee878d6fd10c051b650dc5e01-compress": 1, "738f896ee878d6fd10c051b650dc5e01-shear_15nN_rerun_grompp": 1, "738f896ee878d6fd10c051b650dc5e01-shear_15nN": 1, "738f896ee878d6fd10c051b650dc5e01-shear_5nN_extend_grompp": 1, "738f896ee878d6fd10c051b650dc5e01-calc_interdigitation": 1, "738f896ee878d6fd10c051b650dc5e01-shear_25nN_extend_grompp": 1, "738f896ee878d6fd10c051b650dc5e01-lammps_to_gmx": 1, "738f896ee878d6fd10c051b650dc5e01-shear_15nN_extend_grompp": 1, "738f896ee878d6fd10c051b650dc5e01-equilibrate_grompp": 1, "738f896ee878d6fd10c051b650dc5e01-shear_25nN_rerun": 1, "738f896ee878d6fd10c051b650dc5e01-log_S2": 1, "738f896ee878d6fd10c051b650dc5e01-equilibrate": 1, "738f896ee878d6fd10c051b650dc5e01-shear_5nN": 1, "738f896ee878d6fd10c051b650dc5e01-count_hydrogen_bonds": 1, "738f896ee878d6fd10c051b650dc5e01-log_cof": 1, "738f896ee878d6fd10c051b650dc5e01-initialize": 1, "738f896ee878d6fd10c051b650dc5e01-calc_S2_shear": 1, "738f896ee878d6fd10c051b650dc5e01-shear_25nN_grompp": 1}, "polar_solvation_energy": -32.99}