{"enthalpy_vibrational": 66.5, "shear_5nN_Etotal": [-956.1966163237411, 52.995390034299476], "heat_capacity_vibrational": 19.38, "entropy_vibrational": 8.9, "interdigitation": {"25nN": 0.1551492172228842, "5nN": 0.13569653525902417, "15nN": 0.14790597331421054}, "polar_solvation_energy": -13.1, "shear_15nN_qq": [-68.04745658992806, 12.02129060717939], "nonpolar_solvation_energy": 23.24, "molecular_weight": 69.0059, "shear_15nN_Etotal": [-1213.4319979200638, 48.722516655303046], "roughness": {"25nN": 0.05232254995679461, "5nN": 0.060457089559153965, "15nN": 0.05553651215293776}, "tilt": {"25nN": 38.60506901577028, "5nN": 34.34342159370885, "15nN": 37.9994388882468}, "shear_15nN_lj": [-1145.384541330136, 43.123934236036476], "surface_area": 60.34, "total_solvation_energy": 10.13, "dipole_moment": 2.09, "entropy_rotational": 99.44, "shear_25nN_lj": [-1244.392705461231, 45.17923418258426], "shear_5nN_lj": [-941.1076648513188, 47.54049173152387], "status": {"d7aeaca580debc7585b1e083d25d5757-shear_25nN_rerun_grompp": 1, "d7aeaca580debc7585b1e083d25d5757-shear_25nN_rerun": 1, "d7aeaca580debc7585b1e083d25d5757-shear_25nN": 1, "d7aeaca580debc7585b1e083d25d5757-shear_25nN_extend_grompp": 1, "d7aeaca580debc7585b1e083d25d5757-get_interaction_energy_25nN": 1, "d7aeaca580debc7585b1e083d25d5757-log_interaction_energy_5nN": 1, "d7aeaca580debc7585b1e083d25d5757-shear_15nN_rerun": 1, "d7aeaca580debc7585b1e083d25d5757-log_interaction_energy_15nN": 1, "d7aeaca580debc7585b1e083d25d5757-equilibrate": 1, "d7aeaca580debc7585b1e083d25d5757-log_tilt": 1, "d7aeaca580debc7585b1e083d25d5757-log_interaction_energy_25nN": 1, "d7aeaca580debc7585b1e083d25d5757-shear_5nN_extend": 1, "d7aeaca580debc7585b1e083d25d5757-shear_15nN_extend": 1, "d7aeaca580debc7585b1e083d25d5757-minimize": 1, "d7aeaca580debc7585b1e083d25d5757-calc_S2_shear": 1, "d7aeaca580debc7585b1e083d25d5757-unwrap_shear_5nN": 1, "d7aeaca580debc7585b1e083d25d5757-shear_5nN_grompp": 1, "d7aeaca580debc7585b1e083d25d5757-shear_5nN_extend_grompp": 1, "d7aeaca580debc7585b1e083d25d5757-calc_roughness": 1, "d7aeaca580debc7585b1e083d25d5757-log_S2": 1, "d7aeaca580debc7585b1e083d25d5757-calc_friction": 1, "d7aeaca580debc7585b1e083d25d5757-shear_5nN": 1, "d7aeaca580debc7585b1e083d25d5757-equilibrate_grompp": 1, "d7aeaca580debc7585b1e083d25d5757-minimize_grompp": 1, "d7aeaca580debc7585b1e083d25d5757-shear_15nN_grompp": 1, "d7aeaca580debc7585b1e083d25d5757-shear_15nN_extend_grompp": 1, "d7aeaca580debc7585b1e083d25d5757-calc_tilt_shear": 1, "d7aeaca580debc7585b1e083d25d5757-initialize": 1, "d7aeaca580debc7585b1e083d25d5757-shear_15nN_rerun_grompp": 1, "d7aeaca580debc7585b1e083d25d5757-shear_5nN_rerun_grompp": 1, "d7aeaca580debc7585b1e083d25d5757-unwrap_shear_25nN": 1, "d7aeaca580debc7585b1e083d25d5757-log_cof": 1, "d7aeaca580debc7585b1e083d25d5757-shear_25nN_grompp": 1, "d7aeaca580debc7585b1e083d25d5757-calc_interdigitation": 7, "d7aeaca580debc7585b1e083d25d5757-get_interaction_energy_15nN": 1, "d7aeaca580debc7585b1e083d25d5757-count_hydrogen_bonds": 1, "d7aeaca580debc7585b1e083d25d5757-compress": 1, "d7aeaca580debc7585b1e083d25d5757-shear_15nN": 1, "d7aeaca580debc7585b1e083d25d5757-unwrap_shear_15nN": 1, "d7aeaca580debc7585b1e083d25d5757-lammps_to_gmx": 1, "d7aeaca580debc7585b1e083d25d5757-fix_overlaps": 1, "d7aeaca580debc7585b1e083d25d5757-get_interaction_energy_5nN": 1, "d7aeaca580debc7585b1e083d25d5757-top_to_mol2": 1, "d7aeaca580debc7585b1e083d25d5757-shear_5nN_rerun": 1, "d7aeaca580debc7585b1e083d25d5757-compress_grompp": 1, "d7aeaca580debc7585b1e083d25d5757-shear_25nN_extend": 1}, "shear_25nN_Etotal": [-1350.1188409080735, 48.689532075358834], "shear_25nN_qq": [-105.72613544684252, 13.178389247496685], "ch3-smiles": "CC(F)(F)F", "intercept": 0.5903859824206963, "shear_5nN_qq": [-15.088951472422064, 9.930523015772028], "COF": 0.1661572762817627, "chain-smiles": "CCCCCCCCCCCCCCCCCC(F)(F)F", "h-smiles": "C(F)(F)F", "entropy_translational": 161.73, "S2": {"25nN": 0.9240074404669786, "5nN": 0.9605091226219703, "15nN": 0.9402369414532997}}