{"COF": 0.1396103702436937, "intercept": 1.8648768860951925, "shear_15nN_qq": [-340.46014852917665, 62.1637122876723], "nonpolar_solvation_energy": 11.08, "dipole_moment": 2.89, "shear_25nN_Etotal": [-2333.2875153317345, 89.85742372392609], "S2": {"25nN": 0.9380052315149666, "5nN": 0.9606599731444652, "15nN": 0.9590744730200923}, "polar_solvation_energy": -14.13, "status": {"463798321170b3ac4738e83904d39f9a-compress_grompp": 1, "463798321170b3ac4738e83904d39f9a-unwrap_shear_5nN": 1, "463798321170b3ac4738e83904d39f9a-calc_interdigitation": 6, "463798321170b3ac4738e83904d39f9a-unwrap_shear_15nN": 1, "463798321170b3ac4738e83904d39f9a-equilibrate_grompp": 1, "463798321170b3ac4738e83904d39f9a-shear_25nN_extend": 1, "463798321170b3ac4738e83904d39f9a-calc_S2_shear": 1, "463798321170b3ac4738e83904d39f9a-log_cof": 1, "463798321170b3ac4738e83904d39f9a-calc_roughness": 1, "463798321170b3ac4738e83904d39f9a-shear_25nN": 1, "463798321170b3ac4738e83904d39f9a-shear_5nN_rerun": 1, "463798321170b3ac4738e83904d39f9a-shear_15nN": 1, "463798321170b3ac4738e83904d39f9a-log_tilt": 1, "463798321170b3ac4738e83904d39f9a-shear_5nN": 1, "463798321170b3ac4738e83904d39f9a-get_interaction_energy_15nN": 1, "463798321170b3ac4738e83904d39f9a-shear_15nN_extend_grompp": 1, "463798321170b3ac4738e83904d39f9a-shear_25nN_extend_grompp": 1, "463798321170b3ac4738e83904d39f9a-log_S2": 1, "463798321170b3ac4738e83904d39f9a-shear_5nN_grompp": 1, "463798321170b3ac4738e83904d39f9a-log_interaction_energy_25nN": 1, "463798321170b3ac4738e83904d39f9a-get_interaction_energy_25nN": 1, "463798321170b3ac4738e83904d39f9a-top_to_mol2": 1, "463798321170b3ac4738e83904d39f9a-shear_25nN_grompp": 1, "463798321170b3ac4738e83904d39f9a-shear_5nN_extend_grompp": 1, "463798321170b3ac4738e83904d39f9a-calc_tilt_shear": 1, "463798321170b3ac4738e83904d39f9a-shear_5nN_rerun_grompp": 1, "463798321170b3ac4738e83904d39f9a-minimize": 1, "463798321170b3ac4738e83904d39f9a-shear_25nN_rerun_grompp": 1, "463798321170b3ac4738e83904d39f9a-lammps_to_gmx": 1, "463798321170b3ac4738e83904d39f9a-shear_15nN_grompp": 1, "463798321170b3ac4738e83904d39f9a-count_hydrogen_bonds": 1, "463798321170b3ac4738e83904d39f9a-compress": 1, "463798321170b3ac4738e83904d39f9a-unwrap_shear_25nN": 1, "463798321170b3ac4738e83904d39f9a-initialize": 1, "463798321170b3ac4738e83904d39f9a-log_interaction_energy_5nN": 1, "463798321170b3ac4738e83904d39f9a-fix_overlaps": 1, "463798321170b3ac4738e83904d39f9a-equilibrate": 1, "463798321170b3ac4738e83904d39f9a-shear_15nN_extend": 1, "463798321170b3ac4738e83904d39f9a-get_interaction_energy_5nN": 1, "463798321170b3ac4738e83904d39f9a-shear_25nN_rerun": 1, "463798321170b3ac4738e83904d39f9a-minimize_grompp": 1, "463798321170b3ac4738e83904d39f9a-log_interaction_energy_15nN": 1, "463798321170b3ac4738e83904d39f9a-shear_5nN_extend": 1, "463798321170b3ac4738e83904d39f9a-shear_15nN_rerun": 1, "463798321170b3ac4738e83904d39f9a-shear_15nN_rerun_grompp": 1, "463798321170b3ac4738e83904d39f9a-calc_friction": 1}, "molecular_weight": 66.0811, "entropy_translational": 161.19, "entropy_rotational": 101.75, "shear_15nN_Etotal": [-2212.9036220775383, 92.88312708977493], "surface_area": 76.02, "total_solvation_energy": -3.05, "roughness": {"25nN": 0.08012651239626291, "5nN": 0.06997154107072943, "15nN": 0.07196088322254972}, "shear_25nN_qq": [-342.63567674980015, 63.016927104641205], "shear_5nN_qq": [-327.3702777785772, 54.66726671876103], "heat_capacity_vibrational": 38.72, "entropy_vibrational": 16.0, "shear_15nN_lj": [-1872.4434735483612, 55.91398127571223], "tilt": {"25nN": 40.58157922264543, "5nN": 35.49713561446346, "15nN": 38.51925881514615}, "shear_5nN_lj": [-1662.1022818561153, 64.65911159265434], "shear_25nN_lj": [-1990.6518385819347, 57.04291950773758], "interdigitation": {"5nN": 0.12440804772899489, "25nN": 0.15815030846735237, "15nN": 0.13157503345221297}, "enthalpy_vibrational": 216.45, "shear_5nN_Etotal": [-1989.472559634692, 94.71432703035022]}