{"enthalpy_vibrational": 273.28, "shear_5nN_Etotal": [-1182.759049707434, 43.09892510998579], "heat_capacity_vibrational": 37.37, "entropy_vibrational": 26.04, "interdigitation": {"25nN": 0.11484052400462418, "5nN": 0.09619432164360248, "15nN": 0.11466557442637754}, "polar_solvation_energy": -0.4, "shear_15nN_qq": [91.294253, 9.79560024583452], "nonpolar_solvation_energy": 11.79, "molecular_weight": 43.0874, "shear_15nN_Etotal": [-1351.5988989816146, 44.708133446918026], "roughness": {"25nN": 0.06849642683649573, "5nN": 0.05757279703169436, "15nN": 0.06577014178337293}, "tilt": {"25nN": 37.62056367785683, "5nN": 30.643051965241767, "15nN": 34.73553044516319}, "shear_15nN_lj": [-1442.8931519816147, 45.306876485393346], "surface_area": 70.99, "total_solvation_energy": 11.37, "dipole_moment": 0.01, "entropy_rotational": 94.72, "shear_25nN_lj": [-1540.7793193181453, 45.91706335269989], "shear_5nN_lj": [-1223.2834030647482, 43.611384401035934], "status": {"496592d0dbc5887eb58f4c96c591a970-count_hydrogen_bonds": 1, "496592d0dbc5887eb58f4c96c591a970-calc_interdigitation": 1, "496592d0dbc5887eb58f4c96c591a970-calc_friction": 1, "496592d0dbc5887eb58f4c96c591a970-shear_5nN_rerun_grompp": 1, "496592d0dbc5887eb58f4c96c591a970-lammps_to_gmx": 1, "496592d0dbc5887eb58f4c96c591a970-shear_25nN_extend_grompp": 1, "496592d0dbc5887eb58f4c96c591a970-shear_15nN_grompp": 1, "496592d0dbc5887eb58f4c96c591a970-initialize": 1, "496592d0dbc5887eb58f4c96c591a970-compress_grompp": 1, "496592d0dbc5887eb58f4c96c591a970-log_interaction_energy_5nN": 1, "496592d0dbc5887eb58f4c96c591a970-shear_15nN": 1, "496592d0dbc5887eb58f4c96c591a970-compress": 1, "496592d0dbc5887eb58f4c96c591a970-shear_15nN_extend_grompp": 1, "496592d0dbc5887eb58f4c96c591a970-calc_tilt_shear": 1, "496592d0dbc5887eb58f4c96c591a970-log_interaction_energy_25nN": 1, "496592d0dbc5887eb58f4c96c591a970-calc_S2_shear": 1, "496592d0dbc5887eb58f4c96c591a970-log_cof": 1, "496592d0dbc5887eb58f4c96c591a970-equilibrate": 1, "496592d0dbc5887eb58f4c96c591a970-unwrap_shear_15nN": 1, "496592d0dbc5887eb58f4c96c591a970-shear_25nN_rerun_grompp": 1, "496592d0dbc5887eb58f4c96c591a970-minimize_grompp": 1, "496592d0dbc5887eb58f4c96c591a970-calc_roughness": 1, "496592d0dbc5887eb58f4c96c591a970-get_interaction_energy_15nN": 1, "496592d0dbc5887eb58f4c96c591a970-get_interaction_energy_5nN": 1, "496592d0dbc5887eb58f4c96c591a970-log_tilt": 1, "496592d0dbc5887eb58f4c96c591a970-shear_25nN_extend": 1, "496592d0dbc5887eb58f4c96c591a970-log_S2": 1, "496592d0dbc5887eb58f4c96c591a970-shear_15nN_rerun_grompp": 1, "496592d0dbc5887eb58f4c96c591a970-get_interaction_energy_25nN": 1, "496592d0dbc5887eb58f4c96c591a970-shear_5nN_grompp": 1, "496592d0dbc5887eb58f4c96c591a970-equilibrate_grompp": 1, "496592d0dbc5887eb58f4c96c591a970-shear_25nN": 1, "496592d0dbc5887eb58f4c96c591a970-shear_15nN_extend": 1, "496592d0dbc5887eb58f4c96c591a970-shear_5nN": 1, "496592d0dbc5887eb58f4c96c591a970-unwrap_shear_5nN": 1, "496592d0dbc5887eb58f4c96c591a970-shear_5nN_rerun": 1, "496592d0dbc5887eb58f4c96c591a970-unwrap_shear_25nN": 1, "496592d0dbc5887eb58f4c96c591a970-top_to_mol2": 1, "496592d0dbc5887eb58f4c96c591a970-fix_overlaps": 1, "496592d0dbc5887eb58f4c96c591a970-shear_5nN_extend_grompp": 1, "496592d0dbc5887eb58f4c96c591a970-minimize": 1, "496592d0dbc5887eb58f4c96c591a970-shear_25nN_grompp": 1, "496592d0dbc5887eb58f4c96c591a970-shear_5nN_extend": 1, "496592d0dbc5887eb58f4c96c591a970-log_interaction_energy_15nN": 1, "496592d0dbc5887eb58f4c96c591a970-shear_15nN_rerun": 1, "496592d0dbc5887eb58f4c96c591a970-shear_25nN_rerun": 1}, "shear_25nN_Etotal": [-1412.316394733813, 46.928582001187145], "shear_25nN_qq": [128.46292458433254, 10.741131759846601], "ch3-smiles": "CC(C)C", "intercept": 0.7729270233088239, "shear_5nN_qq": [40.52435335731415, 9.398421870568827], "COF": 0.1261420721667249, "chain-smiles": "CCCCCCCCCCCCCCCCCC(C)C", "h-smiles": "C(C)C", "entropy_translational": 155.96, "S2": {"25nN": 0.9434948808636516, "5nN": 0.9449434579350434, "15nN": 0.9282704855428657}}