{"enthalpy_vibrational": 280.86, "shear_5nN_Etotal": [-3315.941864913669, 143.98234028993167], "heat_capacity_vibrational": 83.45, "entropy_vibrational": 69.31, "interdigitation": {"25nN": 0.18176657361086324, "5nN": 0.22863743308740267, "15nN": 0.21037134564522691}, "polar_solvation_energy": -32.99, "shear_15nN_qq": [-868.3330497146281, 76.64374972368215], "nonpolar_solvation_energy": 8.49, "molecular_weight": 122.1013, "shear_15nN_Etotal": [-3391.2202001550763, 125.46694923300856], "roughness": {"25nN": 0.05588016243080059, "5nN": 0.06480233331742603, "15nN": 0.0578869173080994}, "tilt": {"25nN": 36.62264994843037, "5nN": 31.140823575619347, "15nN": 34.24789453425073}, "shear_15nN_lj": [-2522.887150440448, 69.24500687422848], "surface_area": 118.23, "total_solvation_energy": -24.48, "dipole_moment": 6.22, "entropy_rotational": 119.66, "shear_25nN_lj": [-2579.692465167066, 66.64946912907784], "shear_25nN_qq": [-851.4581343741007, 72.71755246030055], "ch3-smiles": "CC1=CC=C([N+](=O)[O-])C=C1", "status": {"cb7ef4a40b666c58f41a01c541ac61e9-shear_15nN_extend_grompp": 1, "cb7ef4a40b666c58f41a01c541ac61e9-count_hydrogen_bonds": 1, "cb7ef4a40b666c58f41a01c541ac61e9-get_interaction_energy_5nN": 1, "cb7ef4a40b666c58f41a01c541ac61e9-shear_15nN": 1, "cb7ef4a40b666c58f41a01c541ac61e9-shear_5nN_rerun_grompp": 1, "cb7ef4a40b666c58f41a01c541ac61e9-equilibrate_grompp": 1, "cb7ef4a40b666c58f41a01c541ac61e9-shear_5nN_extend": 1, "cb7ef4a40b666c58f41a01c541ac61e9-fix_overlaps": 1, "cb7ef4a40b666c58f41a01c541ac61e9-get_interaction_energy_15nN": 1, "cb7ef4a40b666c58f41a01c541ac61e9-log_cof": 1, "cb7ef4a40b666c58f41a01c541ac61e9-minimize": 1, "cb7ef4a40b666c58f41a01c541ac61e9-shear_25nN_rerun_grompp": 1, "cb7ef4a40b666c58f41a01c541ac61e9-calc_tilt_shear": 1, "cb7ef4a40b666c58f41a01c541ac61e9-shear_15nN_extend": 1, "cb7ef4a40b666c58f41a01c541ac61e9-calc_interdigitation": 6, "cb7ef4a40b666c58f41a01c541ac61e9-initialize": 1, "cb7ef4a40b666c58f41a01c541ac61e9-unwrap_shear_5nN": 1, "cb7ef4a40b666c58f41a01c541ac61e9-log_interaction_energy_15nN": 1, "cb7ef4a40b666c58f41a01c541ac61e9-shear_5nN_extend_grompp": 1, "cb7ef4a40b666c58f41a01c541ac61e9-calc_roughness": 1, "cb7ef4a40b666c58f41a01c541ac61e9-get_interaction_energy_25nN": 1, "cb7ef4a40b666c58f41a01c541ac61e9-shear_25nN_extend": 1, "cb7ef4a40b666c58f41a01c541ac61e9-shear_25nN": 1, "cb7ef4a40b666c58f41a01c541ac61e9-unwrap_shear_15nN": 1, "cb7ef4a40b666c58f41a01c541ac61e9-shear_25nN_grompp": 1, "cb7ef4a40b666c58f41a01c541ac61e9-log_tilt": 1, "cb7ef4a40b666c58f41a01c541ac61e9-minimize_grompp": 1, "cb7ef4a40b666c58f41a01c541ac61e9-shear_25nN_rerun": 1, "cb7ef4a40b666c58f41a01c541ac61e9-log_interaction_energy_25nN": 1, "cb7ef4a40b666c58f41a01c541ac61e9-top_to_mol2": 1, "cb7ef4a40b666c58f41a01c541ac61e9-calc_friction": 1, "cb7ef4a40b666c58f41a01c541ac61e9-compress": 1, "cb7ef4a40b666c58f41a01c541ac61e9-calc_S2_shear": 1, "cb7ef4a40b666c58f41a01c541ac61e9-shear_5nN": 1, "cb7ef4a40b666c58f41a01c541ac61e9-lammps_to_gmx": 1, "cb7ef4a40b666c58f41a01c541ac61e9-log_S2": 1, "cb7ef4a40b666c58f41a01c541ac61e9-shear_15nN_rerun": 1, "cb7ef4a40b666c58f41a01c541ac61e9-unwrap_shear_25nN": 1, "cb7ef4a40b666c58f41a01c541ac61e9-shear_15nN_grompp": 1, "cb7ef4a40b666c58f41a01c541ac61e9-shear_5nN_grompp": 1, "cb7ef4a40b666c58f41a01c541ac61e9-shear_5nN_rerun": 1, "cb7ef4a40b666c58f41a01c541ac61e9-compress_grompp": 1, "cb7ef4a40b666c58f41a01c541ac61e9-log_interaction_energy_5nN": 1, "cb7ef4a40b666c58f41a01c541ac61e9-shear_25nN_extend_grompp": 1, "cb7ef4a40b666c58f41a01c541ac61e9-equilibrate": 1, "cb7ef4a40b666c58f41a01c541ac61e9-shear_15nN_rerun_grompp": 1}, "shear_25nN_Etotal": [-3431.150599541167, 118.1873341253152], "intercept": 3.281794404875418, "shear_5nN_qq": [-898.6465070631496, 84.74531232286293], "COF": 0.11645958494965727, "chain-smiles": "CCCCCCCCCCCCCCCCCC1=CC=C([N+](=O)[O-])C=C1", "shear_5nN_lj": [-2417.29535785052, 78.84785510440598], "h-smiles": "C1=CC=C([N+](=O)[O-])C=C1", "entropy_translational": 168.76, "S2": {"25nN": 0.9013291421443292, "5nN": 0.9108920416234978, "15nN": 0.8937476627148575}}