{"shear_25nN_qq": [-50.27958884012789, 28.315027958042855], "shear_25nN_lj": [-1680.6258727250201, 54.9672426566185], "enthalpy_vibrational": 133.72, "surface_area": 54.24, "shear_5nN_qq": [-94.41582748760992, 22.057791073025363], "COF": 0.16162275039101218, "nonpolar_solvation_energy": 5.64, "shear_5nN_Etotal": [-1409.9184837577939, 56.03289490241966], "status": {"a66e25c06d4cab5015c637ca95f0c675-shear_25nN_grompp": 1, "a66e25c06d4cab5015c637ca95f0c675-calc_friction": 1, "a66e25c06d4cab5015c637ca95f0c675-shear_15nN": 1, "a66e25c06d4cab5015c637ca95f0c675-shear_15nN_grompp": 1, "a66e25c06d4cab5015c637ca95f0c675-shear_25nN": 1, "a66e25c06d4cab5015c637ca95f0c675-fix_overlaps": 1, "a66e25c06d4cab5015c637ca95f0c675-log_tilt": 1, "a66e25c06d4cab5015c637ca95f0c675-top_to_mol2": 1, "a66e25c06d4cab5015c637ca95f0c675-compress_grompp": 1, "a66e25c06d4cab5015c637ca95f0c675-calc_S2_shear": 1, "a66e25c06d4cab5015c637ca95f0c675-compress": 1, "a66e25c06d4cab5015c637ca95f0c675-shear_5nN_extend": 1, "a66e25c06d4cab5015c637ca95f0c675-shear_5nN": 1, "a66e25c06d4cab5015c637ca95f0c675-shear_5nN_extend_grompp": 1, "a66e25c06d4cab5015c637ca95f0c675-log_interaction_energy_5nN": 1, "a66e25c06d4cab5015c637ca95f0c675-shear_15nN_extend_grompp": 1, "a66e25c06d4cab5015c637ca95f0c675-minimize": 1, "a66e25c06d4cab5015c637ca95f0c675-get_interaction_energy_25nN": 1, "a66e25c06d4cab5015c637ca95f0c675-initialize": 1, "a66e25c06d4cab5015c637ca95f0c675-equilibrate": 1, "a66e25c06d4cab5015c637ca95f0c675-unwrap_shear_5nN": 1, "a66e25c06d4cab5015c637ca95f0c675-calc_roughness": 1, "a66e25c06d4cab5015c637ca95f0c675-calc_interdigitation": 1, "a66e25c06d4cab5015c637ca95f0c675-shear_25nN_rerun": 1, "a66e25c06d4cab5015c637ca95f0c675-shear_15nN_rerun": 1, "a66e25c06d4cab5015c637ca95f0c675-shear_25nN_rerun_grompp": 1, "a66e25c06d4cab5015c637ca95f0c675-calc_tilt_shear": 1, "a66e25c06d4cab5015c637ca95f0c675-unwrap_shear_25nN": 1, "a66e25c06d4cab5015c637ca95f0c675-log_cof": 1, "a66e25c06d4cab5015c637ca95f0c675-log_S2": 1, "a66e25c06d4cab5015c637ca95f0c675-log_interaction_energy_15nN": 1, "a66e25c06d4cab5015c637ca95f0c675-get_interaction_energy_15nN": 1, "a66e25c06d4cab5015c637ca95f0c675-shear_5nN_grompp": 1, "a66e25c06d4cab5015c637ca95f0c675-unwrap_shear_15nN": 1, "a66e25c06d4cab5015c637ca95f0c675-get_interaction_energy_5nN": 1, "a66e25c06d4cab5015c637ca95f0c675-shear_25nN_extend_grompp": 1, "a66e25c06d4cab5015c637ca95f0c675-equilibrate_grompp": 1, "a66e25c06d4cab5015c637ca95f0c675-minimize_grompp": 1, "a66e25c06d4cab5015c637ca95f0c675-log_interaction_energy_25nN": 1, "a66e25c06d4cab5015c637ca95f0c675-shear_5nN_rerun_grompp": 1, "a66e25c06d4cab5015c637ca95f0c675-shear_15nN_extend": 1, "a66e25c06d4cab5015c637ca95f0c675-lammps_to_gmx": 1, "a66e25c06d4cab5015c637ca95f0c675-shear_25nN_extend": 1, "a66e25c06d4cab5015c637ca95f0c675-count_hydrogen_bonds": 1, "a66e25c06d4cab5015c637ca95f0c675-shear_15nN_rerun_grompp": 1, "a66e25c06d4cab5015c637ca95f0c675-shear_5nN_rerun": 1}, "shear_15nN_qq": [-65.28454269064748, 26.357353381837534], "interdigitation": {"15nN": 0.13787554321204376, "5nN": 0.12243426205266089, "25nN": 0.13652403306402622}, "total_solvation_energy": -5.11, "entropy_vibrational": 7.17, "roughness": {"15nN": 0.06874439867792526, "5nN": 0.06464952231515901, "25nN": 0.06732338328194197}, "S2": {"15nN": 0.938631719614003, "5nN": 0.945009703073688, "25nN": 0.9382490002548954}, "entropy_rotational": 79.18, "polar_solvation_energy": -10.78, "shear_5nN_lj": [-1315.502656270184, 50.8429304607509], "entropy_translational": 151.98, "tilt": {"15nN": 38.52297961006163, "5nN": 35.40943977597547, "25nN": 39.99133036476249}, "dipole_moment": 1.68, "heat_capacity_vibrational": 12.98, "shear_25nN_Etotal": [-1730.905461565148, 58.427710239898595], "intercept": 1.1325999093366002, "shear_15nN_lj": [-1579.0640503213428, 53.01092368254332], "molecular_weight": 31.0338, "shear_15nN_Etotal": [-1644.3485930119903, 58.31170547287097]}