{"shear_15nN_Etotal": [-468.8911969880096, 52.63031721292237], "molecular_weight": 15.0344, "shear_25nN_Etotal": [-375.3119109696243, 60.21331764557528], "surface_area": 48.83, "shear_15nN_qq": [898.4665062054355, 44.62930280279918], "enthalpy_vibrational": 119.27, "shear_5nN_qq": [612.0781050271783, 43.26102147920743], "tilt": {"5nN": 25.12233438608184, "15nN": 29.884877024070033, "25nN": 32.89439800033898}, "intercept": 0.38365849629026494, "shear_25nN_lj": [-1468.0409934700242, 50.45736502577945], "entropy_rotational": 62.93, "shear_5nN_lj": [-1120.043913946443, 50.53805155681737], "shear_25nN_qq": [1092.7290825003997, 48.50741870657009], "nonpolar_solvation_energy": 4.81, "total_solvation_energy": 4.69, "shear_15nN_lj": [-1367.3577031934453, 46.866917230482976], "shear_5nN_Etotal": [-507.96580891926465, 50.05784769448488], "interdigitation": {"5nN": 0.11792558196635045, "15nN": 0.11302155794371176, "25nN": 0.10860106799878719}, "entropy_vibrational": 0.39, "heat_capacity_vibrational": 2.25, "entropy_translational": 143.35, "status": {"9f72f91028b1ee205aa9f86b59dba754-shear_15nN_grompp": 1, "9f72f91028b1ee205aa9f86b59dba754-calc_friction": 1, "9f72f91028b1ee205aa9f86b59dba754-shear_25nN_extend": 1, "9f72f91028b1ee205aa9f86b59dba754-calc_S2_shear": 1, "9f72f91028b1ee205aa9f86b59dba754-initialize": 1, "9f72f91028b1ee205aa9f86b59dba754-minimize": 1, "9f72f91028b1ee205aa9f86b59dba754-shear_15nN": 1, "9f72f91028b1ee205aa9f86b59dba754-shear_25nN_rerun_grompp": 1, "9f72f91028b1ee205aa9f86b59dba754-compress": 1, "9f72f91028b1ee205aa9f86b59dba754-log_interaction_energy_25nN": 1, "9f72f91028b1ee205aa9f86b59dba754-get_interaction_energy_25nN": 1, "9f72f91028b1ee205aa9f86b59dba754-minimize_grompp": 1, "9f72f91028b1ee205aa9f86b59dba754-equilibrate": 1, "9f72f91028b1ee205aa9f86b59dba754-shear_5nN": 1, "9f72f91028b1ee205aa9f86b59dba754-unwrap_shear_5nN": 1, "9f72f91028b1ee205aa9f86b59dba754-shear_15nN_rerun_grompp": 1, "9f72f91028b1ee205aa9f86b59dba754-count_hydrogen_bonds": 1, "9f72f91028b1ee205aa9f86b59dba754-shear_15nN_rerun": 1, "9f72f91028b1ee205aa9f86b59dba754-shear_25nN": 1, "9f72f91028b1ee205aa9f86b59dba754-top_to_mol2": 1, "9f72f91028b1ee205aa9f86b59dba754-shear_5nN_grompp": 1, "9f72f91028b1ee205aa9f86b59dba754-compress_grompp": 1, "9f72f91028b1ee205aa9f86b59dba754-log_tilt": 1, "9f72f91028b1ee205aa9f86b59dba754-log_S2": 1, "9f72f91028b1ee205aa9f86b59dba754-shear_5nN_rerun": 1, "9f72f91028b1ee205aa9f86b59dba754-lammps_to_gmx": 1, "9f72f91028b1ee205aa9f86b59dba754-shear_5nN_extend": 1, "9f72f91028b1ee205aa9f86b59dba754-get_interaction_energy_5nN": 1, "9f72f91028b1ee205aa9f86b59dba754-unwrap_shear_15nN": 1, "9f72f91028b1ee205aa9f86b59dba754-shear_5nN_rerun_grompp": 1, "9f72f91028b1ee205aa9f86b59dba754-calc_interdigitation": 1, "9f72f91028b1ee205aa9f86b59dba754-shear_25nN_extend_grompp": 1, "9f72f91028b1ee205aa9f86b59dba754-unwrap_shear_25nN": 1, "9f72f91028b1ee205aa9f86b59dba754-log_cof": 1, "9f72f91028b1ee205aa9f86b59dba754-calc_tilt_shear": 1, "9f72f91028b1ee205aa9f86b59dba754-shear_25nN_rerun": 1, "9f72f91028b1ee205aa9f86b59dba754-shear_15nN_extend": 1, "9f72f91028b1ee205aa9f86b59dba754-get_interaction_energy_15nN": 1, "9f72f91028b1ee205aa9f86b59dba754-shear_5nN_extend_grompp": 1, "9f72f91028b1ee205aa9f86b59dba754-log_interaction_energy_5nN": 1, "9f72f91028b1ee205aa9f86b59dba754-log_interaction_energy_15nN": 1, "9f72f91028b1ee205aa9f86b59dba754-fix_overlaps": 1, "9f72f91028b1ee205aa9f86b59dba754-calc_roughness": 1, "9f72f91028b1ee205aa9f86b59dba754-equilibrate_grompp": 1, "9f72f91028b1ee205aa9f86b59dba754-shear_25nN_grompp": 1, "9f72f91028b1ee205aa9f86b59dba754-shear_15nN_extend_grompp": 1}, "S2": {"5nN": 0.7287537064698291, "15nN": 0.7291990938160803, "25nN": 0.7271373521696417}, "polar_solvation_energy": -0.12, "COF": 0.20826133023569754, "roughness": {"5nN": 0.061884060467968925, "15nN": 0.05796716554126632, "25nN": 0.05510398754059438}, "dipole_moment": 0.0}