{"enthalpy_vibrational": 214.06, "shear_5nN_Etotal": [-977.8966398097522, 51.04297401988662], "heat_capacity_vibrational": 19.47, "entropy_vibrational": 5.04, "interdigitation": {"25nN": 0.14530107604139275, "5nN": 0.12352880690228879, "15nN": 0.12572753503454323}, "polar_solvation_energy": -1.28, "shear_15nN_qq": [356.5030886434852, 11.840501001305213], "nonpolar_solvation_energy": 9.15, "molecular_weight": 41.0716, "shear_15nN_Etotal": [-1153.0813289672262, 50.15375382158797], "roughness": {"25nN": 0.07358800394604566, "5nN": 0.06864056971791231, "15nN": 0.06918616131157114}, "tilt": {"25nN": 32.49333683634237, "5nN": 25.759042196506176, "15nN": 30.56412231219375}, "shear_15nN_lj": [-1509.5844176107114, 49.99254035464766], "surface_area": 65.5, "total_solvation_energy": 7.89, "dipole_moment": 0.0, "entropy_rotational": 90.7, "shear_25nN_lj": [-1615.8718230583534, 49.70879541394063], "shear_25nN_qq": [384.23244606714627, 12.764452351932109], "ch3-smiles": "CC1CC1", "status": {"b4cbf13e3cd0cc57afa6ba57be27159d-log_tilt": 1, "b4cbf13e3cd0cc57afa6ba57be27159d-calc_tilt_shear": 1, "b4cbf13e3cd0cc57afa6ba57be27159d-shear_25nN": 1, "b4cbf13e3cd0cc57afa6ba57be27159d-calc_interdigitation": 6, "b4cbf13e3cd0cc57afa6ba57be27159d-shear_15nN": 1, "b4cbf13e3cd0cc57afa6ba57be27159d-initialize": 1, "b4cbf13e3cd0cc57afa6ba57be27159d-shear_25nN_grompp": 1, "b4cbf13e3cd0cc57afa6ba57be27159d-shear_25nN_extend_grompp": 1, "b4cbf13e3cd0cc57afa6ba57be27159d-count_hydrogen_bonds": 1, "b4cbf13e3cd0cc57afa6ba57be27159d-log_cof": 1, "b4cbf13e3cd0cc57afa6ba57be27159d-get_interaction_energy_5nN": 1, "b4cbf13e3cd0cc57afa6ba57be27159d-log_S2": 1, "b4cbf13e3cd0cc57afa6ba57be27159d-minimize_grompp": 1, "b4cbf13e3cd0cc57afa6ba57be27159d-fix_overlaps": 1, "b4cbf13e3cd0cc57afa6ba57be27159d-shear_25nN_rerun_grompp": 1, "b4cbf13e3cd0cc57afa6ba57be27159d-shear_5nN_grompp": 1, "b4cbf13e3cd0cc57afa6ba57be27159d-top_to_mol2": 1, "b4cbf13e3cd0cc57afa6ba57be27159d-shear_15nN_rerun_grompp": 1, "b4cbf13e3cd0cc57afa6ba57be27159d-compress": 1, "b4cbf13e3cd0cc57afa6ba57be27159d-lammps_to_gmx": 1, "b4cbf13e3cd0cc57afa6ba57be27159d-unwrap_shear_25nN": 1, "b4cbf13e3cd0cc57afa6ba57be27159d-get_interaction_energy_25nN": 1, "b4cbf13e3cd0cc57afa6ba57be27159d-shear_5nN": 1, "b4cbf13e3cd0cc57afa6ba57be27159d-log_interaction_energy_25nN": 1, "b4cbf13e3cd0cc57afa6ba57be27159d-compress_grompp": 1, "b4cbf13e3cd0cc57afa6ba57be27159d-get_interaction_energy_15nN": 1, "b4cbf13e3cd0cc57afa6ba57be27159d-calc_roughness": 1, "b4cbf13e3cd0cc57afa6ba57be27159d-shear_15nN_rerun": 1, "b4cbf13e3cd0cc57afa6ba57be27159d-shear_5nN_extend_grompp": 1, "b4cbf13e3cd0cc57afa6ba57be27159d-calc_friction": 1, "b4cbf13e3cd0cc57afa6ba57be27159d-minimize": 1, "b4cbf13e3cd0cc57afa6ba57be27159d-shear_5nN_extend": 1, "b4cbf13e3cd0cc57afa6ba57be27159d-calc_S2_shear": 1, "b4cbf13e3cd0cc57afa6ba57be27159d-shear_15nN_extend": 1, "b4cbf13e3cd0cc57afa6ba57be27159d-shear_25nN_extend": 1, "b4cbf13e3cd0cc57afa6ba57be27159d-equilibrate_grompp": 1, "b4cbf13e3cd0cc57afa6ba57be27159d-shear_25nN_rerun": 1, "b4cbf13e3cd0cc57afa6ba57be27159d-shear_5nN_rerun_grompp": 1, "b4cbf13e3cd0cc57afa6ba57be27159d-shear_5nN_rerun": 1, "b4cbf13e3cd0cc57afa6ba57be27159d-log_interaction_energy_15nN": 1, "b4cbf13e3cd0cc57afa6ba57be27159d-equilibrate": 1, "b4cbf13e3cd0cc57afa6ba57be27159d-shear_15nN_extend_grompp": 1, "b4cbf13e3cd0cc57afa6ba57be27159d-unwrap_shear_5nN": 1, "b4cbf13e3cd0cc57afa6ba57be27159d-log_interaction_energy_5nN": 1, "b4cbf13e3cd0cc57afa6ba57be27159d-unwrap_shear_15nN": 1, "b4cbf13e3cd0cc57afa6ba57be27159d-shear_15nN_grompp": 1}, "shear_25nN_Etotal": [-1231.639376991207, 50.640428030563356], "intercept": 0.8558772253710387, "shear_5nN_qq": [296.3254783940847, 10.55582882764371], "COF": 0.20501887919156347, "chain-smiles": "CCCCCCCCCCCCCCCCCC1CC1", "shear_5nN_lj": [-1274.222118203837, 54.26071185149869], "h-smiles": "C1CC1", "entropy_translational": 155.37, "S2": {"25nN": 0.7958500917391378, "5nN": 0.7784012478500684, "15nN": 0.7912210997723453}}