{"shear_15nN_Etotal": [-1049.8699720055956, 48.75446315362062], "molecular_weight": 15.0344, "shear_25nN_Etotal": [-1139.856232876099, 49.9843056395104], "surface_area": 48.83, "shear_15nN_qq": [381.27607922701844, 17.604759394178934], "enthalpy_vibrational": 119.27, "shear_5nN_qq": [372.26759971462826, 13.339526963177594], "tilt": {"5nN": 26.70159341053545, "25nN": 34.15777349622863, "15nN": 31.46100653644064}, "intercept": 0.9594484007124975, "shear_25nN_lj": [-1526.6469857266188, 48.394481609178506], "entropy_rotational": 62.93, "shear_5nN_lj": [-1191.5764854820143, 50.46097418283133], "shear_25nN_qq": [386.79075285051954, 19.244920168577774], "nonpolar_solvation_energy": 4.81, "total_solvation_energy": 4.69, "shear_15nN_lj": [-1431.146051232614, 45.70476390848041], "shear_5nN_Etotal": [-819.3088857673861, 49.82672968028462], "interdigitation": {"5nN": 0.12370633325907465, "25nN": 0.1184288334863376, "15nN": 0.11884247978332178}, "entropy_vibrational": 0.39, "heat_capacity_vibrational": 2.25, "entropy_translational": 143.35, "status": {"825b8cc73ca66c84d09a6fbad17aa6ef-compress_grompp": 1, "825b8cc73ca66c84d09a6fbad17aa6ef-calc_tilt_shear": 1, "825b8cc73ca66c84d09a6fbad17aa6ef-log_S2": 1, "825b8cc73ca66c84d09a6fbad17aa6ef-shear_25nN_rerun": 1, "825b8cc73ca66c84d09a6fbad17aa6ef-shear_5nN": 1, "825b8cc73ca66c84d09a6fbad17aa6ef-shear_5nN_rerun": 1, "825b8cc73ca66c84d09a6fbad17aa6ef-get_interaction_energy_25nN": 1, "825b8cc73ca66c84d09a6fbad17aa6ef-equilibrate_grompp": 1, "825b8cc73ca66c84d09a6fbad17aa6ef-shear_25nN_rerun_grompp": 1, "825b8cc73ca66c84d09a6fbad17aa6ef-equilibrate": 1, "825b8cc73ca66c84d09a6fbad17aa6ef-shear_5nN_extend_grompp": 1, "825b8cc73ca66c84d09a6fbad17aa6ef-log_interaction_energy_15nN": 1, "825b8cc73ca66c84d09a6fbad17aa6ef-shear_15nN_grompp": 1, "825b8cc73ca66c84d09a6fbad17aa6ef-calc_roughness": 1, "825b8cc73ca66c84d09a6fbad17aa6ef-shear_15nN_extend": 1, "825b8cc73ca66c84d09a6fbad17aa6ef-unwrap_shear_25nN": 1, "825b8cc73ca66c84d09a6fbad17aa6ef-log_interaction_energy_5nN": 1, "825b8cc73ca66c84d09a6fbad17aa6ef-shear_25nN": 1, "825b8cc73ca66c84d09a6fbad17aa6ef-get_interaction_energy_15nN": 1, "825b8cc73ca66c84d09a6fbad17aa6ef-unwrap_shear_15nN": 1, "825b8cc73ca66c84d09a6fbad17aa6ef-calc_S2_shear": 1, "825b8cc73ca66c84d09a6fbad17aa6ef-log_interaction_energy_25nN": 1, "825b8cc73ca66c84d09a6fbad17aa6ef-lammps_to_gmx": 1, "825b8cc73ca66c84d09a6fbad17aa6ef-shear_25nN_extend_grompp": 1, "825b8cc73ca66c84d09a6fbad17aa6ef-shear_5nN_grompp": 1, "825b8cc73ca66c84d09a6fbad17aa6ef-shear_25nN_grompp": 1, "825b8cc73ca66c84d09a6fbad17aa6ef-top_to_mol2": 1, "825b8cc73ca66c84d09a6fbad17aa6ef-log_cof": 1, "825b8cc73ca66c84d09a6fbad17aa6ef-calc_interdigitation": 1, "825b8cc73ca66c84d09a6fbad17aa6ef-shear_25nN_extend": 1, "825b8cc73ca66c84d09a6fbad17aa6ef-shear_15nN_extend_grompp": 1, "825b8cc73ca66c84d09a6fbad17aa6ef-shear_5nN_extend": 1, "825b8cc73ca66c84d09a6fbad17aa6ef-shear_15nN_rerun_grompp": 1, "825b8cc73ca66c84d09a6fbad17aa6ef-shear_15nN_rerun": 1, "825b8cc73ca66c84d09a6fbad17aa6ef-count_hydrogen_bonds": 1, "825b8cc73ca66c84d09a6fbad17aa6ef-fix_overlaps": 1, "825b8cc73ca66c84d09a6fbad17aa6ef-calc_friction": 1, "825b8cc73ca66c84d09a6fbad17aa6ef-unwrap_shear_5nN": 1, "825b8cc73ca66c84d09a6fbad17aa6ef-initialize": 1, "825b8cc73ca66c84d09a6fbad17aa6ef-minimize_grompp": 1, "825b8cc73ca66c84d09a6fbad17aa6ef-compress": 1, "825b8cc73ca66c84d09a6fbad17aa6ef-minimize": 1, "825b8cc73ca66c84d09a6fbad17aa6ef-shear_15nN": 1, "825b8cc73ca66c84d09a6fbad17aa6ef-shear_5nN_rerun_grompp": 1, "825b8cc73ca66c84d09a6fbad17aa6ef-log_tilt": 1, "825b8cc73ca66c84d09a6fbad17aa6ef-get_interaction_energy_5nN": 1}, "S2": {"5nN": 0.8120977204387367, "25nN": 0.835382102791045, "15nN": 0.8187565716829561}, "polar_solvation_energy": -0.12, "COF": 0.17196969406829135, "roughness": {"5nN": 0.06669290146297205, "25nN": 0.05990195590603783, "15nN": 0.06061858042264103}, "dipole_moment": 0.0}