{"total_solvation_energy": -8.13, "shear_5nN_lj": [-1340.494073977618, 47.09058632268576], "surface_area": 55.12, "shear_5nN_Etotal": [-3370.489407402878, 230.25182034238887], "entropy_rotational": 49.42, "intercept": 2.8298408776721837, "shear_15nN_lj": [-1462.291483223821, 45.08492994610641], "shear_5nN_qq": [-2029.99533342526, 208.13245896517518], "molecular_weight": 26.0174, "status": {"baf8fc5fa0e5128299acfae61291901c-fix_overlaps": 1, "baf8fc5fa0e5128299acfae61291901c-shear_5nN_grompp": 1, "baf8fc5fa0e5128299acfae61291901c-log_interaction_energy_25nN": 1, "baf8fc5fa0e5128299acfae61291901c-shear_15nN_extend_grompp": 1, "baf8fc5fa0e5128299acfae61291901c-lammps_to_gmx": 1, "baf8fc5fa0e5128299acfae61291901c-shear_25nN_grompp": 1, "baf8fc5fa0e5128299acfae61291901c-minimize": 1, "baf8fc5fa0e5128299acfae61291901c-top_to_mol2": 1, "baf8fc5fa0e5128299acfae61291901c-log_interaction_energy_5nN": 1, "baf8fc5fa0e5128299acfae61291901c-log_tilt": 1, "baf8fc5fa0e5128299acfae61291901c-shear_25nN_rerun": 1, "baf8fc5fa0e5128299acfae61291901c-unwrap_shear_15nN": 1, "baf8fc5fa0e5128299acfae61291901c-unwrap_shear_25nN": 1, "baf8fc5fa0e5128299acfae61291901c-shear_25nN_extend_grompp": 1, "baf8fc5fa0e5128299acfae61291901c-get_interaction_energy_25nN": 1, "baf8fc5fa0e5128299acfae61291901c-compress": 1, "baf8fc5fa0e5128299acfae61291901c-shear_15nN_grompp": 1, "baf8fc5fa0e5128299acfae61291901c-shear_5nN_extend": 1, "baf8fc5fa0e5128299acfae61291901c-equilibrate": 1, "baf8fc5fa0e5128299acfae61291901c-calc_roughness": 1, "baf8fc5fa0e5128299acfae61291901c-log_interaction_energy_15nN": 1, "baf8fc5fa0e5128299acfae61291901c-get_interaction_energy_5nN": 1, "baf8fc5fa0e5128299acfae61291901c-log_cof": 1, "baf8fc5fa0e5128299acfae61291901c-equilibrate_grompp": 1, "baf8fc5fa0e5128299acfae61291901c-compress_grompp": 1, "baf8fc5fa0e5128299acfae61291901c-shear_25nN_extend": 1, "baf8fc5fa0e5128299acfae61291901c-calc_friction": 1, "baf8fc5fa0e5128299acfae61291901c-calc_tilt_shear": 1, "baf8fc5fa0e5128299acfae61291901c-shear_15nN_rerun": 1, "baf8fc5fa0e5128299acfae61291901c-shear_5nN_rerun_grompp": 1, "baf8fc5fa0e5128299acfae61291901c-count_hydrogen_bonds": 1, "baf8fc5fa0e5128299acfae61291901c-shear_5nN": 1, "baf8fc5fa0e5128299acfae61291901c-shear_25nN_rerun_grompp": 1, "baf8fc5fa0e5128299acfae61291901c-initialize": 1, "baf8fc5fa0e5128299acfae61291901c-shear_5nN_rerun": 1, "baf8fc5fa0e5128299acfae61291901c-shear_15nN_rerun_grompp": 1, "baf8fc5fa0e5128299acfae61291901c-unwrap_shear_5nN": 1, "baf8fc5fa0e5128299acfae61291901c-shear_15nN_extend": 1, "baf8fc5fa0e5128299acfae61291901c-shear_5nN_extend_grompp": 1, "baf8fc5fa0e5128299acfae61291901c-shear_15nN": 1, "baf8fc5fa0e5128299acfae61291901c-calc_S2_shear": 1, "baf8fc5fa0e5128299acfae61291901c-shear_25nN": 1, "baf8fc5fa0e5128299acfae61291901c-log_S2": 1, "baf8fc5fa0e5128299acfae61291901c-minimize_grompp": 1, "baf8fc5fa0e5128299acfae61291901c-calc_interdigitation": 7, "baf8fc5fa0e5128299acfae61291901c-get_interaction_energy_15nN": 1}, "shear_25nN_Etotal": [-3223.09803923741, 179.82603323657145], "enthalpy_vibrational": 43.98, "shear_25nN_lj": [-1515.3764494292566, 48.31984701581078], "interdigitation": {"5nN": 0.13968864445086446, "15nN": 0.12384166698019043, "25nN": 0.12022524260053782}, "entropy_vibrational": 1.39, "heat_capacity_vibrational": 4.71, "tilt": {"5nN": 32.448576597436045, "15nN": 35.60873711881908, "25nN": 38.14618602919743}, "polar_solvation_energy": -17.95, "S2": {"5nN": 0.9170923783869995, "15nN": 0.9111519708790434, "25nN": 0.9136810138766756}, "dipole_moment": 3.41, "roughness": {"5nN": 0.05594875241010091, "15nN": 0.04997820645095036, "25nN": 0.05155381421014194}, "nonpolar_solvation_energy": 9.82, "shear_25nN_qq": [-1707.7215898081536, 170.93649237129185], "COF": 0.10262686375651324, "entropy_translational": 149.86, "shear_15nN_qq": [-1815.6355218705037, 183.28978503133033], "shear_15nN_Etotal": [-3277.9270050943246, 199.3933831594399]}