{"enthalpy_vibrational": 133.72, "shear_5nN_Etotal": [-1304.4462095827337, 65.33708936265377], "heat_capacity_vibrational": 12.98, "entropy_vibrational": 7.17, "interdigitation": {"25nN": 0.13730540463052407, "5nN": 0.13782589231476386, "15nN": 0.1363709627735398}, "polar_solvation_energy": -10.78, "shear_15nN_qq": [39.70956198561151, 32.20224396956236], "nonpolar_solvation_energy": 5.64, "molecular_weight": 31.0338, "shear_15nN_Etotal": [-1540.4755787601919, 62.54453233165591], "roughness": {"25nN": 0.07051946705968115, "5nN": 0.07934539086846576, "15nN": 0.069973918468513}, "tilt": {"25nN": 39.073758021031274, "5nN": 33.276224300148826, "15nN": 36.5794108205811}, "shear_15nN_lj": [-1580.1851407458032, 51.5082385612176], "surface_area": 54.24, "total_solvation_energy": -5.11, "dipole_moment": 1.68, "entropy_rotational": 79.18, "shear_25nN_lj": [-1678.6418076442844, 52.458073180654694], "shear_5nN_lj": [-1325.787867458833, 58.05919805585176], "status": {"2e8466e1606796e137d9decb8b28297d-shear_5nN": 1, "2e8466e1606796e137d9decb8b28297d-shear_15nN_rerun": 1, "2e8466e1606796e137d9decb8b28297d-unwrap_shear_5nN": 1, "2e8466e1606796e137d9decb8b28297d-shear_5nN_rerun_grompp": 1, "2e8466e1606796e137d9decb8b28297d-shear_25nN_extend_grompp": 1, "2e8466e1606796e137d9decb8b28297d-compress_grompp": 1, "2e8466e1606796e137d9decb8b28297d-initialize": 1, "2e8466e1606796e137d9decb8b28297d-shear_15nN": 1, "2e8466e1606796e137d9decb8b28297d-shear_5nN_grompp": 1, "2e8466e1606796e137d9decb8b28297d-unwrap_shear_25nN": 1, "2e8466e1606796e137d9decb8b28297d-calc_interdigitation": 1, "2e8466e1606796e137d9decb8b28297d-get_interaction_energy_5nN": 1, "2e8466e1606796e137d9decb8b28297d-shear_25nN_rerun": 1, "2e8466e1606796e137d9decb8b28297d-log_cof": 1, "2e8466e1606796e137d9decb8b28297d-shear_25nN_grompp": 1, "2e8466e1606796e137d9decb8b28297d-log_S2": 1, "2e8466e1606796e137d9decb8b28297d-top_to_mol2": 1, "2e8466e1606796e137d9decb8b28297d-fix_overlaps": 1, "2e8466e1606796e137d9decb8b28297d-shear_15nN_rerun_grompp": 1, "2e8466e1606796e137d9decb8b28297d-minimize_grompp": 1, "2e8466e1606796e137d9decb8b28297d-calc_S2_shear": 1, "2e8466e1606796e137d9decb8b28297d-shear_15nN_extend_grompp": 1, "2e8466e1606796e137d9decb8b28297d-log_interaction_energy_25nN": 1, "2e8466e1606796e137d9decb8b28297d-get_interaction_energy_25nN": 1, "2e8466e1606796e137d9decb8b28297d-shear_25nN_rerun_grompp": 1, "2e8466e1606796e137d9decb8b28297d-compress": 1, "2e8466e1606796e137d9decb8b28297d-calc_tilt_shear": 1, "2e8466e1606796e137d9decb8b28297d-unwrap_shear_15nN": 1, "2e8466e1606796e137d9decb8b28297d-log_tilt": 1, "2e8466e1606796e137d9decb8b28297d-shear_5nN_extend": 1, "2e8466e1606796e137d9decb8b28297d-count_hydrogen_bonds": 1, "2e8466e1606796e137d9decb8b28297d-equilibrate_grompp": 1, "2e8466e1606796e137d9decb8b28297d-shear_15nN_extend": 1, "2e8466e1606796e137d9decb8b28297d-shear_25nN_extend": 1, "2e8466e1606796e137d9decb8b28297d-shear_15nN_grompp": 1, "2e8466e1606796e137d9decb8b28297d-equilibrate": 1, "2e8466e1606796e137d9decb8b28297d-minimize": 1, "2e8466e1606796e137d9decb8b28297d-log_interaction_energy_5nN": 1, "2e8466e1606796e137d9decb8b28297d-lammps_to_gmx": 1, "2e8466e1606796e137d9decb8b28297d-calc_friction": 1, "2e8466e1606796e137d9decb8b28297d-log_interaction_energy_15nN": 1, "2e8466e1606796e137d9decb8b28297d-shear_25nN": 1, "2e8466e1606796e137d9decb8b28297d-get_interaction_energy_15nN": 1, "2e8466e1606796e137d9decb8b28297d-shear_5nN_extend_grompp": 1, "2e8466e1606796e137d9decb8b28297d-calc_roughness": 1, "2e8466e1606796e137d9decb8b28297d-shear_5nN_rerun": 1}, "shear_25nN_Etotal": [-1625.0521602078338, 63.47618084174525], "shear_25nN_qq": [53.589647436450846, 36.53602882653083], "ch3-smiles": "COC", "intercept": 1.1837990966588547, "shear_5nN_qq": [21.34165787609912, 26.044927303524094], "COF": 0.1660327542467908, "chain-smiles": "CCCCCCCCCCCCCCCCCOC", "h-smiles": "OC", "entropy_translational": 151.98, "S2": {"25nN": 0.9111961650433383, "5nN": 0.9183749058611582, "15nN": 0.9128855696720828}}