{"shear_5nN_qq": [-2515.6979953213427, 299.7995400579523], "surface_area": 55.12, "shear_25nN_lj": [-1390.5926676610713, 51.87204513129285], "polar_solvation_energy": -17.95, "dipole_moment": 3.41, "shear_5nN_Etotal": [-3712.31264373781, 316.4071527907664], "entropy_vibrational": 1.39, "enthalpy_vibrational": 43.98, "nonpolar_solvation_energy": 9.82, "roughness": {"5nN": 0.059222746915575136, "25nN": 0.049834732059528555, "15nN": 0.05238407251840232}, "interdigitation": {"5nN": 0.15768738401256233, "25nN": 0.1310609865639678, "15nN": 0.13661252927232406}, "shear_15nN_Etotal": [-3352.9426760327733, 266.2201687212677], "molecular_weight": 26.0174, "shear_5nN_lj": [-1196.6146484164667, 54.6229769215934], "total_solvation_energy": -8.13, "entropy_rotational": 49.42, "S2": {"5nN": 0.692540843640918, "25nN": 0.6718980748875676, "15nN": 0.6743591193410541}, "shear_15nN_qq": [-2020.3403465643482, 254.7412179776484], "COF": 0.14347068958507309, "intercept": 3.0988365404929956, "heat_capacity_vibrational": 4.71, "entropy_translational": 149.86, "shear_15nN_lj": [-1332.6023294684253, 53.96603077151889], "shear_25nN_qq": [-1718.4445766602717, 277.88254820234437], "shear_25nN_Etotal": [-3109.0372443213428, 289.3885547625882], "status": {"a19fa63c3029f41e1c05d7eb38aadb0d-get_interaction_energy_5nN": 1, "a19fa63c3029f41e1c05d7eb38aadb0d-shear_5nN_rerun": 1, "a19fa63c3029f41e1c05d7eb38aadb0d-compress_grompp": 1, "a19fa63c3029f41e1c05d7eb38aadb0d-top_to_mol2": 1, "a19fa63c3029f41e1c05d7eb38aadb0d-minimize_grompp": 1, "a19fa63c3029f41e1c05d7eb38aadb0d-log_tilt": 1, "a19fa63c3029f41e1c05d7eb38aadb0d-shear_5nN_rerun_grompp": 1, "a19fa63c3029f41e1c05d7eb38aadb0d-shear_15nN_grompp": 1, "a19fa63c3029f41e1c05d7eb38aadb0d-log_S2": 1, "a19fa63c3029f41e1c05d7eb38aadb0d-shear_15nN_extend_grompp": 1, "a19fa63c3029f41e1c05d7eb38aadb0d-compress": 1, "a19fa63c3029f41e1c05d7eb38aadb0d-shear_25nN_extend_grompp": 1, "a19fa63c3029f41e1c05d7eb38aadb0d-shear_25nN": 1, "a19fa63c3029f41e1c05d7eb38aadb0d-unwrap_shear_15nN": 1, "a19fa63c3029f41e1c05d7eb38aadb0d-shear_15nN": 1, "a19fa63c3029f41e1c05d7eb38aadb0d-shear_5nN_extend_grompp": 1, "a19fa63c3029f41e1c05d7eb38aadb0d-minimize": 1, "a19fa63c3029f41e1c05d7eb38aadb0d-fix_overlaps": 1, "a19fa63c3029f41e1c05d7eb38aadb0d-log_interaction_energy_25nN": 1, "a19fa63c3029f41e1c05d7eb38aadb0d-log_interaction_energy_15nN": 1, "a19fa63c3029f41e1c05d7eb38aadb0d-shear_5nN_grompp": 1, "a19fa63c3029f41e1c05d7eb38aadb0d-initialize": 1, "a19fa63c3029f41e1c05d7eb38aadb0d-shear_25nN_grompp": 1, "a19fa63c3029f41e1c05d7eb38aadb0d-shear_15nN_rerun": 1, "a19fa63c3029f41e1c05d7eb38aadb0d-calc_roughness": 1, "a19fa63c3029f41e1c05d7eb38aadb0d-log_interaction_energy_5nN": 1, "a19fa63c3029f41e1c05d7eb38aadb0d-get_interaction_energy_15nN": 1, "a19fa63c3029f41e1c05d7eb38aadb0d-unwrap_shear_25nN": 1, "a19fa63c3029f41e1c05d7eb38aadb0d-unwrap_shear_5nN": 1, "a19fa63c3029f41e1c05d7eb38aadb0d-calc_interdigitation": 6, "a19fa63c3029f41e1c05d7eb38aadb0d-calc_friction": 1, "a19fa63c3029f41e1c05d7eb38aadb0d-count_hydrogen_bonds": 1, "a19fa63c3029f41e1c05d7eb38aadb0d-shear_25nN_rerun": 1, "a19fa63c3029f41e1c05d7eb38aadb0d-shear_5nN": 1, "a19fa63c3029f41e1c05d7eb38aadb0d-equilibrate_grompp": 1, "a19fa63c3029f41e1c05d7eb38aadb0d-equilibrate": 1, "a19fa63c3029f41e1c05d7eb38aadb0d-get_interaction_energy_25nN": 1, "a19fa63c3029f41e1c05d7eb38aadb0d-calc_S2_shear": 1, "a19fa63c3029f41e1c05d7eb38aadb0d-shear_15nN_rerun_grompp": 1, "a19fa63c3029f41e1c05d7eb38aadb0d-shear_25nN_extend": 1, "a19fa63c3029f41e1c05d7eb38aadb0d-shear_15nN_extend": 1, "a19fa63c3029f41e1c05d7eb38aadb0d-lammps_to_gmx": 1, "a19fa63c3029f41e1c05d7eb38aadb0d-log_cof": 1, "a19fa63c3029f41e1c05d7eb38aadb0d-shear_5nN_extend": 1, "a19fa63c3029f41e1c05d7eb38aadb0d-calc_tilt_shear": 1, "a19fa63c3029f41e1c05d7eb38aadb0d-shear_25nN_rerun_grompp": 1}, "tilt": {"5nN": 30.649573242317125, "25nN": 35.74359690218648, "15nN": 33.242263952242624}}