{"enthalpy_vibrational": 214.06, "shear_5nN_Etotal": [-931.8431059784174, 48.599444821877775], "heat_capacity_vibrational": 19.47, "entropy_vibrational": 5.04, "interdigitation": {"25nN": 0.09462601251631718, "5nN": 0.08507327896520546, "15nN": 0.09417976937536768}, "polar_solvation_energy": -1.28, "shear_15nN_qq": [391.2606367266187, 31.16383696836235], "nonpolar_solvation_energy": 9.15, "molecular_weight": 41.0716, "shear_15nN_Etotal": [-1082.6316867282173, 50.55368762712863], "roughness": {"25nN": 0.049097155285281496, "5nN": 0.052143829711424394, "15nN": 0.0527104840806288}, "tilt": {"25nN": 32.007138111922465, "5nN": 24.64372964711854, "15nN": 29.544988312096056}, "shear_15nN_lj": [-1473.892323454836, 46.51665835599267], "surface_area": 65.5, "total_solvation_energy": 7.89, "dipole_moment": 0.0, "entropy_rotational": 90.7, "shear_25nN_lj": [-1574.8534677146283, 47.49326894249301], "shear_25nN_qq": [488.8602785355716, 35.02447553055385], "ch3-smiles": "CC1CC1", "status": {"113440e86c4941249fe0f1743afb098e-shear_25nN_extend_grompp": 1, "113440e86c4941249fe0f1743afb098e-equilibrate": 1, "113440e86c4941249fe0f1743afb098e-equilibrate_grompp": 1, "113440e86c4941249fe0f1743afb098e-shear_25nN_rerun_grompp": 1, "113440e86c4941249fe0f1743afb098e-log_cof": 1, "113440e86c4941249fe0f1743afb098e-shear_5nN_rerun": 1, "113440e86c4941249fe0f1743afb098e-shear_15nN_grompp": 1, "113440e86c4941249fe0f1743afb098e-log_interaction_energy_15nN": 1, "113440e86c4941249fe0f1743afb098e-compress_grompp": 1, "113440e86c4941249fe0f1743afb098e-calc_roughness": 1, "113440e86c4941249fe0f1743afb098e-shear_15nN_rerun_grompp": 1, "113440e86c4941249fe0f1743afb098e-log_interaction_energy_5nN": 1, "113440e86c4941249fe0f1743afb098e-shear_15nN_extend": 1, "113440e86c4941249fe0f1743afb098e-log_tilt": 1, "113440e86c4941249fe0f1743afb098e-count_hydrogen_bonds": 1, "113440e86c4941249fe0f1743afb098e-unwrap_shear_15nN": 1, "113440e86c4941249fe0f1743afb098e-get_interaction_energy_5nN": 1, "113440e86c4941249fe0f1743afb098e-calc_tilt_shear": 1, "113440e86c4941249fe0f1743afb098e-shear_25nN": 1, "113440e86c4941249fe0f1743afb098e-shear_5nN_grompp": 1, "113440e86c4941249fe0f1743afb098e-fix_overlaps": 1, "113440e86c4941249fe0f1743afb098e-shear_15nN": 1, "113440e86c4941249fe0f1743afb098e-calc_interdigitation": 6, "113440e86c4941249fe0f1743afb098e-compress": 1, "113440e86c4941249fe0f1743afb098e-shear_5nN_extend_grompp": 1, "113440e86c4941249fe0f1743afb098e-shear_5nN_rerun_grompp": 1, "113440e86c4941249fe0f1743afb098e-shear_15nN_rerun": 1, "113440e86c4941249fe0f1743afb098e-get_interaction_energy_25nN": 1, "113440e86c4941249fe0f1743afb098e-unwrap_shear_25nN": 1, "113440e86c4941249fe0f1743afb098e-initialize": 1, "113440e86c4941249fe0f1743afb098e-lammps_to_gmx": 1, "113440e86c4941249fe0f1743afb098e-minimize_grompp": 1, "113440e86c4941249fe0f1743afb098e-top_to_mol2": 1, "113440e86c4941249fe0f1743afb098e-shear_15nN_extend_grompp": 1, "113440e86c4941249fe0f1743afb098e-calc_S2_shear": 1, "113440e86c4941249fe0f1743afb098e-shear_5nN_extend": 1, "113440e86c4941249fe0f1743afb098e-shear_25nN_grompp": 1, "113440e86c4941249fe0f1743afb098e-get_interaction_energy_15nN": 1, "113440e86c4941249fe0f1743afb098e-calc_friction": 1, "113440e86c4941249fe0f1743afb098e-shear_5nN": 1, "113440e86c4941249fe0f1743afb098e-shear_25nN_rerun": 1, "113440e86c4941249fe0f1743afb098e-unwrap_shear_5nN": 1, "113440e86c4941249fe0f1743afb098e-log_S2": 1, "113440e86c4941249fe0f1743afb098e-shear_25nN_extend": 1, "113440e86c4941249fe0f1743afb098e-log_interaction_energy_25nN": 1, "113440e86c4941249fe0f1743afb098e-minimize": 1}, "shear_25nN_Etotal": [-1085.9931891790568, 52.71335539401345], "intercept": 0.8676419728873928, "shear_5nN_qq": [314.0637937809752, 25.713998651883585], "COF": 0.16791559275578552, "chain-smiles": "CCCCCCCCCCCCCCCCCC1CC1", "shear_5nN_lj": [-1245.9068997593927, 46.90747669063038], "h-smiles": "C1CC1", "entropy_translational": 155.37, "S2": {"25nN": 0.7878619267728444, "5nN": 0.7886882399300824, "15nN": 0.78700523941236}}