{"shear_15nN_Etotal": [-2024.848946359712, 91.12204703777468], "molecular_weight": 66.0811, "shear_25nN_Etotal": [-2172.8127872749806, 98.3034537746714], "surface_area": 76.02, "shear_15nN_qq": [-221.28223800719425, 65.27884303536882], "enthalpy_vibrational": 216.45, "shear_5nN_qq": [-183.65243992406076, 55.49340470676409], "tilt": {"5nN": 26.554809113501236, "25nN": 32.99281421139703, "15nN": 30.860952638205767}, "intercept": 1.9537332793160518, "shear_25nN_lj": [-1918.7501552541964, 57.18961445267475], "entropy_rotational": 101.75, "shear_5nN_lj": [-1602.6337184108713, 63.55773821502552], "shear_25nN_qq": [-254.06263202078338, 76.18570382470787], "nonpolar_solvation_energy": 11.08, "total_solvation_energy": -3.05, "shear_15nN_lj": [-1803.566708352518, 58.36450481478239], "shear_5nN_Etotal": [-1786.286158334932, 94.62456539436658], "interdigitation": {"5nN": 0.09420627382194738, "25nN": 0.10239640871279776, "15nN": 0.09603265687670728}, "entropy_vibrational": 16.0, "heat_capacity_vibrational": 38.72, "entropy_translational": 161.19, "status": {"d64b3dff6ca35fc16eb47fba9887e97f-compress": 1, "d64b3dff6ca35fc16eb47fba9887e97f-calc_S2_shear": 1, "d64b3dff6ca35fc16eb47fba9887e97f-shear_15nN_extend_grompp": 1, "d64b3dff6ca35fc16eb47fba9887e97f-log_cof": 1, "d64b3dff6ca35fc16eb47fba9887e97f-log_interaction_energy_15nN": 1, "d64b3dff6ca35fc16eb47fba9887e97f-shear_15nN_grompp": 1, "d64b3dff6ca35fc16eb47fba9887e97f-calc_interdigitation": 1, "d64b3dff6ca35fc16eb47fba9887e97f-equilibrate": 1, "d64b3dff6ca35fc16eb47fba9887e97f-log_S2": 1, "d64b3dff6ca35fc16eb47fba9887e97f-top_to_mol2": 1, "d64b3dff6ca35fc16eb47fba9887e97f-shear_25nN_rerun_grompp": 1, "d64b3dff6ca35fc16eb47fba9887e97f-compress_grompp": 1, "d64b3dff6ca35fc16eb47fba9887e97f-get_interaction_energy_5nN": 1, "d64b3dff6ca35fc16eb47fba9887e97f-shear_5nN": 1, "d64b3dff6ca35fc16eb47fba9887e97f-minimize": 1, "d64b3dff6ca35fc16eb47fba9887e97f-minimize_grompp": 1, "d64b3dff6ca35fc16eb47fba9887e97f-log_interaction_energy_25nN": 1, "d64b3dff6ca35fc16eb47fba9887e97f-shear_25nN_extend_grompp": 1, "d64b3dff6ca35fc16eb47fba9887e97f-initialize": 1, "d64b3dff6ca35fc16eb47fba9887e97f-unwrap_shear_5nN": 1, "d64b3dff6ca35fc16eb47fba9887e97f-log_tilt": 1, "d64b3dff6ca35fc16eb47fba9887e97f-get_interaction_energy_15nN": 1, "d64b3dff6ca35fc16eb47fba9887e97f-shear_25nN_grompp": 1, "d64b3dff6ca35fc16eb47fba9887e97f-shear_5nN_rerun": 1, "d64b3dff6ca35fc16eb47fba9887e97f-calc_roughness": 1, "d64b3dff6ca35fc16eb47fba9887e97f-calc_friction": 1, "d64b3dff6ca35fc16eb47fba9887e97f-shear_5nN_rerun_grompp": 1, "d64b3dff6ca35fc16eb47fba9887e97f-shear_15nN_rerun_grompp": 1, "d64b3dff6ca35fc16eb47fba9887e97f-lammps_to_gmx": 1, "d64b3dff6ca35fc16eb47fba9887e97f-shear_5nN_extend_grompp": 1, "d64b3dff6ca35fc16eb47fba9887e97f-fix_overlaps": 1, "d64b3dff6ca35fc16eb47fba9887e97f-unwrap_shear_25nN": 1, "d64b3dff6ca35fc16eb47fba9887e97f-calc_tilt_shear": 1, "d64b3dff6ca35fc16eb47fba9887e97f-shear_5nN_extend": 1, "d64b3dff6ca35fc16eb47fba9887e97f-count_hydrogen_bonds": 1, "d64b3dff6ca35fc16eb47fba9887e97f-equilibrate_grompp": 1, "d64b3dff6ca35fc16eb47fba9887e97f-shear_15nN_extend": 1, "d64b3dff6ca35fc16eb47fba9887e97f-shear_15nN": 1, "d64b3dff6ca35fc16eb47fba9887e97f-log_interaction_energy_5nN": 1, "d64b3dff6ca35fc16eb47fba9887e97f-get_interaction_energy_25nN": 1, "d64b3dff6ca35fc16eb47fba9887e97f-shear_25nN_extend": 1, "d64b3dff6ca35fc16eb47fba9887e97f-shear_5nN_grompp": 1, "d64b3dff6ca35fc16eb47fba9887e97f-shear_25nN": 1, "d64b3dff6ca35fc16eb47fba9887e97f-shear_25nN_rerun": 1, "d64b3dff6ca35fc16eb47fba9887e97f-shear_15nN_rerun": 1, "d64b3dff6ca35fc16eb47fba9887e97f-unwrap_shear_15nN": 1}, "S2": {"5nN": 0.7854470914692586, "25nN": 0.7941727321960612, "15nN": 0.7755861801667657}, "polar_solvation_energy": -14.13, "COF": 0.16534375910115884, "roughness": {"5nN": 0.05205063942145199, "25nN": 0.05054327779742525, "15nN": 0.05235944115392324}, "dipole_moment": 2.89}