{"MR":20.512,"asphericity":0.154141,"balabanj":5.542726,"bertzct":165.593463,"chi0":12.0,"chi0n":12.0,"chi0v":2.0,"chi1":5.75,"chi1n":5.75,"chi1v":0.75,"chi2n":0.375,"chi2v":0.375,"chi3n":0.0,"chi3v":0.0,"chi4n":0.0,"chi4v":0.0,"e-valence":26.0,"eccentricity":0.820663,"hk-alpha":0.0,"hk-kappa1":0.213018,"hk-kappa2":1.333333,"hk-kappa3":0.0,"ipc":312.080511,"isf":0.009189,"labuteASA":41.883782,"logP":1.6623,"molwt":58.07825,"molwt-hvy":48.044,"nheavy":4.0,"npr1":0.571413,"npr2":0.582989,"pbf":0.556394,"pc+":0.239098,"pc-":-0.239098,"pmi1":63.447345,"pmi2":64.732632,"pmi3":111.03585,"rbonds":0.0,"rg":1.434505,"rpc+":0.123042,"rpc-":0.263646,"spherocity":0.433174,"tpsa":0.0,"vsa+":13.707586,"vsa-":26.449634,"vsa-fhyd":1.0,"vsa-fneg":0.658652,"vsa-fpneg":0.0,"vsa-fpos":0.341348,"vsa-fppos":0.0,"vsa-hyd":40.15722,"vsa-polar":0.0,"vsa-polar+":0.0,"vsa-polar-":0.0,"hbonds":0.0}