{"shear_5nN_Etotal": [-1170.278183445244, 45.195510207542675], "entropy_vibrational": 26.04, "tilt": {"5nN": 30.14525955667568, "15nN": 34.14607853113749, "25nN": 36.60568095817323}, "molecular_weight": 43.0874, "shear_25nN_lj": [-1535.2787027130296, 47.771496742675666], "dipole_moment": 0.01, "COF": 0.133290692070457, "entropy_translational": 155.96, "S2": {"5nN": 0.9160544906572213, "15nN": 0.9195979665631222, "25nN": 0.9326081307949498}, "shear_15nN_Etotal": [-1342.8223007346123, 42.12244484441935], "heat_capacity_vibrational": 37.37, "surface_area": 70.99, "shear_5nN_qq": [43.506881177458034, 8.112076033665964], "shear_15nN_qq": [98.71019495203838, 9.879929709064081], "nonpolar_solvation_energy": 11.79, "intercept": 0.6633372370375343, "entropy_rotational": 94.72, "shear_5nN_lj": [-1213.7850646227018, 46.281440130215856], "interdigitation": {"5nN": 0.09546879568921814, "15nN": 0.09940151602671887, "25nN": 0.09585789611196939}, "polar_solvation_energy": -0.4, "status": {"8757f7941670f5994e96277b9dfc8617-top_to_mol2": 1, "8757f7941670f5994e96277b9dfc8617-calc_S2_shear": 1, "8757f7941670f5994e96277b9dfc8617-log_interaction_energy_25nN": 1, "8757f7941670f5994e96277b9dfc8617-shear_25nN_extend_grompp": 1, "8757f7941670f5994e96277b9dfc8617-calc_roughness": 1, "8757f7941670f5994e96277b9dfc8617-shear_25nN_rerun": 1, "8757f7941670f5994e96277b9dfc8617-get_interaction_energy_15nN": 1, "8757f7941670f5994e96277b9dfc8617-fix_overlaps": 1, "8757f7941670f5994e96277b9dfc8617-shear_25nN": 1, "8757f7941670f5994e96277b9dfc8617-calc_interdigitation": 6, "8757f7941670f5994e96277b9dfc8617-shear_15nN_rerun": 1, "8757f7941670f5994e96277b9dfc8617-shear_5nN_extend_grompp": 1, "8757f7941670f5994e96277b9dfc8617-log_S2": 1, "8757f7941670f5994e96277b9dfc8617-shear_5nN_grompp": 1, "8757f7941670f5994e96277b9dfc8617-compress": 1, "8757f7941670f5994e96277b9dfc8617-shear_15nN_rerun_grompp": 1, "8757f7941670f5994e96277b9dfc8617-calc_tilt_shear": 1, "8757f7941670f5994e96277b9dfc8617-get_interaction_energy_5nN": 1, "8757f7941670f5994e96277b9dfc8617-shear_15nN": 1, "8757f7941670f5994e96277b9dfc8617-shear_5nN_extend": 1, "8757f7941670f5994e96277b9dfc8617-shear_25nN_rerun_grompp": 1, "8757f7941670f5994e96277b9dfc8617-equilibrate_grompp": 1, "8757f7941670f5994e96277b9dfc8617-calc_friction": 1, "8757f7941670f5994e96277b9dfc8617-log_interaction_energy_5nN": 1, "8757f7941670f5994e96277b9dfc8617-shear_5nN_rerun_grompp": 1, "8757f7941670f5994e96277b9dfc8617-log_tilt": 1, "8757f7941670f5994e96277b9dfc8617-shear_25nN_grompp": 1, "8757f7941670f5994e96277b9dfc8617-get_interaction_energy_25nN": 1, "8757f7941670f5994e96277b9dfc8617-unwrap_shear_5nN": 1, "8757f7941670f5994e96277b9dfc8617-minimize_grompp": 1, "8757f7941670f5994e96277b9dfc8617-unwrap_shear_25nN": 1, "8757f7941670f5994e96277b9dfc8617-compress_grompp": 1, "8757f7941670f5994e96277b9dfc8617-shear_15nN_grompp": 1, "8757f7941670f5994e96277b9dfc8617-shear_5nN": 1, "8757f7941670f5994e96277b9dfc8617-unwrap_shear_15nN": 1, "8757f7941670f5994e96277b9dfc8617-shear_5nN_rerun": 1, "8757f7941670f5994e96277b9dfc8617-minimize": 1, "8757f7941670f5994e96277b9dfc8617-lammps_to_gmx": 1, "8757f7941670f5994e96277b9dfc8617-shear_15nN_extend_grompp": 1, "8757f7941670f5994e96277b9dfc8617-shear_25nN_extend": 1, "8757f7941670f5994e96277b9dfc8617-initialize": 1, "8757f7941670f5994e96277b9dfc8617-log_cof": 1, "8757f7941670f5994e96277b9dfc8617-shear_15nN_extend": 1, "8757f7941670f5994e96277b9dfc8617-equilibrate": 1, "8757f7941670f5994e96277b9dfc8617-count_hydrogen_bonds": 1, "8757f7941670f5994e96277b9dfc8617-log_interaction_energy_15nN": 1}, "roughness": {"5nN": 0.0545266149954033, "15nN": 0.0509950172840947, "25nN": 0.048725155922382406}, "shear_15nN_lj": [-1441.5324956866505, 43.05928961221953], "total_solvation_energy": 11.37, "shear_25nN_qq": [129.0557932773781, 10.113354181384066], "shear_25nN_Etotal": [-1406.2229094356514, 46.72050212803738], "enthalpy_vibrational": 273.28}