{"enthalpy_vibrational": 62.86, "shear_5nN_Etotal": [-3455.1572203085534, 166.58750742349852], "heat_capacity_vibrational": 5.42, "entropy_vibrational": 1.77, "interdigitation": {"25nN": 0.12596326195881954, "5nN": 0.13756079266894986, "15nN": 0.13861829110022558}, "polar_solvation_energy": -48.71, "shear_15nN_qq": [-1453.4953392821742, 128.02008241793126], "nonpolar_solvation_energy": 4.77, "molecular_weight": 46.0055, "shear_15nN_Etotal": [-3616.743923426858, 156.1300382606425], "roughness": {"25nN": 0.04441792590192826, "5nN": 0.050024997151103236, "15nN": 0.04883003909181253}, "tilt": {"25nN": 36.511291080082195, "5nN": 30.261632774777144, "15nN": 34.44773879293346}, "shear_15nN_lj": [-2163.248584144684, 55.9112356445839], "surface_area": 59.09, "total_solvation_energy": -43.93, "dipole_moment": 3.81, "entropy_rotational": 85.69, "shear_25nN_lj": [-2237.90393935012, 51.67430726292481], "shear_25nN_qq": [-1346.9381346970424, 133.72665516659657], "ch3-smiles": "C[N+](=O)[O-]", "status": {"08fdeec4df15552963903f607bff32aa-compress": 1, "08fdeec4df15552963903f607bff32aa-calc_interdigitation": 6, "08fdeec4df15552963903f607bff32aa-count_hydrogen_bonds": 1, "08fdeec4df15552963903f607bff32aa-equilibrate_grompp": 1, "08fdeec4df15552963903f607bff32aa-compress_grompp": 1, "08fdeec4df15552963903f607bff32aa-shear_5nN_extend_grompp": 1, "08fdeec4df15552963903f607bff32aa-shear_25nN_rerun_grompp": 1, "08fdeec4df15552963903f607bff32aa-shear_5nN_rerun": 1, "08fdeec4df15552963903f607bff32aa-log_interaction_energy_5nN": 1, "08fdeec4df15552963903f607bff32aa-log_tilt": 1, "08fdeec4df15552963903f607bff32aa-top_to_mol2": 1, "08fdeec4df15552963903f607bff32aa-lammps_to_gmx": 1, "08fdeec4df15552963903f607bff32aa-shear_25nN": 1, "08fdeec4df15552963903f607bff32aa-get_interaction_energy_15nN": 1, "08fdeec4df15552963903f607bff32aa-shear_15nN": 1, "08fdeec4df15552963903f607bff32aa-fix_overlaps": 1, "08fdeec4df15552963903f607bff32aa-shear_15nN_extend_grompp": 1, "08fdeec4df15552963903f607bff32aa-calc_friction": 1, "08fdeec4df15552963903f607bff32aa-shear_15nN_extend": 1, "08fdeec4df15552963903f607bff32aa-shear_15nN_rerun": 1, "08fdeec4df15552963903f607bff32aa-calc_S2_shear": 1, "08fdeec4df15552963903f607bff32aa-shear_5nN_rerun_grompp": 1, "08fdeec4df15552963903f607bff32aa-shear_25nN_extend_grompp": 1, "08fdeec4df15552963903f607bff32aa-unwrap_shear_5nN": 1, "08fdeec4df15552963903f607bff32aa-unwrap_shear_25nN": 1, "08fdeec4df15552963903f607bff32aa-log_S2": 1, "08fdeec4df15552963903f607bff32aa-shear_25nN_grompp": 1, "08fdeec4df15552963903f607bff32aa-get_interaction_energy_5nN": 1, "08fdeec4df15552963903f607bff32aa-shear_25nN_extend": 1, "08fdeec4df15552963903f607bff32aa-shear_5nN_grompp": 1, "08fdeec4df15552963903f607bff32aa-shear_5nN": 1, "08fdeec4df15552963903f607bff32aa-log_cof": 1, "08fdeec4df15552963903f607bff32aa-shear_15nN_grompp": 1, "08fdeec4df15552963903f607bff32aa-equilibrate": 1, "08fdeec4df15552963903f607bff32aa-shear_5nN_extend": 1, "08fdeec4df15552963903f607bff32aa-get_interaction_energy_25nN": 1, "08fdeec4df15552963903f607bff32aa-calc_tilt_shear": 1, "08fdeec4df15552963903f607bff32aa-shear_25nN_rerun": 1, "08fdeec4df15552963903f607bff32aa-minimize": 1, "08fdeec4df15552963903f607bff32aa-log_interaction_energy_25nN": 1, "08fdeec4df15552963903f607bff32aa-unwrap_shear_15nN": 1, "08fdeec4df15552963903f607bff32aa-calc_roughness": 1, "08fdeec4df15552963903f607bff32aa-minimize_grompp": 1, "08fdeec4df15552963903f607bff32aa-log_interaction_energy_15nN": 1, "08fdeec4df15552963903f607bff32aa-shear_15nN_rerun_grompp": 1, "08fdeec4df15552963903f607bff32aa-initialize": 1}, "shear_25nN_Etotal": [-3584.842074047162, 154.40008988318576], "intercept": 2.4424411310061904, "shear_5nN_qq": [-1468.7721210655475, 133.2457659560993], "COF": 0.12386111328628041, "chain-smiles": "CCCCCCCCCCCCCCCCC[N+](=O)[O-]", "shear_5nN_lj": [-1986.3850992430057, 59.50057451036311], "h-smiles": "[N+](=O)[O-]", "entropy_translational": 156.76, "S2": {"25nN": 0.8943039835274775, "5nN": 0.9094004423761927, "15nN": 0.9073284571928297}}