{"shear_15nN_Etotal": [-1067.5808359512391, 48.586747081435554], "molecular_weight": 43.0874, "shear_25nN_Etotal": [-1138.9244183109513, 46.1333924673203], "surface_area": 70.99, "shear_15nN_qq": [361.12357355475615, 13.38093080604007], "enthalpy_vibrational": 273.28, "shear_5nN_qq": [297.81308033892884, 9.647443691910592], "tilt": {"5nN": 24.05390264151102, "15nN": 28.571255449114467, "25nN": 31.761911969778104}, "intercept": 0.44991903104035735, "shear_25nN_lj": [-1534.774487048761, 45.787636708695196], "entropy_rotational": 94.72, "shear_5nN_lj": [-1188.2375336570744, 54.893153795670955], "shear_25nN_qq": [395.8500687378098, 12.39989677396189], "nonpolar_solvation_energy": 11.79, "total_solvation_energy": 11.37, "shear_15nN_lj": [-1428.704409505995, 51.10017248202954], "shear_5nN_Etotal": [-890.4244533181454, 51.6599204608305], "interdigitation": {"5nN": 0.08839874124841872, "15nN": 0.09703177991996817, "25nN": 0.0895127631174811}, "entropy_vibrational": 26.04, "heat_capacity_vibrational": 37.37, "entropy_translational": 155.96, "status": {"3ee77b9bb0e5df95f48fcadd721e0339-log_tilt": 1, "3ee77b9bb0e5df95f48fcadd721e0339-shear_25nN_rerun": 1, "3ee77b9bb0e5df95f48fcadd721e0339-calc_friction": 1, "3ee77b9bb0e5df95f48fcadd721e0339-shear_5nN_extend": 1, "3ee77b9bb0e5df95f48fcadd721e0339-lammps_to_gmx": 1, "3ee77b9bb0e5df95f48fcadd721e0339-shear_25nN_extend": 1, "3ee77b9bb0e5df95f48fcadd721e0339-log_interaction_energy_15nN": 1, "3ee77b9bb0e5df95f48fcadd721e0339-log_cof": 1, "3ee77b9bb0e5df95f48fcadd721e0339-calc_tilt_shear": 1, "3ee77b9bb0e5df95f48fcadd721e0339-calc_interdigitation": 1, "3ee77b9bb0e5df95f48fcadd721e0339-get_interaction_energy_15nN": 1, "3ee77b9bb0e5df95f48fcadd721e0339-calc_roughness": 1, "3ee77b9bb0e5df95f48fcadd721e0339-get_interaction_energy_5nN": 1, "3ee77b9bb0e5df95f48fcadd721e0339-shear_25nN_extend_grompp": 1, "3ee77b9bb0e5df95f48fcadd721e0339-compress": 1, "3ee77b9bb0e5df95f48fcadd721e0339-shear_5nN_rerun_grompp": 1, "3ee77b9bb0e5df95f48fcadd721e0339-shear_25nN": 1, "3ee77b9bb0e5df95f48fcadd721e0339-shear_15nN_grompp": 1, "3ee77b9bb0e5df95f48fcadd721e0339-log_interaction_energy_25nN": 1, "3ee77b9bb0e5df95f48fcadd721e0339-get_interaction_energy_25nN": 1, "3ee77b9bb0e5df95f48fcadd721e0339-log_interaction_energy_5nN": 1, "3ee77b9bb0e5df95f48fcadd721e0339-shear_5nN_rerun": 1, "3ee77b9bb0e5df95f48fcadd721e0339-log_S2": 1, "3ee77b9bb0e5df95f48fcadd721e0339-shear_15nN_rerun": 1, "3ee77b9bb0e5df95f48fcadd721e0339-unwrap_shear_5nN": 1, "3ee77b9bb0e5df95f48fcadd721e0339-shear_15nN_extend_grompp": 1, "3ee77b9bb0e5df95f48fcadd721e0339-shear_15nN_extend": 1, "3ee77b9bb0e5df95f48fcadd721e0339-compress_grompp": 1, "3ee77b9bb0e5df95f48fcadd721e0339-unwrap_shear_25nN": 1, "3ee77b9bb0e5df95f48fcadd721e0339-calc_S2_shear": 1, "3ee77b9bb0e5df95f48fcadd721e0339-shear_25nN_rerun_grompp": 1, "3ee77b9bb0e5df95f48fcadd721e0339-shear_15nN_rerun_grompp": 1, "3ee77b9bb0e5df95f48fcadd721e0339-initialize": 1, "3ee77b9bb0e5df95f48fcadd721e0339-shear_15nN": 1, "3ee77b9bb0e5df95f48fcadd721e0339-count_hydrogen_bonds": 1, "3ee77b9bb0e5df95f48fcadd721e0339-top_to_mol2": 1, "3ee77b9bb0e5df95f48fcadd721e0339-equilibrate_grompp": 1, "3ee77b9bb0e5df95f48fcadd721e0339-minimize": 1, "3ee77b9bb0e5df95f48fcadd721e0339-shear_5nN": 1, "3ee77b9bb0e5df95f48fcadd721e0339-fix_overlaps": 1, "3ee77b9bb0e5df95f48fcadd721e0339-minimize_grompp": 1, "3ee77b9bb0e5df95f48fcadd721e0339-shear_25nN_grompp": 1, "3ee77b9bb0e5df95f48fcadd721e0339-shear_5nN_extend_grompp": 1, "3ee77b9bb0e5df95f48fcadd721e0339-equilibrate": 1, "3ee77b9bb0e5df95f48fcadd721e0339-unwrap_shear_15nN": 1, "3ee77b9bb0e5df95f48fcadd721e0339-shear_5nN_grompp": 1}, "S2": {"5nN": 0.7888457944617006, "15nN": 0.8080678180557185, "25nN": 0.8033189313261259}, "polar_solvation_energy": -0.4, "COF": 0.14823142570811912, "roughness": {"5nN": 0.050434512090599695, "15nN": 0.047583987541997746, "25nN": 0.044134200170263364}, "dipole_moment": 0.01}