{"shear_15nN_Etotal": [-1455.468608794564, 156.81454882539356], "molecular_weight": 16.0225, "shear_25nN_Etotal": [-1277.1176397306156, 166.93557187338345], "surface_area": 42.91, "shear_15nN_qq": [-275.62311106155073, 163.39052911027517], "enthalpy_vibrational": 92.73, "shear_5nN_qq": [-591.4834430167866, 162.06799821569268], "tilt": {"5nN": 30.28415089668676, "15nN": 33.055034230233254, "25nN": 35.43732199472549}, "intercept": 3.2492622385214935, "shear_25nN_lj": [-1241.9441449768185, 56.53151996188535], "entropy_rotational": 56.63, "shear_5nN_lj": [-1037.3247737785773, 52.97459235684727], "shear_25nN_qq": [-35.173494753796966, 169.78991964238588], "nonpolar_solvation_energy": 5.48, "total_solvation_energy": -4.92, "shear_15nN_lj": [-1179.8454977330136, 53.99023194406985], "shear_5nN_Etotal": [-1628.8082167953637, 160.9353891337125], "interdigitation": {"5nN": 0.11403452295256858, "15nN": 0.11835330643212047, "25nN": 0.11879766098379138}, "entropy_vibrational": 0.11, "heat_capacity_vibrational": 0.69, "entropy_translational": 144.1, "roughness": {"5nN": 0.05286608429555636, "15nN": 0.05029952328076394, "25nN": 0.04946642901580106}, "S2": {"5nN": 0.6677948985428195, "15nN": 0.6488414086708935, "25nN": 0.6387976600072084}, "dipole_moment": 1.63, "COF": 0.18195611641738088, "status": {"f6613038904c627e16e222957ce16510-calc_S2_shear": 1, "f6613038904c627e16e222957ce16510-shear_25nN_rerun_grompp": 1, "f6613038904c627e16e222957ce16510-get_interaction_energy_25nN": 1, "f6613038904c627e16e222957ce16510-log_cof": 1, "f6613038904c627e16e222957ce16510-log_interaction_energy_15nN": 1, "f6613038904c627e16e222957ce16510-top_to_mol2": 1, "f6613038904c627e16e222957ce16510-minimize_grompp": 1, "f6613038904c627e16e222957ce16510-shear_25nN_grompp": 1, "f6613038904c627e16e222957ce16510-shear_15nN": 1, "f6613038904c627e16e222957ce16510-shear_15nN_extend": 1, "f6613038904c627e16e222957ce16510-shear_5nN": 1, "f6613038904c627e16e222957ce16510-shear_15nN_grompp": 1, "f6613038904c627e16e222957ce16510-initialize": 1, "f6613038904c627e16e222957ce16510-shear_5nN_rerun_grompp": 1, "f6613038904c627e16e222957ce16510-shear_25nN_rerun": 1, "f6613038904c627e16e222957ce16510-equilibrate_grompp": 1, "f6613038904c627e16e222957ce16510-equilibrate": 1, "f6613038904c627e16e222957ce16510-unwrap_shear_25nN": 1, "f6613038904c627e16e222957ce16510-compress": 1, "f6613038904c627e16e222957ce16510-log_interaction_energy_25nN": 1, "f6613038904c627e16e222957ce16510-compress_grompp": 1, "f6613038904c627e16e222957ce16510-shear_5nN_extend_grompp": 1, "f6613038904c627e16e222957ce16510-shear_15nN_rerun": 1, "f6613038904c627e16e222957ce16510-shear_5nN_rerun": 1, "f6613038904c627e16e222957ce16510-count_hydrogen_bonds": 1, "f6613038904c627e16e222957ce16510-shear_5nN_extend": 1, "f6613038904c627e16e222957ce16510-shear_5nN_grompp": 1, "f6613038904c627e16e222957ce16510-calc_interdigitation": 1, "f6613038904c627e16e222957ce16510-log_S2": 1, "f6613038904c627e16e222957ce16510-shear_25nN": 1, "f6613038904c627e16e222957ce16510-shear_15nN_rerun_grompp": 1, "f6613038904c627e16e222957ce16510-unwrap_shear_15nN": 1, "f6613038904c627e16e222957ce16510-shear_15nN_extend_grompp": 1, "f6613038904c627e16e222957ce16510-lammps_to_gmx": 1, "f6613038904c627e16e222957ce16510-log_interaction_energy_5nN": 1, "f6613038904c627e16e222957ce16510-minimize": 1, "f6613038904c627e16e222957ce16510-shear_25nN_extend_grompp": 1, "f6613038904c627e16e222957ce16510-log_tilt": 1, "f6613038904c627e16e222957ce16510-fix_overlaps": 1, "f6613038904c627e16e222957ce16510-calc_friction": 1, "f6613038904c627e16e222957ce16510-get_interaction_energy_15nN": 1, "f6613038904c627e16e222957ce16510-get_interaction_energy_5nN": 1, "f6613038904c627e16e222957ce16510-calc_tilt_shear": 1, "f6613038904c627e16e222957ce16510-unwrap_shear_5nN": 1, "f6613038904c627e16e222957ce16510-shear_25nN_extend": 1, "f6613038904c627e16e222957ce16510-calc_roughness": 1}, "polar_solvation_energy": -10.38}