{"shear_15nN_Etotal": [-1344.9932793892885, 45.57388165561375], "intercept": 0.7351844354157597, "shear_25nN_Etotal": [-1414.9933040479618, 44.34614794864754], "entropy_vibrational": 26.04, "enthalpy_vibrational": 273.28, "interdigitation": {"25nN": 0.09976971844620777, "5nN": 0.10294015945148756, "15nN": 0.10933252665355898}, "status": {"51178d293e6a9bca9ff2e0f6575c1e34-shear_25nN": 1, "51178d293e6a9bca9ff2e0f6575c1e34-get_interaction_energy_5nN": 1, "51178d293e6a9bca9ff2e0f6575c1e34-shear_25nN_rerun": 1, "51178d293e6a9bca9ff2e0f6575c1e34-shear_25nN_extend": 1, "51178d293e6a9bca9ff2e0f6575c1e34-compress": 1, "51178d293e6a9bca9ff2e0f6575c1e34-shear_25nN_extend_grompp": 1, "51178d293e6a9bca9ff2e0f6575c1e34-count_hydrogen_bonds": 1, "51178d293e6a9bca9ff2e0f6575c1e34-fix_overlaps": 1, "51178d293e6a9bca9ff2e0f6575c1e34-shear_5nN_extend_grompp": 1, "51178d293e6a9bca9ff2e0f6575c1e34-equilibrate": 1, "51178d293e6a9bca9ff2e0f6575c1e34-log_interaction_energy_25nN": 1, "51178d293e6a9bca9ff2e0f6575c1e34-shear_5nN_extend": 1, "51178d293e6a9bca9ff2e0f6575c1e34-lammps_to_gmx": 1, "51178d293e6a9bca9ff2e0f6575c1e34-calc_interdigitation": 6, "51178d293e6a9bca9ff2e0f6575c1e34-get_interaction_energy_15nN": 1, "51178d293e6a9bca9ff2e0f6575c1e34-log_S2": 1, "51178d293e6a9bca9ff2e0f6575c1e34-shear_15nN_rerun_grompp": 1, "51178d293e6a9bca9ff2e0f6575c1e34-shear_5nN_grompp": 1, "51178d293e6a9bca9ff2e0f6575c1e34-calc_tilt_shear": 1, "51178d293e6a9bca9ff2e0f6575c1e34-minimize_grompp": 1, "51178d293e6a9bca9ff2e0f6575c1e34-shear_15nN_rerun": 1, "51178d293e6a9bca9ff2e0f6575c1e34-log_interaction_energy_15nN": 1, "51178d293e6a9bca9ff2e0f6575c1e34-initialize": 1, "51178d293e6a9bca9ff2e0f6575c1e34-shear_5nN_rerun_grompp": 1, "51178d293e6a9bca9ff2e0f6575c1e34-shear_15nN_grompp": 1, "51178d293e6a9bca9ff2e0f6575c1e34-minimize": 1, "51178d293e6a9bca9ff2e0f6575c1e34-log_interaction_energy_5nN": 1, "51178d293e6a9bca9ff2e0f6575c1e34-log_tilt": 1, "51178d293e6a9bca9ff2e0f6575c1e34-shear_25nN_rerun_grompp": 1, "51178d293e6a9bca9ff2e0f6575c1e34-shear_25nN_grompp": 1, "51178d293e6a9bca9ff2e0f6575c1e34-shear_5nN_rerun": 1, "51178d293e6a9bca9ff2e0f6575c1e34-shear_5nN": 1, "51178d293e6a9bca9ff2e0f6575c1e34-log_cof": 1, "51178d293e6a9bca9ff2e0f6575c1e34-unwrap_shear_25nN": 1, "51178d293e6a9bca9ff2e0f6575c1e34-top_to_mol2": 1, "51178d293e6a9bca9ff2e0f6575c1e34-calc_S2_shear": 1, "51178d293e6a9bca9ff2e0f6575c1e34-get_interaction_energy_25nN": 1, "51178d293e6a9bca9ff2e0f6575c1e34-calc_friction": 1, "51178d293e6a9bca9ff2e0f6575c1e34-calc_roughness": 1, "51178d293e6a9bca9ff2e0f6575c1e34-equilibrate_grompp": 1, "51178d293e6a9bca9ff2e0f6575c1e34-unwrap_shear_15nN": 1, "51178d293e6a9bca9ff2e0f6575c1e34-shear_15nN_extend": 1, "51178d293e6a9bca9ff2e0f6575c1e34-compress_grompp": 1, "51178d293e6a9bca9ff2e0f6575c1e34-shear_15nN": 1, "51178d293e6a9bca9ff2e0f6575c1e34-shear_15nN_extend_grompp": 1, "51178d293e6a9bca9ff2e0f6575c1e34-unwrap_shear_5nN": 1}, "shear_15nN_lj": [-1436.9506390047961, 46.11931781004261], "shear_15nN_qq": [91.95735961550758, 9.122171886193888], "entropy_rotational": 94.72, "roughness": {"25nN": 0.0485216674955889, "5nN": 0.05959464294630696, "15nN": 0.05785172515972527}, "shear_5nN_Etotal": [-1178.5806014132693, 44.695507882296425], "shear_25nN_lj": [-1545.284488042366, 44.57982295361517], "shear_5nN_lj": [-1220.2389314148681, 46.372095142739745], "molecular_weight": 43.0874, "shear_5nN_qq": [41.65833000159872, 7.963982893369828], "tilt": {"25nN": 36.58702181772083, "5nN": 30.65880696151918, "15nN": 33.90692303529261}, "S2": {"25nN": 0.9153105182544343, "5nN": 0.9143346263019907, "15nN": 0.9086417592005811}, "entropy_translational": 155.96, "COF": 0.14531811496151553, "polar_solvation_energy": -0.4, "surface_area": 70.99, "total_solvation_energy": 11.37, "heat_capacity_vibrational": 37.37, "shear_25nN_qq": [130.2911839944045, 10.620869610716788], "dipole_moment": 0.01, "nonpolar_solvation_energy": 11.79}