{"polar_solvation_energy": -15.94, "interdigitation": {"25nN": 0.10926921087288888, "15nN": 0.11645174340159817, "5nN": 0.11588956405843562}, "intercept": 1.570030481727084, "status": {"2f521d0b54cc1239ab31f489b0fd92b5-calc_interdigitation": 6, "2f521d0b54cc1239ab31f489b0fd92b5-shear_5nN_rerun": 1, "2f521d0b54cc1239ab31f489b0fd92b5-top_to_mol2": 1, "2f521d0b54cc1239ab31f489b0fd92b5-shear_15nN_extend_grompp": 1, "2f521d0b54cc1239ab31f489b0fd92b5-calc_roughness": 1, "2f521d0b54cc1239ab31f489b0fd92b5-get_interaction_energy_25nN": 1, "2f521d0b54cc1239ab31f489b0fd92b5-compress": 1, "2f521d0b54cc1239ab31f489b0fd92b5-shear_15nN_rerun": 1, "2f521d0b54cc1239ab31f489b0fd92b5-shear_5nN_grompp": 1, "2f521d0b54cc1239ab31f489b0fd92b5-shear_15nN": 1, "2f521d0b54cc1239ab31f489b0fd92b5-log_tilt": 1, "2f521d0b54cc1239ab31f489b0fd92b5-equilibrate_grompp": 1, "2f521d0b54cc1239ab31f489b0fd92b5-get_interaction_energy_15nN": 1, "2f521d0b54cc1239ab31f489b0fd92b5-count_hydrogen_bonds": 1, "2f521d0b54cc1239ab31f489b0fd92b5-calc_S2_shear": 1, "2f521d0b54cc1239ab31f489b0fd92b5-minimize": 1, "2f521d0b54cc1239ab31f489b0fd92b5-compress_grompp": 1, "2f521d0b54cc1239ab31f489b0fd92b5-shear_25nN_rerun_grompp": 1, "2f521d0b54cc1239ab31f489b0fd92b5-lammps_to_gmx": 1, "2f521d0b54cc1239ab31f489b0fd92b5-shear_5nN_extend_grompp": 1, "2f521d0b54cc1239ab31f489b0fd92b5-log_interaction_energy_15nN": 1, "2f521d0b54cc1239ab31f489b0fd92b5-shear_25nN_extend": 1, "2f521d0b54cc1239ab31f489b0fd92b5-fix_overlaps": 1, "2f521d0b54cc1239ab31f489b0fd92b5-shear_25nN_grompp": 1, "2f521d0b54cc1239ab31f489b0fd92b5-initialize": 1, "2f521d0b54cc1239ab31f489b0fd92b5-unwrap_shear_15nN": 1, "2f521d0b54cc1239ab31f489b0fd92b5-shear_25nN_extend_grompp": 1, "2f521d0b54cc1239ab31f489b0fd92b5-unwrap_shear_5nN": 1, "2f521d0b54cc1239ab31f489b0fd92b5-log_cof": 1, "2f521d0b54cc1239ab31f489b0fd92b5-log_S2": 1, "2f521d0b54cc1239ab31f489b0fd92b5-shear_5nN_rerun_grompp": 1, "2f521d0b54cc1239ab31f489b0fd92b5-shear_15nN_extend": 1, "2f521d0b54cc1239ab31f489b0fd92b5-minimize_grompp": 1, "2f521d0b54cc1239ab31f489b0fd92b5-log_interaction_energy_5nN": 1, "2f521d0b54cc1239ab31f489b0fd92b5-shear_25nN_rerun": 1, "2f521d0b54cc1239ab31f489b0fd92b5-get_interaction_energy_5nN": 1, "2f521d0b54cc1239ab31f489b0fd92b5-equilibrate": 1, "2f521d0b54cc1239ab31f489b0fd92b5-shear_15nN_grompp": 1, "2f521d0b54cc1239ab31f489b0fd92b5-shear_5nN": 1, "2f521d0b54cc1239ab31f489b0fd92b5-log_interaction_energy_25nN": 1, "2f521d0b54cc1239ab31f489b0fd92b5-calc_tilt_shear": 1, "2f521d0b54cc1239ab31f489b0fd92b5-shear_25nN": 1, "2f521d0b54cc1239ab31f489b0fd92b5-unwrap_shear_25nN": 1, "2f521d0b54cc1239ab31f489b0fd92b5-shear_15nN_rerun_grompp": 1, "2f521d0b54cc1239ab31f489b0fd92b5-shear_5nN_extend": 1, "2f521d0b54cc1239ab31f489b0fd92b5-calc_friction": 1}, "total_solvation_energy": -7.02, "shear_15nN_Etotal": [-2066.8990080303756, 97.04966013657643], "entropy_rotational": 90.56, "dipole_moment": 3.16, "nonpolar_solvation_energy": 8.9, "shear_15nN_lj": [-1756.9267539184655, 47.77311277503906], "shear_25nN_qq": [-306.28452488649083, 76.9840879982183], "shear_5nN_qq": [-237.6789949096722, 59.84459371312752], "shear_5nN_Etotal": [-1773.3615815411667, 90.24127841234137], "entropy_vibrational": 16.85, "COF": 0.1350084791321045, "shear_15nN_qq": [-309.97225411191044, 75.49711487743144], "shear_5nN_lj": [-1535.6825866314948, 51.940349364950336], "enthalpy_vibrational": 148.05, "molecular_weight": 43.0445, "S2": {"25nN": 0.876772380061233, "5nN": 0.9000478881273617, "15nN": 0.901969991707431}, "heat_capacity_vibrational": 22.11, "shear_25nN_lj": [-1856.0616156282974, 45.85267813607726], "shear_25nN_Etotal": [-2162.346140514788, 92.41991324482304], "surface_area": 66.15, "tilt": {"25nN": 36.55512004385247, "5nN": 29.996895497760853, "15nN": 34.444396478211246}, "roughness": {"25nN": 0.05135547064097947, "5nN": 0.05932103874770743, "15nN": 0.05563187637622593}, "entropy_translational": 155.95}