{"COF": 0.1265771144830359, "entropy_rotational": 85.69, "shear_25nN_lj": [-2241.451907999201, 52.23030398304763], "heat_capacity_vibrational": 5.42, "polar_solvation_energy": -48.71, "interdigitation": {"25nN": 0.14803180710957495, "15nN": 0.13387576469537613, "5nN": 0.14399224432979146}, "nonpolar_solvation_energy": 4.77, "dipole_moment": 3.81, "shear_5nN_Etotal": [-2915.733471236611, 130.96215026460658], "entropy_translational": 156.76, "molecular_weight": 46.0055, "shear_15nN_Etotal": [-3098.748066631495, 119.61062733369978], "surface_area": 59.09, "entropy_vibrational": 1.77, "shear_15nN_lj": [-2154.504894618705, 55.23972263634637], "shear_5nN_lj": [-1998.6736784380496, 61.491418976115504], "total_solvation_energy": -43.93, "intercept": 1.94888788128998, "status": {"37e1262c355aa1016ccd01c4b04ea56b-compress": 1, "37e1262c355aa1016ccd01c4b04ea56b-shear_5nN_extend": 1, "37e1262c355aa1016ccd01c4b04ea56b-shear_25nN_extend_grompp": 1, "37e1262c355aa1016ccd01c4b04ea56b-shear_25nN_extend": 1, "37e1262c355aa1016ccd01c4b04ea56b-minimize": 1, "37e1262c355aa1016ccd01c4b04ea56b-shear_15nN_rerun": 1, "37e1262c355aa1016ccd01c4b04ea56b-calc_interdigitation": 6, "37e1262c355aa1016ccd01c4b04ea56b-shear_5nN_rerun": 1, "37e1262c355aa1016ccd01c4b04ea56b-shear_25nN_rerun": 1, "37e1262c355aa1016ccd01c4b04ea56b-get_interaction_energy_15nN": 1, "37e1262c355aa1016ccd01c4b04ea56b-calc_tilt_shear": 1, "37e1262c355aa1016ccd01c4b04ea56b-fix_overlaps": 1, "37e1262c355aa1016ccd01c4b04ea56b-initialize": 1, "37e1262c355aa1016ccd01c4b04ea56b-log_cof": 1, "37e1262c355aa1016ccd01c4b04ea56b-get_interaction_energy_25nN": 1, "37e1262c355aa1016ccd01c4b04ea56b-shear_5nN_rerun_grompp": 1, "37e1262c355aa1016ccd01c4b04ea56b-unwrap_shear_5nN": 1, "37e1262c355aa1016ccd01c4b04ea56b-log_tilt": 1, "37e1262c355aa1016ccd01c4b04ea56b-shear_15nN_grompp": 1, "37e1262c355aa1016ccd01c4b04ea56b-minimize_grompp": 1, "37e1262c355aa1016ccd01c4b04ea56b-calc_S2_shear": 1, "37e1262c355aa1016ccd01c4b04ea56b-unwrap_shear_15nN": 1, "37e1262c355aa1016ccd01c4b04ea56b-shear_15nN": 1, "37e1262c355aa1016ccd01c4b04ea56b-equilibrate_grompp": 1, "37e1262c355aa1016ccd01c4b04ea56b-top_to_mol2": 1, "37e1262c355aa1016ccd01c4b04ea56b-lammps_to_gmx": 1, "37e1262c355aa1016ccd01c4b04ea56b-shear_25nN_grompp": 1, "37e1262c355aa1016ccd01c4b04ea56b-shear_5nN_grompp": 1, "37e1262c355aa1016ccd01c4b04ea56b-log_interaction_energy_25nN": 1, "37e1262c355aa1016ccd01c4b04ea56b-shear_15nN_extend": 1, "37e1262c355aa1016ccd01c4b04ea56b-shear_15nN_rerun_grompp": 1, "37e1262c355aa1016ccd01c4b04ea56b-log_interaction_energy_5nN": 1, "37e1262c355aa1016ccd01c4b04ea56b-count_hydrogen_bonds": 1, "37e1262c355aa1016ccd01c4b04ea56b-unwrap_shear_25nN": 1, "37e1262c355aa1016ccd01c4b04ea56b-log_S2": 1, "37e1262c355aa1016ccd01c4b04ea56b-get_interaction_energy_5nN": 1, "37e1262c355aa1016ccd01c4b04ea56b-shear_25nN": 1, "37e1262c355aa1016ccd01c4b04ea56b-compress_grompp": 1, "37e1262c355aa1016ccd01c4b04ea56b-shear_5nN_extend_grompp": 1, "37e1262c355aa1016ccd01c4b04ea56b-log_interaction_energy_15nN": 1, "37e1262c355aa1016ccd01c4b04ea56b-shear_25nN_rerun_grompp": 1, "37e1262c355aa1016ccd01c4b04ea56b-shear_15nN_extend_grompp": 1, "37e1262c355aa1016ccd01c4b04ea56b-shear_5nN": 1, "37e1262c355aa1016ccd01c4b04ea56b-calc_friction": 1, "37e1262c355aa1016ccd01c4b04ea56b-calc_roughness": 1, "37e1262c355aa1016ccd01c4b04ea56b-equilibrate": 1}, "shear_5nN_qq": [-917.0597927985611, 93.68926637274093], "shear_25nN_qq": [-966.2335105931254, 89.91157792492506], "S2": {"25nN": 0.965436273845655, "15nN": 0.9736056703261736, "5nN": 0.972713454642619}, "shear_25nN_Etotal": [-3207.685418592326, 110.54907484758863], "shear_15nN_qq": [-944.2431720127898, 93.14584892409097], "tilt": {"25nN": 41.12645793513129, "15nN": 39.65406586608483, "5nN": 36.87346487509737}, "roughness": {"25nN": 0.05797047092486211, "15nN": 0.05287030100378694, "5nN": 0.05675253600930264}, "enthalpy_vibrational": 62.86}