{"entropy_translational": 161.19, "entropy_vibrational": 16.0, "total_solvation_energy": -3.05, "tilt": {"5nN": 33.26719829536724, "15nN": 36.842831365972344, "25nN": 38.79535850406375}, "nonpolar_solvation_energy": 11.08, "shear_5nN_Etotal": [-1899.6375679672262, 98.72403321066064], "interdigitation": {"5nN": 0.11718274587275058, "15nN": 0.11286961931486339, "25nN": 0.124057319439363}, "intercept": 2.097152335987224, "dipole_moment": 2.89, "polar_solvation_energy": -14.13, "COF": 0.1339965699886966, "shear_15nN_Etotal": [-2071.9840070167866, 94.69562039628697], "surface_area": 76.02, "shear_15nN_qq": [-184.722289441247, 60.99842180892481], "shear_5nN_lj": [-1681.1885881039168, 65.9798860411082], "molecular_weight": 66.0811, "status": {"32a11771e5db379cf8231a00f73396eb-minimize_grompp": 1, "32a11771e5db379cf8231a00f73396eb-shear_5nN_rerun_grompp": 1, "32a11771e5db379cf8231a00f73396eb-unwrap_shear_25nN": 1, "32a11771e5db379cf8231a00f73396eb-shear_25nN_extend_grompp": 1, "32a11771e5db379cf8231a00f73396eb-unwrap_shear_15nN": 1, "32a11771e5db379cf8231a00f73396eb-shear_15nN_extend": 1, "32a11771e5db379cf8231a00f73396eb-initialize": 1, "32a11771e5db379cf8231a00f73396eb-fix_overlaps": 1, "32a11771e5db379cf8231a00f73396eb-count_hydrogen_bonds": 1, "32a11771e5db379cf8231a00f73396eb-shear_5nN_grompp": 1, "32a11771e5db379cf8231a00f73396eb-shear_15nN": 1, "32a11771e5db379cf8231a00f73396eb-get_interaction_energy_15nN": 1, "32a11771e5db379cf8231a00f73396eb-unwrap_shear_5nN": 1, "32a11771e5db379cf8231a00f73396eb-log_S2": 1, "32a11771e5db379cf8231a00f73396eb-get_interaction_energy_5nN": 1, "32a11771e5db379cf8231a00f73396eb-shear_25nN_rerun_grompp": 1, "32a11771e5db379cf8231a00f73396eb-shear_25nN": 1, "32a11771e5db379cf8231a00f73396eb-compress_grompp": 1, "32a11771e5db379cf8231a00f73396eb-shear_5nN": 1, "32a11771e5db379cf8231a00f73396eb-get_interaction_energy_25nN": 1, "32a11771e5db379cf8231a00f73396eb-compress": 1, "32a11771e5db379cf8231a00f73396eb-shear_25nN_rerun": 1, "32a11771e5db379cf8231a00f73396eb-calc_interdigitation": 6, "32a11771e5db379cf8231a00f73396eb-shear_25nN_grompp": 1, "32a11771e5db379cf8231a00f73396eb-log_interaction_energy_5nN": 1, "32a11771e5db379cf8231a00f73396eb-shear_15nN_rerun_grompp": 1, "32a11771e5db379cf8231a00f73396eb-shear_5nN_rerun": 1, "32a11771e5db379cf8231a00f73396eb-equilibrate_grompp": 1, "32a11771e5db379cf8231a00f73396eb-equilibrate": 1, "32a11771e5db379cf8231a00f73396eb-shear_15nN_extend_grompp": 1, "32a11771e5db379cf8231a00f73396eb-log_tilt": 1, "32a11771e5db379cf8231a00f73396eb-shear_15nN_rerun": 1, "32a11771e5db379cf8231a00f73396eb-shear_15nN_grompp": 1, "32a11771e5db379cf8231a00f73396eb-calc_S2_shear": 1, "32a11771e5db379cf8231a00f73396eb-log_interaction_energy_25nN": 1, "32a11771e5db379cf8231a00f73396eb-shear_5nN_extend_grompp": 1, "32a11771e5db379cf8231a00f73396eb-shear_5nN_extend": 1, "32a11771e5db379cf8231a00f73396eb-lammps_to_gmx": 1, "32a11771e5db379cf8231a00f73396eb-log_interaction_energy_15nN": 1, "32a11771e5db379cf8231a00f73396eb-top_to_mol2": 1, "32a11771e5db379cf8231a00f73396eb-shear_25nN_extend": 1, "32a11771e5db379cf8231a00f73396eb-log_cof": 1, "32a11771e5db379cf8231a00f73396eb-calc_tilt_shear": 1, "32a11771e5db379cf8231a00f73396eb-calc_friction": 1, "32a11771e5db379cf8231a00f73396eb-calc_roughness": 1, "32a11771e5db379cf8231a00f73396eb-minimize": 1}, "roughness": {"5nN": 0.06280365038067777, "15nN": 0.06243913226261095, "25nN": 0.0624675105779227}, "shear_25nN_Etotal": [-2148.4707285043964, 93.01028733412589], "shear_15nN_lj": [-1887.2617175755397, 61.3365884292826], "shear_5nN_qq": [-218.44897986330932, 54.23632849220656], "shear_25nN_qq": [-168.42964224540367, 65.72453196917175], "heat_capacity_vibrational": 38.72, "entropy_rotational": 101.75, "S2": {"5nN": 0.9256076758156385, "15nN": 0.9231326548480314, "25nN": 0.9214590757198197}, "shear_25nN_lj": [-1980.041086258993, 56.67784713577211], "enthalpy_vibrational": 216.45}