{"enthalpy_vibrational": 263.87, "shear_5nN_Etotal": [-1642.4724584156675, 59.798302123872894], "heat_capacity_vibrational": 48.68, "entropy_vibrational": 20.79, "interdigitation": {"25nN": 0.1300507708316807, "5nN": 0.11550273117875548, "15nN": 0.12086723997256925}, "polar_solvation_energy": -4.89, "shear_15nN_qq": [-71.15521179216627, 18.793529295630933], "nonpolar_solvation_energy": 6.77, "molecular_weight": 77.1037, "shear_15nN_Etotal": [-1833.8896100159875, 52.39033861183464], "roughness": {"25nN": 0.06975740574548744, "5nN": 0.06468297163425164, "15nN": 0.06574859852690415}, "tilt": {"25nN": 38.64606773906685, "5nN": 34.13076815955646, "15nN": 36.462590306807925}, "total_solvation_energy": 1.89, "surface_area": 93.44, "shear_15nN_lj": [-1762.7343982238212, 50.31769227509357], "dipole_moment": 0.0, "entropy_rotational": 107.29, "shear_25nN_lj": [-1854.1572918425263, 52.39741411614978], "shear_25nN_qq": [-47.765434099920064, 23.162748327302232], "status": {"87fb21d477ae86a8617a4f4473888a06-calc_S2_shear": 1, "87fb21d477ae86a8617a4f4473888a06-fix_overlaps": 1, "87fb21d477ae86a8617a4f4473888a06-count_hydrogen_bonds": 1, "87fb21d477ae86a8617a4f4473888a06-log_tilt": 1, "87fb21d477ae86a8617a4f4473888a06-initialize": 1, "87fb21d477ae86a8617a4f4473888a06-shear_5nN_extend_grompp": 1, "87fb21d477ae86a8617a4f4473888a06-shear_5nN_grompp": 1, "87fb21d477ae86a8617a4f4473888a06-log_cof": 1, "87fb21d477ae86a8617a4f4473888a06-shear_15nN_extend_grompp": 1, "87fb21d477ae86a8617a4f4473888a06-unwrap_shear_15nN": 1, "87fb21d477ae86a8617a4f4473888a06-unwrap_shear_5nN": 1, "87fb21d477ae86a8617a4f4473888a06-top_to_mol2": 1, "87fb21d477ae86a8617a4f4473888a06-shear_15nN": 1, "87fb21d477ae86a8617a4f4473888a06-log_interaction_energy_15nN": 1, "87fb21d477ae86a8617a4f4473888a06-shear_15nN_rerun_grompp": 1, "87fb21d477ae86a8617a4f4473888a06-shear_5nN_rerun": 1, "87fb21d477ae86a8617a4f4473888a06-shear_5nN_rerun_grompp": 1, "87fb21d477ae86a8617a4f4473888a06-shear_15nN_rerun": 1, "87fb21d477ae86a8617a4f4473888a06-minimize": 1, "87fb21d477ae86a8617a4f4473888a06-calc_friction": 1, "87fb21d477ae86a8617a4f4473888a06-shear_25nN_rerun": 1, "87fb21d477ae86a8617a4f4473888a06-equilibrate_grompp": 1, "87fb21d477ae86a8617a4f4473888a06-calc_roughness": 1, "87fb21d477ae86a8617a4f4473888a06-shear_25nN_extend": 1, "87fb21d477ae86a8617a4f4473888a06-get_interaction_energy_5nN": 1, "87fb21d477ae86a8617a4f4473888a06-shear_25nN": 1, "87fb21d477ae86a8617a4f4473888a06-shear_5nN": 1, "87fb21d477ae86a8617a4f4473888a06-shear_15nN_grompp": 1, "87fb21d477ae86a8617a4f4473888a06-shear_25nN_grompp": 1, "87fb21d477ae86a8617a4f4473888a06-shear_25nN_rerun_grompp": 1, "87fb21d477ae86a8617a4f4473888a06-shear_5nN_extend": 1, "87fb21d477ae86a8617a4f4473888a06-unwrap_shear_25nN": 1, "87fb21d477ae86a8617a4f4473888a06-get_interaction_energy_15nN": 1, "87fb21d477ae86a8617a4f4473888a06-log_interaction_energy_5nN": 1, "87fb21d477ae86a8617a4f4473888a06-shear_25nN_extend_grompp": 1, "87fb21d477ae86a8617a4f4473888a06-log_interaction_energy_25nN": 1, "87fb21d477ae86a8617a4f4473888a06-log_S2": 1, "87fb21d477ae86a8617a4f4473888a06-get_interaction_energy_25nN": 1, "87fb21d477ae86a8617a4f4473888a06-compress": 1, "87fb21d477ae86a8617a4f4473888a06-calc_tilt_shear": 1, "87fb21d477ae86a8617a4f4473888a06-lammps_to_gmx": 1, "87fb21d477ae86a8617a4f4473888a06-compress_grompp": 1, "87fb21d477ae86a8617a4f4473888a06-equilibrate": 1, "87fb21d477ae86a8617a4f4473888a06-shear_15nN_extend": 1, "87fb21d477ae86a8617a4f4473888a06-calc_interdigitation": 6, "87fb21d477ae86a8617a4f4473888a06-minimize_grompp": 1}, "shear_25nN_Etotal": [-1901.9227259424458, 56.346237310901714], "ch3-smiles": "CC1=CC=CC=C1", "intercept": 1.2652195803593687, "shear_5nN_qq": [-71.8134207817746, 16.37608611692794], "COF": 0.1368266763127314, "chain-smiles": "CCCCCCCCCCCCCCCCCC1=CC=CC=C1", "shear_5nN_lj": [-1570.659037633893, 55.05439880420051], "h-smiles": "C1=CC=CC=C1", "entropy_translational": 163.09, "S2": {"25nN": 0.9524411729750808, "5nN": 0.9549959906934621, "15nN": 0.949387605002587}}