{"enthalpy_vibrational": 148.05, "shear_5nN_Etotal": [-1636.177122627498, 95.65988706174197], "heat_capacity_vibrational": 22.11, "entropy_vibrational": 16.85, "interdigitation": {"25nN": 0.1252283381701241, "5nN": 0.12225051973250203, "15nN": 0.12271682559273495}, "polar_solvation_energy": -15.94, "shear_15nN_qq": [-169.38631066107115, 98.53691668954143], "nonpolar_solvation_energy": 8.9, "molecular_weight": 43.0445, "shear_15nN_Etotal": [-1928.579260105516, 116.80743312386966], "roughness": {"25nN": 0.05700858208058538, "5nN": 0.05796782314673964, "15nN": 0.05690651902671046}, "tilt": {"25nN": 35.403466611166664, "5nN": 27.516128275759467, "15nN": 32.04449520013892}, "shear_15nN_lj": [-1759.1929494444446, 49.27954958914156], "surface_area": 66.15, "total_solvation_energy": -7.02, "dipole_moment": 3.16, "entropy_rotational": 90.56, "shear_25nN_lj": [-1868.856493902478, 47.423155588563674], "shear_5nN_lj": [-1539.208312446043, 48.19403574217798], "status": {"7b6b7e2350c7233d8e27f2c04dad5a16-count_hydrogen_bonds": 1, "7b6b7e2350c7233d8e27f2c04dad5a16-shear_25nN_rerun": 1, "7b6b7e2350c7233d8e27f2c04dad5a16-log_interaction_energy_15nN": 1, "7b6b7e2350c7233d8e27f2c04dad5a16-shear_25nN_rerun_grompp": 1, "7b6b7e2350c7233d8e27f2c04dad5a16-shear_15nN_extend_grompp": 1, "7b6b7e2350c7233d8e27f2c04dad5a16-calc_interdigitation": 1, "7b6b7e2350c7233d8e27f2c04dad5a16-log_interaction_energy_25nN": 1, "7b6b7e2350c7233d8e27f2c04dad5a16-unwrap_shear_25nN": 1, "7b6b7e2350c7233d8e27f2c04dad5a16-calc_friction": 1, "7b6b7e2350c7233d8e27f2c04dad5a16-log_cof": 1, "7b6b7e2350c7233d8e27f2c04dad5a16-lammps_to_gmx": 1, "7b6b7e2350c7233d8e27f2c04dad5a16-get_interaction_energy_25nN": 1, "7b6b7e2350c7233d8e27f2c04dad5a16-shear_25nN": 1, "7b6b7e2350c7233d8e27f2c04dad5a16-shear_25nN_extend": 1, "7b6b7e2350c7233d8e27f2c04dad5a16-fix_overlaps": 1, "7b6b7e2350c7233d8e27f2c04dad5a16-shear_5nN_rerun_grompp": 1, "7b6b7e2350c7233d8e27f2c04dad5a16-shear_25nN_grompp": 1, "7b6b7e2350c7233d8e27f2c04dad5a16-shear_5nN_extend": 1, "7b6b7e2350c7233d8e27f2c04dad5a16-shear_15nN_extend": 1, "7b6b7e2350c7233d8e27f2c04dad5a16-unwrap_shear_15nN": 1, "7b6b7e2350c7233d8e27f2c04dad5a16-log_tilt": 1, "7b6b7e2350c7233d8e27f2c04dad5a16-top_to_mol2": 1, "7b6b7e2350c7233d8e27f2c04dad5a16-minimize": 1, "7b6b7e2350c7233d8e27f2c04dad5a16-initialize": 1, "7b6b7e2350c7233d8e27f2c04dad5a16-shear_25nN_extend_grompp": 1, "7b6b7e2350c7233d8e27f2c04dad5a16-shear_5nN_rerun": 1, "7b6b7e2350c7233d8e27f2c04dad5a16-get_interaction_energy_5nN": 1, "7b6b7e2350c7233d8e27f2c04dad5a16-shear_15nN_rerun": 1, "7b6b7e2350c7233d8e27f2c04dad5a16-equilibrate_grompp": 1, "7b6b7e2350c7233d8e27f2c04dad5a16-compress_grompp": 1, "7b6b7e2350c7233d8e27f2c04dad5a16-shear_5nN": 1, "7b6b7e2350c7233d8e27f2c04dad5a16-minimize_grompp": 1, "7b6b7e2350c7233d8e27f2c04dad5a16-equilibrate": 1, "7b6b7e2350c7233d8e27f2c04dad5a16-shear_15nN": 1, "7b6b7e2350c7233d8e27f2c04dad5a16-compress": 1, "7b6b7e2350c7233d8e27f2c04dad5a16-shear_15nN_grompp": 1, "7b6b7e2350c7233d8e27f2c04dad5a16-shear_15nN_rerun_grompp": 1, "7b6b7e2350c7233d8e27f2c04dad5a16-calc_S2_shear": 1, "7b6b7e2350c7233d8e27f2c04dad5a16-shear_5nN_extend_grompp": 1, "7b6b7e2350c7233d8e27f2c04dad5a16-get_interaction_energy_15nN": 1, "7b6b7e2350c7233d8e27f2c04dad5a16-unwrap_shear_5nN": 1, "7b6b7e2350c7233d8e27f2c04dad5a16-calc_tilt_shear": 1, "7b6b7e2350c7233d8e27f2c04dad5a16-shear_5nN_grompp": 1, "7b6b7e2350c7233d8e27f2c04dad5a16-log_S2": 1, "7b6b7e2350c7233d8e27f2c04dad5a16-calc_roughness": 1, "7b6b7e2350c7233d8e27f2c04dad5a16-log_interaction_energy_5nN": 1}, "shear_25nN_Etotal": [-2111.4757990183853, 122.09226333310433], "shear_25nN_qq": [-242.61930511590725, 110.17440667661477], "ch3-smiles": "CC(=O)C", "intercept": 1.7717948296233494, "shear_5nN_qq": [-96.96881018145484, 77.20171288535741], "COF": 0.15046318535544656, "chain-smiles": "CCCCCCCCCCCCCCCCCC(=O)C", "h-smiles": "C(=O)C", "entropy_translational": 155.95, "S2": {"25nN": 0.8518938043377969, "5nN": 0.856609476822357, "15nN": 0.8630825400549827}}