{"COF": 0.15953167926601602, "heat_capacity_vibrational": 15.26, "entropy_rotational": 87.93, "tilt": {"25nN": 39.26161935142824, "5nN": 35.16914777048927, "15nN": 37.70534940775701}, "shear_15nN_qq": [-1931.8797654292564, 179.1791082090834], "nonpolar_solvation_energy": 3.72, "entropy_translational": 156.5, "dipole_moment": 4.81, "S2": {"25nN": 0.9252216706498145, "5nN": 0.932489458951393, "15nN": 0.9214136417413689}, "molecular_weight": 45.0174, "status": {"aa72910a5a34e4b622c0fada66b8cdaa-equilibrate": 1, "aa72910a5a34e4b622c0fada66b8cdaa-calc_S2_shear": 1, "aa72910a5a34e4b622c0fada66b8cdaa-shear_15nN_extend": 1, "aa72910a5a34e4b622c0fada66b8cdaa-unwrap_shear_5nN": 1, "aa72910a5a34e4b622c0fada66b8cdaa-lammps_to_gmx": 1, "aa72910a5a34e4b622c0fada66b8cdaa-shear_5nN_extend": 1, "aa72910a5a34e4b622c0fada66b8cdaa-shear_25nN_rerun_grompp": 1, "aa72910a5a34e4b622c0fada66b8cdaa-calc_roughness": 1, "aa72910a5a34e4b622c0fada66b8cdaa-shear_25nN_extend_grompp": 1, "aa72910a5a34e4b622c0fada66b8cdaa-shear_25nN_grompp": 1, "aa72910a5a34e4b622c0fada66b8cdaa-shear_15nN_extend_grompp": 1, "aa72910a5a34e4b622c0fada66b8cdaa-log_cof": 1, "aa72910a5a34e4b622c0fada66b8cdaa-compress": 1, "aa72910a5a34e4b622c0fada66b8cdaa-shear_25nN_rerun": 1, "aa72910a5a34e4b622c0fada66b8cdaa-unwrap_shear_15nN": 1, "aa72910a5a34e4b622c0fada66b8cdaa-fix_overlaps": 1, "aa72910a5a34e4b622c0fada66b8cdaa-equilibrate_grompp": 1, "aa72910a5a34e4b622c0fada66b8cdaa-get_interaction_energy_15nN": 1, "aa72910a5a34e4b622c0fada66b8cdaa-shear_5nN": 1, "aa72910a5a34e4b622c0fada66b8cdaa-shear_25nN_extend": 1, "aa72910a5a34e4b622c0fada66b8cdaa-shear_5nN_rerun": 1, "aa72910a5a34e4b622c0fada66b8cdaa-log_tilt": 1, "aa72910a5a34e4b622c0fada66b8cdaa-shear_5nN_rerun_grompp": 1, "aa72910a5a34e4b622c0fada66b8cdaa-compress_grompp": 1, "aa72910a5a34e4b622c0fada66b8cdaa-shear_15nN_grompp": 1, "aa72910a5a34e4b622c0fada66b8cdaa-calc_friction": 1, "aa72910a5a34e4b622c0fada66b8cdaa-log_interaction_energy_15nN": 1, "aa72910a5a34e4b622c0fada66b8cdaa-get_interaction_energy_25nN": 1, "aa72910a5a34e4b622c0fada66b8cdaa-shear_25nN": 1, "aa72910a5a34e4b622c0fada66b8cdaa-top_to_mol2": 1, "aa72910a5a34e4b622c0fada66b8cdaa-get_interaction_energy_5nN": 1, "aa72910a5a34e4b622c0fada66b8cdaa-shear_5nN_grompp": 1, "aa72910a5a34e4b622c0fada66b8cdaa-log_S2": 1, "aa72910a5a34e4b622c0fada66b8cdaa-minimize_grompp": 1, "aa72910a5a34e4b622c0fada66b8cdaa-minimize": 1, "aa72910a5a34e4b622c0fada66b8cdaa-shear_15nN_rerun": 1, "aa72910a5a34e4b622c0fada66b8cdaa-shear_15nN": 1, "aa72910a5a34e4b622c0fada66b8cdaa-calc_interdigitation": 6, "aa72910a5a34e4b622c0fada66b8cdaa-calc_tilt_shear": 1, "aa72910a5a34e4b622c0fada66b8cdaa-count_hydrogen_bonds": 1, "aa72910a5a34e4b622c0fada66b8cdaa-log_interaction_energy_25nN": 1, "aa72910a5a34e4b622c0fada66b8cdaa-shear_15nN_rerun_grompp": 1, "aa72910a5a34e4b622c0fada66b8cdaa-log_interaction_energy_5nN": 1, "aa72910a5a34e4b622c0fada66b8cdaa-initialize": 1, "aa72910a5a34e4b622c0fada66b8cdaa-unwrap_shear_25nN": 1, "aa72910a5a34e4b622c0fada66b8cdaa-shear_5nN_extend_grompp": 1}, "shear_25nN_Etotal": [-4026.4099048936855, 190.00357840410234], "intercept": 6.024034847412972, "shear_25nN_lj": [-2150.4316013964826, 63.521149107602085], "roughness": {"25nN": 0.05288821770797582, "5nN": 0.05082187931883601, "15nN": 0.0514585887780992}, "interdigitation": {"25nN": 0.12259119304622658, "15nN": 0.11313958377147743, "5nN": 0.10593067236238553}, "shear_5nN_Etotal": [-3978.1525373533173, 176.30535123498765], "total_solvation_energy": -32.72, "shear_15nN_Etotal": [-3996.2733078233414, 175.70059931624004], "surface_area": 64.71, "shear_5nN_qq": [-2059.9834245955235, 171.99646431020983], "entropy_vibrational": 7.1, "shear_15nN_lj": [-2064.3935423940848, 66.78184040356972], "shear_5nN_lj": [-1918.1691127577935, 67.28491228227355], "polar_solvation_energy": -36.43, "enthalpy_vibrational": 87.35, "shear_25nN_qq": [-1875.9783034972022, 189.75995414578676]}