{"shear_15nN_Etotal": [-5032.855650644285, 170.22128623403503], "molecular_weight": 122.1013, "shear_25nN_Etotal": [-5084.857279384492, 153.31560280265944], "surface_area": 118.23, "shear_15nN_qq": [-2536.9103381446844, 117.60035989533455], "enthalpy_vibrational": 280.86, "shear_5nN_qq": [-2565.8804464244604, 107.64903255996519], "tilt": {"5nN": 28.311373622986395, "15nN": 31.212299585934417, "25nN": 33.08295942505832}, "intercept": 4.017274510672408, "shear_25nN_lj": [-2570.939466582734, 68.15759129608116], "entropy_rotational": 119.66, "shear_5nN_lj": [-2373.031319878497, 79.89327539017363], "shear_25nN_qq": [-2513.917812801759, 109.57302059876692], "nonpolar_solvation_energy": 8.49, "total_solvation_energy": -24.48, "shear_15nN_lj": [-2495.9453124996003, 70.34904543745975], "shear_5nN_Etotal": [-4938.911766302957, 171.68942735163427], "interdigitation": {"5nN": 0.2222377372438046, "15nN": 0.1963353892898381, "25nN": 0.20185692902560187}, "entropy_vibrational": 69.31, "heat_capacity_vibrational": 83.45, "entropy_translational": 168.76, "status": {"a7c5d4067768c453b29b24f08ac80115-log_S2": 1, "a7c5d4067768c453b29b24f08ac80115-equilibrate_grompp": 1, "a7c5d4067768c453b29b24f08ac80115-calc_friction": 1, "a7c5d4067768c453b29b24f08ac80115-initialize": 1, "a7c5d4067768c453b29b24f08ac80115-shear_15nN_extend": 1, "a7c5d4067768c453b29b24f08ac80115-shear_15nN": 1, "a7c5d4067768c453b29b24f08ac80115-top_to_mol2": 1, "a7c5d4067768c453b29b24f08ac80115-unwrap_shear_15nN": 1, "a7c5d4067768c453b29b24f08ac80115-log_interaction_energy_15nN": 1, "a7c5d4067768c453b29b24f08ac80115-get_interaction_energy_5nN": 1, "a7c5d4067768c453b29b24f08ac80115-shear_5nN_grompp": 1, "a7c5d4067768c453b29b24f08ac80115-shear_25nN_rerun": 1, "a7c5d4067768c453b29b24f08ac80115-compress_grompp": 1, "a7c5d4067768c453b29b24f08ac80115-minimize": 1, "a7c5d4067768c453b29b24f08ac80115-get_interaction_energy_25nN": 1, "a7c5d4067768c453b29b24f08ac80115-shear_5nN_rerun_grompp": 1, "a7c5d4067768c453b29b24f08ac80115-shear_5nN_rerun": 1, "a7c5d4067768c453b29b24f08ac80115-log_cof": 1, "a7c5d4067768c453b29b24f08ac80115-shear_5nN_extend": 1, "a7c5d4067768c453b29b24f08ac80115-unwrap_shear_5nN": 1, "a7c5d4067768c453b29b24f08ac80115-minimize_grompp": 1, "a7c5d4067768c453b29b24f08ac80115-unwrap_shear_25nN": 1, "a7c5d4067768c453b29b24f08ac80115-lammps_to_gmx": 1, "a7c5d4067768c453b29b24f08ac80115-calc_interdigitation": 1, "a7c5d4067768c453b29b24f08ac80115-shear_25nN_extend": 1, "a7c5d4067768c453b29b24f08ac80115-shear_25nN_grompp": 1, "a7c5d4067768c453b29b24f08ac80115-shear_25nN_extend_grompp": 1, "a7c5d4067768c453b29b24f08ac80115-calc_tilt_shear": 1, "a7c5d4067768c453b29b24f08ac80115-log_interaction_energy_25nN": 1, "a7c5d4067768c453b29b24f08ac80115-equilibrate": 1, "a7c5d4067768c453b29b24f08ac80115-log_interaction_energy_5nN": 1, "a7c5d4067768c453b29b24f08ac80115-calc_roughness": 1, "a7c5d4067768c453b29b24f08ac80115-fix_overlaps": 1, "a7c5d4067768c453b29b24f08ac80115-shear_5nN": 1, "a7c5d4067768c453b29b24f08ac80115-shear_5nN_extend_grompp": 1, "a7c5d4067768c453b29b24f08ac80115-log_tilt": 1, "a7c5d4067768c453b29b24f08ac80115-count_hydrogen_bonds": 1, "a7c5d4067768c453b29b24f08ac80115-shear_15nN_extend_grompp": 1, "a7c5d4067768c453b29b24f08ac80115-shear_15nN_rerun": 1, "a7c5d4067768c453b29b24f08ac80115-compress": 1, "a7c5d4067768c453b29b24f08ac80115-shear_15nN_rerun_grompp": 1, "a7c5d4067768c453b29b24f08ac80115-shear_15nN_grompp": 1, "a7c5d4067768c453b29b24f08ac80115-get_interaction_energy_15nN": 1, "a7c5d4067768c453b29b24f08ac80115-shear_25nN_rerun_grompp": 1, "a7c5d4067768c453b29b24f08ac80115-calc_S2_shear": 1, "a7c5d4067768c453b29b24f08ac80115-shear_25nN": 1}, "S2": {"5nN": 0.8190260909013974, "15nN": 0.8239557587191372, "25nN": 0.8323991162379722}, "polar_solvation_energy": -32.99, "COF": 0.12064817767323316, "roughness": {"5nN": 0.06092265772879799, "15nN": 0.05807725187325911, "25nN": 0.05708060690131286}, "dipole_moment": 6.22}