{"shear_15nN_Etotal": [-1885.6783575155875, 65.15226939878094], "molecular_weight": 95.0942, "shear_25nN_Etotal": [-1961.278290722622, 63.23813628377111], "surface_area": 96.58, "shear_15nN_qq": [-176.2926959288569, 29.47531775587539], "enthalpy_vibrational": 248.15, "shear_5nN_qq": [-171.78032644684254, 30.224459998111442], "tilt": {"5nN": 34.546646918438384, "15nN": 37.0873279146292, "25nN": 38.74814888692978}, "intercept": 1.8283011698571985, "shear_25nN_lj": [-1796.4833760927256, 50.71445855897861], "entropy_rotational": 112.71, "shear_5nN_lj": [-1500.2605229184653, 55.30075663504552], "shear_25nN_qq": [-164.7949146298961, 29.477814163724698], "nonpolar_solvation_energy": 14.09, "total_solvation_energy": 6.28, "shear_15nN_lj": [-1709.3856615867305, 49.99944022174969], "shear_5nN_Etotal": [-1672.0408493653078, 71.68801545753983], "interdigitation": {"5nN": 0.1923331523530525, "15nN": 0.17862737072192592, "25nN": 0.16725222421477}, "entropy_vibrational": 30.51, "heat_capacity_vibrational": 58.87, "entropy_translational": 165.68, "roughness": {"5nN": 0.06141280746113328, "15nN": 0.05807009590460415, "25nN": 0.05282316249025669}, "S2": {"5nN": 0.9570833852312157, "15nN": 0.9523482116375991, "25nN": 0.9396459883339474}, "dipole_moment": 2.03, "COF": 0.11535222659561663, "status": {"f0f6719f986d2c3322b57c0441b27a95-lammps_to_gmx": 1, "f0f6719f986d2c3322b57c0441b27a95-shear_25nN_rerun": 1, "f0f6719f986d2c3322b57c0441b27a95-compress_grompp": 1, "f0f6719f986d2c3322b57c0441b27a95-get_interaction_energy_25nN": 1, "f0f6719f986d2c3322b57c0441b27a95-shear_25nN": 1, "f0f6719f986d2c3322b57c0441b27a95-shear_5nN_rerun": 1, "f0f6719f986d2c3322b57c0441b27a95-calc_tilt_shear": 1, "f0f6719f986d2c3322b57c0441b27a95-minimize_grompp": 1, "f0f6719f986d2c3322b57c0441b27a95-log_S2": 1, "f0f6719f986d2c3322b57c0441b27a95-shear_5nN_rerun_grompp": 1, "f0f6719f986d2c3322b57c0441b27a95-shear_25nN_rerun_grompp": 1, "f0f6719f986d2c3322b57c0441b27a95-shear_15nN": 1, "f0f6719f986d2c3322b57c0441b27a95-unwrap_shear_5nN": 1, "f0f6719f986d2c3322b57c0441b27a95-calc_S2_shear": 1, "f0f6719f986d2c3322b57c0441b27a95-shear_25nN_extend_grompp": 1, "f0f6719f986d2c3322b57c0441b27a95-fix_overlaps": 1, "f0f6719f986d2c3322b57c0441b27a95-shear_25nN_grompp": 1, "f0f6719f986d2c3322b57c0441b27a95-unwrap_shear_15nN": 1, "f0f6719f986d2c3322b57c0441b27a95-shear_25nN_extend": 1, "f0f6719f986d2c3322b57c0441b27a95-calc_friction": 1, "f0f6719f986d2c3322b57c0441b27a95-get_interaction_energy_5nN": 1, "f0f6719f986d2c3322b57c0441b27a95-log_cof": 1, "f0f6719f986d2c3322b57c0441b27a95-shear_5nN_grompp": 1, "f0f6719f986d2c3322b57c0441b27a95-top_to_mol2": 1, "f0f6719f986d2c3322b57c0441b27a95-shear_5nN_extend_grompp": 1, "f0f6719f986d2c3322b57c0441b27a95-shear_5nN_extend": 1, "f0f6719f986d2c3322b57c0441b27a95-shear_15nN_extend_grompp": 1, "f0f6719f986d2c3322b57c0441b27a95-initialize": 1, "f0f6719f986d2c3322b57c0441b27a95-log_interaction_energy_25nN": 1, "f0f6719f986d2c3322b57c0441b27a95-calc_interdigitation": 1, "f0f6719f986d2c3322b57c0441b27a95-minimize": 1, "f0f6719f986d2c3322b57c0441b27a95-compress": 1, "f0f6719f986d2c3322b57c0441b27a95-shear_15nN_rerun_grompp": 1, "f0f6719f986d2c3322b57c0441b27a95-shear_15nN_extend": 1, "f0f6719f986d2c3322b57c0441b27a95-log_interaction_energy_5nN": 1, "f0f6719f986d2c3322b57c0441b27a95-log_tilt": 1, "f0f6719f986d2c3322b57c0441b27a95-log_interaction_energy_15nN": 1, "f0f6719f986d2c3322b57c0441b27a95-equilibrate_grompp": 1, "f0f6719f986d2c3322b57c0441b27a95-equilibrate": 1, "f0f6719f986d2c3322b57c0441b27a95-shear_15nN_grompp": 1, "f0f6719f986d2c3322b57c0441b27a95-shear_15nN_rerun": 1, "f0f6719f986d2c3322b57c0441b27a95-calc_roughness": 1, "f0f6719f986d2c3322b57c0441b27a95-count_hydrogen_bonds": 1, "f0f6719f986d2c3322b57c0441b27a95-shear_5nN": 1, "f0f6719f986d2c3322b57c0441b27a95-get_interaction_energy_15nN": 1, "f0f6719f986d2c3322b57c0441b27a95-unwrap_shear_25nN": 1}, "polar_solvation_energy": -7.83}