{"enthalpy_vibrational": 133.72, "shear_5nN_Etotal": [-1047.769426942446, 72.34016474191642], "heat_capacity_vibrational": 12.98, "entropy_vibrational": 7.17, "interdigitation": {"25nN": 0.12021412315328193, "5nN": 0.12845237681724708, "15nN": 0.1333310716763773}, "polar_solvation_energy": -10.78, "shear_15nN_qq": [276.508053166267, 55.42601531446757], "nonpolar_solvation_energy": 5.64, "molecular_weight": 31.0338, "shear_15nN_Etotal": [-1313.8574805915266, 74.86608393019831], "roughness": {"25nN": 0.05897202888403423, "5nN": 0.06627333864524568, "15nN": 0.06486244757934319}, "tilt": {"25nN": 36.15499822591044, "5nN": 28.686192266111718, "15nN": 33.43592287776777}, "shear_15nN_lj": [-1590.3655337577939, 46.896505119211064], "surface_area": 54.24, "total_solvation_energy": -5.11, "dipole_moment": 1.68, "entropy_rotational": 79.18, "shear_25nN_lj": [-1682.5653332845725, 49.10061232081257], "shear_25nN_qq": [275.5021211223022, 58.99459574610224], "ch3-smiles": "COC", "status": {"f998597440e07f86373e0ca0a4d24bf7-shear_25nN_extend_grompp": 1, "f998597440e07f86373e0ca0a4d24bf7-top_to_mol2": 1, "f998597440e07f86373e0ca0a4d24bf7-minimize": 1, "f998597440e07f86373e0ca0a4d24bf7-shear_5nN_rerun_grompp": 1, "f998597440e07f86373e0ca0a4d24bf7-shear_5nN_extend": 1, "f998597440e07f86373e0ca0a4d24bf7-calc_friction": 1, "f998597440e07f86373e0ca0a4d24bf7-equilibrate_grompp": 1, "f998597440e07f86373e0ca0a4d24bf7-log_tilt": 1, "f998597440e07f86373e0ca0a4d24bf7-minimize_grompp": 1, "f998597440e07f86373e0ca0a4d24bf7-calc_roughness": 1, "f998597440e07f86373e0ca0a4d24bf7-shear_15nN_rerun_grompp": 1, "f998597440e07f86373e0ca0a4d24bf7-log_interaction_energy_5nN": 1, "f998597440e07f86373e0ca0a4d24bf7-calc_S2_shear": 1, "f998597440e07f86373e0ca0a4d24bf7-get_interaction_energy_5nN": 1, "f998597440e07f86373e0ca0a4d24bf7-shear_15nN_extend": 1, "f998597440e07f86373e0ca0a4d24bf7-unwrap_shear_25nN": 1, "f998597440e07f86373e0ca0a4d24bf7-log_interaction_energy_25nN": 1, "f998597440e07f86373e0ca0a4d24bf7-shear_15nN": 1, "f998597440e07f86373e0ca0a4d24bf7-count_hydrogen_bonds": 1, "f998597440e07f86373e0ca0a4d24bf7-shear_25nN_rerun": 1, "f998597440e07f86373e0ca0a4d24bf7-shear_5nN_extend_grompp": 1, "f998597440e07f86373e0ca0a4d24bf7-calc_interdigitation": 6, "f998597440e07f86373e0ca0a4d24bf7-shear_15nN_extend_grompp": 1, "f998597440e07f86373e0ca0a4d24bf7-shear_25nN_grompp": 1, "f998597440e07f86373e0ca0a4d24bf7-compress": 1, "f998597440e07f86373e0ca0a4d24bf7-shear_15nN_rerun": 1, "f998597440e07f86373e0ca0a4d24bf7-log_cof": 1, "f998597440e07f86373e0ca0a4d24bf7-shear_25nN_extend": 1, "f998597440e07f86373e0ca0a4d24bf7-log_S2": 1, "f998597440e07f86373e0ca0a4d24bf7-shear_25nN_rerun_grompp": 1, "f998597440e07f86373e0ca0a4d24bf7-compress_grompp": 1, "f998597440e07f86373e0ca0a4d24bf7-shear_5nN_grompp": 1, "f998597440e07f86373e0ca0a4d24bf7-shear_15nN_grompp": 1, "f998597440e07f86373e0ca0a4d24bf7-fix_overlaps": 1, "f998597440e07f86373e0ca0a4d24bf7-lammps_to_gmx": 1, "f998597440e07f86373e0ca0a4d24bf7-get_interaction_energy_25nN": 1, "f998597440e07f86373e0ca0a4d24bf7-shear_25nN": 1, "f998597440e07f86373e0ca0a4d24bf7-initialize": 1, "f998597440e07f86373e0ca0a4d24bf7-shear_5nN_rerun": 1, "f998597440e07f86373e0ca0a4d24bf7-unwrap_shear_5nN": 1, "f998597440e07f86373e0ca0a4d24bf7-get_interaction_energy_15nN": 1, "f998597440e07f86373e0ca0a4d24bf7-log_interaction_energy_15nN": 1, "f998597440e07f86373e0ca0a4d24bf7-calc_tilt_shear": 1, "f998597440e07f86373e0ca0a4d24bf7-unwrap_shear_15nN": 1, "f998597440e07f86373e0ca0a4d24bf7-equilibrate": 1, "f998597440e07f86373e0ca0a4d24bf7-shear_5nN": 1}, "shear_25nN_Etotal": [-1407.06321216227, 76.83295179913603], "intercept": 1.4699792071016957, "shear_5nN_qq": [306.5254243741007, 49.820441023433055], "COF": 0.15873460622720784, "chain-smiles": "CCCCCCCCCCCCCCCCCOC", "shear_5nN_lj": [-1354.2948513165468, 48.384325459785764], "h-smiles": "OC", "entropy_translational": 151.98, "S2": {"25nN": 0.8332039182077722, "5nN": 0.837156957784227, "15nN": 0.841578121913222}}