{"shear_15nN_Etotal": [-2764.0464057657873, 109.9064867445595], "molecular_weight": 16.0225, "shear_25nN_Etotal": [-2788.687642553957, 129.68041028739592], "surface_area": 42.91, "shear_15nN_qq": [-1516.990410126299, 111.3895815348376], "enthalpy_vibrational": 92.73, "shear_5nN_qq": [-1493.6737450879298, 107.91109939023985], "tilt": {"5nN": 37.26298659709552, "25nN": 41.33218383623492, "15nN": 39.423557120369686}, "intercept": 3.235963349116932, "shear_25nN_lj": [-1304.3020854644285, 59.659040517394835], "entropy_rotational": 56.63, "shear_5nN_lj": [-1146.765490159073, 52.91439421406787], "shear_25nN_qq": [-1484.3855570895284, 126.28595435861249], "nonpolar_solvation_energy": 5.48, "total_solvation_energy": -4.92, "shear_15nN_lj": [-1247.0559956394884, 52.65611561190956], "shear_5nN_Etotal": [-2640.439235247002, 118.23857264272178], "interdigitation": {"5nN": 0.13525262645995748, "25nN": 0.12581351950124087, "15nN": 0.1214631338974435}, "entropy_vibrational": 0.11, "heat_capacity_vibrational": 0.69, "entropy_translational": 144.1, "status": {"c2048204b342a63fa7aa1288c438d770-shear_25nN_rerun_grompp": 1, "c2048204b342a63fa7aa1288c438d770-get_interaction_energy_25nN": 1, "c2048204b342a63fa7aa1288c438d770-shear_15nN_grompp": 1, "c2048204b342a63fa7aa1288c438d770-shear_5nN_rerun_grompp": 1, "c2048204b342a63fa7aa1288c438d770-calc_friction": 1, "c2048204b342a63fa7aa1288c438d770-shear_15nN_rerun": 1, "c2048204b342a63fa7aa1288c438d770-unwrap_shear_25nN": 1, "c2048204b342a63fa7aa1288c438d770-log_tilt": 1, "c2048204b342a63fa7aa1288c438d770-minimize_grompp": 1, "c2048204b342a63fa7aa1288c438d770-shear_25nN_rerun": 1, "c2048204b342a63fa7aa1288c438d770-top_to_mol2": 1, "c2048204b342a63fa7aa1288c438d770-shear_25nN_extend": 1, "c2048204b342a63fa7aa1288c438d770-log_cof": 1, "c2048204b342a63fa7aa1288c438d770-shear_15nN_extend": 1, "c2048204b342a63fa7aa1288c438d770-compress": 1, "c2048204b342a63fa7aa1288c438d770-compress_grompp": 1, "c2048204b342a63fa7aa1288c438d770-equilibrate_grompp": 1, "c2048204b342a63fa7aa1288c438d770-shear_5nN": 1, "c2048204b342a63fa7aa1288c438d770-shear_25nN_grompp": 1, "c2048204b342a63fa7aa1288c438d770-shear_25nN": 1, "c2048204b342a63fa7aa1288c438d770-shear_15nN": 1, "c2048204b342a63fa7aa1288c438d770-minimize": 1, "c2048204b342a63fa7aa1288c438d770-lammps_to_gmx": 1, "c2048204b342a63fa7aa1288c438d770-shear_5nN_extend_grompp": 1, "c2048204b342a63fa7aa1288c438d770-initialize": 1, "c2048204b342a63fa7aa1288c438d770-count_hydrogen_bonds": 1, "c2048204b342a63fa7aa1288c438d770-shear_15nN_rerun_grompp": 1, "c2048204b342a63fa7aa1288c438d770-shear_5nN_extend": 1, "c2048204b342a63fa7aa1288c438d770-calc_roughness": 1, "c2048204b342a63fa7aa1288c438d770-log_S2": 1, "c2048204b342a63fa7aa1288c438d770-shear_5nN_grompp": 1, "c2048204b342a63fa7aa1288c438d770-get_interaction_energy_5nN": 1, "c2048204b342a63fa7aa1288c438d770-log_interaction_energy_25nN": 1, "c2048204b342a63fa7aa1288c438d770-fix_overlaps": 1, "c2048204b342a63fa7aa1288c438d770-calc_tilt_shear": 1, "c2048204b342a63fa7aa1288c438d770-calc_S2_shear": 1, "c2048204b342a63fa7aa1288c438d770-log_interaction_energy_15nN": 1, "c2048204b342a63fa7aa1288c438d770-unwrap_shear_15nN": 1, "c2048204b342a63fa7aa1288c438d770-calc_interdigitation": 1, "c2048204b342a63fa7aa1288c438d770-shear_15nN_extend_grompp": 1, "c2048204b342a63fa7aa1288c438d770-unwrap_shear_5nN": 1, "c2048204b342a63fa7aa1288c438d770-shear_25nN_extend_grompp": 1, "c2048204b342a63fa7aa1288c438d770-get_interaction_energy_15nN": 1, "c2048204b342a63fa7aa1288c438d770-shear_5nN_rerun": 1, "c2048204b342a63fa7aa1288c438d770-equilibrate": 1, "c2048204b342a63fa7aa1288c438d770-log_interaction_energy_5nN": 1}, "S2": {"5nN": 0.9650480133321656, "25nN": 0.9633816638886691, "15nN": 0.9640272696381104}, "dipole_moment": 1.63, "COF": 0.14811294142434409, "roughness": {"5nN": 0.05886032242942932, "25nN": 0.05105767222026314, "15nN": 0.048064023171010516}, "polar_solvation_energy": -10.38}