{"shear_25nN_lj": [-1254.8906135043967, 47.792094375943734], "status": {"e26e7ca59b02352fbe7d826eaa64d30a-calc_interdigitation": 6, "e26e7ca59b02352fbe7d826eaa64d30a-compress": 1, "e26e7ca59b02352fbe7d826eaa64d30a-shear_15nN_rerun_grompp": 1, "e26e7ca59b02352fbe7d826eaa64d30a-unwrap_shear_5nN": 1, "e26e7ca59b02352fbe7d826eaa64d30a-get_interaction_energy_25nN": 1, "e26e7ca59b02352fbe7d826eaa64d30a-shear_5nN_extend": 1, "e26e7ca59b02352fbe7d826eaa64d30a-unwrap_shear_25nN": 1, "e26e7ca59b02352fbe7d826eaa64d30a-lammps_to_gmx": 1, "e26e7ca59b02352fbe7d826eaa64d30a-shear_15nN_grompp": 1, "e26e7ca59b02352fbe7d826eaa64d30a-shear_25nN_rerun_grompp": 1, "e26e7ca59b02352fbe7d826eaa64d30a-log_interaction_energy_5nN": 1, "e26e7ca59b02352fbe7d826eaa64d30a-shear_25nN": 1, "e26e7ca59b02352fbe7d826eaa64d30a-fix_overlaps": 1, "e26e7ca59b02352fbe7d826eaa64d30a-calc_friction": 1, "e26e7ca59b02352fbe7d826eaa64d30a-calc_S2_shear": 1, "e26e7ca59b02352fbe7d826eaa64d30a-shear_5nN_grompp": 1, "e26e7ca59b02352fbe7d826eaa64d30a-shear_15nN": 1, "e26e7ca59b02352fbe7d826eaa64d30a-shear_5nN_rerun_grompp": 1, "e26e7ca59b02352fbe7d826eaa64d30a-shear_5nN_rerun": 1, "e26e7ca59b02352fbe7d826eaa64d30a-log_interaction_energy_25nN": 1, "e26e7ca59b02352fbe7d826eaa64d30a-equilibrate_grompp": 1, "e26e7ca59b02352fbe7d826eaa64d30a-get_interaction_energy_5nN": 1, "e26e7ca59b02352fbe7d826eaa64d30a-calc_tilt_shear": 1, "e26e7ca59b02352fbe7d826eaa64d30a-log_S2": 1, "e26e7ca59b02352fbe7d826eaa64d30a-minimize_grompp": 1, "e26e7ca59b02352fbe7d826eaa64d30a-calc_roughness": 1, "e26e7ca59b02352fbe7d826eaa64d30a-log_cof": 1, "e26e7ca59b02352fbe7d826eaa64d30a-compress_grompp": 1, "e26e7ca59b02352fbe7d826eaa64d30a-log_tilt": 1, "e26e7ca59b02352fbe7d826eaa64d30a-shear_5nN": 1, "e26e7ca59b02352fbe7d826eaa64d30a-shear_15nN_rerun": 1, "e26e7ca59b02352fbe7d826eaa64d30a-shear_25nN_extend_grompp": 1, "e26e7ca59b02352fbe7d826eaa64d30a-initialize": 1, "e26e7ca59b02352fbe7d826eaa64d30a-top_to_mol2": 1, "e26e7ca59b02352fbe7d826eaa64d30a-shear_25nN_extend": 1, "e26e7ca59b02352fbe7d826eaa64d30a-get_interaction_energy_15nN": 1, "e26e7ca59b02352fbe7d826eaa64d30a-shear_25nN_rerun": 1, "e26e7ca59b02352fbe7d826eaa64d30a-shear_5nN_extend_grompp": 1, "e26e7ca59b02352fbe7d826eaa64d30a-unwrap_shear_15nN": 1, "e26e7ca59b02352fbe7d826eaa64d30a-log_interaction_energy_15nN": 1, "e26e7ca59b02352fbe7d826eaa64d30a-shear_15nN_extend": 1, "e26e7ca59b02352fbe7d826eaa64d30a-shear_15nN_extend_grompp": 1, "e26e7ca59b02352fbe7d826eaa64d30a-shear_25nN_grompp": 1, "e26e7ca59b02352fbe7d826eaa64d30a-count_hydrogen_bonds": 1, "e26e7ca59b02352fbe7d826eaa64d30a-equilibrate": 1, "e26e7ca59b02352fbe7d826eaa64d30a-minimize": 1}, "shear_25nN_Etotal": [-1639.262643713829, 56.33664693344478], "heat_capacity_vibrational": 19.38, "intercept": 0.862730894962835, "tilt": {"25nN": 34.9831486373169, "5nN": 26.774921029575626, "15nN": 32.414489888321796}, "shear_15nN_lj": [-1165.560107381295, 41.87076562243647], "polar_solvation_energy": -13.1, "nonpolar_solvation_energy": 23.24, "enthalpy_vibrational": 66.5, "shear_25nN_qq": [-384.3720302094324, 32.89653708372982], "entropy_vibrational": 8.9, "entropy_rotational": 99.44, "interdigitation": {"25nN": 0.1455781924385352, "5nN": 0.1410133909315831, "15nN": 0.13676936669212475}, "shear_5nN_Etotal": [-1394.2816921622702, 48.78241694354501], "shear_15nN_Etotal": [-1571.215680498801, 52.05320247775221], "surface_area": 60.34, "roughness": {"25nN": 0.04886607881490031, "5nN": 0.05392519991780232, "15nN": 0.048346531675491}, "total_solvation_energy": 10.13, "dipole_moment": 2.09, "S2": {"25nN": 0.8548498510231209, "5nN": 0.8347857129016151, "15nN": 0.8477400361308782}, "shear_5nN_lj": [-978.6497088808953, 40.592340207721705], "shear_15nN_qq": [-405.655573117506, 28.097302010678415], "entropy_translational": 161.73, "shear_5nN_qq": [-415.63198328137486, 22.473279073367326], "COF": 0.18158152468548916, "molecular_weight": 69.0059}