{"shear_15nN_Etotal": [-3422.6957613589125, 291.17277542368237], "molecular_weight": 26.0174, "shear_25nN_Etotal": [-3212.9553538697046, 275.9782770185051], "surface_area": 55.12, "shear_15nN_qq": [-2120.7368289864107, 278.90663943611946], "enthalpy_vibrational": 43.98, "shear_5nN_qq": [-2631.9368838017585, 306.0171511103498], "tilt": {"5nN": 31.273551379738112, "15nN": 33.71215160310033, "25nN": 35.52498542743197}, "intercept": 3.1464692674351666, "shear_25nN_lj": [-1373.9468032925658, 51.54905785187925], "entropy_rotational": 49.42, "shear_5nN_lj": [-1170.691206252598, 50.35740933187153], "shear_25nN_qq": [-1839.008550577138, 263.81416401996665], "nonpolar_solvation_energy": 9.82, "total_solvation_energy": -8.13, "shear_15nN_lj": [-1301.958932372502, 50.51972527544023], "shear_5nN_Etotal": [-3802.6280900543566, 321.77156403055403], "interdigitation": {"5nN": 0.16855374642400647, "15nN": 0.1626042943501566, "25nN": 0.16578684145746342}, "entropy_vibrational": 1.39, "heat_capacity_vibrational": 4.71, "entropy_translational": 149.86, "roughness": {"5nN": 0.06506743224978943, "15nN": 0.06406395120945953, "25nN": 0.06154889971519874}, "S2": {"5nN": 0.6391074298008556, "15nN": 0.6403834317746976, "25nN": 0.6322773855030732}, "dipole_moment": 3.41, "COF": 0.15282144681025456, "status": {"952b779f1bf9485dcf84e765928231f1-log_interaction_energy_15nN": 1, "952b779f1bf9485dcf84e765928231f1-shear_25nN_extend_grompp": 1, "952b779f1bf9485dcf84e765928231f1-shear_5nN_grompp": 1, "952b779f1bf9485dcf84e765928231f1-minimize_grompp": 1, "952b779f1bf9485dcf84e765928231f1-top_to_mol2": 1, "952b779f1bf9485dcf84e765928231f1-log_S2": 1, "952b779f1bf9485dcf84e765928231f1-equilibrate_grompp": 1, "952b779f1bf9485dcf84e765928231f1-get_interaction_energy_15nN": 1, "952b779f1bf9485dcf84e765928231f1-shear_5nN": 1, "952b779f1bf9485dcf84e765928231f1-equilibrate": 1, "952b779f1bf9485dcf84e765928231f1-shear_25nN_rerun": 1, "952b779f1bf9485dcf84e765928231f1-fix_overlaps": 1, "952b779f1bf9485dcf84e765928231f1-lammps_to_gmx": 1, "952b779f1bf9485dcf84e765928231f1-shear_5nN_extend_grompp": 1, "952b779f1bf9485dcf84e765928231f1-shear_15nN_rerun_grompp": 1, "952b779f1bf9485dcf84e765928231f1-log_interaction_energy_25nN": 1, "952b779f1bf9485dcf84e765928231f1-log_tilt": 1, "952b779f1bf9485dcf84e765928231f1-initialize": 1, "952b779f1bf9485dcf84e765928231f1-shear_5nN_rerun": 1, "952b779f1bf9485dcf84e765928231f1-shear_25nN": 1, "952b779f1bf9485dcf84e765928231f1-minimize": 1, "952b779f1bf9485dcf84e765928231f1-compress": 1, "952b779f1bf9485dcf84e765928231f1-shear_25nN_rerun_grompp": 1, "952b779f1bf9485dcf84e765928231f1-shear_15nN_rerun": 1, "952b779f1bf9485dcf84e765928231f1-shear_25nN_grompp": 1, "952b779f1bf9485dcf84e765928231f1-unwrap_shear_15nN": 1, "952b779f1bf9485dcf84e765928231f1-calc_friction": 1, "952b779f1bf9485dcf84e765928231f1-calc_interdigitation": 1, "952b779f1bf9485dcf84e765928231f1-get_interaction_energy_5nN": 1, "952b779f1bf9485dcf84e765928231f1-log_interaction_energy_5nN": 1, "952b779f1bf9485dcf84e765928231f1-calc_S2_shear": 1, "952b779f1bf9485dcf84e765928231f1-calc_tilt_shear": 1, "952b779f1bf9485dcf84e765928231f1-shear_25nN_extend": 1, "952b779f1bf9485dcf84e765928231f1-calc_roughness": 1, "952b779f1bf9485dcf84e765928231f1-shear_15nN_grompp": 1, "952b779f1bf9485dcf84e765928231f1-shear_15nN_extend": 1, "952b779f1bf9485dcf84e765928231f1-unwrap_shear_5nN": 1, "952b779f1bf9485dcf84e765928231f1-shear_5nN_extend": 1, "952b779f1bf9485dcf84e765928231f1-get_interaction_energy_25nN": 1, "952b779f1bf9485dcf84e765928231f1-shear_15nN_extend_grompp": 1, "952b779f1bf9485dcf84e765928231f1-count_hydrogen_bonds": 1, "952b779f1bf9485dcf84e765928231f1-shear_15nN": 1, "952b779f1bf9485dcf84e765928231f1-shear_5nN_rerun_grompp": 1, "952b779f1bf9485dcf84e765928231f1-compress_grompp": 1, "952b779f1bf9485dcf84e765928231f1-unwrap_shear_25nN": 1, "952b779f1bf9485dcf84e765928231f1-log_cof": 1}, "polar_solvation_energy": -17.95}