{"shear_15nN_Etotal": [-1166.3200380679457, 161.6137526953472], "molecular_weight": 16.0225, "shear_25nN_Etotal": [-974.7404705475618, 172.45296225985365], "surface_area": 42.91, "shear_15nN_qq": [13.820856770583534, 170.31735334565437], "enthalpy_vibrational": 92.73, "shear_5nN_qq": [-239.83303360511587, 157.88314101389588], "tilt": {"5nN": 32.060463843904394, "25nN": 37.15218189227972, "15nN": 34.830202613627804}, "intercept": 2.9722899746340032, "shear_25nN_lj": [-1240.8150282046363, 58.07039269908139], "entropy_rotational": 56.63, "shear_5nN_lj": [-998.1989850127898, 61.00438213146152], "shear_25nN_qq": [266.07455765707437, 170.24919043047723], "nonpolar_solvation_energy": 5.48, "total_solvation_energy": -4.92, "shear_15nN_lj": [-1180.1408948385292, 57.48312192935904], "shear_5nN_Etotal": [-1238.0320186179058, 149.68200365612893], "interdigitation": {"5nN": 0.13925877205417012, "25nN": 0.1408305504457209, "15nN": 0.13821040868619042}, "entropy_vibrational": 0.11, "heat_capacity_vibrational": 0.69, "entropy_translational": 144.1, "status": {"115b2cbd8c69d5cacdb5e2879d1ddad5-shear_25nN_extend": 1, "115b2cbd8c69d5cacdb5e2879d1ddad5-shear_15nN_rerun": 1, "115b2cbd8c69d5cacdb5e2879d1ddad5-equilibrate_grompp": 1, "115b2cbd8c69d5cacdb5e2879d1ddad5-log_tilt": 1, "115b2cbd8c69d5cacdb5e2879d1ddad5-shear_15nN_rerun_grompp": 1, "115b2cbd8c69d5cacdb5e2879d1ddad5-log_interaction_energy_25nN": 1, "115b2cbd8c69d5cacdb5e2879d1ddad5-top_to_mol2": 1, "115b2cbd8c69d5cacdb5e2879d1ddad5-log_cof": 1, "115b2cbd8c69d5cacdb5e2879d1ddad5-unwrap_shear_25nN": 1, "115b2cbd8c69d5cacdb5e2879d1ddad5-calc_tilt_shear": 1, "115b2cbd8c69d5cacdb5e2879d1ddad5-minimize": 1, "115b2cbd8c69d5cacdb5e2879d1ddad5-initialize": 1, "115b2cbd8c69d5cacdb5e2879d1ddad5-count_hydrogen_bonds": 1, "115b2cbd8c69d5cacdb5e2879d1ddad5-shear_25nN_grompp": 1, "115b2cbd8c69d5cacdb5e2879d1ddad5-compress_grompp": 1, "115b2cbd8c69d5cacdb5e2879d1ddad5-get_interaction_energy_15nN": 1, "115b2cbd8c69d5cacdb5e2879d1ddad5-log_interaction_energy_5nN": 1, "115b2cbd8c69d5cacdb5e2879d1ddad5-shear_5nN_grompp": 1, "115b2cbd8c69d5cacdb5e2879d1ddad5-log_S2": 1, "115b2cbd8c69d5cacdb5e2879d1ddad5-log_interaction_energy_15nN": 1, "115b2cbd8c69d5cacdb5e2879d1ddad5-minimize_grompp": 1, "115b2cbd8c69d5cacdb5e2879d1ddad5-calc_roughness": 1, "115b2cbd8c69d5cacdb5e2879d1ddad5-shear_25nN_extend_grompp": 1, "115b2cbd8c69d5cacdb5e2879d1ddad5-calc_friction": 1, "115b2cbd8c69d5cacdb5e2879d1ddad5-shear_5nN_rerun": 1, "115b2cbd8c69d5cacdb5e2879d1ddad5-shear_5nN_rerun_grompp": 1, "115b2cbd8c69d5cacdb5e2879d1ddad5-unwrap_shear_15nN": 1, "115b2cbd8c69d5cacdb5e2879d1ddad5-shear_15nN": 1, "115b2cbd8c69d5cacdb5e2879d1ddad5-get_interaction_energy_5nN": 1, "115b2cbd8c69d5cacdb5e2879d1ddad5-shear_5nN": 1, "115b2cbd8c69d5cacdb5e2879d1ddad5-lammps_to_gmx": 1, "115b2cbd8c69d5cacdb5e2879d1ddad5-shear_25nN_rerun_grompp": 1, "115b2cbd8c69d5cacdb5e2879d1ddad5-shear_25nN": 1, "115b2cbd8c69d5cacdb5e2879d1ddad5-fix_overlaps": 1, "115b2cbd8c69d5cacdb5e2879d1ddad5-shear_15nN_extend_grompp": 1, "115b2cbd8c69d5cacdb5e2879d1ddad5-unwrap_shear_5nN": 1, "115b2cbd8c69d5cacdb5e2879d1ddad5-calc_S2_shear": 1, "115b2cbd8c69d5cacdb5e2879d1ddad5-shear_15nN_grompp": 1, "115b2cbd8c69d5cacdb5e2879d1ddad5-shear_5nN_extend_grompp": 1, "115b2cbd8c69d5cacdb5e2879d1ddad5-get_interaction_energy_25nN": 1, "115b2cbd8c69d5cacdb5e2879d1ddad5-shear_15nN_extend": 1, "115b2cbd8c69d5cacdb5e2879d1ddad5-shear_5nN_extend": 1, "115b2cbd8c69d5cacdb5e2879d1ddad5-equilibrate": 1, "115b2cbd8c69d5cacdb5e2879d1ddad5-calc_interdigitation": 1, "115b2cbd8c69d5cacdb5e2879d1ddad5-compress": 1, "115b2cbd8c69d5cacdb5e2879d1ddad5-shear_25nN_rerun": 1}, "S2": {"5nN": 0.6112559536115262, "25nN": 0.6100850020717873, "15nN": 0.6159069164212764}, "dipole_moment": 1.63, "COF": 0.20455151220033932, "roughness": {"5nN": 0.06467643950200512, "25nN": 0.0571421966141701, "15nN": 0.05955111261962767}, "polar_solvation_energy": -10.38}