{"enthalpy_vibrational": 57.43, "shear_5nN_Etotal": [-2294.3217549112715, 234.15536522126268], "heat_capacity_vibrational": 0.13, "entropy_vibrational": 0.02, "interdigitation": {"25nN": 0.10795453255185691, "5nN": 0.11062762582700601, "15nN": 0.10433477165813032}, "polar_solvation_energy": -15.61, "shear_15nN_qq": [-817.639796490008, 195.8017413396464], "nonpolar_solvation_energy": 2.8, "molecular_weight": 17.0073, "shear_15nN_Etotal": [-2064.7443803005594, 185.68794606812241], "roughness": {"25nN": 0.0521455069074753, "5nN": 0.05405917847635234, "15nN": 0.05089850075569636}, "tilt": {"25nN": 35.60675717347035, "5nN": 29.721701190271386, "15nN": 33.78850549020837}, "shear_15nN_lj": [-1247.1045838105515, 58.74606534951613], "surface_area": 42.49, "total_solvation_energy": -12.83, "dipole_moment": 1.88, "entropy_rotational": 49.19, "shear_25nN_lj": [-1314.767933015188, 63.65682601856027], "shear_5nN_lj": [-1089.2068345227817, 63.307085148617986], "status": {"6124f2e28b655177f39ec22256761e17-shear_15nN_extend_grompp": 1, "6124f2e28b655177f39ec22256761e17-log_S2": 1, "6124f2e28b655177f39ec22256761e17-shear_15nN_extend": 1, "6124f2e28b655177f39ec22256761e17-initialize": 1, "6124f2e28b655177f39ec22256761e17-unwrap_shear_25nN": 1, "6124f2e28b655177f39ec22256761e17-shear_25nN": 1, "6124f2e28b655177f39ec22256761e17-compress": 1, "6124f2e28b655177f39ec22256761e17-get_interaction_energy_15nN": 1, "6124f2e28b655177f39ec22256761e17-shear_5nN_extend_grompp": 1, "6124f2e28b655177f39ec22256761e17-count_hydrogen_bonds": 1, "6124f2e28b655177f39ec22256761e17-equilibrate": 1, "6124f2e28b655177f39ec22256761e17-shear_5nN_rerun": 1, "6124f2e28b655177f39ec22256761e17-unwrap_shear_5nN": 1, "6124f2e28b655177f39ec22256761e17-shear_15nN_rerun_grompp": 1, "6124f2e28b655177f39ec22256761e17-get_interaction_energy_5nN": 1, "6124f2e28b655177f39ec22256761e17-log_tilt": 1, "6124f2e28b655177f39ec22256761e17-minimize": 1, "6124f2e28b655177f39ec22256761e17-log_interaction_energy_25nN": 1, "6124f2e28b655177f39ec22256761e17-lammps_to_gmx": 1, "6124f2e28b655177f39ec22256761e17-calc_roughness": 1, "6124f2e28b655177f39ec22256761e17-shear_25nN_extend_grompp": 1, "6124f2e28b655177f39ec22256761e17-shear_25nN_grompp": 1, "6124f2e28b655177f39ec22256761e17-fix_overlaps": 1, "6124f2e28b655177f39ec22256761e17-log_interaction_energy_15nN": 1, "6124f2e28b655177f39ec22256761e17-log_cof": 1, "6124f2e28b655177f39ec22256761e17-shear_5nN_extend": 1, "6124f2e28b655177f39ec22256761e17-equilibrate_grompp": 1, "6124f2e28b655177f39ec22256761e17-calc_interdigitation": 3, "6124f2e28b655177f39ec22256761e17-shear_25nN_rerun_grompp": 1, "6124f2e28b655177f39ec22256761e17-top_to_mol2": 1, "6124f2e28b655177f39ec22256761e17-shear_25nN_rerun": 1, "6124f2e28b655177f39ec22256761e17-shear_15nN": 1, "6124f2e28b655177f39ec22256761e17-shear_5nN": 1, "6124f2e28b655177f39ec22256761e17-shear_15nN_grompp": 1, "6124f2e28b655177f39ec22256761e17-compress_grompp": 1, "6124f2e28b655177f39ec22256761e17-shear_5nN_grompp": 1, "6124f2e28b655177f39ec22256761e17-shear_25nN_extend": 1, "6124f2e28b655177f39ec22256761e17-shear_15nN_rerun": 1, "6124f2e28b655177f39ec22256761e17-calc_S2_shear": 1, "6124f2e28b655177f39ec22256761e17-calc_friction": 1, "6124f2e28b655177f39ec22256761e17-unwrap_shear_15nN": 1, "6124f2e28b655177f39ec22256761e17-log_interaction_energy_5nN": 1, "6124f2e28b655177f39ec22256761e17-minimize_grompp": 1, "6124f2e28b655177f39ec22256761e17-calc_tilt_shear": 1, "6124f2e28b655177f39ec22256761e17-shear_5nN_rerun_grompp": 1, "6124f2e28b655177f39ec22256761e17-get_interaction_energy_25nN": 1}, "shear_25nN_Etotal": [-1860.8299810183855, 193.38621278670936], "shear_25nN_qq": [-546.0620480031974, 205.54127339535816], "ch3-smiles": "CO", "intercept": 3.1990390689759662, "shear_5nN_qq": [-1205.1149203884893, 245.87452602091966], "COF": 0.22534851671369402, "chain-smiles": "CCCCCCCCCCCCCCCCCO", "h-smiles": "O", "entropy_translational": 144.8, "S2": {"25nN": 0.6427149629561696, "5nN": 0.6612042285023099, "15nN": 0.6417134947699092}}