{"enthalpy_vibrational": 43.98, "shear_5nN_Etotal": [-4136.253051262191, 238.81365002757616], "heat_capacity_vibrational": 4.71, "entropy_vibrational": 1.39, "interdigitation": {"25nN": 0.13031610708842534, "5nN": 0.16510878235175258, "15nN": 0.1507696322286598}, "polar_solvation_energy": -17.95, "shear_15nN_qq": [-2517.2939921478815, 235.470516273773], "nonpolar_solvation_energy": 9.82, "molecular_weight": 26.0174, "shear_15nN_Etotal": [-3975.371520268585, 250.93319904206695], "roughness": {"25nN": 0.05042811915861397, "5nN": 0.05487448655016671, "15nN": 0.05612330582187589}, "tilt": {"25nN": 35.23412538054211, "5nN": 29.434592927275034, "15nN": 33.32025580980197}, "shear_15nN_lj": [-1458.0775281207034, 48.502042210176675], "surface_area": 55.12, "total_solvation_energy": -8.13, "dipole_moment": 3.41, "entropy_rotational": 49.42, "shear_25nN_lj": [-1508.2104443517185, 48.10662101468585], "shear_5nN_lj": [-1341.9309201071144, 51.33022888774442], "status": {"b7d108c37e46b40abb02e88c5e96accf-shear_5nN_rerun_grompp": 1, "b7d108c37e46b40abb02e88c5e96accf-shear_15nN": 1, "b7d108c37e46b40abb02e88c5e96accf-shear_5nN": 1, "b7d108c37e46b40abb02e88c5e96accf-shear_25nN_extend": 1, "b7d108c37e46b40abb02e88c5e96accf-calc_roughness": 1, "b7d108c37e46b40abb02e88c5e96accf-calc_S2_shear": 1, "b7d108c37e46b40abb02e88c5e96accf-log_tilt": 1, "b7d108c37e46b40abb02e88c5e96accf-get_interaction_energy_5nN": 1, "b7d108c37e46b40abb02e88c5e96accf-shear_15nN_rerun": 1, "b7d108c37e46b40abb02e88c5e96accf-shear_5nN_grompp": 1, "b7d108c37e46b40abb02e88c5e96accf-get_interaction_energy_25nN": 1, "b7d108c37e46b40abb02e88c5e96accf-lammps_to_gmx": 1, "b7d108c37e46b40abb02e88c5e96accf-get_interaction_energy_15nN": 1, "b7d108c37e46b40abb02e88c5e96accf-minimize": 1, "b7d108c37e46b40abb02e88c5e96accf-unwrap_shear_15nN": 1, "b7d108c37e46b40abb02e88c5e96accf-top_to_mol2": 1, "b7d108c37e46b40abb02e88c5e96accf-equilibrate": 1, "b7d108c37e46b40abb02e88c5e96accf-unwrap_shear_25nN": 1, "b7d108c37e46b40abb02e88c5e96accf-shear_15nN_extend": 1, "b7d108c37e46b40abb02e88c5e96accf-fix_overlaps": 1, "b7d108c37e46b40abb02e88c5e96accf-shear_15nN_extend_grompp": 1, "b7d108c37e46b40abb02e88c5e96accf-shear_15nN_rerun_grompp": 1, "b7d108c37e46b40abb02e88c5e96accf-log_interaction_energy_25nN": 1, "b7d108c37e46b40abb02e88c5e96accf-shear_5nN_extend_grompp": 1, "b7d108c37e46b40abb02e88c5e96accf-compress": 1, "b7d108c37e46b40abb02e88c5e96accf-equilibrate_grompp": 1, "b7d108c37e46b40abb02e88c5e96accf-count_hydrogen_bonds": 1, "b7d108c37e46b40abb02e88c5e96accf-minimize_grompp": 1, "b7d108c37e46b40abb02e88c5e96accf-calc_tilt_shear": 1, "b7d108c37e46b40abb02e88c5e96accf-shear_25nN": 1, "b7d108c37e46b40abb02e88c5e96accf-shear_15nN_grompp": 1, "b7d108c37e46b40abb02e88c5e96accf-log_cof": 1, "b7d108c37e46b40abb02e88c5e96accf-unwrap_shear_5nN": 1, "b7d108c37e46b40abb02e88c5e96accf-log_S2": 1, "b7d108c37e46b40abb02e88c5e96accf-log_interaction_energy_15nN": 1, "b7d108c37e46b40abb02e88c5e96accf-calc_interdigitation": 6, "b7d108c37e46b40abb02e88c5e96accf-log_interaction_energy_5nN": 1, "b7d108c37e46b40abb02e88c5e96accf-shear_5nN_rerun": 1, "b7d108c37e46b40abb02e88c5e96accf-calc_friction": 1, "b7d108c37e46b40abb02e88c5e96accf-shear_25nN_rerun_grompp": 1, "b7d108c37e46b40abb02e88c5e96accf-compress_grompp": 1, "b7d108c37e46b40abb02e88c5e96accf-shear_25nN_extend_grompp": 1, "b7d108c37e46b40abb02e88c5e96accf-shear_5nN_extend": 1, "b7d108c37e46b40abb02e88c5e96accf-shear_25nN_grompp": 1, "b7d108c37e46b40abb02e88c5e96accf-initialize": 1, "b7d108c37e46b40abb02e88c5e96accf-shear_25nN_rerun": 1}, "shear_25nN_Etotal": [-3743.118198226219, 223.14248373397197], "shear_25nN_qq": [-2234.9077538745, 214.59888887831482], "ch3-smiles": "CC#N", "intercept": 3.2536549756479785, "shear_5nN_qq": [-2794.322131155076, 216.424849862692], "COF": 0.11408658858795623, "chain-smiles": "CCCCCCCCCCCCCCCCCC#N", "h-smiles": "C#N", "entropy_translational": 149.86, "S2": {"25nN": 0.8037302732199458, "5nN": 0.8185224665183065, "15nN": 0.8182360027057891}}