{"enthalpy_vibrational": 43.98, "shear_5nN_Etotal": [-3971.418900332534, 236.61212575165118], "heat_capacity_vibrational": 4.71, "entropy_vibrational": 1.39, "interdigitation": {"25nN": 0.1414526322151955, "5nN": 0.16031272198290816, "15nN": 0.14696405053997136}, "polar_solvation_energy": -17.95, "shear_15nN_qq": [-2403.3864120567546, 236.3438325996188], "nonpolar_solvation_energy": 9.82, "molecular_weight": 26.0174, "shear_15nN_Etotal": [-3851.693148505196, 253.1491318901807], "roughness": {"25nN": 0.05544907906785989, "5nN": 0.05972882533969788, "15nN": 0.056556032127146647}, "tilt": {"25nN": 35.09368701743965, "5nN": 28.81512957695184, "15nN": 32.75284122796829}, "shear_15nN_lj": [-1448.3067364484414, 48.97616104130408], "surface_area": 55.12, "total_solvation_energy": -8.13, "dipole_moment": 3.41, "entropy_rotational": 49.42, "shear_25nN_lj": [-1506.9849932653876, 48.733035767358565], "shear_5nN_lj": [-1316.0906530647483, 47.41838689436031], "status": {"358ac806c1cb0f9ad423b6b7e5285455-calc_tilt_shear": 1, "358ac806c1cb0f9ad423b6b7e5285455-log_cof": 1, "358ac806c1cb0f9ad423b6b7e5285455-log_interaction_energy_5nN": 1, "358ac806c1cb0f9ad423b6b7e5285455-equilibrate_grompp": 1, "358ac806c1cb0f9ad423b6b7e5285455-shear_15nN_extend": 1, "358ac806c1cb0f9ad423b6b7e5285455-shear_5nN_rerun_grompp": 1, "358ac806c1cb0f9ad423b6b7e5285455-shear_25nN_rerun_grompp": 1, "358ac806c1cb0f9ad423b6b7e5285455-minimize_grompp": 1, "358ac806c1cb0f9ad423b6b7e5285455-initialize": 1, "358ac806c1cb0f9ad423b6b7e5285455-shear_15nN_rerun": 1, "358ac806c1cb0f9ad423b6b7e5285455-get_interaction_energy_15nN": 1, "358ac806c1cb0f9ad423b6b7e5285455-lammps_to_gmx": 1, "358ac806c1cb0f9ad423b6b7e5285455-calc_roughness": 1, "358ac806c1cb0f9ad423b6b7e5285455-unwrap_shear_5nN": 1, "358ac806c1cb0f9ad423b6b7e5285455-calc_friction": 1, "358ac806c1cb0f9ad423b6b7e5285455-shear_15nN": 1, "358ac806c1cb0f9ad423b6b7e5285455-shear_15nN_extend_grompp": 1, "358ac806c1cb0f9ad423b6b7e5285455-shear_25nN_extend_grompp": 1, "358ac806c1cb0f9ad423b6b7e5285455-log_tilt": 1, "358ac806c1cb0f9ad423b6b7e5285455-compress_grompp": 1, "358ac806c1cb0f9ad423b6b7e5285455-shear_5nN_rerun": 1, "358ac806c1cb0f9ad423b6b7e5285455-shear_15nN_grompp": 1, "358ac806c1cb0f9ad423b6b7e5285455-calc_S2_shear": 1, "358ac806c1cb0f9ad423b6b7e5285455-shear_15nN_rerun_grompp": 1, "358ac806c1cb0f9ad423b6b7e5285455-get_interaction_energy_5nN": 1, "358ac806c1cb0f9ad423b6b7e5285455-shear_5nN_grompp": 1, "358ac806c1cb0f9ad423b6b7e5285455-unwrap_shear_15nN": 1, "358ac806c1cb0f9ad423b6b7e5285455-unwrap_shear_25nN": 1, "358ac806c1cb0f9ad423b6b7e5285455-get_interaction_energy_25nN": 1, "358ac806c1cb0f9ad423b6b7e5285455-minimize": 1, "358ac806c1cb0f9ad423b6b7e5285455-shear_5nN_extend": 1, "358ac806c1cb0f9ad423b6b7e5285455-shear_25nN": 1, "358ac806c1cb0f9ad423b6b7e5285455-log_interaction_energy_15nN": 1, "358ac806c1cb0f9ad423b6b7e5285455-count_hydrogen_bonds": 1, "358ac806c1cb0f9ad423b6b7e5285455-equilibrate": 1, "358ac806c1cb0f9ad423b6b7e5285455-calc_interdigitation": 1, "358ac806c1cb0f9ad423b6b7e5285455-log_S2": 1, "358ac806c1cb0f9ad423b6b7e5285455-shear_25nN_rerun": 1, "358ac806c1cb0f9ad423b6b7e5285455-top_to_mol2": 1, "358ac806c1cb0f9ad423b6b7e5285455-fix_overlaps": 1, "358ac806c1cb0f9ad423b6b7e5285455-log_interaction_energy_25nN": 1, "358ac806c1cb0f9ad423b6b7e5285455-shear_25nN_grompp": 1, "358ac806c1cb0f9ad423b6b7e5285455-shear_5nN": 1, "358ac806c1cb0f9ad423b6b7e5285455-compress": 1, "358ac806c1cb0f9ad423b6b7e5285455-shear_5nN_extend_grompp": 1, "358ac806c1cb0f9ad423b6b7e5285455-shear_25nN_extend": 1}, "shear_25nN_Etotal": [-3839.444222848921, 220.43552993093556], "shear_25nN_qq": [-2332.459229583533, 208.43314383441685], "ch3-smiles": "CC#N", "intercept": 2.9191102615577478, "shear_5nN_qq": [-2655.3282472677856, 223.10260480788455], "COF": 0.14258192580963347, "chain-smiles": "CCCCCCCCCCCCCCCCCC#N", "h-smiles": "C#N", "entropy_translational": 149.86, "S2": {"25nN": 0.8485916600461513, "5nN": 0.8488397735533183, "15nN": 0.8424110790131959}}