{"enthalpy_vibrational": 214.06, "shear_5nN_Etotal": [-1111.9800505091926, 49.6719213752673], "heat_capacity_vibrational": 19.47, "entropy_vibrational": 5.04, "interdigitation": {"25nN": 0.13228856290031427, "5nN": 0.13288381833824806, "15nN": 0.1268827488529944}, "polar_solvation_energy": -1.28, "shear_15nN_qq": [222.843117578737, 9.929206879532982], "nonpolar_solvation_energy": 9.15, "molecular_weight": 41.0716, "shear_15nN_Etotal": [-1307.8651643405276, 51.106281262215354], "roughness": {"25nN": 0.06945403346552778, "5nN": 0.07575567873288216, "15nN": 0.06883083123819045}, "tilt": {"25nN": 35.35359455267224, "5nN": 29.389398238480315, "15nN": 33.408494783351856}, "shear_15nN_lj": [-1530.7082819192644, 52.261346693553264], "surface_area": 65.5, "total_solvation_energy": 7.89, "dipole_moment": 0.0, "entropy_rotational": 90.7, "shear_25nN_lj": [-1627.615080206235, 49.55322414398464], "shear_5nN_lj": [-1278.066257951239, 51.384341851975464], "status": {"909ec2aee5534e4ba2523e80de81ea27-shear_25nN_grompp": 1, "909ec2aee5534e4ba2523e80de81ea27-minimize": 1, "909ec2aee5534e4ba2523e80de81ea27-count_hydrogen_bonds": 1, "909ec2aee5534e4ba2523e80de81ea27-shear_25nN_extend_grompp": 1, "909ec2aee5534e4ba2523e80de81ea27-log_interaction_energy_5nN": 1, "909ec2aee5534e4ba2523e80de81ea27-shear_5nN_grompp": 1, "909ec2aee5534e4ba2523e80de81ea27-shear_15nN_extend_grompp": 1, "909ec2aee5534e4ba2523e80de81ea27-shear_5nN_extend": 1, "909ec2aee5534e4ba2523e80de81ea27-unwrap_shear_5nN": 1, "909ec2aee5534e4ba2523e80de81ea27-unwrap_shear_15nN": 1, "909ec2aee5534e4ba2523e80de81ea27-calc_tilt_shear": 1, "909ec2aee5534e4ba2523e80de81ea27-compress": 1, "909ec2aee5534e4ba2523e80de81ea27-shear_15nN_extend": 1, "909ec2aee5534e4ba2523e80de81ea27-shear_5nN_extend_grompp": 1, "909ec2aee5534e4ba2523e80de81ea27-shear_25nN": 1, "909ec2aee5534e4ba2523e80de81ea27-shear_15nN": 1, "909ec2aee5534e4ba2523e80de81ea27-get_interaction_energy_15nN": 1, "909ec2aee5534e4ba2523e80de81ea27-top_to_mol2": 1, "909ec2aee5534e4ba2523e80de81ea27-fix_overlaps": 1, "909ec2aee5534e4ba2523e80de81ea27-unwrap_shear_25nN": 1, "909ec2aee5534e4ba2523e80de81ea27-log_S2": 1, "909ec2aee5534e4ba2523e80de81ea27-shear_15nN_rerun": 1, "909ec2aee5534e4ba2523e80de81ea27-log_interaction_energy_15nN": 1, "909ec2aee5534e4ba2523e80de81ea27-shear_5nN_rerun_grompp": 1, "909ec2aee5534e4ba2523e80de81ea27-get_interaction_energy_5nN": 1, "909ec2aee5534e4ba2523e80de81ea27-calc_interdigitation": 6, "909ec2aee5534e4ba2523e80de81ea27-shear_15nN_grompp": 1, "909ec2aee5534e4ba2523e80de81ea27-shear_25nN_rerun": 1, "909ec2aee5534e4ba2523e80de81ea27-log_cof": 1, "909ec2aee5534e4ba2523e80de81ea27-shear_5nN_rerun": 1, "909ec2aee5534e4ba2523e80de81ea27-log_tilt": 1, "909ec2aee5534e4ba2523e80de81ea27-equilibrate": 1, "909ec2aee5534e4ba2523e80de81ea27-calc_roughness": 1, "909ec2aee5534e4ba2523e80de81ea27-log_interaction_energy_25nN": 1, "909ec2aee5534e4ba2523e80de81ea27-equilibrate_grompp": 1, "909ec2aee5534e4ba2523e80de81ea27-calc_S2_shear": 1, "909ec2aee5534e4ba2523e80de81ea27-calc_friction": 1, "909ec2aee5534e4ba2523e80de81ea27-get_interaction_energy_25nN": 1, "909ec2aee5534e4ba2523e80de81ea27-shear_25nN_rerun_grompp": 1, "909ec2aee5534e4ba2523e80de81ea27-initialize": 1, "909ec2aee5534e4ba2523e80de81ea27-shear_25nN_extend": 1, "909ec2aee5534e4ba2523e80de81ea27-shear_5nN": 1, "909ec2aee5534e4ba2523e80de81ea27-shear_15nN_rerun_grompp": 1, "909ec2aee5534e4ba2523e80de81ea27-minimize_grompp": 1, "909ec2aee5534e4ba2523e80de81ea27-compress_grompp": 1, "909ec2aee5534e4ba2523e80de81ea27-lammps_to_gmx": 1}, "shear_25nN_Etotal": [-1372.3646433093525, 48.32594753154851], "shear_25nN_qq": [255.25043689688246, 9.662968828260212], "ch3-smiles": "CC1CC1", "intercept": 0.9797763348766453, "shear_5nN_qq": [166.08620744204637, 9.02832838986271], "COF": 0.1777753701542141, "chain-smiles": "CCCCCCCCCCCCCCCCCC1CC1", "h-smiles": "C1CC1", "entropy_translational": 155.37, "S2": {"25nN": 0.8392303681295664, "5nN": 0.8585352158211242, "15nN": 0.8377382622063763}}