{"shear_15nN_Etotal": [-2876.8469032262187, 177.80810129568403], "molecular_weight": 45.0174, "shear_25nN_Etotal": [-2955.070758940048, 184.75810438476393], "surface_area": 64.71, "shear_15nN_qq": [-927.9979320071942, 183.6000349450093], "enthalpy_vibrational": 87.35, "shear_5nN_qq": [-1144.1849778353317, 197.2434953563793], "tilt": {"5nN": 29.22210903643388, "15nN": 32.75615796323488, "25nN": 34.722879371897584}, "intercept": 4.920850743544584, "shear_25nN_lj": [-2027.5701417418068, 64.08530255404102], "entropy_rotational": 87.93, "shear_5nN_lj": [-1760.4549794780175, 68.76791799432883], "shear_25nN_qq": [-927.5006171982415, 189.11991049719396], "nonpolar_solvation_energy": 3.72, "total_solvation_energy": -32.72, "shear_15nN_lj": [-1948.8489712190246, 67.58146471354291], "shear_5nN_Etotal": [-2904.6399573133494, 194.4170613030429], "interdigitation": {"5nN": 0.09509590721495671, "15nN": 0.09965050268009892, "25nN": 0.10851474105884189}, "entropy_vibrational": 7.1, "heat_capacity_vibrational": 15.26, "entropy_translational": 156.5, "status": {"673aa0cbdd01b3f9bd0468eccad2db84-equilibrate_grompp": 1, "673aa0cbdd01b3f9bd0468eccad2db84-unwrap_shear_5nN": 1, "673aa0cbdd01b3f9bd0468eccad2db84-shear_5nN_rerun": 1, "673aa0cbdd01b3f9bd0468eccad2db84-log_S2": 1, "673aa0cbdd01b3f9bd0468eccad2db84-log_tilt": 1, "673aa0cbdd01b3f9bd0468eccad2db84-shear_15nN_rerun_grompp": 1, "673aa0cbdd01b3f9bd0468eccad2db84-shear_25nN_rerun_grompp": 1, "673aa0cbdd01b3f9bd0468eccad2db84-log_interaction_energy_25nN": 1, "673aa0cbdd01b3f9bd0468eccad2db84-shear_25nN": 1, "673aa0cbdd01b3f9bd0468eccad2db84-shear_25nN_rerun": 1, "673aa0cbdd01b3f9bd0468eccad2db84-shear_5nN": 1, "673aa0cbdd01b3f9bd0468eccad2db84-compress": 1, "673aa0cbdd01b3f9bd0468eccad2db84-shear_25nN_grompp": 1, "673aa0cbdd01b3f9bd0468eccad2db84-calc_tilt_shear": 1, "673aa0cbdd01b3f9bd0468eccad2db84-top_to_mol2": 1, "673aa0cbdd01b3f9bd0468eccad2db84-calc_S2_shear": 1, "673aa0cbdd01b3f9bd0468eccad2db84-shear_15nN_extend": 1, "673aa0cbdd01b3f9bd0468eccad2db84-calc_interdigitation": 1, "673aa0cbdd01b3f9bd0468eccad2db84-initialize": 1, "673aa0cbdd01b3f9bd0468eccad2db84-equilibrate": 1, "673aa0cbdd01b3f9bd0468eccad2db84-get_interaction_energy_25nN": 1, "673aa0cbdd01b3f9bd0468eccad2db84-get_interaction_energy_15nN": 1, "673aa0cbdd01b3f9bd0468eccad2db84-shear_15nN_grompp": 1, "673aa0cbdd01b3f9bd0468eccad2db84-calc_roughness": 1, "673aa0cbdd01b3f9bd0468eccad2db84-shear_5nN_rerun_grompp": 1, "673aa0cbdd01b3f9bd0468eccad2db84-shear_5nN_extend": 1, "673aa0cbdd01b3f9bd0468eccad2db84-calc_friction": 1, "673aa0cbdd01b3f9bd0468eccad2db84-compress_grompp": 1, "673aa0cbdd01b3f9bd0468eccad2db84-log_interaction_energy_5nN": 1, "673aa0cbdd01b3f9bd0468eccad2db84-lammps_to_gmx": 1, "673aa0cbdd01b3f9bd0468eccad2db84-count_hydrogen_bonds": 1, "673aa0cbdd01b3f9bd0468eccad2db84-shear_25nN_extend_grompp": 1, "673aa0cbdd01b3f9bd0468eccad2db84-shear_5nN_grompp": 1, "673aa0cbdd01b3f9bd0468eccad2db84-shear_15nN_rerun": 1, "673aa0cbdd01b3f9bd0468eccad2db84-log_cof": 1, "673aa0cbdd01b3f9bd0468eccad2db84-fix_overlaps": 1, "673aa0cbdd01b3f9bd0468eccad2db84-log_interaction_energy_15nN": 1, "673aa0cbdd01b3f9bd0468eccad2db84-get_interaction_energy_5nN": 1, "673aa0cbdd01b3f9bd0468eccad2db84-shear_25nN_extend": 1, "673aa0cbdd01b3f9bd0468eccad2db84-minimize": 1, "673aa0cbdd01b3f9bd0468eccad2db84-shear_5nN_extend_grompp": 1, "673aa0cbdd01b3f9bd0468eccad2db84-shear_15nN_extend_grompp": 1, "673aa0cbdd01b3f9bd0468eccad2db84-minimize_grompp": 1, "673aa0cbdd01b3f9bd0468eccad2db84-shear_15nN": 1, "673aa0cbdd01b3f9bd0468eccad2db84-unwrap_shear_15nN": 1, "673aa0cbdd01b3f9bd0468eccad2db84-unwrap_shear_25nN": 1}, "S2": {"5nN": 0.7651170462458222, "15nN": 0.7538306076752835, "25nN": 0.749115931248689}, "polar_solvation_energy": -36.43, "COF": 0.17442532473751823, "roughness": {"5nN": 0.04822853713360887, "15nN": 0.04779444903436423, "25nN": 0.05019025288016838}, "dipole_moment": 4.81}