{"surface_area": 61.0, "total_solvation_energy": 7.34, "entropy_rotational": 77.76, "polar_solvation_energy": -1.05, "roughness": {"15nN": 0.059753704400658386, "25nN": 0.05129235420119968, "5nN": 0.05607107672255497}, "shear_5nN_qq": [532.4293656035171, 14.984113358267015], "shear_25nN_qq": [564.1209472078338, 19.699704065755856], "shear_5nN_lj": [-1341.1422090839328, 45.66742699431239], "shear_15nN_qq": [568.3396954324539, 18.07628436981191], "S2": {"15nN": 0.821201603861464, "25nN": 0.823861276997287, "5nN": 0.8277182981358705}, "shear_15nN_Etotal": [-1013.7593760863309, 45.585289817485155], "shear_15nN_lj": [-1582.099071518785, 43.844215592038246], "dipole_moment": 0.0, "heat_capacity_vibrational": 10.23, "shear_25nN_Etotal": [-1108.6792953109511, 47.57146402122331], "COF": 0.1259280391189316, "molecular_weight": 27.0451, "shear_25nN_lj": [-1672.8002425187851, 44.12586532749699], "entropy_vibrational": 2.65, "intercept": 1.1389211130567127, "status": {"386bb45bee85581bbc3ea9785f86db8f-fix_overlaps": 1, "386bb45bee85581bbc3ea9785f86db8f-unwrap_shear_25nN": 1, "386bb45bee85581bbc3ea9785f86db8f-lammps_to_gmx": 1, "386bb45bee85581bbc3ea9785f86db8f-compress": 1, "386bb45bee85581bbc3ea9785f86db8f-shear_25nN_rerun_grompp": 1, "386bb45bee85581bbc3ea9785f86db8f-log_interaction_energy_5nN": 1, "386bb45bee85581bbc3ea9785f86db8f-initialize": 1, "386bb45bee85581bbc3ea9785f86db8f-shear_15nN_rerun": 1, "386bb45bee85581bbc3ea9785f86db8f-shear_5nN_rerun_grompp": 1, "386bb45bee85581bbc3ea9785f86db8f-shear_15nN": 1, "386bb45bee85581bbc3ea9785f86db8f-shear_25nN_rerun": 1, "386bb45bee85581bbc3ea9785f86db8f-equilibrate_grompp": 1, "386bb45bee85581bbc3ea9785f86db8f-log_interaction_energy_15nN": 1, "386bb45bee85581bbc3ea9785f86db8f-shear_25nN_extend_grompp": 1, "386bb45bee85581bbc3ea9785f86db8f-shear_25nN_grompp": 1, "386bb45bee85581bbc3ea9785f86db8f-calc_S2_shear": 1, "386bb45bee85581bbc3ea9785f86db8f-shear_25nN_extend": 1, "386bb45bee85581bbc3ea9785f86db8f-top_to_mol2": 1, "386bb45bee85581bbc3ea9785f86db8f-calc_roughness": 1, "386bb45bee85581bbc3ea9785f86db8f-shear_5nN_grompp": 1, "386bb45bee85581bbc3ea9785f86db8f-log_cof": 1, "386bb45bee85581bbc3ea9785f86db8f-shear_5nN_extend": 1, "386bb45bee85581bbc3ea9785f86db8f-shear_5nN_rerun": 1, "386bb45bee85581bbc3ea9785f86db8f-shear_15nN_rerun_grompp": 1, "386bb45bee85581bbc3ea9785f86db8f-shear_25nN": 1, "386bb45bee85581bbc3ea9785f86db8f-unwrap_shear_5nN": 1, "386bb45bee85581bbc3ea9785f86db8f-get_interaction_energy_15nN": 1, "386bb45bee85581bbc3ea9785f86db8f-shear_15nN_grompp": 1, "386bb45bee85581bbc3ea9785f86db8f-shear_5nN": 1, "386bb45bee85581bbc3ea9785f86db8f-compress_grompp": 1, "386bb45bee85581bbc3ea9785f86db8f-count_hydrogen_bonds": 1, "386bb45bee85581bbc3ea9785f86db8f-calc_interdigitation": 6, "386bb45bee85581bbc3ea9785f86db8f-log_S2": 1, "386bb45bee85581bbc3ea9785f86db8f-calc_friction": 1, "386bb45bee85581bbc3ea9785f86db8f-get_interaction_energy_5nN": 1, "386bb45bee85581bbc3ea9785f86db8f-calc_tilt_shear": 1, "386bb45bee85581bbc3ea9785f86db8f-log_interaction_energy_25nN": 1, "386bb45bee85581bbc3ea9785f86db8f-shear_15nN_extend": 1, "386bb45bee85581bbc3ea9785f86db8f-shear_15nN_extend_grompp": 1, "386bb45bee85581bbc3ea9785f86db8f-log_tilt": 1, "386bb45bee85581bbc3ea9785f86db8f-shear_5nN_extend_grompp": 1, "386bb45bee85581bbc3ea9785f86db8f-unwrap_shear_15nN": 1, "386bb45bee85581bbc3ea9785f86db8f-minimize_grompp": 1, "386bb45bee85581bbc3ea9785f86db8f-equilibrate": 1, "386bb45bee85581bbc3ea9785f86db8f-get_interaction_energy_25nN": 1, "386bb45bee85581bbc3ea9785f86db8f-minimize": 1}, "tilt": {"15nN": 31.707419778778142, "25nN": 34.241654193092685, "5nN": 26.801832100678528}, "nonpolar_solvation_energy": 8.4, "enthalpy_vibrational": 131.44, "entropy_translational": 150.32, "shear_5nN_Etotal": [-808.7128434804156, 44.375772940894706], "interdigitation": {"15nN": 0.14303022655168726, "5nN": 0.13437412512043287, "25nN": 0.12296581755653956}}