{"total_solvation_energy": -5.11, "interdigitation": {"25nN": 0.12018390346629566, "5nN": 0.11358936065331265, "15nN": 0.12315730229395537}, "roughness": {"25nN": 0.06193214045224177, "5nN": 0.057081221367650946, "15nN": 0.061324657517261}, "shear_25nN_qq": [61.33655740767386, 36.019360946767854], "shear_5nN_Etotal": [-1328.8580463269386, 57.776233779758485], "S2": {"25nN": 0.926809795221412, "5nN": 0.9425910966960199, "15nN": 0.9417331963833369}, "entropy_vibrational": 7.17, "heat_capacity_vibrational": 12.98, "shear_25nN_Etotal": [-1621.9127407210233, 60.10314285436331], "shear_15nN_qq": [37.459249852917665, 32.32223298608972], "surface_area": 54.24, "polar_solvation_energy": -10.78, "tilt": {"25nN": 39.91385724632985, "5nN": 33.77650553991426, "15nN": 38.16633082824045}, "nonpolar_solvation_energy": 5.64, "shear_5nN_lj": [-1348.1998710559553, 52.069823093660595], "entropy_rotational": 79.18, "enthalpy_vibrational": 133.72, "molecular_weight": 31.0338, "status": {"b1a13d92d22c03140e08a4217c6ffaaa-shear_15nN_rerun": 1, "b1a13d92d22c03140e08a4217c6ffaaa-shear_25nN": 1, "b1a13d92d22c03140e08a4217c6ffaaa-compress_grompp": 1, "b1a13d92d22c03140e08a4217c6ffaaa-compress": 1, "b1a13d92d22c03140e08a4217c6ffaaa-calc_tilt_shear": 1, "b1a13d92d22c03140e08a4217c6ffaaa-unwrap_shear_5nN": 1, "b1a13d92d22c03140e08a4217c6ffaaa-minimize_grompp": 1, "b1a13d92d22c03140e08a4217c6ffaaa-calc_S2_shear": 1, "b1a13d92d22c03140e08a4217c6ffaaa-shear_25nN_extend_grompp": 1, "b1a13d92d22c03140e08a4217c6ffaaa-unwrap_shear_15nN": 1, "b1a13d92d22c03140e08a4217c6ffaaa-shear_25nN_rerun_grompp": 1, "b1a13d92d22c03140e08a4217c6ffaaa-log_S2": 1, "b1a13d92d22c03140e08a4217c6ffaaa-count_hydrogen_bonds": 1, "b1a13d92d22c03140e08a4217c6ffaaa-shear_15nN": 1, "b1a13d92d22c03140e08a4217c6ffaaa-lammps_to_gmx": 1, "b1a13d92d22c03140e08a4217c6ffaaa-shear_5nN_extend_grompp": 1, "b1a13d92d22c03140e08a4217c6ffaaa-shear_15nN_extend_grompp": 1, "b1a13d92d22c03140e08a4217c6ffaaa-log_interaction_energy_5nN": 1, "b1a13d92d22c03140e08a4217c6ffaaa-log_interaction_energy_25nN": 1, "b1a13d92d22c03140e08a4217c6ffaaa-log_tilt": 1, "b1a13d92d22c03140e08a4217c6ffaaa-log_cof": 1, "b1a13d92d22c03140e08a4217c6ffaaa-get_interaction_energy_5nN": 1, "b1a13d92d22c03140e08a4217c6ffaaa-shear_15nN_grompp": 1, "b1a13d92d22c03140e08a4217c6ffaaa-shear_15nN_rerun_grompp": 1, "b1a13d92d22c03140e08a4217c6ffaaa-calc_friction": 1, "b1a13d92d22c03140e08a4217c6ffaaa-top_to_mol2": 1, "b1a13d92d22c03140e08a4217c6ffaaa-equilibrate": 1, "b1a13d92d22c03140e08a4217c6ffaaa-shear_25nN_rerun": 1, "b1a13d92d22c03140e08a4217c6ffaaa-shear_5nN_extend": 1, "b1a13d92d22c03140e08a4217c6ffaaa-equilibrate_grompp": 1, "b1a13d92d22c03140e08a4217c6ffaaa-shear_5nN_rerun_grompp": 1, "b1a13d92d22c03140e08a4217c6ffaaa-shear_25nN_grompp": 1, "b1a13d92d22c03140e08a4217c6ffaaa-shear_5nN_rerun": 1, "b1a13d92d22c03140e08a4217c6ffaaa-unwrap_shear_25nN": 1, "b1a13d92d22c03140e08a4217c6ffaaa-calc_interdigitation": 1, "b1a13d92d22c03140e08a4217c6ffaaa-shear_5nN_grompp": 1, "b1a13d92d22c03140e08a4217c6ffaaa-get_interaction_energy_25nN": 1, "b1a13d92d22c03140e08a4217c6ffaaa-shear_25nN_extend": 1, "b1a13d92d22c03140e08a4217c6ffaaa-calc_roughness": 1, "b1a13d92d22c03140e08a4217c6ffaaa-initialize": 1, "b1a13d92d22c03140e08a4217c6ffaaa-get_interaction_energy_15nN": 1, "b1a13d92d22c03140e08a4217c6ffaaa-fix_overlaps": 1, "b1a13d92d22c03140e08a4217c6ffaaa-shear_15nN_extend": 1, "b1a13d92d22c03140e08a4217c6ffaaa-minimize": 1, "b1a13d92d22c03140e08a4217c6ffaaa-shear_5nN": 1, "b1a13d92d22c03140e08a4217c6ffaaa-log_interaction_energy_15nN": 1}, "COF": 0.14990561863200885, "intercept": 1.2931417997715275, "shear_15nN_lj": [-1574.7309645307753, 49.41688774577662], "entropy_translational": 151.98, "shear_15nN_Etotal": [-1537.2717146778575, 57.3951461362881], "shear_25nN_lj": [-1683.2492981286969, 48.30954764712288], "dipole_moment": 1.68, "shear_5nN_qq": [19.34182472901679, 24.642611314557247]}