{"MR":6.731,"asphericity":0.00122,"balabanj":3.023716,"bertzct":19.119415,"chi0":4.5,"chi0n":4.5,"chi0v":0.5,"chi1":2.0,"chi1n":2.0,"chi1v":0.0,"chi2n":0.0,"chi2v":0.0,"chi3n":0.0,"chi3v":0.0,"chi4n":0.0,"chi4v":0.0,"e-valence":8.0,"eccentricity":0.335473,"hk-alpha":0.0,"hk-kappa1":0.0,"hk-kappa2":0.0,"hk-kappa3":0.0,"ipc":3.60964,"isf":0.309712,"labuteASA":14.359133,"logP":0.6361,"molwt":16.0313,"molwt-hvy":12.011,"nheavy":1.0,"npr1":0.94205,"npr2":0.980275,"pbf":0.473987,"pc+":0.077558,"pc-":-0.077558,"pmi1":3.165119,"pmi2":3.293548,"pmi3":3.359822,"rbonds":0.0,"rg":0.553178,"rpc+":0.25,"rpc-":1.0,"spherocity":0.946644,"tpsa":0.0,"vsa+":5.483034,"vsa-":7.330859,"vsa-fhyd":1.0,"vsa-fneg":0.572102,"vsa-fpneg":0.0,"vsa-fpos":0.427898,"vsa-fppos":0.0,"vsa-hyd":12.813893,"vsa-polar":0.0,"vsa-polar+":0.0,"vsa-polar-":0.0,"hbonds":0.0}