{"surface_area": 61.0, "molecular_weight": 27.0451, "enthalpy_vibrational": 131.44, "COF": 0.13562323752949168, "entropy_translational": 150.32, "entropy_vibrational": 2.65, "roughness": {"15nN": 0.05570391030499877, "25nN": 0.05420456967292039, "5nN": 0.06058018386021856}, "shear_5nN_qq": [522.6392507234212, 15.606130446288018], "intercept": 0.8755592496960869, "polar_solvation_energy": -1.05, "total_solvation_energy": 7.34, "shear_15nN_Etotal": [-1001.621323831335, 44.35412655626463], "status": {"02425195f395764ee41127e0812a431a-lammps_to_gmx": 1, "02425195f395764ee41127e0812a431a-compress": 1, "02425195f395764ee41127e0812a431a-shear_25nN": 1, "02425195f395764ee41127e0812a431a-shear_15nN": 1, "02425195f395764ee41127e0812a431a-shear_5nN_grompp": 1, "02425195f395764ee41127e0812a431a-shear_25nN_rerun": 1, "02425195f395764ee41127e0812a431a-shear_15nN_extend_grompp": 1, "02425195f395764ee41127e0812a431a-shear_25nN_extend": 1, "02425195f395764ee41127e0812a431a-minimize_grompp": 1, "02425195f395764ee41127e0812a431a-calc_roughness": 1, "02425195f395764ee41127e0812a431a-shear_25nN_rerun_grompp": 1, "02425195f395764ee41127e0812a431a-log_interaction_energy_15nN": 1, "02425195f395764ee41127e0812a431a-calc_S2_shear": 1, "02425195f395764ee41127e0812a431a-shear_15nN_grompp": 1, "02425195f395764ee41127e0812a431a-unwrap_shear_15nN": 1, "02425195f395764ee41127e0812a431a-equilibrate_grompp": 1, "02425195f395764ee41127e0812a431a-count_hydrogen_bonds": 1, "02425195f395764ee41127e0812a431a-get_interaction_energy_15nN": 1, "02425195f395764ee41127e0812a431a-log_interaction_energy_5nN": 1, "02425195f395764ee41127e0812a431a-get_interaction_energy_5nN": 1, "02425195f395764ee41127e0812a431a-minimize": 1, "02425195f395764ee41127e0812a431a-equilibrate": 1, "02425195f395764ee41127e0812a431a-log_cof": 1, "02425195f395764ee41127e0812a431a-log_interaction_energy_25nN": 1, "02425195f395764ee41127e0812a431a-get_interaction_energy_25nN": 1, "02425195f395764ee41127e0812a431a-shear_25nN_grompp": 1, "02425195f395764ee41127e0812a431a-shear_15nN_rerun": 1, "02425195f395764ee41127e0812a431a-compress_grompp": 1, "02425195f395764ee41127e0812a431a-initialize": 1, "02425195f395764ee41127e0812a431a-calc_friction": 1, "02425195f395764ee41127e0812a431a-shear_5nN": 1, "02425195f395764ee41127e0812a431a-calc_interdigitation": 6, "02425195f395764ee41127e0812a431a-shear_15nN_rerun_grompp": 1, "02425195f395764ee41127e0812a431a-shear_15nN_extend": 1, "02425195f395764ee41127e0812a431a-shear_5nN_rerun_grompp": 1, "02425195f395764ee41127e0812a431a-log_S2": 1, "02425195f395764ee41127e0812a431a-fix_overlaps": 1, "02425195f395764ee41127e0812a431a-unwrap_shear_25nN": 1, "02425195f395764ee41127e0812a431a-shear_5nN_extend_grompp": 1, "02425195f395764ee41127e0812a431a-log_tilt": 1, "02425195f395764ee41127e0812a431a-top_to_mol2": 1, "02425195f395764ee41127e0812a431a-shear_5nN_rerun": 1, "02425195f395764ee41127e0812a431a-shear_25nN_extend_grompp": 1, "02425195f395764ee41127e0812a431a-unwrap_shear_5nN": 1, "02425195f395764ee41127e0812a431a-shear_5nN_extend": 1, "02425195f395764ee41127e0812a431a-calc_tilt_shear": 1}, "shear_5nN_Etotal": [-804.1533075115907, 47.46054441173332], "interdigitation": {"15nN": 0.11772311700401597, "25nN": 0.11502431354566196, "5nN": 0.13015067926079915}, "shear_25nN_lj": [-1656.2160352829735, 44.15125080700741], "dipole_moment": 0.0, "nonpolar_solvation_energy": 8.4, "shear_15nN_lj": [-1560.351832405276, 42.670365959368375], "shear_25nN_qq": [569.5113223860913, 19.89898259749359], "entropy_rotational": 77.76, "shear_15nN_qq": [558.7305085739408, 18.336468642789654], "S2": {"15nN": 0.8402999919237528, "25nN": 0.8461280910878768, "5nN": 0.8317232587291113}, "tilt": {"15nN": 32.20227230361367, "25nN": 34.47819076400045, "5nN": 26.92571009404568}, "heat_capacity_vibrational": 10.23, "shear_5nN_lj": [-1326.7925582350122, 48.090290002871896], "shear_25nN_Etotal": [-1086.7047128968825, 46.78055669042258]}