{"enthalpy_vibrational": 57.43, "shear_5nN_Etotal": [-3752.7858544172664, 172.8135822807907], "heat_capacity_vibrational": 0.13, "entropy_vibrational": 0.02, "interdigitation": {"25nN": 0.11385460742401153, "5nN": 0.10935555085312243, "15nN": 0.1122051291351765}, "polar_solvation_energy": -15.61, "shear_15nN_qq": [-2532.4861503397283, 171.41583824703267], "nonpolar_solvation_energy": 2.8, "molecular_weight": 17.0073, "shear_15nN_Etotal": [-3881.9375919272584, 159.78781062288007], "roughness": {"25nN": 0.04736882911744294, "5nN": 0.04719583346896009, "15nN": 0.04783040089796261}, "tilt": {"25nN": 37.81361076266879, "5nN": 32.48940841528003, "15nN": 35.47326001878561}, "shear_15nN_lj": [-1349.4514415875299, 62.55654607533763], "surface_area": 42.49, "total_solvation_energy": -12.83, "dipole_moment": 1.88, "entropy_rotational": 49.19, "shear_25nN_lj": [-1399.20235072502, 60.78029106563123], "shear_25nN_qq": [-2551.5605007258196, 181.6148315815982], "ch3-smiles": "CO", "status": {"0385b7a35c57c5226ae3c0da2ea55bb4-shear_15nN_rerun_grompp": 1, "0385b7a35c57c5226ae3c0da2ea55bb4-log_interaction_energy_15nN": 1, "0385b7a35c57c5226ae3c0da2ea55bb4-shear_5nN_rerun": 1, "0385b7a35c57c5226ae3c0da2ea55bb4-lammps_to_gmx": 1, "0385b7a35c57c5226ae3c0da2ea55bb4-compress": 1, "0385b7a35c57c5226ae3c0da2ea55bb4-log_S2": 1, "0385b7a35c57c5226ae3c0da2ea55bb4-shear_15nN_extend_grompp": 1, "0385b7a35c57c5226ae3c0da2ea55bb4-minimize_grompp": 1, "0385b7a35c57c5226ae3c0da2ea55bb4-get_interaction_energy_5nN": 1, "0385b7a35c57c5226ae3c0da2ea55bb4-shear_25nN_grompp": 1, "0385b7a35c57c5226ae3c0da2ea55bb4-shear_25nN": 1, "0385b7a35c57c5226ae3c0da2ea55bb4-get_interaction_energy_25nN": 1, "0385b7a35c57c5226ae3c0da2ea55bb4-shear_5nN_extend": 1, "0385b7a35c57c5226ae3c0da2ea55bb4-shear_5nN_extend_grompp": 1, "0385b7a35c57c5226ae3c0da2ea55bb4-shear_5nN_grompp": 1, "0385b7a35c57c5226ae3c0da2ea55bb4-shear_15nN": 1, "0385b7a35c57c5226ae3c0da2ea55bb4-equilibrate": 1, "0385b7a35c57c5226ae3c0da2ea55bb4-top_to_mol2": 1, "0385b7a35c57c5226ae3c0da2ea55bb4-log_interaction_energy_5nN": 1, "0385b7a35c57c5226ae3c0da2ea55bb4-unwrap_shear_5nN": 1, "0385b7a35c57c5226ae3c0da2ea55bb4-calc_S2_shear": 1, "0385b7a35c57c5226ae3c0da2ea55bb4-log_tilt": 1, "0385b7a35c57c5226ae3c0da2ea55bb4-unwrap_shear_15nN": 1, "0385b7a35c57c5226ae3c0da2ea55bb4-count_hydrogen_bonds": 1, "0385b7a35c57c5226ae3c0da2ea55bb4-get_interaction_energy_15nN": 1, "0385b7a35c57c5226ae3c0da2ea55bb4-unwrap_shear_25nN": 1, "0385b7a35c57c5226ae3c0da2ea55bb4-shear_25nN_rerun_grompp": 1, "0385b7a35c57c5226ae3c0da2ea55bb4-fix_overlaps": 1, "0385b7a35c57c5226ae3c0da2ea55bb4-log_interaction_energy_25nN": 1, "0385b7a35c57c5226ae3c0da2ea55bb4-shear_5nN": 1, "0385b7a35c57c5226ae3c0da2ea55bb4-shear_15nN_grompp": 1, "0385b7a35c57c5226ae3c0da2ea55bb4-minimize": 1, "0385b7a35c57c5226ae3c0da2ea55bb4-shear_25nN_extend": 1, "0385b7a35c57c5226ae3c0da2ea55bb4-calc_tilt_shear": 1, "0385b7a35c57c5226ae3c0da2ea55bb4-log_cof": 1, "0385b7a35c57c5226ae3c0da2ea55bb4-initialize": 1, "0385b7a35c57c5226ae3c0da2ea55bb4-shear_15nN_rerun": 1, "0385b7a35c57c5226ae3c0da2ea55bb4-shear_25nN_extend_grompp": 1, "0385b7a35c57c5226ae3c0da2ea55bb4-equilibrate_grompp": 1, "0385b7a35c57c5226ae3c0da2ea55bb4-calc_interdigitation": 6, "0385b7a35c57c5226ae3c0da2ea55bb4-shear_15nN_extend": 1, "0385b7a35c57c5226ae3c0da2ea55bb4-shear_25nN_rerun": 1, "0385b7a35c57c5226ae3c0da2ea55bb4-compress_grompp": 1, "0385b7a35c57c5226ae3c0da2ea55bb4-calc_roughness": 1, "0385b7a35c57c5226ae3c0da2ea55bb4-calc_friction": 1, "0385b7a35c57c5226ae3c0da2ea55bb4-shear_5nN_rerun_grompp": 1}, "shear_25nN_Etotal": [-3950.7628514508397, 175.1670492763115], "intercept": 5.391029273187547, "shear_5nN_qq": [-2502.354642449241, 173.25846621383783], "COF": 0.1570729418884339, "chain-smiles": "CCCCCCCCCCCCCCCCCO", "shear_5nN_lj": [-1250.4312119680258, 58.82349950583308], "h-smiles": "O", "entropy_translational": 144.8, "S2": {"25nN": 0.9172823974071855, "5nN": 0.9185028538862282, "15nN": 0.9169582865499692}}