{"enthalpy_vibrational": 66.5, "shear_5nN_Etotal": [-1283.6250096970423, 50.640668711649575], "heat_capacity_vibrational": 19.38, "entropy_vibrational": 8.9, "interdigitation": {"25nN": 0.14689601812029313, "5nN": 0.135393400506554, "15nN": 0.15291118951589977}, "polar_solvation_energy": -13.1, "shear_15nN_qq": [-299.53069010311754, 19.440483936709704], "nonpolar_solvation_energy": 23.24, "molecular_weight": 69.0059, "shear_15nN_Etotal": [-1490.0388006003197, 49.13608099879212], "roughness": {"25nN": 0.05546041675238835, "5nN": 0.06047539062545832, "15nN": 0.06155127540362936}, "tilt": {"25nN": 35.16533009460651, "5nN": 28.739325632939202, "15nN": 32.8500963301908}, "shear_15nN_lj": [-1190.5081104972023, 43.1374171269781], "surface_area": 60.34, "total_solvation_energy": 10.13, "dipole_moment": 2.09, "entropy_rotational": 99.44, "shear_25nN_lj": [-1252.0708050631497, 46.330696630994396], "shear_25nN_qq": [-294.60831706554757, 21.61851673280419], "ch3-smiles": "CC(F)(F)F", "status": {"f1fdd4e18ccdb533b49f4681d6f65878-compress_grompp": 1, "f1fdd4e18ccdb533b49f4681d6f65878-shear_25nN_rerun": 1, "f1fdd4e18ccdb533b49f4681d6f65878-log_S2": 1, "f1fdd4e18ccdb533b49f4681d6f65878-minimize": 1, "f1fdd4e18ccdb533b49f4681d6f65878-unwrap_shear_5nN": 1, "f1fdd4e18ccdb533b49f4681d6f65878-get_interaction_energy_15nN": 1, "f1fdd4e18ccdb533b49f4681d6f65878-get_interaction_energy_5nN": 1, "f1fdd4e18ccdb533b49f4681d6f65878-log_interaction_energy_5nN": 1, "f1fdd4e18ccdb533b49f4681d6f65878-calc_roughness": 1, "f1fdd4e18ccdb533b49f4681d6f65878-initialize": 1, "f1fdd4e18ccdb533b49f4681d6f65878-log_interaction_energy_15nN": 1, "f1fdd4e18ccdb533b49f4681d6f65878-top_to_mol2": 1, "f1fdd4e18ccdb533b49f4681d6f65878-calc_friction": 1, "f1fdd4e18ccdb533b49f4681d6f65878-shear_5nN_extend": 1, "f1fdd4e18ccdb533b49f4681d6f65878-shear_5nN_rerun": 1, "f1fdd4e18ccdb533b49f4681d6f65878-log_interaction_energy_25nN": 1, "f1fdd4e18ccdb533b49f4681d6f65878-shear_25nN_rerun_grompp": 1, "f1fdd4e18ccdb533b49f4681d6f65878-fix_overlaps": 1, "f1fdd4e18ccdb533b49f4681d6f65878-unwrap_shear_15nN": 1, "f1fdd4e18ccdb533b49f4681d6f65878-count_hydrogen_bonds": 1, "f1fdd4e18ccdb533b49f4681d6f65878-calc_tilt_shear": 1, "f1fdd4e18ccdb533b49f4681d6f65878-shear_15nN_extend_grompp": 1, "f1fdd4e18ccdb533b49f4681d6f65878-equilibrate": 1, "f1fdd4e18ccdb533b49f4681d6f65878-shear_25nN_extend": 1, "f1fdd4e18ccdb533b49f4681d6f65878-shear_25nN_extend_grompp": 1, "f1fdd4e18ccdb533b49f4681d6f65878-compress": 1, "f1fdd4e18ccdb533b49f4681d6f65878-log_cof": 1, "f1fdd4e18ccdb533b49f4681d6f65878-shear_25nN": 1, "f1fdd4e18ccdb533b49f4681d6f65878-shear_15nN": 1, "f1fdd4e18ccdb533b49f4681d6f65878-lammps_to_gmx": 1, "f1fdd4e18ccdb533b49f4681d6f65878-unwrap_shear_25nN": 1, "f1fdd4e18ccdb533b49f4681d6f65878-get_interaction_energy_25nN": 1, "f1fdd4e18ccdb533b49f4681d6f65878-shear_15nN_rerun": 1, "f1fdd4e18ccdb533b49f4681d6f65878-calc_interdigitation": 6, "f1fdd4e18ccdb533b49f4681d6f65878-shear_25nN_grompp": 1, "f1fdd4e18ccdb533b49f4681d6f65878-shear_15nN_extend": 1, "f1fdd4e18ccdb533b49f4681d6f65878-minimize_grompp": 1, "f1fdd4e18ccdb533b49f4681d6f65878-shear_15nN_rerun_grompp": 1, "f1fdd4e18ccdb533b49f4681d6f65878-shear_15nN_grompp": 1, "f1fdd4e18ccdb533b49f4681d6f65878-log_tilt": 1, "f1fdd4e18ccdb533b49f4681d6f65878-calc_S2_shear": 1, "f1fdd4e18ccdb533b49f4681d6f65878-equilibrate_grompp": 1, "f1fdd4e18ccdb533b49f4681d6f65878-shear_5nN": 1, "f1fdd4e18ccdb533b49f4681d6f65878-shear_5nN_grompp": 1, "f1fdd4e18ccdb533b49f4681d6f65878-shear_5nN_rerun_grompp": 1, "f1fdd4e18ccdb533b49f4681d6f65878-shear_5nN_extend_grompp": 1}, "shear_25nN_Etotal": [-1546.679122128697, 51.97792564085135], "intercept": 0.7683661050440183, "shear_5nN_qq": [-293.841982598721, 15.873184500083566], "COF": 0.16554632454406254, "chain-smiles": "CCCCCCCCCCCCCCCCCC(F)(F)F", "shear_5nN_lj": [-989.7830270983213, 43.449607811587605], "h-smiles": "C(F)(F)F", "entropy_translational": 161.73, "S2": {"25nN": 0.8795419144205402, "5nN": 0.8745115152266503, "15nN": 0.8657856232199941}}