{"enthalpy_vibrational": 216.45, "shear_5nN_Etotal": [-1705.5233365579536, 89.97931361777576], "heat_capacity_vibrational": 38.72, "entropy_vibrational": 16.0, "interdigitation": {"25nN": 0.1028297349826309, "5nN": 0.09335954578413752, "15nN": 0.0964198571708685}, "polar_solvation_energy": -14.13, "shear_15nN_qq": [-106.6650323197442, 60.58923289275003], "nonpolar_solvation_energy": 11.08, "molecular_weight": 66.0811, "shear_15nN_Etotal": [-2002.747308486011, 92.42723699632964], "roughness": {"25nN": 0.0515344676022472, "5nN": 0.05170892412141004, "15nN": 0.04680745590573496}, "tilt": {"25nN": 36.34792189302245, "5nN": 30.940536652345333, "15nN": 34.539747102478664}, "total_solvation_energy": -3.05, "surface_area": 76.02, "shear_15nN_lj": [-1896.082276166267, 56.72293653910464], "dipole_moment": 2.89, "entropy_rotational": 101.75, "shear_25nN_lj": [-1978.976864417266, 53.158213419431554], "shear_25nN_qq": [-113.09166706554757, 60.22323154447445], "status": {"661276b5d6cce709b8d0ce66dc15665e-log_interaction_energy_15nN": 1, "661276b5d6cce709b8d0ce66dc15665e-log_cof": 1, "661276b5d6cce709b8d0ce66dc15665e-shear_25nN_grompp": 1, "661276b5d6cce709b8d0ce66dc15665e-top_to_mol2": 1, "661276b5d6cce709b8d0ce66dc15665e-shear_15nN_grompp": 1, "661276b5d6cce709b8d0ce66dc15665e-shear_15nN_extend": 1, "661276b5d6cce709b8d0ce66dc15665e-shear_5nN_extend_grompp": 1, "661276b5d6cce709b8d0ce66dc15665e-initialize": 1, "661276b5d6cce709b8d0ce66dc15665e-calc_S2_shear": 1, "661276b5d6cce709b8d0ce66dc15665e-get_interaction_energy_5nN": 1, "661276b5d6cce709b8d0ce66dc15665e-shear_25nN_rerun": 1, "661276b5d6cce709b8d0ce66dc15665e-log_tilt": 1, "661276b5d6cce709b8d0ce66dc15665e-shear_15nN": 1, "661276b5d6cce709b8d0ce66dc15665e-unwrap_shear_5nN": 1, "661276b5d6cce709b8d0ce66dc15665e-shear_5nN_rerun": 1, "661276b5d6cce709b8d0ce66dc15665e-calc_friction": 1, "661276b5d6cce709b8d0ce66dc15665e-shear_15nN_extend_grompp": 1, "661276b5d6cce709b8d0ce66dc15665e-unwrap_shear_15nN": 1, "661276b5d6cce709b8d0ce66dc15665e-shear_5nN_rerun_grompp": 1, "661276b5d6cce709b8d0ce66dc15665e-equilibrate": 1, "661276b5d6cce709b8d0ce66dc15665e-shear_15nN_rerun_grompp": 1, "661276b5d6cce709b8d0ce66dc15665e-shear_5nN_extend": 1, "661276b5d6cce709b8d0ce66dc15665e-log_S2": 1, "661276b5d6cce709b8d0ce66dc15665e-lammps_to_gmx": 1, "661276b5d6cce709b8d0ce66dc15665e-shear_5nN_grompp": 1, "661276b5d6cce709b8d0ce66dc15665e-minimize_grompp": 1, "661276b5d6cce709b8d0ce66dc15665e-compress_grompp": 1, "661276b5d6cce709b8d0ce66dc15665e-shear_25nN_extend_grompp": 1, "661276b5d6cce709b8d0ce66dc15665e-shear_25nN": 1, "661276b5d6cce709b8d0ce66dc15665e-get_interaction_energy_15nN": 1, "661276b5d6cce709b8d0ce66dc15665e-count_hydrogen_bonds": 1, "661276b5d6cce709b8d0ce66dc15665e-log_interaction_energy_5nN": 1, "661276b5d6cce709b8d0ce66dc15665e-log_interaction_energy_25nN": 1, "661276b5d6cce709b8d0ce66dc15665e-shear_25nN_extend": 1, "661276b5d6cce709b8d0ce66dc15665e-calc_interdigitation": 6, "661276b5d6cce709b8d0ce66dc15665e-compress": 1, "661276b5d6cce709b8d0ce66dc15665e-calc_tilt_shear": 1, "661276b5d6cce709b8d0ce66dc15665e-fix_overlaps": 1, "661276b5d6cce709b8d0ce66dc15665e-shear_15nN_rerun": 1, "661276b5d6cce709b8d0ce66dc15665e-calc_roughness": 1, "661276b5d6cce709b8d0ce66dc15665e-unwrap_shear_25nN": 1, "661276b5d6cce709b8d0ce66dc15665e-get_interaction_energy_25nN": 1, "661276b5d6cce709b8d0ce66dc15665e-shear_5nN": 1, "661276b5d6cce709b8d0ce66dc15665e-shear_25nN_rerun_grompp": 1, "661276b5d6cce709b8d0ce66dc15665e-minimize": 1, "661276b5d6cce709b8d0ce66dc15665e-equilibrate_grompp": 1}, "shear_25nN_Etotal": [-2092.068531482814, 86.03615201184593], "ch3-smiles": "C1=C(C)NC=C1", "intercept": 2.1218934106504763, "shear_5nN_qq": [-20.068930454036774, 47.499791192304905], "COF": 0.13538594804350315, "chain-smiles": "CCCCCCCCCCCCCCCCCC1=CNC=C1", "shear_5nN_lj": [-1685.4544061039167, 59.67389373631318], "h-smiles": "C1=CNC=C1", "entropy_translational": 161.19, "S2": {"25nN": 0.9201005056426947, "5nN": 0.9299646313359287, "15nN": 0.9133441207289134}}