{"enthalpy_vibrational": 43.98, "shear_5nN_Etotal": [-2869.505904763389, 192.74737380868575], "heat_capacity_vibrational": 4.71, "entropy_vibrational": 1.39, "interdigitation": {"25nN": 0.15046864183874475, "5nN": 0.15901205284769696, "15nN": 0.15736878260583845}, "polar_solvation_energy": -17.95, "shear_15nN_qq": [-1440.8510953517184, 151.35614323848037], "nonpolar_solvation_energy": 9.82, "molecular_weight": 26.0174, "shear_15nN_Etotal": [-2902.3758805995203, 165.30344358305882], "roughness": {"25nN": 0.06498875387666059, "5nN": 0.06768165150724334, "15nN": 0.06773528434030157}, "tilt": {"25nN": 39.700486865733886, "5nN": 34.446599617503516, "15nN": 37.53412606436708}, "shear_15nN_lj": [-1461.524785247802, 47.328222698942874], "surface_area": 55.12, "total_solvation_energy": -8.13, "dipole_moment": 3.41, "entropy_rotational": 49.42, "shear_25nN_lj": [-1522.1217424436452, 52.16388642539707], "shear_5nN_lj": [-1329.9415153429256, 52.76540591605937], "status": {"8ae6ecd986a6ec96c85bf00ca67efae9-calc_tilt_shear": 1, "8ae6ecd986a6ec96c85bf00ca67efae9-shear_25nN_rerun_grompp": 1, "8ae6ecd986a6ec96c85bf00ca67efae9-unwrap_shear_25nN": 1, "8ae6ecd986a6ec96c85bf00ca67efae9-shear_5nN_rerun": 1, "8ae6ecd986a6ec96c85bf00ca67efae9-log_cof": 1, "8ae6ecd986a6ec96c85bf00ca67efae9-initialize": 1, "8ae6ecd986a6ec96c85bf00ca67efae9-log_interaction_energy_15nN": 1, "8ae6ecd986a6ec96c85bf00ca67efae9-fix_overlaps": 1, "8ae6ecd986a6ec96c85bf00ca67efae9-lammps_to_gmx": 1, "8ae6ecd986a6ec96c85bf00ca67efae9-shear_25nN": 1, "8ae6ecd986a6ec96c85bf00ca67efae9-equilibrate_grompp": 1, "8ae6ecd986a6ec96c85bf00ca67efae9-get_interaction_energy_5nN": 1, "8ae6ecd986a6ec96c85bf00ca67efae9-minimize": 1, "8ae6ecd986a6ec96c85bf00ca67efae9-shear_5nN_extend": 1, "8ae6ecd986a6ec96c85bf00ca67efae9-unwrap_shear_15nN": 1, "8ae6ecd986a6ec96c85bf00ca67efae9-shear_5nN_rerun_grompp": 1, "8ae6ecd986a6ec96c85bf00ca67efae9-count_hydrogen_bonds": 1, "8ae6ecd986a6ec96c85bf00ca67efae9-top_to_mol2": 1, "8ae6ecd986a6ec96c85bf00ca67efae9-get_interaction_energy_15nN": 1, "8ae6ecd986a6ec96c85bf00ca67efae9-shear_15nN_extend_grompp": 1, "8ae6ecd986a6ec96c85bf00ca67efae9-shear_25nN_extend": 1, "8ae6ecd986a6ec96c85bf00ca67efae9-shear_5nN": 1, "8ae6ecd986a6ec96c85bf00ca67efae9-shear_25nN_extend_grompp": 1, "8ae6ecd986a6ec96c85bf00ca67efae9-shear_25nN_rerun": 1, "8ae6ecd986a6ec96c85bf00ca67efae9-shear_15nN_grompp": 1, "8ae6ecd986a6ec96c85bf00ca67efae9-shear_15nN_rerun_grompp": 1, "8ae6ecd986a6ec96c85bf00ca67efae9-shear_5nN_grompp": 1, "8ae6ecd986a6ec96c85bf00ca67efae9-calc_S2_shear": 1, "8ae6ecd986a6ec96c85bf00ca67efae9-compress_grompp": 1, "8ae6ecd986a6ec96c85bf00ca67efae9-shear_25nN_grompp": 1, "8ae6ecd986a6ec96c85bf00ca67efae9-compress": 1, "8ae6ecd986a6ec96c85bf00ca67efae9-log_tilt": 1, "8ae6ecd986a6ec96c85bf00ca67efae9-unwrap_shear_5nN": 1, "8ae6ecd986a6ec96c85bf00ca67efae9-log_S2": 1, "8ae6ecd986a6ec96c85bf00ca67efae9-get_interaction_energy_25nN": 1, "8ae6ecd986a6ec96c85bf00ca67efae9-log_interaction_energy_5nN": 1, "8ae6ecd986a6ec96c85bf00ca67efae9-shear_5nN_extend_grompp": 1, "8ae6ecd986a6ec96c85bf00ca67efae9-equilibrate": 1, "8ae6ecd986a6ec96c85bf00ca67efae9-minimize_grompp": 1, "8ae6ecd986a6ec96c85bf00ca67efae9-shear_15nN": 1, "8ae6ecd986a6ec96c85bf00ca67efae9-calc_friction": 1, "8ae6ecd986a6ec96c85bf00ca67efae9-calc_roughness": 1, "8ae6ecd986a6ec96c85bf00ca67efae9-calc_interdigitation": 6, "8ae6ecd986a6ec96c85bf00ca67efae9-shear_15nN_extend": 1, "8ae6ecd986a6ec96c85bf00ca67efae9-log_interaction_energy_25nN": 1, "8ae6ecd986a6ec96c85bf00ca67efae9-shear_15nN_rerun": 1}, "shear_25nN_Etotal": [-2964.848076421263, 179.14945317148968], "shear_25nN_qq": [-1442.726333977618, 164.81450122433742], "ch3-smiles": "CC#N", "intercept": 2.6269727337180795, "shear_5nN_qq": [-1539.5643894204636, 169.58008791339904], "COF": 0.1073076984823191, "chain-smiles": "CCCCCCCCCCCCCCCCCC#N", "h-smiles": "C#N", "entropy_translational": 149.86, "S2": {"25nN": 0.8898011382625277, "5nN": 0.9150995401951034, "15nN": 0.9033174526780987}}