{"COF": 0.14165713813842717, "enthalpy_vibrational": 216.45, "shear_5nN_Etotal": [-1734.6472625107915, 89.22503303686075], "shear_15nN_qq": [-106.73218886330935, 56.44263831067466], "heat_capacity_vibrational": 38.72, "shear_15nN_Etotal": [-1989.2673456115108, 84.29124865124835], "shear_5nN_qq": [-51.11298680735411, 49.69851392763047], "S2": {"5nN": 0.8927678200143293, "15nN": 0.8991900153833651, "25nN": 0.9091883814154825}, "shear_25nN_lj": [-1971.6534664948047, 53.21560530586135], "entropy_vibrational": 16.0, "entropy_translational": 161.19, "polar_solvation_energy": -14.13, "shear_25nN_qq": [-131.14165238928857, 62.67072453664397], "entropy_rotational": 101.75, "shear_5nN_lj": [-1683.534275703437, 59.32327609822783], "shear_15nN_lj": [-1882.5351567482016, 56.89571684669174], "nonpolar_solvation_energy": 11.08, "dipole_moment": 2.89, "total_solvation_energy": -3.05, "molecular_weight": 66.0811, "tilt": {"5nN": 28.104101358768695, "15nN": 32.706855534486486, "25nN": 35.15248300387436}, "surface_area": 76.02, "interdigitation": {"5nN": 0.09698549215713324, "15nN": 0.10102624464877635, "25nN": 0.09349130743408994}, "roughness": {"5nN": 0.05126535514882993, "15nN": 0.05141753179278786, "25nN": 0.04735609541545041}, "status": {"344634c575e27698f27d0b5b36438645-log_interaction_energy_5nN": 1, "344634c575e27698f27d0b5b36438645-compress_grompp": 1, "344634c575e27698f27d0b5b36438645-log_interaction_energy_25nN": 1, "344634c575e27698f27d0b5b36438645-shear_25nN_rerun": 1, "344634c575e27698f27d0b5b36438645-top_to_mol2": 1, "344634c575e27698f27d0b5b36438645-unwrap_shear_25nN": 1, "344634c575e27698f27d0b5b36438645-calc_S2_shear": 1, "344634c575e27698f27d0b5b36438645-shear_25nN_rerun_grompp": 1, "344634c575e27698f27d0b5b36438645-calc_tilt_shear": 1, "344634c575e27698f27d0b5b36438645-shear_25nN_extend_grompp": 1, "344634c575e27698f27d0b5b36438645-get_interaction_energy_25nN": 1, "344634c575e27698f27d0b5b36438645-get_interaction_energy_5nN": 1, "344634c575e27698f27d0b5b36438645-shear_15nN": 1, "344634c575e27698f27d0b5b36438645-shear_15nN_grompp": 1, "344634c575e27698f27d0b5b36438645-count_hydrogen_bonds": 1, "344634c575e27698f27d0b5b36438645-shear_15nN_extend": 1, "344634c575e27698f27d0b5b36438645-shear_5nN_grompp": 1, "344634c575e27698f27d0b5b36438645-minimize_grompp": 1, "344634c575e27698f27d0b5b36438645-shear_15nN_extend_grompp": 1, "344634c575e27698f27d0b5b36438645-calc_interdigitation": 6, "344634c575e27698f27d0b5b36438645-log_cof": 1, "344634c575e27698f27d0b5b36438645-log_S2": 1, "344634c575e27698f27d0b5b36438645-calc_friction": 1, "344634c575e27698f27d0b5b36438645-initialize": 1, "344634c575e27698f27d0b5b36438645-log_interaction_energy_15nN": 1, "344634c575e27698f27d0b5b36438645-shear_25nN_extend": 1, "344634c575e27698f27d0b5b36438645-lammps_to_gmx": 1, "344634c575e27698f27d0b5b36438645-fix_overlaps": 1, "344634c575e27698f27d0b5b36438645-minimize": 1, "344634c575e27698f27d0b5b36438645-equilibrate": 1, "344634c575e27698f27d0b5b36438645-shear_15nN_rerun_grompp": 1, "344634c575e27698f27d0b5b36438645-unwrap_shear_15nN": 1, "344634c575e27698f27d0b5b36438645-shear_5nN": 1, "344634c575e27698f27d0b5b36438645-equilibrate_grompp": 1, "344634c575e27698f27d0b5b36438645-log_tilt": 1, "344634c575e27698f27d0b5b36438645-compress": 1, "344634c575e27698f27d0b5b36438645-shear_5nN_rerun_grompp": 1, "344634c575e27698f27d0b5b36438645-unwrap_shear_5nN": 1, "344634c575e27698f27d0b5b36438645-shear_5nN_extend": 1, "344634c575e27698f27d0b5b36438645-shear_5nN_rerun": 1, "344634c575e27698f27d0b5b36438645-shear_15nN_rerun": 1, "344634c575e27698f27d0b5b36438645-shear_25nN_grompp": 1, "344634c575e27698f27d0b5b36438645-shear_25nN": 1, "344634c575e27698f27d0b5b36438645-calc_roughness": 1, "344634c575e27698f27d0b5b36438645-shear_5nN_extend_grompp": 1, "344634c575e27698f27d0b5b36438645-get_interaction_energy_15nN": 1}, "shear_25nN_Etotal": [-2102.7951188840925, 86.6392529450421], "intercept": 2.202906045158632}