{"enthalpy_vibrational": 119.27, "shear_5nN_Etotal": [-950.0450233141486, 48.18875959953121], "heat_capacity_vibrational": 2.25, "entropy_vibrational": 0.39, "interdigitation": {"25nN": 0.11878837896808808, "5nN": 0.11920095873733842, "15nN": 0.1172406492937555}, "polar_solvation_energy": -0.12, "shear_15nN_qq": [307.8629103277378, 11.52262552463439], "nonpolar_solvation_energy": 4.81, "molecular_weight": 15.0344, "shear_15nN_Etotal": [-1125.073043454037, 44.35344820320232], "roughness": {"25nN": 0.05437992581165106, "5nN": 0.06185391493824985, "15nN": 0.05621635208133704}, "tilt": {"25nN": 36.3201720927291, "5nN": 30.095492825284474, "15nN": 33.73605503992813}, "shear_15nN_lj": [-1432.9359537817747, 45.61186947955239], "surface_area": 48.83, "total_solvation_energy": 4.69, "dipole_moment": 0.0, "entropy_rotational": 62.93, "shear_25nN_lj": [-1542.9540914196643, 46.70875049353218], "shear_25nN_qq": [342.74335280735414, 12.331838975962649], "ch3-smiles": "CC", "status": {"3e2244531bb02cee29a75d9bb038ca1f-calc_interdigitation": 6, "3e2244531bb02cee29a75d9bb038ca1f-compress_grompp": 1, "3e2244531bb02cee29a75d9bb038ca1f-shear_25nN_extend_grompp": 1, "3e2244531bb02cee29a75d9bb038ca1f-calc_friction": 1, "3e2244531bb02cee29a75d9bb038ca1f-shear_5nN_extend": 1, "3e2244531bb02cee29a75d9bb038ca1f-top_to_mol2": 1, "3e2244531bb02cee29a75d9bb038ca1f-shear_25nN": 1, "3e2244531bb02cee29a75d9bb038ca1f-log_cof": 1, "3e2244531bb02cee29a75d9bb038ca1f-equilibrate": 1, "3e2244531bb02cee29a75d9bb038ca1f-get_interaction_energy_5nN": 1, "3e2244531bb02cee29a75d9bb038ca1f-shear_15nN_rerun": 1, "3e2244531bb02cee29a75d9bb038ca1f-shear_5nN_grompp": 1, "3e2244531bb02cee29a75d9bb038ca1f-calc_tilt_shear": 1, "3e2244531bb02cee29a75d9bb038ca1f-unwrap_shear_5nN": 1, "3e2244531bb02cee29a75d9bb038ca1f-log_tilt": 1, "3e2244531bb02cee29a75d9bb038ca1f-shear_15nN_grompp": 1, "3e2244531bb02cee29a75d9bb038ca1f-shear_25nN_rerun": 1, "3e2244531bb02cee29a75d9bb038ca1f-log_interaction_energy_25nN": 1, "3e2244531bb02cee29a75d9bb038ca1f-initialize": 1, "3e2244531bb02cee29a75d9bb038ca1f-shear_5nN": 1, "3e2244531bb02cee29a75d9bb038ca1f-log_S2": 1, "3e2244531bb02cee29a75d9bb038ca1f-minimize_grompp": 1, "3e2244531bb02cee29a75d9bb038ca1f-log_interaction_energy_5nN": 1, "3e2244531bb02cee29a75d9bb038ca1f-calc_S2_shear": 1, "3e2244531bb02cee29a75d9bb038ca1f-shear_15nN_extend": 1, "3e2244531bb02cee29a75d9bb038ca1f-equilibrate_grompp": 1, "3e2244531bb02cee29a75d9bb038ca1f-unwrap_shear_25nN": 1, "3e2244531bb02cee29a75d9bb038ca1f-shear_15nN_extend_grompp": 1, "3e2244531bb02cee29a75d9bb038ca1f-log_interaction_energy_15nN": 1, "3e2244531bb02cee29a75d9bb038ca1f-shear_15nN_rerun_grompp": 1, "3e2244531bb02cee29a75d9bb038ca1f-count_hydrogen_bonds": 1, "3e2244531bb02cee29a75d9bb038ca1f-shear_5nN_rerun_grompp": 1, "3e2244531bb02cee29a75d9bb038ca1f-shear_25nN_rerun_grompp": 1, "3e2244531bb02cee29a75d9bb038ca1f-shear_25nN_grompp": 1, "3e2244531bb02cee29a75d9bb038ca1f-shear_15nN": 1, "3e2244531bb02cee29a75d9bb038ca1f-get_interaction_energy_15nN": 1, "3e2244531bb02cee29a75d9bb038ca1f-get_interaction_energy_25nN": 1, "3e2244531bb02cee29a75d9bb038ca1f-compress": 1, "3e2244531bb02cee29a75d9bb038ca1f-unwrap_shear_15nN": 1, "3e2244531bb02cee29a75d9bb038ca1f-shear_5nN_extend_grompp": 1, "3e2244531bb02cee29a75d9bb038ca1f-fix_overlaps": 1, "3e2244531bb02cee29a75d9bb038ca1f-minimize": 1, "3e2244531bb02cee29a75d9bb038ca1f-shear_25nN_extend": 1, "3e2244531bb02cee29a75d9bb038ca1f-shear_5nN_rerun": 1, "3e2244531bb02cee29a75d9bb038ca1f-lammps_to_gmx": 1, "3e2244531bb02cee29a75d9bb038ca1f-calc_roughness": 1}, "shear_25nN_Etotal": [-1200.2107386123103, 45.50361461287387], "intercept": 0.957237852581811, "shear_5nN_qq": [255.635726518785, 11.08929360933147], "COF": 0.1668087474682757, "chain-smiles": "CCCCCCCCCCCCCCCCCC", "shear_5nN_lj": [-1205.6807498329335, 50.40205747644943], "h-smiles": "C", "entropy_translational": 143.35, "S2": {"25nN": 0.8990672430246904, "5nN": 0.9068959817979829, "15nN": 0.8888647224789245}}