{"shear_25nN_qq": [-1689.3933991422862, 279.24490213902556], "shear_25nN_lj": [-1400.3379337498, 47.027474222392776], "enthalpy_vibrational": 43.98, "surface_area": 55.12, "shear_5nN_qq": [-2696.7706350591525, 286.3714857438536], "COF": 0.12830579860119437, "nonpolar_solvation_energy": 9.82, "shear_5nN_Etotal": [-3905.890510369305, 301.167059301399], "status": {"21121a23c7047445779817effcfd7b5d-shear_5nN_grompp": 1, "21121a23c7047445779817effcfd7b5d-shear_25nN_rerun_grompp": 1, "21121a23c7047445779817effcfd7b5d-shear_15nN_rerun_grompp": 1, "21121a23c7047445779817effcfd7b5d-initialize": 1, "21121a23c7047445779817effcfd7b5d-log_interaction_energy_15nN": 1, "21121a23c7047445779817effcfd7b5d-shear_15nN_extend_grompp": 1, "21121a23c7047445779817effcfd7b5d-log_interaction_energy_25nN": 1, "21121a23c7047445779817effcfd7b5d-log_S2": 1, "21121a23c7047445779817effcfd7b5d-minimize_grompp": 1, "21121a23c7047445779817effcfd7b5d-top_to_mol2": 1, "21121a23c7047445779817effcfd7b5d-shear_15nN_rerun": 1, "21121a23c7047445779817effcfd7b5d-unwrap_shear_5nN": 1, "21121a23c7047445779817effcfd7b5d-shear_5nN_rerun": 1, "21121a23c7047445779817effcfd7b5d-shear_15nN_grompp": 1, "21121a23c7047445779817effcfd7b5d-unwrap_shear_15nN": 1, "21121a23c7047445779817effcfd7b5d-count_hydrogen_bonds": 1, "21121a23c7047445779817effcfd7b5d-lammps_to_gmx": 1, "21121a23c7047445779817effcfd7b5d-calc_tilt_shear": 1, "21121a23c7047445779817effcfd7b5d-get_interaction_energy_5nN": 1, "21121a23c7047445779817effcfd7b5d-shear_5nN_rerun_grompp": 1, "21121a23c7047445779817effcfd7b5d-calc_interdigitation": 3, "21121a23c7047445779817effcfd7b5d-log_interaction_energy_5nN": 1, "21121a23c7047445779817effcfd7b5d-equilibrate_grompp": 1, "21121a23c7047445779817effcfd7b5d-unwrap_shear_25nN": 1, "21121a23c7047445779817effcfd7b5d-get_interaction_energy_15nN": 1, "21121a23c7047445779817effcfd7b5d-log_tilt": 1, "21121a23c7047445779817effcfd7b5d-get_interaction_energy_25nN": 1, "21121a23c7047445779817effcfd7b5d-shear_25nN_extend": 1, "21121a23c7047445779817effcfd7b5d-calc_friction": 1, "21121a23c7047445779817effcfd7b5d-shear_15nN_extend": 1, "21121a23c7047445779817effcfd7b5d-shear_25nN_grompp": 1, "21121a23c7047445779817effcfd7b5d-shear_15nN": 1, "21121a23c7047445779817effcfd7b5d-shear_25nN_rerun": 1, "21121a23c7047445779817effcfd7b5d-fix_overlaps": 1, "21121a23c7047445779817effcfd7b5d-minimize": 1, "21121a23c7047445779817effcfd7b5d-shear_5nN_extend_grompp": 1, "21121a23c7047445779817effcfd7b5d-shear_5nN_extend": 1, "21121a23c7047445779817effcfd7b5d-equilibrate": 1, "21121a23c7047445779817effcfd7b5d-shear_5nN": 1, "21121a23c7047445779817effcfd7b5d-shear_25nN_extend_grompp": 1, "21121a23c7047445779817effcfd7b5d-log_cof": 1, "21121a23c7047445779817effcfd7b5d-shear_25nN": 1, "21121a23c7047445779817effcfd7b5d-calc_S2_shear": 1, "21121a23c7047445779817effcfd7b5d-compress": 1, "21121a23c7047445779817effcfd7b5d-compress_grompp": 1, "21121a23c7047445779817effcfd7b5d-calc_roughness": 1}, "shear_15nN_qq": [-2151.6462860879296, 241.54638464520784], "interdigitation": {"15nN": 0.13052283488139466, "5nN": 0.1450035116343104, "25nN": 0.12186299252723418}, "total_solvation_energy": -8.13, "entropy_vibrational": 1.39, "roughness": {"15nN": 0.04839379237980041, "5nN": 0.05232931097639635, "25nN": 0.044706300420476894}, "S2": {"15nN": 0.6893012445534378, "5nN": 0.7084887511060823, "25nN": 0.674637498958048}, "entropy_rotational": 49.42, "polar_solvation_energy": -17.95, "shear_5nN_lj": [-1209.1198753101519, 50.484448557181494], "entropy_translational": 149.86, "tilt": {"15nN": 32.887772717433236, "5nN": 29.474655887569817, "25nN": 35.558034620964165}, "dipole_moment": 3.41, "heat_capacity_vibrational": 4.71, "shear_25nN_Etotal": [-3089.7313328920864, 284.2172137771169], "intercept": 3.1986305786151865, "shear_15nN_lj": [-1338.249274896083, 47.28209647154966], "molecular_weight": 26.0174, "shear_15nN_Etotal": [-3489.8955609840127, 254.7260688473512]}