{"enthalpy_vibrational": 87.35, "shear_5nN_Etotal": [-3930.7558481550764, 177.11043092776728], "heat_capacity_vibrational": 15.26, "entropy_vibrational": 7.1, "interdigitation": {"25nN": 0.1578290900817651, "5nN": 0.14705798487969698, "15nN": 0.1481134122684319}, "polar_solvation_energy": -36.43, "shear_15nN_qq": [-1901.7939514636291, 192.41055669397772], "nonpolar_solvation_energy": 3.72, "molecular_weight": 45.0174, "shear_15nN_Etotal": [-3967.2068192997604, 188.34753340396443], "roughness": {"25nN": 0.0724065510102171, "5nN": 0.06804947534153093, "15nN": 0.06862641613645358}, "tilt": {"25nN": 39.07988108724364, "5nN": 33.56194420127221, "15nN": 37.05436921407515}, "shear_15nN_lj": [-2065.412867836131, 63.478188691577856], "surface_area": 64.71, "total_solvation_energy": -32.72, "dipole_moment": 4.81, "entropy_rotational": 87.93, "shear_25nN_lj": [-2148.0342885851314, 64.91334656311012], "shear_5nN_lj": [-1912.4904875835332, 67.64623721219228], "status": {"e00a50d9931e04f76edb3e54e3212b88-shear_25nN_extend": 1, "e00a50d9931e04f76edb3e54e3212b88-log_interaction_energy_5nN": 1, "e00a50d9931e04f76edb3e54e3212b88-initialize": 1, "e00a50d9931e04f76edb3e54e3212b88-lammps_to_gmx": 1, "e00a50d9931e04f76edb3e54e3212b88-shear_5nN": 1, "e00a50d9931e04f76edb3e54e3212b88-compress_grompp": 1, "e00a50d9931e04f76edb3e54e3212b88-log_interaction_energy_15nN": 1, "e00a50d9931e04f76edb3e54e3212b88-get_interaction_energy_25nN": 1, "e00a50d9931e04f76edb3e54e3212b88-unwrap_shear_25nN": 1, "e00a50d9931e04f76edb3e54e3212b88-shear_25nN_extend_grompp": 1, "e00a50d9931e04f76edb3e54e3212b88-compress": 1, "e00a50d9931e04f76edb3e54e3212b88-unwrap_shear_15nN": 1, "e00a50d9931e04f76edb3e54e3212b88-shear_5nN_rerun_grompp": 1, "e00a50d9931e04f76edb3e54e3212b88-count_hydrogen_bonds": 1, "e00a50d9931e04f76edb3e54e3212b88-log_interaction_energy_25nN": 1, "e00a50d9931e04f76edb3e54e3212b88-shear_15nN_extend": 1, "e00a50d9931e04f76edb3e54e3212b88-calc_interdigitation": 1, "e00a50d9931e04f76edb3e54e3212b88-shear_15nN": 1, "e00a50d9931e04f76edb3e54e3212b88-shear_15nN_extend_grompp": 1, "e00a50d9931e04f76edb3e54e3212b88-shear_5nN_extend_grompp": 1, "e00a50d9931e04f76edb3e54e3212b88-calc_friction": 1, "e00a50d9931e04f76edb3e54e3212b88-fix_overlaps": 1, "e00a50d9931e04f76edb3e54e3212b88-minimize": 1, "e00a50d9931e04f76edb3e54e3212b88-log_tilt": 1, "e00a50d9931e04f76edb3e54e3212b88-shear_15nN_grompp": 1, "e00a50d9931e04f76edb3e54e3212b88-top_to_mol2": 1, "e00a50d9931e04f76edb3e54e3212b88-equilibrate_grompp": 1, "e00a50d9931e04f76edb3e54e3212b88-calc_S2_shear": 1, "e00a50d9931e04f76edb3e54e3212b88-calc_roughness": 1, "e00a50d9931e04f76edb3e54e3212b88-unwrap_shear_5nN": 1, "e00a50d9931e04f76edb3e54e3212b88-minimize_grompp": 1, "e00a50d9931e04f76edb3e54e3212b88-get_interaction_energy_5nN": 1, "e00a50d9931e04f76edb3e54e3212b88-log_cof": 1, "e00a50d9931e04f76edb3e54e3212b88-calc_tilt_shear": 1, "e00a50d9931e04f76edb3e54e3212b88-shear_25nN_grompp": 1, "e00a50d9931e04f76edb3e54e3212b88-shear_15nN_rerun": 1, "e00a50d9931e04f76edb3e54e3212b88-get_interaction_energy_15nN": 1, "e00a50d9931e04f76edb3e54e3212b88-shear_25nN_rerun": 1, "e00a50d9931e04f76edb3e54e3212b88-equilibrate": 1, "e00a50d9931e04f76edb3e54e3212b88-shear_25nN": 1, "e00a50d9931e04f76edb3e54e3212b88-shear_5nN_grompp": 1, "e00a50d9931e04f76edb3e54e3212b88-shear_15nN_rerun_grompp": 1, "e00a50d9931e04f76edb3e54e3212b88-shear_5nN_rerun": 1, "e00a50d9931e04f76edb3e54e3212b88-shear_5nN_extend": 1, "e00a50d9931e04f76edb3e54e3212b88-shear_25nN_rerun_grompp": 1, "e00a50d9931e04f76edb3e54e3212b88-log_S2": 1}, "shear_25nN_Etotal": [-3949.3392796274984, 185.2331013018804], "shear_25nN_qq": [-1801.3049910423665, 186.93726779992267], "ch3-smiles": "CC(=O)O", "intercept": 6.599557255456385, "shear_5nN_qq": [-2018.265360571543, 173.95717395667057], "COF": 0.14370763523326655, "chain-smiles": "CCCCCCCCCCCCCCCCCC(=O)O", "h-smiles": "C(=O)O", "entropy_translational": 156.5, "S2": {"25nN": 0.8889508824218151, "5nN": 0.8971703352306114, "15nN": 0.8750537326980762}}