{"entropy_translational": 144.1, "roughness": {"15nN": 0.055613419566960816, "5nN": 0.05951682306202456, "25nN": 0.05259877271806478}, "shear_25nN_qq": [124.76456047881696, 176.1750513192576], "entropy_vibrational": 0.11, "dipole_moment": 1.63, "molecular_weight": 16.0225, "shear_5nN_qq": [-438.9075095963228, 146.61714031341364], "S2": {"15nN": 0.6802029771754791, "5nN": 0.6931335184361257, "25nN": 0.67941274276829}, "shear_5nN_Etotal": [-1497.5890451286969, 149.26949559623762], "shear_25nN_Etotal": [-1138.0015996394884, 169.4546299712198], "interdigitation": {"15nN": 0.12424660212016969, "5nN": 0.13512749469606491, "25nN": 0.1229066745680817}, "shear_15nN_Etotal": [-1277.6427436370905, 173.61517063235397], "surface_area": 42.91, "shear_5nN_lj": [-1058.6815355323743, 55.69023589218444], "enthalpy_vibrational": 92.73, "polar_solvation_energy": -10.38, "entropy_rotational": 56.63, "COF": 0.1833055906481748, "tilt": {"15nN": 34.14973999823707, "5nN": 30.124819463701158, "25nN": 36.54489008852033}, "total_solvation_energy": -4.92, "shear_25nN_lj": [-1262.7661601183054, 57.7971341615752], "intercept": 3.2858231130157893, "status": {"b77fafc246416ad1c8f9e8dc6b627157-top_to_mol2": 1, "b77fafc246416ad1c8f9e8dc6b627157-shear_15nN_rerun": 1, "b77fafc246416ad1c8f9e8dc6b627157-shear_25nN_extend": 1, "b77fafc246416ad1c8f9e8dc6b627157-shear_5nN_rerun": 1, "b77fafc246416ad1c8f9e8dc6b627157-log_cof": 1, "b77fafc246416ad1c8f9e8dc6b627157-log_S2": 1, "b77fafc246416ad1c8f9e8dc6b627157-shear_5nN_extend_grompp": 1, "b77fafc246416ad1c8f9e8dc6b627157-compress": 1, "b77fafc246416ad1c8f9e8dc6b627157-calc_interdigitation": 6, "b77fafc246416ad1c8f9e8dc6b627157-get_interaction_energy_15nN": 1, "b77fafc246416ad1c8f9e8dc6b627157-log_tilt": 1, "b77fafc246416ad1c8f9e8dc6b627157-fix_overlaps": 1, "b77fafc246416ad1c8f9e8dc6b627157-shear_25nN": 1, "b77fafc246416ad1c8f9e8dc6b627157-unwrap_shear_25nN": 1, "b77fafc246416ad1c8f9e8dc6b627157-shear_15nN_extend_grompp": 1, "b77fafc246416ad1c8f9e8dc6b627157-shear_25nN_extend_grompp": 1, "b77fafc246416ad1c8f9e8dc6b627157-get_interaction_energy_25nN": 1, "b77fafc246416ad1c8f9e8dc6b627157-shear_5nN_extend": 1, "b77fafc246416ad1c8f9e8dc6b627157-unwrap_shear_15nN": 1, "b77fafc246416ad1c8f9e8dc6b627157-shear_15nN_grompp": 1, "b77fafc246416ad1c8f9e8dc6b627157-shear_25nN_grompp": 1, "b77fafc246416ad1c8f9e8dc6b627157-compress_grompp": 1, "b77fafc246416ad1c8f9e8dc6b627157-equilibrate_grompp": 1, "b77fafc246416ad1c8f9e8dc6b627157-shear_15nN": 1, "b77fafc246416ad1c8f9e8dc6b627157-equilibrate": 1, "b77fafc246416ad1c8f9e8dc6b627157-shear_5nN_grompp": 1, "b77fafc246416ad1c8f9e8dc6b627157-log_interaction_energy_15nN": 1, "b77fafc246416ad1c8f9e8dc6b627157-shear_25nN_rerun_grompp": 1, "b77fafc246416ad1c8f9e8dc6b627157-minimize": 1, "b77fafc246416ad1c8f9e8dc6b627157-shear_15nN_extend": 1, "b77fafc246416ad1c8f9e8dc6b627157-log_interaction_energy_25nN": 1, "b77fafc246416ad1c8f9e8dc6b627157-lammps_to_gmx": 1, "b77fafc246416ad1c8f9e8dc6b627157-get_interaction_energy_5nN": 1, "b77fafc246416ad1c8f9e8dc6b627157-minimize_grompp": 1, "b77fafc246416ad1c8f9e8dc6b627157-unwrap_shear_5nN": 1, "b77fafc246416ad1c8f9e8dc6b627157-log_interaction_energy_5nN": 1, "b77fafc246416ad1c8f9e8dc6b627157-calc_friction": 1, "b77fafc246416ad1c8f9e8dc6b627157-calc_S2_shear": 1, "b77fafc246416ad1c8f9e8dc6b627157-count_hydrogen_bonds": 1, "b77fafc246416ad1c8f9e8dc6b627157-shear_25nN_rerun": 1, "b77fafc246416ad1c8f9e8dc6b627157-shear_5nN_rerun_grompp": 1, "b77fafc246416ad1c8f9e8dc6b627157-shear_15nN_rerun_grompp": 1, "b77fafc246416ad1c8f9e8dc6b627157-calc_tilt_shear": 1, "b77fafc246416ad1c8f9e8dc6b627157-calc_roughness": 1, "b77fafc246416ad1c8f9e8dc6b627157-initialize": 1, "b77fafc246416ad1c8f9e8dc6b627157-shear_5nN": 1}, "heat_capacity_vibrational": 0.69, "shear_15nN_qq": [-73.33720281854517, 180.10756079209807], "shear_15nN_lj": [-1204.305540818545, 54.11220213271504], "nonpolar_solvation_energy": 5.48}