{"shear_15nN_Etotal": [-1457.3733962909673, 63.60334880829873], "molecular_weight": 31.0338, "shear_25nN_Etotal": [-1533.5572642430059, 68.51466541339353], "surface_area": 54.24, "shear_15nN_qq": [121.08978307354118, 40.60705043105802], "enthalpy_vibrational": 133.72, "shear_5nN_qq": [129.66123272022384, 33.04651317975661], "tilt": {"5nN": 31.323400976208603, "25nN": 38.01284055439046, "15nN": 36.04364880847922}, "intercept": 1.2554532775421596, "shear_25nN_lj": [-1670.560517013589, 50.622300662246296], "entropy_rotational": 79.18, "shear_5nN_lj": [-1360.0343766019187, 49.78066329514118], "shear_25nN_qq": [137.00325277058354, 48.08445415694344], "nonpolar_solvation_energy": 5.64, "total_solvation_energy": -5.11, "shear_15nN_lj": [-1578.4631793645085, 47.60987280330283], "shear_5nN_Etotal": [-1230.3731438816944, 62.30124330695731], "interdigitation": {"5nN": 0.11984502447637348, "25nN": 0.10909990069117616, "15nN": 0.1208273151067544}, "entropy_vibrational": 7.17, "heat_capacity_vibrational": 12.98, "entropy_translational": 151.98, "status": {"2c838eaafe8f37d4d2556ef901d5ccf8-shear_5nN_extend": 1, "2c838eaafe8f37d4d2556ef901d5ccf8-shear_5nN": 1, "2c838eaafe8f37d4d2556ef901d5ccf8-shear_5nN_rerun_grompp": 1, "2c838eaafe8f37d4d2556ef901d5ccf8-count_hydrogen_bonds": 1, "2c838eaafe8f37d4d2556ef901d5ccf8-shear_5nN_extend_grompp": 1, "2c838eaafe8f37d4d2556ef901d5ccf8-shear_15nN": 1, "2c838eaafe8f37d4d2556ef901d5ccf8-calc_roughness": 1, "2c838eaafe8f37d4d2556ef901d5ccf8-log_tilt": 1, "2c838eaafe8f37d4d2556ef901d5ccf8-calc_S2_shear": 1, "2c838eaafe8f37d4d2556ef901d5ccf8-shear_15nN_rerun": 1, "2c838eaafe8f37d4d2556ef901d5ccf8-shear_15nN_extend": 1, "2c838eaafe8f37d4d2556ef901d5ccf8-get_interaction_energy_15nN": 1, "2c838eaafe8f37d4d2556ef901d5ccf8-equilibrate": 1, "2c838eaafe8f37d4d2556ef901d5ccf8-log_S2": 1, "2c838eaafe8f37d4d2556ef901d5ccf8-compress": 1, "2c838eaafe8f37d4d2556ef901d5ccf8-shear_5nN_rerun": 1, "2c838eaafe8f37d4d2556ef901d5ccf8-get_interaction_energy_5nN": 1, "2c838eaafe8f37d4d2556ef901d5ccf8-calc_interdigitation": 1, "2c838eaafe8f37d4d2556ef901d5ccf8-minimize_grompp": 1, "2c838eaafe8f37d4d2556ef901d5ccf8-shear_25nN_extend_grompp": 1, "2c838eaafe8f37d4d2556ef901d5ccf8-equilibrate_grompp": 1, "2c838eaafe8f37d4d2556ef901d5ccf8-shear_15nN_rerun_grompp": 1, "2c838eaafe8f37d4d2556ef901d5ccf8-shear_15nN_grompp": 1, "2c838eaafe8f37d4d2556ef901d5ccf8-shear_5nN_grompp": 1, "2c838eaafe8f37d4d2556ef901d5ccf8-shear_25nN": 1, "2c838eaafe8f37d4d2556ef901d5ccf8-initialize": 1, "2c838eaafe8f37d4d2556ef901d5ccf8-unwrap_shear_15nN": 1, "2c838eaafe8f37d4d2556ef901d5ccf8-get_interaction_energy_25nN": 1, "2c838eaafe8f37d4d2556ef901d5ccf8-unwrap_shear_25nN": 1, "2c838eaafe8f37d4d2556ef901d5ccf8-calc_tilt_shear": 1, "2c838eaafe8f37d4d2556ef901d5ccf8-compress_grompp": 1, "2c838eaafe8f37d4d2556ef901d5ccf8-shear_25nN_rerun": 1, "2c838eaafe8f37d4d2556ef901d5ccf8-shear_25nN_grompp": 1, "2c838eaafe8f37d4d2556ef901d5ccf8-fix_overlaps": 1, "2c838eaafe8f37d4d2556ef901d5ccf8-minimize": 1, "2c838eaafe8f37d4d2556ef901d5ccf8-unwrap_shear_5nN": 1, "2c838eaafe8f37d4d2556ef901d5ccf8-shear_15nN_extend_grompp": 1, "2c838eaafe8f37d4d2556ef901d5ccf8-calc_friction": 1, "2c838eaafe8f37d4d2556ef901d5ccf8-log_cof": 1, "2c838eaafe8f37d4d2556ef901d5ccf8-log_interaction_energy_15nN": 1, "2c838eaafe8f37d4d2556ef901d5ccf8-top_to_mol2": 1, "2c838eaafe8f37d4d2556ef901d5ccf8-shear_25nN_rerun_grompp": 1, "2c838eaafe8f37d4d2556ef901d5ccf8-shear_25nN_extend": 1, "2c838eaafe8f37d4d2556ef901d5ccf8-lammps_to_gmx": 1, "2c838eaafe8f37d4d2556ef901d5ccf8-log_interaction_energy_25nN": 1, "2c838eaafe8f37d4d2556ef901d5ccf8-log_interaction_energy_5nN": 1}, "S2": {"5nN": 0.9087600028495132, "25nN": 0.9022898365657944, "15nN": 0.921010601859619}, "polar_solvation_energy": -10.78, "COF": 0.16546560122250797, "roughness": {"5nN": 0.05875262283887564, "25nN": 0.05502232570943125, "15nN": 0.05850530079290832}, "dipole_moment": 1.68}