{"enthalpy_vibrational": 66.5, "shear_5nN_Etotal": [-1098.8403539840128, 51.41537071936175], "heat_capacity_vibrational": 19.38, "entropy_vibrational": 8.9, "interdigitation": {"25nN": 0.15925076514393652, "5nN": 0.12858562203937682, "15nN": 0.14316202393143715}, "polar_solvation_energy": -13.1, "shear_15nN_qq": [-179.24034640767388, 13.65948655765657], "nonpolar_solvation_energy": 23.24, "molecular_weight": 69.0059, "shear_15nN_Etotal": [-1340.8840879616307, 49.25398207914276], "roughness": {"25nN": 0.05129812813169295, "5nN": 0.05475723731136759, "15nN": 0.05002270275313431}, "tilt": {"25nN": 38.69054445365586, "5nN": 33.51482158932326, "15nN": 36.78102086690597}, "shear_15nN_lj": [-1161.643741553957, 44.006301221055836], "surface_area": 60.34, "total_solvation_energy": 10.13, "dipole_moment": 2.09, "entropy_rotational": 99.44, "shear_25nN_lj": [-1252.8090252342126, 52.22616611569059], "shear_25nN_qq": [-188.49850699520383, 16.44260194879287], "ch3-smiles": "CC(F)(F)F", "status": {"9f52f88df75fd5716880cafe02ae875a-shear_15nN_rerun_grompp": 1, "9f52f88df75fd5716880cafe02ae875a-get_interaction_energy_15nN": 1, "9f52f88df75fd5716880cafe02ae875a-log_S2": 1, "9f52f88df75fd5716880cafe02ae875a-calc_interdigitation": 6, "9f52f88df75fd5716880cafe02ae875a-top_to_mol2": 1, "9f52f88df75fd5716880cafe02ae875a-log_cof": 1, "9f52f88df75fd5716880cafe02ae875a-unwrap_shear_5nN": 1, "9f52f88df75fd5716880cafe02ae875a-shear_25nN_rerun": 1, "9f52f88df75fd5716880cafe02ae875a-lammps_to_gmx": 1, "9f52f88df75fd5716880cafe02ae875a-shear_5nN_rerun_grompp": 1, "9f52f88df75fd5716880cafe02ae875a-shear_15nN_extend_grompp": 1, "9f52f88df75fd5716880cafe02ae875a-shear_15nN": 1, "9f52f88df75fd5716880cafe02ae875a-shear_5nN_rerun": 1, "9f52f88df75fd5716880cafe02ae875a-shear_25nN_extend_grompp": 1, "9f52f88df75fd5716880cafe02ae875a-shear_5nN_extend_grompp": 1, "9f52f88df75fd5716880cafe02ae875a-unwrap_shear_25nN": 1, "9f52f88df75fd5716880cafe02ae875a-log_interaction_energy_5nN": 1, "9f52f88df75fd5716880cafe02ae875a-unwrap_shear_15nN": 1, "9f52f88df75fd5716880cafe02ae875a-shear_15nN_grompp": 1, "9f52f88df75fd5716880cafe02ae875a-fix_overlaps": 1, "9f52f88df75fd5716880cafe02ae875a-shear_25nN_extend": 1, "9f52f88df75fd5716880cafe02ae875a-log_interaction_energy_25nN": 1, "9f52f88df75fd5716880cafe02ae875a-calc_friction": 1, "9f52f88df75fd5716880cafe02ae875a-get_interaction_energy_5nN": 1, "9f52f88df75fd5716880cafe02ae875a-shear_15nN_rerun": 1, "9f52f88df75fd5716880cafe02ae875a-minimize_grompp": 1, "9f52f88df75fd5716880cafe02ae875a-calc_roughness": 1, "9f52f88df75fd5716880cafe02ae875a-equilibrate": 1, "9f52f88df75fd5716880cafe02ae875a-compress": 1, "9f52f88df75fd5716880cafe02ae875a-calc_tilt_shear": 1, "9f52f88df75fd5716880cafe02ae875a-shear_15nN_extend": 1, "9f52f88df75fd5716880cafe02ae875a-shear_5nN_extend": 1, "9f52f88df75fd5716880cafe02ae875a-initialize": 1, "9f52f88df75fd5716880cafe02ae875a-shear_25nN_grompp": 1, "9f52f88df75fd5716880cafe02ae875a-shear_5nN": 1, "9f52f88df75fd5716880cafe02ae875a-shear_25nN_rerun_grompp": 1, "9f52f88df75fd5716880cafe02ae875a-minimize": 1, "9f52f88df75fd5716880cafe02ae875a-get_interaction_energy_25nN": 1, "9f52f88df75fd5716880cafe02ae875a-equilibrate_grompp": 1, "9f52f88df75fd5716880cafe02ae875a-shear_25nN": 1, "9f52f88df75fd5716880cafe02ae875a-log_interaction_energy_15nN": 1, "9f52f88df75fd5716880cafe02ae875a-compress_grompp": 1, "9f52f88df75fd5716880cafe02ae875a-shear_5nN_grompp": 1, "9f52f88df75fd5716880cafe02ae875a-count_hydrogen_bonds": 1, "9f52f88df75fd5716880cafe02ae875a-calc_S2_shear": 1, "9f52f88df75fd5716880cafe02ae875a-log_tilt": 1}, "shear_25nN_Etotal": [-1441.3075322294164, 56.11425535095359], "intercept": 0.6942728783525229, "shear_5nN_qq": [-138.82752986650678, 12.76597411114419], "COF": 0.17708724713976212, "chain-smiles": "CCCCCCCCCCCCCCCCCC(F)(F)F", "shear_5nN_lj": [-960.012824117506, 43.70932094324465], "h-smiles": "C(F)(F)F", "entropy_translational": 161.73, "S2": {"25nN": 0.916453518400956, "5nN": 0.9480502743312302, "15nN": 0.9389551906564813}}