{"shear_15nN_Etotal": [-2166.0522299296563, 75.2539319826678], "S2": {"15nN": 0.9192112141808116, "25nN": 0.9151656016904491, "5nN": 0.9098422469784829}, "nonpolar_solvation_energy": 14.09, "intercept": 1.9887270383135538, "roughness": {"15nN": 0.062028551704049854, "25nN": 0.057093832163925676, "5nN": 0.06431528884147711}, "shear_25nN_qq": [-504.79329641886494, 41.35851127623124], "shear_5nN_lj": [-1533.1144541318943, 60.846405817483436], "shear_25nN_lj": [-1761.334108396483, 48.87273169754855], "entropy_translational": 165.68, "heat_capacity_vibrational": 58.87, "molecular_weight": 95.0942, "shear_5nN_qq": [-380.513576283773, 40.06808502035069], "shear_5nN_Etotal": [-1913.6280304156676, 88.85463577438216], "total_solvation_energy": 6.28, "status": {"ec2b18974c6fd0f26856f7b8ac08d893-shear_25nN_rerun": 1, "ec2b18974c6fd0f26856f7b8ac08d893-shear_5nN": 1, "ec2b18974c6fd0f26856f7b8ac08d893-shear_5nN_rerun_grompp": 1, "ec2b18974c6fd0f26856f7b8ac08d893-shear_25nN_extend_grompp": 1, "ec2b18974c6fd0f26856f7b8ac08d893-shear_15nN": 1, "ec2b18974c6fd0f26856f7b8ac08d893-equilibrate": 1, "ec2b18974c6fd0f26856f7b8ac08d893-shear_25nN_grompp": 1, "ec2b18974c6fd0f26856f7b8ac08d893-shear_15nN_rerun": 1, "ec2b18974c6fd0f26856f7b8ac08d893-calc_S2_shear": 1, "ec2b18974c6fd0f26856f7b8ac08d893-calc_friction": 1, "ec2b18974c6fd0f26856f7b8ac08d893-unwrap_shear_15nN": 1, "ec2b18974c6fd0f26856f7b8ac08d893-get_interaction_energy_15nN": 1, "ec2b18974c6fd0f26856f7b8ac08d893-unwrap_shear_5nN": 1, "ec2b18974c6fd0f26856f7b8ac08d893-log_tilt": 1, "ec2b18974c6fd0f26856f7b8ac08d893-minimize": 1, "ec2b18974c6fd0f26856f7b8ac08d893-shear_15nN_rerun_grompp": 1, "ec2b18974c6fd0f26856f7b8ac08d893-shear_25nN_rerun_grompp": 1, "ec2b18974c6fd0f26856f7b8ac08d893-shear_15nN_grompp": 1, "ec2b18974c6fd0f26856f7b8ac08d893-shear_5nN_grompp": 1, "ec2b18974c6fd0f26856f7b8ac08d893-minimize_grompp": 1, "ec2b18974c6fd0f26856f7b8ac08d893-top_to_mol2": 1, "ec2b18974c6fd0f26856f7b8ac08d893-shear_5nN_extend_grompp": 1, "ec2b18974c6fd0f26856f7b8ac08d893-log_interaction_energy_25nN": 1, "ec2b18974c6fd0f26856f7b8ac08d893-initialize": 1, "ec2b18974c6fd0f26856f7b8ac08d893-shear_15nN_extend": 1, "ec2b18974c6fd0f26856f7b8ac08d893-calc_roughness": 1, "ec2b18974c6fd0f26856f7b8ac08d893-fix_overlaps": 1, "ec2b18974c6fd0f26856f7b8ac08d893-calc_tilt_shear": 1, "ec2b18974c6fd0f26856f7b8ac08d893-unwrap_shear_25nN": 1, "ec2b18974c6fd0f26856f7b8ac08d893-log_interaction_energy_15nN": 1, "ec2b18974c6fd0f26856f7b8ac08d893-compress": 1, "ec2b18974c6fd0f26856f7b8ac08d893-shear_5nN_rerun": 1, "ec2b18974c6fd0f26856f7b8ac08d893-lammps_to_gmx": 1, "ec2b18974c6fd0f26856f7b8ac08d893-shear_25nN_extend": 1, "ec2b18974c6fd0f26856f7b8ac08d893-shear_5nN_extend": 1, "ec2b18974c6fd0f26856f7b8ac08d893-log_cof": 1, "ec2b18974c6fd0f26856f7b8ac08d893-count_hydrogen_bonds": 1, "ec2b18974c6fd0f26856f7b8ac08d893-calc_interdigitation": 6, "ec2b18974c6fd0f26856f7b8ac08d893-shear_25nN": 1, "ec2b18974c6fd0f26856f7b8ac08d893-log_interaction_energy_5nN": 1, "ec2b18974c6fd0f26856f7b8ac08d893-log_S2": 1, "ec2b18974c6fd0f26856f7b8ac08d893-get_interaction_energy_25nN": 1, "ec2b18974c6fd0f26856f7b8ac08d893-compress_grompp": 1, "ec2b18974c6fd0f26856f7b8ac08d893-equilibrate_grompp": 1, "ec2b18974c6fd0f26856f7b8ac08d893-get_interaction_energy_5nN": 1, "ec2b18974c6fd0f26856f7b8ac08d893-shear_15nN_extend_grompp": 1}, "polar_solvation_energy": -7.83, "enthalpy_vibrational": 248.15, "interdigitation": {"15nN": 0.1909005532311288, "25nN": 0.17562241121664302, "5nN": 0.197967003835135}, "dipole_moment": 2.03, "tilt": {"15nN": 34.17644745942308, "25nN": 36.36352809078044, "5nN": 29.411473203102158}, "shear_15nN_lj": [-1698.7476024948044, 51.48336518141448], "entropy_rotational": 112.71, "shear_25nN_Etotal": [-2266.1274048153477, 73.09695191274005], "shear_15nN_qq": [-467.30462743485214, 41.033499223914006], "COF": 0.13015186367617984, "surface_area": 96.58, "entropy_vibrational": 30.51}