{"shear_15nN_Etotal": [-1373.6075074356515, 46.795954649101546], "molecular_weight": 41.0716, "shear_25nN_Etotal": [-1431.7684867697842, 47.63294511598488], "surface_area": 65.5, "shear_15nN_qq": [110.11416716626698, 9.564303931747535], "enthalpy_vibrational": 214.06, "shear_5nN_qq": [56.40621462589928, 8.536750831238027], "tilt": {"5nN": 33.76312500467969, "25nN": 39.61058978646116, "15nN": 37.19082662128958}, "intercept": 0.5084059791195283, "shear_25nN_lj": [-1574.5108645555554, 48.88771642620721], "entropy_rotational": 90.7, "shear_5nN_lj": [-1258.9696066370905, 49.23540741485286], "shear_25nN_qq": [142.74237778577137, 10.158603815172562], "nonpolar_solvation_energy": 9.15, "total_solvation_energy": 7.89, "shear_15nN_lj": [-1483.7216746019185, 47.9527788763627], "shear_5nN_Etotal": [-1202.5633920111911, 47.671262453792885], "interdigitation": {"5nN": 0.10790005951610039, "15nN": 0.1086205188908818, "25nN": 0.10726136029977049}, "entropy_vibrational": 5.04, "heat_capacity_vibrational": 19.47, "entropy_translational": 155.37, "status": {"57c5fe3d95801a9689a1aaeae477959e-log_interaction_energy_15nN": 1, "57c5fe3d95801a9689a1aaeae477959e-shear_25nN_grompp": 1, "57c5fe3d95801a9689a1aaeae477959e-initialize": 1, "57c5fe3d95801a9689a1aaeae477959e-unwrap_shear_15nN": 1, "57c5fe3d95801a9689a1aaeae477959e-calc_S2_shear": 1, "57c5fe3d95801a9689a1aaeae477959e-log_tilt": 1, "57c5fe3d95801a9689a1aaeae477959e-shear_25nN_rerun_grompp": 1, "57c5fe3d95801a9689a1aaeae477959e-shear_5nN_rerun_grompp": 1, "57c5fe3d95801a9689a1aaeae477959e-compress": 1, "57c5fe3d95801a9689a1aaeae477959e-get_interaction_energy_5nN": 1, "57c5fe3d95801a9689a1aaeae477959e-calc_roughness": 1, "57c5fe3d95801a9689a1aaeae477959e-unwrap_shear_25nN": 1, "57c5fe3d95801a9689a1aaeae477959e-calc_interdigitation": 1, "57c5fe3d95801a9689a1aaeae477959e-shear_25nN_extend_grompp": 1, "57c5fe3d95801a9689a1aaeae477959e-shear_15nN_rerun_grompp": 1, "57c5fe3d95801a9689a1aaeae477959e-shear_25nN_rerun": 1, "57c5fe3d95801a9689a1aaeae477959e-shear_15nN_extend": 1, "57c5fe3d95801a9689a1aaeae477959e-shear_15nN_extend_grompp": 1, "57c5fe3d95801a9689a1aaeae477959e-shear_5nN_grompp": 1, "57c5fe3d95801a9689a1aaeae477959e-shear_15nN_grompp": 1, "57c5fe3d95801a9689a1aaeae477959e-log_interaction_energy_5nN": 1, "57c5fe3d95801a9689a1aaeae477959e-unwrap_shear_5nN": 1, "57c5fe3d95801a9689a1aaeae477959e-get_interaction_energy_15nN": 1, "57c5fe3d95801a9689a1aaeae477959e-shear_5nN": 1, "57c5fe3d95801a9689a1aaeae477959e-calc_friction": 1, "57c5fe3d95801a9689a1aaeae477959e-lammps_to_gmx": 1, "57c5fe3d95801a9689a1aaeae477959e-equilibrate": 1, "57c5fe3d95801a9689a1aaeae477959e-shear_5nN_extend": 1, "57c5fe3d95801a9689a1aaeae477959e-equilibrate_grompp": 1, "57c5fe3d95801a9689a1aaeae477959e-get_interaction_energy_25nN": 1, "57c5fe3d95801a9689a1aaeae477959e-top_to_mol2": 1, "57c5fe3d95801a9689a1aaeae477959e-calc_tilt_shear": 1, "57c5fe3d95801a9689a1aaeae477959e-log_cof": 1, "57c5fe3d95801a9689a1aaeae477959e-shear_25nN": 1, "57c5fe3d95801a9689a1aaeae477959e-minimize": 1, "57c5fe3d95801a9689a1aaeae477959e-shear_25nN_extend": 1, "57c5fe3d95801a9689a1aaeae477959e-shear_5nN_rerun": 1, "57c5fe3d95801a9689a1aaeae477959e-fix_overlaps": 1, "57c5fe3d95801a9689a1aaeae477959e-count_hydrogen_bonds": 1, "57c5fe3d95801a9689a1aaeae477959e-log_interaction_energy_25nN": 1, "57c5fe3d95801a9689a1aaeae477959e-compress_grompp": 1, "57c5fe3d95801a9689a1aaeae477959e-log_S2": 1, "57c5fe3d95801a9689a1aaeae477959e-shear_5nN_extend_grompp": 1, "57c5fe3d95801a9689a1aaeae477959e-minimize_grompp": 1, "57c5fe3d95801a9689a1aaeae477959e-shear_15nN": 1, "57c5fe3d95801a9689a1aaeae477959e-shear_15nN_rerun": 1}, "S2": {"5nN": 0.9655683170635323, "15nN": 0.9548090918480213, "25nN": 0.9528334901727594}, "polar_solvation_energy": -1.28, "COF": 0.15946844406516641, "roughness": {"5nN": 0.06195217003437995, "15nN": 0.05758053775590805, "25nN": 0.054517048103709886}, "dipole_moment": 0.0}