{"shear_15nN_Etotal": [-777.8389122214228, 92.8939244329212], "molecular_weight": 31.0338, "shear_25nN_Etotal": [-694.7998510191846, 97.36241663087982], "surface_area": 54.24, "shear_15nN_qq": [766.7811963844924, 82.29212026394376], "enthalpy_vibrational": 133.72, "shear_5nN_qq": [601.3178908417266, 78.59391486170739], "tilt": {"5nN": 28.43002839934532, "15nN": 32.27987477815234, "25nN": 34.6517513149885}, "intercept": 0.8380694052825479, "shear_25nN_lj": [-1630.6543328792964, 45.35583881451027], "entropy_rotational": 79.18, "shear_5nN_lj": [-1312.5463730679455, 52.89633254825268], "shear_25nN_qq": [935.854481860112, 87.97568689525758], "nonpolar_solvation_energy": 5.64, "total_solvation_energy": -5.11, "shear_15nN_lj": [-1544.6201086059152, 48.30458504859008], "shear_5nN_Etotal": [-711.228482226219, 91.91322348430835], "interdigitation": {"5nN": 0.1216195185163482, "15nN": 0.10667445097635199, "25nN": 0.10151488633503289}, "entropy_vibrational": 7.17, "heat_capacity_vibrational": 12.98, "entropy_translational": 151.98, "roughness": {"5nN": 0.05789912603808454, "15nN": 0.05081248964366058, "25nN": 0.04913426820028699}, "S2": {"5nN": 0.6557298003092938, "15nN": 0.6763866619364783, "25nN": 0.6668783954223265}, "dipole_moment": 1.68, "COF": 0.19048455657402596, "status": {"591e60c1db6a8fc34958b956812341e3-shear_15nN_extend_grompp": 1, "591e60c1db6a8fc34958b956812341e3-shear_25nN_rerun": 1, "591e60c1db6a8fc34958b956812341e3-shear_25nN_extend": 1, "591e60c1db6a8fc34958b956812341e3-shear_15nN_rerun": 1, "591e60c1db6a8fc34958b956812341e3-shear_5nN_extend": 1, "591e60c1db6a8fc34958b956812341e3-compress": 1, "591e60c1db6a8fc34958b956812341e3-shear_15nN_grompp": 1, "591e60c1db6a8fc34958b956812341e3-get_interaction_energy_5nN": 1, "591e60c1db6a8fc34958b956812341e3-lammps_to_gmx": 1, "591e60c1db6a8fc34958b956812341e3-calc_S2_shear": 1, "591e60c1db6a8fc34958b956812341e3-shear_5nN_extend_grompp": 1, "591e60c1db6a8fc34958b956812341e3-shear_25nN_grompp": 1, "591e60c1db6a8fc34958b956812341e3-shear_15nN_extend": 1, "591e60c1db6a8fc34958b956812341e3-equilibrate": 1, "591e60c1db6a8fc34958b956812341e3-unwrap_shear_15nN": 1, "591e60c1db6a8fc34958b956812341e3-get_interaction_energy_15nN": 1, "591e60c1db6a8fc34958b956812341e3-log_tilt": 1, "591e60c1db6a8fc34958b956812341e3-shear_25nN": 1, "591e60c1db6a8fc34958b956812341e3-count_hydrogen_bonds": 1, "591e60c1db6a8fc34958b956812341e3-log_interaction_energy_25nN": 1, "591e60c1db6a8fc34958b956812341e3-calc_friction": 1, "591e60c1db6a8fc34958b956812341e3-calc_interdigitation": 1, "591e60c1db6a8fc34958b956812341e3-unwrap_shear_5nN": 1, "591e60c1db6a8fc34958b956812341e3-initialize": 1, "591e60c1db6a8fc34958b956812341e3-minimize_grompp": 1, "591e60c1db6a8fc34958b956812341e3-unwrap_shear_25nN": 1, "591e60c1db6a8fc34958b956812341e3-shear_25nN_rerun_grompp": 1, "591e60c1db6a8fc34958b956812341e3-log_cof": 1, "591e60c1db6a8fc34958b956812341e3-shear_15nN_rerun_grompp": 1, "591e60c1db6a8fc34958b956812341e3-calc_roughness": 1, "591e60c1db6a8fc34958b956812341e3-get_interaction_energy_25nN": 1, "591e60c1db6a8fc34958b956812341e3-shear_5nN": 1, "591e60c1db6a8fc34958b956812341e3-log_interaction_energy_5nN": 1, "591e60c1db6a8fc34958b956812341e3-fix_overlaps": 1, "591e60c1db6a8fc34958b956812341e3-shear_25nN_extend_grompp": 1, "591e60c1db6a8fc34958b956812341e3-shear_15nN": 1, "591e60c1db6a8fc34958b956812341e3-shear_5nN_rerun": 1, "591e60c1db6a8fc34958b956812341e3-log_S2": 1, "591e60c1db6a8fc34958b956812341e3-top_to_mol2": 1, "591e60c1db6a8fc34958b956812341e3-log_interaction_energy_15nN": 1, "591e60c1db6a8fc34958b956812341e3-shear_5nN_grompp": 1, "591e60c1db6a8fc34958b956812341e3-minimize": 1, "591e60c1db6a8fc34958b956812341e3-compress_grompp": 1, "591e60c1db6a8fc34958b956812341e3-equilibrate_grompp": 1, "591e60c1db6a8fc34958b956812341e3-shear_5nN_rerun_grompp": 1, "591e60c1db6a8fc34958b956812341e3-calc_tilt_shear": 1}, "polar_solvation_energy": -10.78}