{"shear_15nN_Etotal": [-2076.65762213749, 97.71889759499868], "molecular_weight": 66.0811, "shear_25nN_Etotal": [-2203.0704548017584, 101.55785619957511], "surface_area": 76.02, "shear_15nN_qq": [-236.425899793765, 68.42353693412132], "enthalpy_vibrational": 216.45, "shear_5nN_qq": [-160.40379075299762, 58.78343581946855], "tilt": {"5nN": 27.09194331779171, "25nN": 33.14769283063641, "15nN": 30.930808512338515}, "intercept": 2.19090391628381, "shear_25nN_lj": [-1932.2086613916867, 56.18170054089663], "entropy_rotational": 101.75, "shear_5nN_lj": [-1606.2382287553955, 64.84151259485034], "shear_25nN_qq": [-270.861793410072, 78.34091396881954], "nonpolar_solvation_energy": 11.08, "total_solvation_energy": -3.05, "shear_15nN_lj": [-1840.2317223437249, 60.26953031023501], "shear_5nN_Etotal": [-1766.642019508393, 98.19385553580878], "interdigitation": {"5nN": 0.09237970101403345, "25nN": 0.09130986969570815, "15nN": 0.09428981648543228}, "entropy_vibrational": 16.0, "heat_capacity_vibrational": 38.72, "entropy_translational": 161.19, "roughness": {"5nN": 0.05171489448399391, "25nN": 0.04362725455947424, "15nN": 0.04798869241826536}, "S2": {"5nN": 0.7581935748436589, "25nN": 0.7531830484386522, "15nN": 0.7569920174669402}, "dipole_moment": 2.89, "COF": 0.14410414482246267, "status": {"651b00b05a5312f83a1b1c13f6d5aa6a-calc_tilt_shear": 1, "651b00b05a5312f83a1b1c13f6d5aa6a-shear_5nN_extend": 1, "651b00b05a5312f83a1b1c13f6d5aa6a-unwrap_shear_25nN": 1, "651b00b05a5312f83a1b1c13f6d5aa6a-shear_15nN_extend_grompp": 1, "651b00b05a5312f83a1b1c13f6d5aa6a-calc_S2_shear": 1, "651b00b05a5312f83a1b1c13f6d5aa6a-shear_25nN_rerun": 1, "651b00b05a5312f83a1b1c13f6d5aa6a-unwrap_shear_5nN": 1, "651b00b05a5312f83a1b1c13f6d5aa6a-shear_25nN": 1, "651b00b05a5312f83a1b1c13f6d5aa6a-minimize": 1, "651b00b05a5312f83a1b1c13f6d5aa6a-log_S2": 1, "651b00b05a5312f83a1b1c13f6d5aa6a-count_hydrogen_bonds": 1, "651b00b05a5312f83a1b1c13f6d5aa6a-fix_overlaps": 1, "651b00b05a5312f83a1b1c13f6d5aa6a-calc_interdigitation": 1, "651b00b05a5312f83a1b1c13f6d5aa6a-minimize_grompp": 1, "651b00b05a5312f83a1b1c13f6d5aa6a-log_interaction_energy_15nN": 1, "651b00b05a5312f83a1b1c13f6d5aa6a-initialize": 1, "651b00b05a5312f83a1b1c13f6d5aa6a-log_tilt": 1, "651b00b05a5312f83a1b1c13f6d5aa6a-shear_15nN_rerun_grompp": 1, "651b00b05a5312f83a1b1c13f6d5aa6a-shear_15nN_extend": 1, "651b00b05a5312f83a1b1c13f6d5aa6a-log_interaction_energy_25nN": 1, "651b00b05a5312f83a1b1c13f6d5aa6a-lammps_to_gmx": 1, "651b00b05a5312f83a1b1c13f6d5aa6a-get_interaction_energy_15nN": 1, "651b00b05a5312f83a1b1c13f6d5aa6a-shear_25nN_extend": 1, "651b00b05a5312f83a1b1c13f6d5aa6a-get_interaction_energy_5nN": 1, "651b00b05a5312f83a1b1c13f6d5aa6a-shear_25nN_rerun_grompp": 1, "651b00b05a5312f83a1b1c13f6d5aa6a-shear_5nN_grompp": 1, "651b00b05a5312f83a1b1c13f6d5aa6a-get_interaction_energy_25nN": 1, "651b00b05a5312f83a1b1c13f6d5aa6a-shear_5nN_rerun": 1, "651b00b05a5312f83a1b1c13f6d5aa6a-equilibrate_grompp": 1, "651b00b05a5312f83a1b1c13f6d5aa6a-log_interaction_energy_5nN": 1, "651b00b05a5312f83a1b1c13f6d5aa6a-calc_friction": 1, "651b00b05a5312f83a1b1c13f6d5aa6a-compress": 1, "651b00b05a5312f83a1b1c13f6d5aa6a-shear_15nN_rerun": 1, "651b00b05a5312f83a1b1c13f6d5aa6a-equilibrate": 1, "651b00b05a5312f83a1b1c13f6d5aa6a-shear_5nN_extend_grompp": 1, "651b00b05a5312f83a1b1c13f6d5aa6a-shear_25nN_extend_grompp": 1, "651b00b05a5312f83a1b1c13f6d5aa6a-shear_5nN": 1, "651b00b05a5312f83a1b1c13f6d5aa6a-top_to_mol2": 1, "651b00b05a5312f83a1b1c13f6d5aa6a-calc_roughness": 1, "651b00b05a5312f83a1b1c13f6d5aa6a-shear_25nN_grompp": 1, "651b00b05a5312f83a1b1c13f6d5aa6a-shear_15nN": 1, "651b00b05a5312f83a1b1c13f6d5aa6a-shear_5nN_rerun_grompp": 1, "651b00b05a5312f83a1b1c13f6d5aa6a-log_cof": 1, "651b00b05a5312f83a1b1c13f6d5aa6a-compress_grompp": 1, "651b00b05a5312f83a1b1c13f6d5aa6a-unwrap_shear_15nN": 1, "651b00b05a5312f83a1b1c13f6d5aa6a-shear_15nN_grompp": 1}, "polar_solvation_energy": -14.13}