{"shear_15nN_Etotal": [-1915.850038116707, 67.29142818715663], "molecular_weight": 95.0942, "shear_25nN_Etotal": [-2022.9208253749, 68.34106355683994], "surface_area": 96.58, "shear_15nN_qq": [-209.34259221982413, 32.432417433090556], "enthalpy_vibrational": 248.15, "shear_5nN_qq": [-205.1026522917666, 33.40375705005327], "tilt": {"5nN": 31.090914455497522, "15nN": 34.15886320728517, "25nN": 36.8948032877728}, "intercept": 1.856265837139849, "shear_25nN_lj": [-1809.0374472837732, 50.68454232175198], "entropy_rotational": 112.71, "shear_5nN_lj": [-1531.8553641382894, 61.643097619704236], "shear_25nN_qq": [-213.88337809112707, 34.69569568470421], "nonpolar_solvation_energy": 14.09, "total_solvation_energy": 6.28, "shear_15nN_lj": [-1706.5074458968827, 50.63365039898408], "shear_5nN_Etotal": [-1736.958016430056, 83.21711946842366], "interdigitation": {"5nN": 0.19200338131482836, "15nN": 0.17629292314457515, "25nN": 0.17578576988269082}, "entropy_vibrational": 30.51, "heat_capacity_vibrational": 58.87, "entropy_translational": 165.68, "status": {"8d0a54b410da23373a526ec04b6880e9-minimize": 1, "8d0a54b410da23373a526ec04b6880e9-compress_grompp": 1, "8d0a54b410da23373a526ec04b6880e9-shear_5nN_extend": 1, "8d0a54b410da23373a526ec04b6880e9-shear_5nN_rerun_grompp": 1, "8d0a54b410da23373a526ec04b6880e9-calc_tilt_shear": 1, "8d0a54b410da23373a526ec04b6880e9-log_interaction_energy_25nN": 1, "8d0a54b410da23373a526ec04b6880e9-get_interaction_energy_25nN": 1, "8d0a54b410da23373a526ec04b6880e9-shear_25nN_extend": 1, "8d0a54b410da23373a526ec04b6880e9-shear_5nN": 1, "8d0a54b410da23373a526ec04b6880e9-shear_15nN_extend_grompp": 1, "8d0a54b410da23373a526ec04b6880e9-equilibrate": 1, "8d0a54b410da23373a526ec04b6880e9-shear_25nN_rerun_grompp": 1, "8d0a54b410da23373a526ec04b6880e9-log_tilt": 1, "8d0a54b410da23373a526ec04b6880e9-shear_25nN": 1, "8d0a54b410da23373a526ec04b6880e9-shear_15nN_rerun_grompp": 1, "8d0a54b410da23373a526ec04b6880e9-shear_25nN_rerun": 1, "8d0a54b410da23373a526ec04b6880e9-get_interaction_energy_5nN": 1, "8d0a54b410da23373a526ec04b6880e9-calc_roughness": 1, "8d0a54b410da23373a526ec04b6880e9-lammps_to_gmx": 1, "8d0a54b410da23373a526ec04b6880e9-top_to_mol2": 1, "8d0a54b410da23373a526ec04b6880e9-shear_15nN_grompp": 1, "8d0a54b410da23373a526ec04b6880e9-count_hydrogen_bonds": 1, "8d0a54b410da23373a526ec04b6880e9-calc_friction": 1, "8d0a54b410da23373a526ec04b6880e9-fix_overlaps": 1, "8d0a54b410da23373a526ec04b6880e9-shear_5nN_rerun": 1, "8d0a54b410da23373a526ec04b6880e9-unwrap_shear_5nN": 1, "8d0a54b410da23373a526ec04b6880e9-unwrap_shear_25nN": 1, "8d0a54b410da23373a526ec04b6880e9-calc_S2_shear": 1, "8d0a54b410da23373a526ec04b6880e9-shear_5nN_grompp": 1, "8d0a54b410da23373a526ec04b6880e9-get_interaction_energy_15nN": 1, "8d0a54b410da23373a526ec04b6880e9-minimize_grompp": 1, "8d0a54b410da23373a526ec04b6880e9-calc_interdigitation": 1, "8d0a54b410da23373a526ec04b6880e9-shear_15nN_extend": 1, "8d0a54b410da23373a526ec04b6880e9-log_S2": 1, "8d0a54b410da23373a526ec04b6880e9-shear_25nN_grompp": 1, "8d0a54b410da23373a526ec04b6880e9-unwrap_shear_15nN": 1, "8d0a54b410da23373a526ec04b6880e9-initialize": 1, "8d0a54b410da23373a526ec04b6880e9-log_cof": 1, "8d0a54b410da23373a526ec04b6880e9-log_interaction_energy_15nN": 1, "8d0a54b410da23373a526ec04b6880e9-shear_15nN": 1, "8d0a54b410da23373a526ec04b6880e9-log_interaction_energy_5nN": 1, "8d0a54b410da23373a526ec04b6880e9-equilibrate_grompp": 1, "8d0a54b410da23373a526ec04b6880e9-shear_5nN_extend_grompp": 1, "8d0a54b410da23373a526ec04b6880e9-compress": 1, "8d0a54b410da23373a526ec04b6880e9-shear_25nN_extend_grompp": 1, "8d0a54b410da23373a526ec04b6880e9-shear_15nN_rerun": 1}, "S2": {"5nN": 0.8901810488908259, "15nN": 0.8921334751967773, "25nN": 0.9073898245688805}, "dipole_moment": 2.03, "COF": 0.10886590721747738, "roughness": {"5nN": 0.06702078723292422, "15nN": 0.06133752071438495, "25nN": 0.05848438296537086}, "polar_solvation_energy": -7.83}