{"enthalpy_vibrational": 248.15, "shear_5nN_Etotal": [-1736.958016430056, 83.21711946842366], "heat_capacity_vibrational": 58.87, "entropy_vibrational": 30.51, "interdigitation": {"25nN": 0.1756682022353221, "5nN": 0.19174206588514403, "15nN": 0.17613633285303995}, "polar_solvation_energy": -7.83, "shear_15nN_qq": [-209.34259221982413, 32.432417433090556], "nonpolar_solvation_energy": 14.09, "molecular_weight": 95.0942, "shear_15nN_Etotal": [-1915.850038116707, 67.29142818715663], "roughness": {"25nN": 0.05848438296537086, "5nN": 0.06702078723292422, "15nN": 0.06133752071438495}, "tilt": {"25nN": 36.8948032877728, "5nN": 31.090914455497522, "15nN": 34.15886320728517}, "shear_15nN_lj": [-1706.5074458968827, 50.63365039898408], "surface_area": 96.58, "total_solvation_energy": 6.28, "dipole_moment": 2.03, "entropy_rotational": 112.71, "shear_25nN_lj": [-1809.0374472837732, 50.68454232175198], "shear_5nN_lj": [-1531.8553641382894, 61.643097619704236], "status": {"8d0a54b410da23373a526ec04b6880e9-unwrap_shear_25nN": 1, "8d0a54b410da23373a526ec04b6880e9-shear_15nN": 1, "8d0a54b410da23373a526ec04b6880e9-shear_5nN_extend_grompp": 1, "8d0a54b410da23373a526ec04b6880e9-lammps_to_gmx": 1, "8d0a54b410da23373a526ec04b6880e9-log_tilt": 1, "8d0a54b410da23373a526ec04b6880e9-log_S2": 1, "8d0a54b410da23373a526ec04b6880e9-minimize": 1, "8d0a54b410da23373a526ec04b6880e9-calc_roughness": 1, "8d0a54b410da23373a526ec04b6880e9-equilibrate_grompp": 1, "8d0a54b410da23373a526ec04b6880e9-fix_overlaps": 1, "8d0a54b410da23373a526ec04b6880e9-shear_15nN_rerun": 1, "8d0a54b410da23373a526ec04b6880e9-shear_15nN_grompp": 1, "8d0a54b410da23373a526ec04b6880e9-count_hydrogen_bonds": 1, "8d0a54b410da23373a526ec04b6880e9-compress_grompp": 1, "8d0a54b410da23373a526ec04b6880e9-shear_15nN_extend_grompp": 1, "8d0a54b410da23373a526ec04b6880e9-get_interaction_energy_15nN": 1, "8d0a54b410da23373a526ec04b6880e9-shear_5nN": 1, "8d0a54b410da23373a526ec04b6880e9-calc_tilt_shear": 1, "8d0a54b410da23373a526ec04b6880e9-shear_25nN_grompp": 1, "8d0a54b410da23373a526ec04b6880e9-initialize": 1, "8d0a54b410da23373a526ec04b6880e9-top_to_mol2": 1, "8d0a54b410da23373a526ec04b6880e9-compress": 1, "8d0a54b410da23373a526ec04b6880e9-shear_25nN_rerun_grompp": 1, "8d0a54b410da23373a526ec04b6880e9-calc_friction": 1, "8d0a54b410da23373a526ec04b6880e9-equilibrate": 1, "8d0a54b410da23373a526ec04b6880e9-unwrap_shear_15nN": 1, "8d0a54b410da23373a526ec04b6880e9-shear_5nN_rerun": 1, "8d0a54b410da23373a526ec04b6880e9-shear_15nN_rerun_grompp": 1, "8d0a54b410da23373a526ec04b6880e9-calc_S2_shear": 1, "8d0a54b410da23373a526ec04b6880e9-get_interaction_energy_5nN": 1, "8d0a54b410da23373a526ec04b6880e9-log_cof": 1, "8d0a54b410da23373a526ec04b6880e9-shear_5nN_rerun_grompp": 1, "8d0a54b410da23373a526ec04b6880e9-unwrap_shear_5nN": 1, "8d0a54b410da23373a526ec04b6880e9-calc_interdigitation": 6, "8d0a54b410da23373a526ec04b6880e9-shear_25nN_extend": 1, "8d0a54b410da23373a526ec04b6880e9-shear_25nN_extend_grompp": 1, "8d0a54b410da23373a526ec04b6880e9-shear_15nN_extend": 1, "8d0a54b410da23373a526ec04b6880e9-log_interaction_energy_5nN": 1, "8d0a54b410da23373a526ec04b6880e9-shear_5nN_extend": 1, "8d0a54b410da23373a526ec04b6880e9-shear_25nN_rerun": 1, "8d0a54b410da23373a526ec04b6880e9-minimize_grompp": 1, "8d0a54b410da23373a526ec04b6880e9-get_interaction_energy_25nN": 1, "8d0a54b410da23373a526ec04b6880e9-log_interaction_energy_15nN": 1, "8d0a54b410da23373a526ec04b6880e9-log_interaction_energy_25nN": 1, "8d0a54b410da23373a526ec04b6880e9-shear_25nN": 1, "8d0a54b410da23373a526ec04b6880e9-shear_5nN_grompp": 1}, "shear_25nN_Etotal": [-2022.9208253749, 68.34106355683994], "shear_25nN_qq": [-213.88337809112707, 34.69569568470421], "ch3-smiles": "CC1=CC=C(F)C=C1", "intercept": 1.856265837139849, "shear_5nN_qq": [-205.1026522917666, 33.40375705005327], "COF": 0.10886590721747738, "chain-smiles": "CCCCCCCCCCCCCCCCCC1=CC=C(F)C=C1", "h-smiles": "C1=CC=C(F)C=C1", "entropy_translational": 165.68, "S2": {"25nN": 0.9073898245688805, "5nN": 0.8901810488908259, "15nN": 0.8921334751967773}}