{"shear_25nN_Etotal": [-1955.052302643485, 67.4357819792788], "shear_15nN_qq": [-191.82816973141487, 30.537226967826793], "entropy_rotational": 112.71, "tilt": {"5nN": 32.889553518112635, "15nN": 35.844288086055, "25nN": 38.15771813895419}, "interdigitation": {"5nN": 0.21053539831431373, "15nN": 0.18218747281820802, "25nN": 0.1733262363286256}, "S2": {"5nN": 0.9536666312723462, "15nN": 0.9391151510887613, "25nN": 0.9418291619980552}, "total_solvation_energy": 6.28, "intercept": 1.9309153162217243, "COF": 0.11507315231685276, "heat_capacity_vibrational": 58.87, "shear_25nN_qq": [-178.8873144004796, 31.411403083069818], "dipole_moment": 2.03, "enthalpy_vibrational": 248.15, "entropy_translational": 165.68, "shear_25nN_lj": [-1776.1649882430054, 53.44825107123348], "shear_5nN_qq": [-186.5614032509992, 31.24569732398134], "surface_area": 96.58, "shear_5nN_Etotal": [-1697.2593810167864, 80.09875516927373], "roughness": {"5nN": 0.07315181384489404, "15nN": 0.05751564192165836, "25nN": 0.05922358784752214}, "polar_solvation_energy": -7.83, "status": {"8ba4a494b34d390889d62fd43be94b79-shear_15nN_rerun": 1, "8ba4a494b34d390889d62fd43be94b79-log_interaction_energy_15nN": 1, "8ba4a494b34d390889d62fd43be94b79-compress": 1, "8ba4a494b34d390889d62fd43be94b79-shear_25nN_extend_grompp": 1, "8ba4a494b34d390889d62fd43be94b79-shear_5nN_extend_grompp": 1, "8ba4a494b34d390889d62fd43be94b79-get_interaction_energy_25nN": 1, "8ba4a494b34d390889d62fd43be94b79-unwrap_shear_15nN": 1, "8ba4a494b34d390889d62fd43be94b79-initialize": 1, "8ba4a494b34d390889d62fd43be94b79-shear_5nN": 1, "8ba4a494b34d390889d62fd43be94b79-calc_S2_shear": 1, "8ba4a494b34d390889d62fd43be94b79-unwrap_shear_5nN": 1, "8ba4a494b34d390889d62fd43be94b79-fix_overlaps": 1, "8ba4a494b34d390889d62fd43be94b79-shear_15nN_extend_grompp": 1, "8ba4a494b34d390889d62fd43be94b79-top_to_mol2": 1, "8ba4a494b34d390889d62fd43be94b79-log_cof": 1, "8ba4a494b34d390889d62fd43be94b79-shear_15nN_rerun_grompp": 1, "8ba4a494b34d390889d62fd43be94b79-shear_25nN_rerun": 1, "8ba4a494b34d390889d62fd43be94b79-count_hydrogen_bonds": 1, "8ba4a494b34d390889d62fd43be94b79-get_interaction_energy_15nN": 1, "8ba4a494b34d390889d62fd43be94b79-shear_15nN": 1, "8ba4a494b34d390889d62fd43be94b79-shear_25nN": 1, "8ba4a494b34d390889d62fd43be94b79-shear_5nN_rerun_grompp": 1, "8ba4a494b34d390889d62fd43be94b79-calc_tilt_shear": 1, "8ba4a494b34d390889d62fd43be94b79-calc_interdigitation": 6, "8ba4a494b34d390889d62fd43be94b79-shear_25nN_grompp": 1, "8ba4a494b34d390889d62fd43be94b79-get_interaction_energy_5nN": 1, "8ba4a494b34d390889d62fd43be94b79-unwrap_shear_25nN": 1, "8ba4a494b34d390889d62fd43be94b79-shear_5nN_grompp": 1, "8ba4a494b34d390889d62fd43be94b79-lammps_to_gmx": 1, "8ba4a494b34d390889d62fd43be94b79-shear_15nN_extend": 1, "8ba4a494b34d390889d62fd43be94b79-log_S2": 1, "8ba4a494b34d390889d62fd43be94b79-shear_25nN_extend": 1, "8ba4a494b34d390889d62fd43be94b79-shear_5nN_rerun": 1, "8ba4a494b34d390889d62fd43be94b79-equilibrate_grompp": 1, "8ba4a494b34d390889d62fd43be94b79-calc_friction": 1, "8ba4a494b34d390889d62fd43be94b79-shear_25nN_rerun_grompp": 1, "8ba4a494b34d390889d62fd43be94b79-log_tilt": 1, "8ba4a494b34d390889d62fd43be94b79-log_interaction_energy_25nN": 1, "8ba4a494b34d390889d62fd43be94b79-minimize_grompp": 1, "8ba4a494b34d390889d62fd43be94b79-shear_5nN_extend": 1, "8ba4a494b34d390889d62fd43be94b79-calc_roughness": 1, "8ba4a494b34d390889d62fd43be94b79-minimize": 1, "8ba4a494b34d390889d62fd43be94b79-equilibrate": 1, "8ba4a494b34d390889d62fd43be94b79-compress_grompp": 1, "8ba4a494b34d390889d62fd43be94b79-shear_15nN_grompp": 1, "8ba4a494b34d390889d62fd43be94b79-log_interaction_energy_5nN": 1}, "shear_15nN_Etotal": [-1894.3296757434055, 67.3545011535812], "shear_5nN_lj": [-1510.6979777657875, 60.877641084622454], "shear_15nN_lj": [-1702.5015060119904, 51.345152401705406], "nonpolar_solvation_energy": 14.09, "entropy_vibrational": 30.51, "molecular_weight": 95.0942}