{"enthalpy_vibrational": 248.15, "shear_5nN_Etotal": [-1725.220503960032, 74.14371770948945], "heat_capacity_vibrational": 58.87, "entropy_vibrational": 30.51, "interdigitation": {"25nN": 0.17247418408115253, "5nN": 0.19530025889493424, "15nN": 0.17842290382796455}, "polar_solvation_energy": -7.83, "shear_15nN_qq": [-180.2819290119904, 30.317695433327646], "nonpolar_solvation_energy": 14.09, "molecular_weight": 95.0942, "shear_15nN_Etotal": [-1916.5964782621904, 65.77529419680384], "roughness": {"25nN": 0.060749391428530586, "5nN": 0.06484339933572496, "15nN": 0.056294359076031426}, "tilt": {"25nN": 37.022305713662, "5nN": 31.921721000298483, "15nN": 35.59204498442392}, "shear_15nN_lj": [-1736.3145492502, 51.65556897125844], "surface_area": 96.58, "total_solvation_energy": 6.28, "dipole_moment": 2.03, "entropy_rotational": 112.71, "shear_25nN_lj": [-1795.6580392909673, 51.38789337020373], "shear_5nN_lj": [-1523.551165319744, 56.73342242142871], "status": {"77a4d04b324d6ab911f906088c4f88ce-log_interaction_energy_25nN": 1, "77a4d04b324d6ab911f906088c4f88ce-shear_5nN_rerun_grompp": 1, "77a4d04b324d6ab911f906088c4f88ce-shear_15nN_extend_grompp": 1, "77a4d04b324d6ab911f906088c4f88ce-count_hydrogen_bonds": 1, "77a4d04b324d6ab911f906088c4f88ce-get_interaction_energy_5nN": 1, "77a4d04b324d6ab911f906088c4f88ce-equilibrate": 1, "77a4d04b324d6ab911f906088c4f88ce-lammps_to_gmx": 1, "77a4d04b324d6ab911f906088c4f88ce-shear_15nN": 1, "77a4d04b324d6ab911f906088c4f88ce-shear_25nN_extend": 1, "77a4d04b324d6ab911f906088c4f88ce-calc_tilt_shear": 1, "77a4d04b324d6ab911f906088c4f88ce-calc_S2_shear": 1, "77a4d04b324d6ab911f906088c4f88ce-shear_5nN_grompp": 1, "77a4d04b324d6ab911f906088c4f88ce-compress": 1, "77a4d04b324d6ab911f906088c4f88ce-unwrap_shear_15nN": 1, "77a4d04b324d6ab911f906088c4f88ce-minimize_grompp": 1, "77a4d04b324d6ab911f906088c4f88ce-minimize": 1, "77a4d04b324d6ab911f906088c4f88ce-unwrap_shear_25nN": 1, "77a4d04b324d6ab911f906088c4f88ce-shear_5nN": 1, "77a4d04b324d6ab911f906088c4f88ce-shear_5nN_extend": 1, "77a4d04b324d6ab911f906088c4f88ce-shear_25nN_grompp": 1, "77a4d04b324d6ab911f906088c4f88ce-log_tilt": 1, "77a4d04b324d6ab911f906088c4f88ce-log_S2": 1, "77a4d04b324d6ab911f906088c4f88ce-shear_15nN_rerun_grompp": 1, "77a4d04b324d6ab911f906088c4f88ce-unwrap_shear_5nN": 1, "77a4d04b324d6ab911f906088c4f88ce-log_interaction_energy_15nN": 1, "77a4d04b324d6ab911f906088c4f88ce-shear_15nN_grompp": 1, "77a4d04b324d6ab911f906088c4f88ce-calc_roughness": 1, "77a4d04b324d6ab911f906088c4f88ce-shear_5nN_extend_grompp": 1, "77a4d04b324d6ab911f906088c4f88ce-shear_25nN_rerun": 1, "77a4d04b324d6ab911f906088c4f88ce-initialize": 1, "77a4d04b324d6ab911f906088c4f88ce-shear_25nN": 1, "77a4d04b324d6ab911f906088c4f88ce-top_to_mol2": 1, "77a4d04b324d6ab911f906088c4f88ce-shear_5nN_rerun": 1, "77a4d04b324d6ab911f906088c4f88ce-shear_15nN_extend": 1, "77a4d04b324d6ab911f906088c4f88ce-compress_grompp": 1, "77a4d04b324d6ab911f906088c4f88ce-log_interaction_energy_5nN": 1, "77a4d04b324d6ab911f906088c4f88ce-log_cof": 1, "77a4d04b324d6ab911f906088c4f88ce-equilibrate_grompp": 1, "77a4d04b324d6ab911f906088c4f88ce-fix_overlaps": 1, "77a4d04b324d6ab911f906088c4f88ce-shear_25nN_rerun_grompp": 1, "77a4d04b324d6ab911f906088c4f88ce-shear_25nN_extend_grompp": 1, "77a4d04b324d6ab911f906088c4f88ce-get_interaction_energy_15nN": 1, "77a4d04b324d6ab911f906088c4f88ce-get_interaction_energy_25nN": 1, "77a4d04b324d6ab911f906088c4f88ce-calc_friction": 1, "77a4d04b324d6ab911f906088c4f88ce-shear_15nN_rerun": 1, "77a4d04b324d6ab911f906088c4f88ce-calc_interdigitation": 1}, "shear_25nN_Etotal": [-1945.7658012693846, 64.8149876788041], "shear_25nN_qq": [-150.10776197841724, 30.06355533868832], "ch3-smiles": "CC1=CC=C(F)C=C1", "intercept": 1.9339338328525062, "shear_5nN_qq": [-201.66933864028775, 29.16904765503929], "COF": 0.10621095328019454, "chain-smiles": "CCCCCCCCCCCCCCCCCC1=CC=C(F)C=C1", "h-smiles": "C1=CC=C(F)C=C1", "entropy_translational": 165.68, "S2": {"25nN": 0.8943398158323853, "5nN": 0.9424218424137559, "15nN": 0.9048264359221274}}