{"entropy_rotational": 90.56, "dipole_moment": 3.16, "shear_15nN_Etotal": [-2079.0862304492407, 94.97047958192054], "status": {"164606ea48c76507638b9c505c0e5b85-shear_15nN_rerun": 1, "164606ea48c76507638b9c505c0e5b85-compress_grompp": 1, "164606ea48c76507638b9c505c0e5b85-shear_25nN_grompp": 1, "164606ea48c76507638b9c505c0e5b85-shear_5nN_extend_grompp": 1, "164606ea48c76507638b9c505c0e5b85-log_interaction_energy_15nN": 1, "164606ea48c76507638b9c505c0e5b85-get_interaction_energy_15nN": 1, "164606ea48c76507638b9c505c0e5b85-unwrap_shear_5nN": 1, "164606ea48c76507638b9c505c0e5b85-calc_tilt_shear": 1, "164606ea48c76507638b9c505c0e5b85-shear_15nN_grompp": 1, "164606ea48c76507638b9c505c0e5b85-get_interaction_energy_25nN": 1, "164606ea48c76507638b9c505c0e5b85-count_hydrogen_bonds": 1, "164606ea48c76507638b9c505c0e5b85-log_tilt": 1, "164606ea48c76507638b9c505c0e5b85-shear_15nN_extend_grompp": 1, "164606ea48c76507638b9c505c0e5b85-equilibrate": 1, "164606ea48c76507638b9c505c0e5b85-log_S2": 1, "164606ea48c76507638b9c505c0e5b85-log_interaction_energy_5nN": 1, "164606ea48c76507638b9c505c0e5b85-top_to_mol2": 1, "164606ea48c76507638b9c505c0e5b85-lammps_to_gmx": 1, "164606ea48c76507638b9c505c0e5b85-log_cof": 1, "164606ea48c76507638b9c505c0e5b85-initialize": 1, "164606ea48c76507638b9c505c0e5b85-equilibrate_grompp": 1, "164606ea48c76507638b9c505c0e5b85-log_interaction_energy_25nN": 1, "164606ea48c76507638b9c505c0e5b85-shear_15nN_extend": 1, "164606ea48c76507638b9c505c0e5b85-shear_5nN_rerun": 1, "164606ea48c76507638b9c505c0e5b85-shear_5nN": 1, "164606ea48c76507638b9c505c0e5b85-compress": 1, "164606ea48c76507638b9c505c0e5b85-shear_15nN_rerun_grompp": 1, "164606ea48c76507638b9c505c0e5b85-shear_25nN_extend_grompp": 1, "164606ea48c76507638b9c505c0e5b85-minimize": 1, "164606ea48c76507638b9c505c0e5b85-shear_25nN_rerun_grompp": 1, "164606ea48c76507638b9c505c0e5b85-unwrap_shear_25nN": 1, "164606ea48c76507638b9c505c0e5b85-shear_5nN_rerun_grompp": 1, "164606ea48c76507638b9c505c0e5b85-shear_5nN_extend": 1, "164606ea48c76507638b9c505c0e5b85-unwrap_shear_15nN": 1, "164606ea48c76507638b9c505c0e5b85-calc_S2_shear": 1, "164606ea48c76507638b9c505c0e5b85-calc_roughness": 1, "164606ea48c76507638b9c505c0e5b85-calc_interdigitation": 6, "164606ea48c76507638b9c505c0e5b85-shear_25nN": 1, "164606ea48c76507638b9c505c0e5b85-minimize_grompp": 1, "164606ea48c76507638b9c505c0e5b85-shear_25nN_rerun": 1, "164606ea48c76507638b9c505c0e5b85-shear_25nN_extend": 1, "164606ea48c76507638b9c505c0e5b85-shear_5nN_grompp": 1, "164606ea48c76507638b9c505c0e5b85-shear_15nN": 1, "164606ea48c76507638b9c505c0e5b85-get_interaction_energy_5nN": 1, "164606ea48c76507638b9c505c0e5b85-fix_overlaps": 1, "164606ea48c76507638b9c505c0e5b85-calc_friction": 1}, "total_solvation_energy": -7.02, "nonpolar_solvation_energy": 8.9, "shear_15nN_qq": [-319.7790935451639, 77.6165935937472], "molecular_weight": 43.0445, "enthalpy_vibrational": 148.05, "interdigitation": {"5nN": 0.135577572690756, "15nN": 0.13330981387250043, "25nN": 0.11951424869077062}, "S2": {"5nN": 0.9071082826925163, "15nN": 0.9036532966371404, "25nN": 0.8808823462675326}, "polar_solvation_energy": -15.94, "roughness": {"5nN": 0.07351692832508971, "15nN": 0.06888849757717784, "25nN": 0.05791751110451671}, "shear_25nN_Etotal": [-2176.5508871119105, 98.71503308169673], "shear_5nN_Etotal": [-1770.6193308896884, 85.20007553346547], "shear_5nN_lj": [-1534.0519897498002, 48.494498991776304], "shear_5nN_qq": [-236.56734113988807, 60.70439701395303], "shear_15nN_lj": [-1759.3071369040767, 46.16510959671993], "shear_25nN_lj": [-1861.2016575235812, 48.230711857964316], "entropy_vibrational": 16.85, "heat_capacity_vibrational": 22.11, "surface_area": 66.15, "tilt": {"5nN": 30.70944035262239, "15nN": 34.74780396223824, "25nN": 36.46081154823032}, "shear_25nN_qq": [-315.34922958832937, 80.9917409985904], "intercept": 1.4146261598637206, "entropy_translational": 155.95, "COF": 0.14569523012532823}