{"enthalpy_vibrational": 87.35, "shear_5nN_Etotal": [-4104.688107128697, 194.30370289207022], "heat_capacity_vibrational": 15.26, "entropy_vibrational": 7.1, "interdigitation": {"25nN": 0.11482719841079408, "5nN": 0.11086408933015714, "15nN": 0.11751614424092077}, "polar_solvation_energy": -36.43, "shear_15nN_qq": [-2053.396585265388, 180.10821837269972], "nonpolar_solvation_energy": 3.72, "molecular_weight": 45.0174, "shear_15nN_Etotal": [-4131.135198784971, 180.31966215564265], "roughness": {"25nN": 0.04669653277525438, "5nN": 0.04928407664548105, "15nN": 0.050970004549600385}, "tilt": {"25nN": 41.22647684373165, "5nN": 37.546831686654485, "15nN": 39.57687805326563}, "shear_15nN_lj": [-2077.7386135195848, 62.85338934997278], "surface_area": 64.71, "total_solvation_energy": -32.72, "dipole_moment": 4.81, "entropy_rotational": 87.93, "shear_25nN_lj": [-2157.0414105179852, 63.62525845983888], "shear_5nN_lj": [-1937.8654157689848, 67.61439019150271], "status": {"6022a68bbc4cba060f60bbc95d40b0d9-shear_25nN_rerun": 1, "6022a68bbc4cba060f60bbc95d40b0d9-log_S2": 1, "6022a68bbc4cba060f60bbc95d40b0d9-shear_25nN_extend": 1, "6022a68bbc4cba060f60bbc95d40b0d9-get_interaction_energy_15nN": 1, "6022a68bbc4cba060f60bbc95d40b0d9-shear_25nN": 1, "6022a68bbc4cba060f60bbc95d40b0d9-lammps_to_gmx": 1, "6022a68bbc4cba060f60bbc95d40b0d9-minimize": 1, "6022a68bbc4cba060f60bbc95d40b0d9-fix_overlaps": 1, "6022a68bbc4cba060f60bbc95d40b0d9-shear_15nN_extend": 1, "6022a68bbc4cba060f60bbc95d40b0d9-log_tilt": 1, "6022a68bbc4cba060f60bbc95d40b0d9-shear_25nN_grompp": 1, "6022a68bbc4cba060f60bbc95d40b0d9-shear_5nN_grompp": 1, "6022a68bbc4cba060f60bbc95d40b0d9-minimize_grompp": 1, "6022a68bbc4cba060f60bbc95d40b0d9-shear_15nN_rerun": 1, "6022a68bbc4cba060f60bbc95d40b0d9-shear_5nN_rerun_grompp": 1, "6022a68bbc4cba060f60bbc95d40b0d9-equilibrate": 1, "6022a68bbc4cba060f60bbc95d40b0d9-shear_15nN_grompp": 1, "6022a68bbc4cba060f60bbc95d40b0d9-calc_S2_shear": 1, "6022a68bbc4cba060f60bbc95d40b0d9-shear_15nN": 1, "6022a68bbc4cba060f60bbc95d40b0d9-log_cof": 1, "6022a68bbc4cba060f60bbc95d40b0d9-calc_roughness": 1, "6022a68bbc4cba060f60bbc95d40b0d9-shear_15nN_rerun_grompp": 1, "6022a68bbc4cba060f60bbc95d40b0d9-count_hydrogen_bonds": 1, "6022a68bbc4cba060f60bbc95d40b0d9-log_interaction_energy_25nN": 1, "6022a68bbc4cba060f60bbc95d40b0d9-unwrap_shear_15nN": 1, "6022a68bbc4cba060f60bbc95d40b0d9-shear_5nN_rerun": 1, "6022a68bbc4cba060f60bbc95d40b0d9-calc_interdigitation": 3, "6022a68bbc4cba060f60bbc95d40b0d9-log_interaction_energy_15nN": 1, "6022a68bbc4cba060f60bbc95d40b0d9-equilibrate_grompp": 1, "6022a68bbc4cba060f60bbc95d40b0d9-shear_25nN_extend_grompp": 1, "6022a68bbc4cba060f60bbc95d40b0d9-calc_tilt_shear": 1, "6022a68bbc4cba060f60bbc95d40b0d9-log_interaction_energy_5nN": 1, "6022a68bbc4cba060f60bbc95d40b0d9-shear_5nN_extend_grompp": 1, "6022a68bbc4cba060f60bbc95d40b0d9-calc_friction": 1, "6022a68bbc4cba060f60bbc95d40b0d9-shear_5nN_extend": 1, "6022a68bbc4cba060f60bbc95d40b0d9-compress_grompp": 1, "6022a68bbc4cba060f60bbc95d40b0d9-shear_15nN_extend_grompp": 1, "6022a68bbc4cba060f60bbc95d40b0d9-shear_25nN_rerun_grompp": 1, "6022a68bbc4cba060f60bbc95d40b0d9-initialize": 1, "6022a68bbc4cba060f60bbc95d40b0d9-unwrap_shear_25nN": 1, "6022a68bbc4cba060f60bbc95d40b0d9-unwrap_shear_5nN": 1, "6022a68bbc4cba060f60bbc95d40b0d9-get_interaction_energy_5nN": 1, "6022a68bbc4cba060f60bbc95d40b0d9-compress": 1, "6022a68bbc4cba060f60bbc95d40b0d9-get_interaction_energy_25nN": 1, "6022a68bbc4cba060f60bbc95d40b0d9-top_to_mol2": 1, "6022a68bbc4cba060f60bbc95d40b0d9-shear_5nN": 1}, "shear_25nN_Etotal": [-4224.924423051959, 178.8646634925978], "shear_25nN_qq": [-2067.8830125339723, 181.11400592931344], "ch3-smiles": "CC(=O)O", "intercept": 6.008094232970274, "shear_5nN_qq": [-2166.8226913597123, 188.958300025378], "COF": 0.1484341721557403, "chain-smiles": "CCCCCCCCCCCCCCCCCC(=O)O", "h-smiles": "C(=O)O", "entropy_translational": 156.5, "S2": {"25nN": 0.9656016253861973, "5nN": 0.97291834136486, "15nN": 0.9680979830200152}}