{"shear_15nN_Etotal": [-1331.5063727569943, 76.6594811111475], "molecular_weight": 31.0338, "shear_25nN_Etotal": [-1444.6360476882494, 79.3466347118468], "surface_area": 54.24, "shear_15nN_qq": [255.8950610607514, 56.69435839625932], "enthalpy_vibrational": 133.72, "shear_5nN_qq": [293.000078538769, 48.850598207612116], "tilt": {"5nN": 29.44233626727959, "15nN": 33.94397048930633, "25nN": 36.62111416021837}, "intercept": 1.4710785597586216, "shear_25nN_lj": [-1684.237751390887, 48.569183619085685], "entropy_rotational": 79.18, "shear_5nN_lj": [-1361.1611857945643, 50.26975982492408], "shear_25nN_qq": [239.60170370263788, 63.30552493925658], "nonpolar_solvation_energy": 5.64, "total_solvation_energy": -5.11, "shear_15nN_lj": [-1587.4014338177458, 49.523599323657244], "shear_5nN_Etotal": [-1068.1611072557955, 70.51425291192518], "interdigitation": {"5nN": 0.1273344215560237, "25nN": 0.12165500378370478, "15nN": 0.12434063136764033}, "entropy_vibrational": 7.17, "heat_capacity_vibrational": 12.98, "entropy_translational": 151.98, "status": {"db6902cec7cde1cbda7ed64417da031f-shear_25nN_rerun_grompp": 1, "db6902cec7cde1cbda7ed64417da031f-get_interaction_energy_25nN": 1, "db6902cec7cde1cbda7ed64417da031f-shear_5nN_rerun": 1, "db6902cec7cde1cbda7ed64417da031f-unwrap_shear_5nN": 1, "db6902cec7cde1cbda7ed64417da031f-log_interaction_energy_15nN": 1, "db6902cec7cde1cbda7ed64417da031f-shear_25nN": 1, "db6902cec7cde1cbda7ed64417da031f-unwrap_shear_15nN": 1, "db6902cec7cde1cbda7ed64417da031f-calc_interdigitation": 1, "db6902cec7cde1cbda7ed64417da031f-shear_5nN_extend_grompp": 1, "db6902cec7cde1cbda7ed64417da031f-top_to_mol2": 1, "db6902cec7cde1cbda7ed64417da031f-initialize": 1, "db6902cec7cde1cbda7ed64417da031f-compress": 1, "db6902cec7cde1cbda7ed64417da031f-shear_15nN_grompp": 1, "db6902cec7cde1cbda7ed64417da031f-shear_15nN_rerun_grompp": 1, "db6902cec7cde1cbda7ed64417da031f-count_hydrogen_bonds": 1, "db6902cec7cde1cbda7ed64417da031f-get_interaction_energy_15nN": 1, "db6902cec7cde1cbda7ed64417da031f-minimize": 1, "db6902cec7cde1cbda7ed64417da031f-shear_25nN_extend": 1, "db6902cec7cde1cbda7ed64417da031f-calc_S2_shear": 1, "db6902cec7cde1cbda7ed64417da031f-calc_friction": 1, "db6902cec7cde1cbda7ed64417da031f-shear_15nN_extend": 1, "db6902cec7cde1cbda7ed64417da031f-equilibrate": 1, "db6902cec7cde1cbda7ed64417da031f-shear_15nN_rerun": 1, "db6902cec7cde1cbda7ed64417da031f-calc_tilt_shear": 1, "db6902cec7cde1cbda7ed64417da031f-shear_5nN_extend": 1, "db6902cec7cde1cbda7ed64417da031f-log_S2": 1, "db6902cec7cde1cbda7ed64417da031f-shear_5nN": 1, "db6902cec7cde1cbda7ed64417da031f-unwrap_shear_25nN": 1, "db6902cec7cde1cbda7ed64417da031f-minimize_grompp": 1, "db6902cec7cde1cbda7ed64417da031f-equilibrate_grompp": 1, "db6902cec7cde1cbda7ed64417da031f-fix_overlaps": 1, "db6902cec7cde1cbda7ed64417da031f-log_interaction_energy_25nN": 1, "db6902cec7cde1cbda7ed64417da031f-get_interaction_energy_5nN": 1, "db6902cec7cde1cbda7ed64417da031f-compress_grompp": 1, "db6902cec7cde1cbda7ed64417da031f-shear_15nN": 1, "db6902cec7cde1cbda7ed64417da031f-shear_25nN_rerun": 1, "db6902cec7cde1cbda7ed64417da031f-shear_5nN_rerun_grompp": 1, "db6902cec7cde1cbda7ed64417da031f-log_interaction_energy_5nN": 1, "db6902cec7cde1cbda7ed64417da031f-shear_25nN_grompp": 1, "db6902cec7cde1cbda7ed64417da031f-shear_25nN_extend_grompp": 1, "db6902cec7cde1cbda7ed64417da031f-log_cof": 1, "db6902cec7cde1cbda7ed64417da031f-shear_5nN_grompp": 1, "db6902cec7cde1cbda7ed64417da031f-lammps_to_gmx": 1, "db6902cec7cde1cbda7ed64417da031f-calc_roughness": 1, "db6902cec7cde1cbda7ed64417da031f-log_tilt": 1, "db6902cec7cde1cbda7ed64417da031f-shear_15nN_extend_grompp": 1}, "S2": {"5nN": 0.8495152573382323, "25nN": 0.860755144815525, "15nN": 0.860010024332023}, "polar_solvation_energy": -10.78, "COF": 0.15530048908671895, "roughness": {"5nN": 0.0645684249112493, "25nN": 0.06053910303745532, "15nN": 0.06105186889070252}, "dipole_moment": 1.68}