{"enthalpy_vibrational": 62.86, "shear_5nN_Etotal": [-3646.6731831318943, 194.1542731268191], "heat_capacity_vibrational": 5.42, "entropy_vibrational": 1.77, "interdigitation": {"25nN": 0.14496375660417976, "5nN": 0.15087898310122105, "15nN": 0.15665729218693766}, "polar_solvation_energy": -48.71, "shear_15nN_qq": [-1693.2952228145484, 161.665141213992], "nonpolar_solvation_energy": 4.77, "molecular_weight": 46.0055, "shear_15nN_Etotal": [-3828.7907968729014, 189.54190142225042], "roughness": {"25nN": 0.05160684842358067, "5nN": 0.05306185399538284, "15nN": 0.05411390040957308}, "tilt": {"25nN": 35.61446286045274, "5nN": 28.973521169475607, "15nN": 33.5002774654429}, "shear_15nN_lj": [-2135.495574058353, 57.22102103129092], "surface_area": 59.09, "total_solvation_energy": -43.93, "dipole_moment": 3.81, "entropy_rotational": 85.69, "shear_25nN_lj": [-2220.9251928505196, 53.288408444172916], "shear_5nN_lj": [-1937.4449425819346, 61.148176386813134], "status": {"b36cf6220c96db6064422f1efe43960d-get_interaction_energy_25nN": 1, "b36cf6220c96db6064422f1efe43960d-equilibrate_grompp": 1, "b36cf6220c96db6064422f1efe43960d-fix_overlaps": 1, "b36cf6220c96db6064422f1efe43960d-shear_25nN": 1, "b36cf6220c96db6064422f1efe43960d-shear_25nN_extend_grompp": 1, "b36cf6220c96db6064422f1efe43960d-calc_tilt_shear": 1, "b36cf6220c96db6064422f1efe43960d-log_cof": 1, "b36cf6220c96db6064422f1efe43960d-shear_15nN_grompp": 1, "b36cf6220c96db6064422f1efe43960d-unwrap_shear_15nN": 1, "b36cf6220c96db6064422f1efe43960d-minimize_grompp": 1, "b36cf6220c96db6064422f1efe43960d-shear_25nN_rerun": 1, "b36cf6220c96db6064422f1efe43960d-shear_5nN_rerun": 1, "b36cf6220c96db6064422f1efe43960d-calc_S2_shear": 1, "b36cf6220c96db6064422f1efe43960d-initialize": 1, "b36cf6220c96db6064422f1efe43960d-shear_25nN_rerun_grompp": 1, "b36cf6220c96db6064422f1efe43960d-compress_grompp": 1, "b36cf6220c96db6064422f1efe43960d-top_to_mol2": 1, "b36cf6220c96db6064422f1efe43960d-get_interaction_energy_5nN": 1, "b36cf6220c96db6064422f1efe43960d-log_interaction_energy_25nN": 1, "b36cf6220c96db6064422f1efe43960d-shear_5nN": 1, "b36cf6220c96db6064422f1efe43960d-shear_5nN_grompp": 1, "b36cf6220c96db6064422f1efe43960d-count_hydrogen_bonds": 1, "b36cf6220c96db6064422f1efe43960d-shear_5nN_rerun_grompp": 1, "b36cf6220c96db6064422f1efe43960d-equilibrate": 1, "b36cf6220c96db6064422f1efe43960d-shear_5nN_extend_grompp": 1, "b36cf6220c96db6064422f1efe43960d-calc_friction": 1, "b36cf6220c96db6064422f1efe43960d-unwrap_shear_25nN": 1, "b36cf6220c96db6064422f1efe43960d-log_interaction_energy_5nN": 1, "b36cf6220c96db6064422f1efe43960d-shear_5nN_extend": 1, "b36cf6220c96db6064422f1efe43960d-calc_roughness": 1, "b36cf6220c96db6064422f1efe43960d-shear_25nN_extend": 1, "b36cf6220c96db6064422f1efe43960d-unwrap_shear_5nN": 1, "b36cf6220c96db6064422f1efe43960d-log_S2": 1, "b36cf6220c96db6064422f1efe43960d-get_interaction_energy_15nN": 1, "b36cf6220c96db6064422f1efe43960d-minimize": 1, "b36cf6220c96db6064422f1efe43960d-calc_interdigitation": 6, "b36cf6220c96db6064422f1efe43960d-compress": 1, "b36cf6220c96db6064422f1efe43960d-shear_25nN_grompp": 1, "b36cf6220c96db6064422f1efe43960d-shear_15nN": 1, "b36cf6220c96db6064422f1efe43960d-lammps_to_gmx": 1, "b36cf6220c96db6064422f1efe43960d-shear_15nN_extend_grompp": 1, "b36cf6220c96db6064422f1efe43960d-shear_15nN_rerun_grompp": 1, "b36cf6220c96db6064422f1efe43960d-log_interaction_energy_15nN": 1, "b36cf6220c96db6064422f1efe43960d-shear_15nN_extend": 1, "b36cf6220c96db6064422f1efe43960d-log_tilt": 1, "b36cf6220c96db6064422f1efe43960d-shear_15nN_rerun": 1}, "shear_25nN_Etotal": [-3845.7687398776975, 179.14846530312366], "shear_25nN_qq": [-1624.8435470271781, 157.70146597854105], "ch3-smiles": "C[N+](=O)[O-]", "intercept": 2.5635681415738247, "shear_5nN_qq": [-1709.2282405499598, 159.7659501971694], "COF": 0.13597706300527784, "chain-smiles": "CCCCCCCCCCCCCCCCC[N+](=O)[O-]", "h-smiles": "[N+](=O)[O-]", "entropy_translational": 156.76, "S2": {"25nN": 0.835806239807893, "5nN": 0.8403164998486554, "15nN": 0.8419716497751342}}