{"tilt": {"25nN": 29.404387521627065, "5nN": 23.4831068810882, "15nN": 27.013142390941194}, "surface_area": 70.99, "roughness": {"25nN": 0.04734445235629866, "5nN": 0.056298196796474055, "15nN": 0.05339095087481017}, "shear_5nN_lj": [-1115.9450492917665, 44.56223709727764], "enthalpy_vibrational": 273.28, "heat_capacity_vibrational": 37.37, "shear_25nN_Etotal": [-1035.950608701039, 51.83115262995773], "entropy_translational": 155.96, "polar_solvation_energy": -0.4, "nonpolar_solvation_energy": 11.79, "shear_15nN_lj": [-1362.6095198073542, 46.852800096251315], "entropy_rotational": 94.72, "S2": {"25nN": 0.707699297375301, "5nN": 0.7410630050773267, "15nN": 0.718589555127983}, "shear_5nN_Etotal": [-770.4135759080735, 50.697096109745445], "shear_25nN_lj": [-1477.0750366354916, 49.502597634155116], "dipole_moment": 0.01, "shear_5nN_qq": [345.5314733836931, 20.772138214049477], "intercept": 0.6484214653279352, "shear_15nN_Etotal": [-974.6651047362111, 48.85613321960324], "molecular_weight": 43.0874, "shear_25nN_qq": [441.1244279344525, 27.77979220008023], "shear_15nN_qq": [387.9444150711431, 24.990218058267224], "status": {"39e00ad467ad7698ce0ca11883af46e7-shear_25nN_rerun": 1, "39e00ad467ad7698ce0ca11883af46e7-lammps_to_gmx": 1, "39e00ad467ad7698ce0ca11883af46e7-minimize_grompp": 1, "39e00ad467ad7698ce0ca11883af46e7-shear_5nN": 1, "39e00ad467ad7698ce0ca11883af46e7-log_cof": 1, "39e00ad467ad7698ce0ca11883af46e7-log_interaction_energy_15nN": 1, "39e00ad467ad7698ce0ca11883af46e7-calc_friction": 1, "39e00ad467ad7698ce0ca11883af46e7-shear_15nN": 1, "39e00ad467ad7698ce0ca11883af46e7-compress_grompp": 1, "39e00ad467ad7698ce0ca11883af46e7-log_S2": 1, "39e00ad467ad7698ce0ca11883af46e7-count_hydrogen_bonds": 1, "39e00ad467ad7698ce0ca11883af46e7-calc_interdigitation": 6, "39e00ad467ad7698ce0ca11883af46e7-shear_15nN_rerun": 1, "39e00ad467ad7698ce0ca11883af46e7-shear_25nN_grompp": 1, "39e00ad467ad7698ce0ca11883af46e7-minimize": 1, "39e00ad467ad7698ce0ca11883af46e7-compress": 1, "39e00ad467ad7698ce0ca11883af46e7-shear_15nN_extend": 1, "39e00ad467ad7698ce0ca11883af46e7-log_interaction_energy_25nN": 1, "39e00ad467ad7698ce0ca11883af46e7-shear_25nN": 1, "39e00ad467ad7698ce0ca11883af46e7-equilibrate": 1, "39e00ad467ad7698ce0ca11883af46e7-unwrap_shear_5nN": 1, "39e00ad467ad7698ce0ca11883af46e7-shear_15nN_grompp": 1, "39e00ad467ad7698ce0ca11883af46e7-shear_15nN_extend_grompp": 1, "39e00ad467ad7698ce0ca11883af46e7-initialize": 1, "39e00ad467ad7698ce0ca11883af46e7-shear_5nN_extend": 1, "39e00ad467ad7698ce0ca11883af46e7-top_to_mol2": 1, "39e00ad467ad7698ce0ca11883af46e7-shear_5nN_rerun": 1, "39e00ad467ad7698ce0ca11883af46e7-shear_25nN_rerun_grompp": 1, "39e00ad467ad7698ce0ca11883af46e7-get_interaction_energy_15nN": 1, "39e00ad467ad7698ce0ca11883af46e7-get_interaction_energy_5nN": 1, "39e00ad467ad7698ce0ca11883af46e7-log_interaction_energy_5nN": 1, "39e00ad467ad7698ce0ca11883af46e7-shear_25nN_extend": 1, "39e00ad467ad7698ce0ca11883af46e7-equilibrate_grompp": 1, "39e00ad467ad7698ce0ca11883af46e7-calc_S2_shear": 1, "39e00ad467ad7698ce0ca11883af46e7-shear_15nN_rerun_grompp": 1, "39e00ad467ad7698ce0ca11883af46e7-shear_25nN_extend_grompp": 1, "39e00ad467ad7698ce0ca11883af46e7-unwrap_shear_25nN": 1, "39e00ad467ad7698ce0ca11883af46e7-shear_5nN_rerun_grompp": 1, "39e00ad467ad7698ce0ca11883af46e7-fix_overlaps": 1, "39e00ad467ad7698ce0ca11883af46e7-calc_tilt_shear": 1, "39e00ad467ad7698ce0ca11883af46e7-get_interaction_energy_25nN": 1, "39e00ad467ad7698ce0ca11883af46e7-shear_5nN_grompp": 1, "39e00ad467ad7698ce0ca11883af46e7-unwrap_shear_15nN": 1, "39e00ad467ad7698ce0ca11883af46e7-shear_5nN_extend_grompp": 1, "39e00ad467ad7698ce0ca11883af46e7-log_tilt": 1, "39e00ad467ad7698ce0ca11883af46e7-calc_roughness": 1}, "total_solvation_energy": 11.37, "interdigitation": {"25nN": 0.09494518468793592, "5nN": 0.09201852452312136, "15nN": 0.09892216030637985}, "entropy_vibrational": 26.04, "COF": 0.17461169395103804}