{"shear_25nN_lj": [-2557.971095197442, 64.55093383839497], "intercept": 3.4939685120351696, "nonpolar_solvation_energy": 8.49, "molecular_weight": 122.1013, "status": {"93464baa040c95ab62d4b0caa8a6ebc7-shear_5nN_grompp": 1, "93464baa040c95ab62d4b0caa8a6ebc7-shear_25nN_extend_grompp": 1, "93464baa040c95ab62d4b0caa8a6ebc7-log_interaction_energy_25nN": 1, "93464baa040c95ab62d4b0caa8a6ebc7-unwrap_shear_5nN": 1, "93464baa040c95ab62d4b0caa8a6ebc7-calc_interdigitation": 6, "93464baa040c95ab62d4b0caa8a6ebc7-calc_friction": 1, "93464baa040c95ab62d4b0caa8a6ebc7-compress_grompp": 1, "93464baa040c95ab62d4b0caa8a6ebc7-calc_tilt_shear": 1, "93464baa040c95ab62d4b0caa8a6ebc7-shear_5nN": 1, "93464baa040c95ab62d4b0caa8a6ebc7-count_hydrogen_bonds": 1, "93464baa040c95ab62d4b0caa8a6ebc7-unwrap_shear_15nN": 1, "93464baa040c95ab62d4b0caa8a6ebc7-lammps_to_gmx": 1, "93464baa040c95ab62d4b0caa8a6ebc7-minimize": 1, "93464baa040c95ab62d4b0caa8a6ebc7-compress": 1, "93464baa040c95ab62d4b0caa8a6ebc7-initialize": 1, "93464baa040c95ab62d4b0caa8a6ebc7-get_interaction_energy_25nN": 1, "93464baa040c95ab62d4b0caa8a6ebc7-get_interaction_energy_5nN": 1, "93464baa040c95ab62d4b0caa8a6ebc7-calc_S2_shear": 1, "93464baa040c95ab62d4b0caa8a6ebc7-shear_5nN_rerun": 1, "93464baa040c95ab62d4b0caa8a6ebc7-fix_overlaps": 1, "93464baa040c95ab62d4b0caa8a6ebc7-log_tilt": 1, "93464baa040c95ab62d4b0caa8a6ebc7-shear_15nN_grompp": 1, "93464baa040c95ab62d4b0caa8a6ebc7-shear_25nN_rerun": 1, "93464baa040c95ab62d4b0caa8a6ebc7-shear_15nN_extend": 1, "93464baa040c95ab62d4b0caa8a6ebc7-shear_25nN_extend": 1, "93464baa040c95ab62d4b0caa8a6ebc7-log_cof": 1, "93464baa040c95ab62d4b0caa8a6ebc7-equilibrate_grompp": 1, "93464baa040c95ab62d4b0caa8a6ebc7-shear_5nN_extend": 1, "93464baa040c95ab62d4b0caa8a6ebc7-shear_5nN_rerun_grompp": 1, "93464baa040c95ab62d4b0caa8a6ebc7-shear_15nN_rerun_grompp": 1, "93464baa040c95ab62d4b0caa8a6ebc7-log_interaction_energy_15nN": 1, "93464baa040c95ab62d4b0caa8a6ebc7-minimize_grompp": 1, "93464baa040c95ab62d4b0caa8a6ebc7-shear_25nN_grompp": 1, "93464baa040c95ab62d4b0caa8a6ebc7-unwrap_shear_25nN": 1, "93464baa040c95ab62d4b0caa8a6ebc7-top_to_mol2": 1, "93464baa040c95ab62d4b0caa8a6ebc7-shear_15nN_extend_grompp": 1, "93464baa040c95ab62d4b0caa8a6ebc7-shear_5nN_extend_grompp": 1, "93464baa040c95ab62d4b0caa8a6ebc7-shear_15nN_rerun": 1, "93464baa040c95ab62d4b0caa8a6ebc7-shear_15nN": 1, "93464baa040c95ab62d4b0caa8a6ebc7-shear_25nN_rerun_grompp": 1, "93464baa040c95ab62d4b0caa8a6ebc7-log_interaction_energy_5nN": 1, "93464baa040c95ab62d4b0caa8a6ebc7-equilibrate": 1, "93464baa040c95ab62d4b0caa8a6ebc7-calc_roughness": 1, "93464baa040c95ab62d4b0caa8a6ebc7-get_interaction_energy_15nN": 1, "93464baa040c95ab62d4b0caa8a6ebc7-shear_25nN": 1, "93464baa040c95ab62d4b0caa8a6ebc7-log_S2": 1}, "COF": 0.11042645907886979, "dipole_moment": 6.22, "shear_15nN_Etotal": [-3988.2295439016793, 134.28606595871366], "total_solvation_energy": -24.48, "heat_capacity_vibrational": 83.45, "shear_5nN_lj": [-2354.880819370104, 76.14541353211771], "interdigitation": {"15nN": 0.18640235044155504, "25nN": 0.17350191151386227, "5nN": 0.2060193995547657}, "roughness": {"15nN": 0.05550080091638137, "25nN": 0.05308510920939719, "5nN": 0.06330330428588667}, "entropy_rotational": 119.66, "enthalpy_vibrational": 280.86, "shear_5nN_Etotal": [-3804.6672958497206, 149.90588795102477], "shear_15nN_qq": [-1476.3011110607515, 87.64229077441061], "surface_area": 118.23, "shear_5nN_qq": [-1449.7864764796163, 91.93511190689476], "shear_25nN_qq": [-1477.7811032430056, 81.59147744555698], "S2": {"15nN": 0.8765277335820405, "25nN": 0.8819999015767641, "5nN": 0.8814791134540291}, "tilt": {"15nN": 32.1407499813149, "25nN": 34.20387009320123, "5nN": 28.47541029780092}, "polar_solvation_energy": -32.99, "shear_25nN_Etotal": [-4035.752198440448, 121.14289589435234], "entropy_vibrational": 69.31, "shear_15nN_lj": [-2511.9284328409276, 66.90311147351336], "entropy_translational": 168.76}