{"shear_15nN_Etotal": [-2063.780498919265, 83.48546142958283], "molecular_weight": 43.0445, "shear_25nN_Etotal": [-2204.0429018393284, 88.15245790981751], "surface_area": 66.15, "shear_15nN_qq": [-325.6879990015987, 59.657579596645505], "enthalpy_vibrational": 148.05, "shear_5nN_qq": [-252.91633398561154, 44.79561829202401], "tilt": {"5nN": 34.33125946126241, "25nN": 39.24785932965681, "15nN": 37.10159289767853}, "intercept": 1.3844863822219295, "shear_25nN_lj": [-1842.4083375787372, 47.77165710010288], "entropy_rotational": 90.56, "shear_5nN_lj": [-1499.528325101519, 53.78377718046611], "shear_25nN_qq": [-361.6345642605915, 65.84907868290857], "nonpolar_solvation_energy": 8.9, "total_solvation_energy": -7.02, "shear_15nN_lj": [-1738.0924999176657, 49.83093414399392], "shear_5nN_Etotal": [-1752.4446590871303, 76.99933938436261], "interdigitation": {"5nN": 0.11744271228056899, "25nN": 0.1268510441453726, "15nN": 0.14252959480072508}, "entropy_vibrational": 16.85, "heat_capacity_vibrational": 22.11, "entropy_translational": 155.95, "status": {"2dd166593f13ebc30275cca4fec89d46-shear_25nN_grompp": 1, "2dd166593f13ebc30275cca4fec89d46-shear_5nN_extend_grompp": 1, "2dd166593f13ebc30275cca4fec89d46-unwrap_shear_25nN": 1, "2dd166593f13ebc30275cca4fec89d46-shear_15nN": 1, "2dd166593f13ebc30275cca4fec89d46-count_hydrogen_bonds": 1, "2dd166593f13ebc30275cca4fec89d46-top_to_mol2": 1, "2dd166593f13ebc30275cca4fec89d46-shear_15nN_rerun_grompp": 1, "2dd166593f13ebc30275cca4fec89d46-calc_tilt_shear": 1, "2dd166593f13ebc30275cca4fec89d46-log_S2": 1, "2dd166593f13ebc30275cca4fec89d46-shear_25nN_rerun": 1, "2dd166593f13ebc30275cca4fec89d46-calc_roughness": 1, "2dd166593f13ebc30275cca4fec89d46-minimize": 1, "2dd166593f13ebc30275cca4fec89d46-get_interaction_energy_15nN": 1, "2dd166593f13ebc30275cca4fec89d46-shear_25nN_extend": 1, "2dd166593f13ebc30275cca4fec89d46-unwrap_shear_5nN": 1, "2dd166593f13ebc30275cca4fec89d46-shear_5nN_rerun_grompp": 1, "2dd166593f13ebc30275cca4fec89d46-get_interaction_energy_5nN": 1, "2dd166593f13ebc30275cca4fec89d46-log_tilt": 1, "2dd166593f13ebc30275cca4fec89d46-shear_25nN_extend_grompp": 1, "2dd166593f13ebc30275cca4fec89d46-compress_grompp": 1, "2dd166593f13ebc30275cca4fec89d46-equilibrate_grompp": 1, "2dd166593f13ebc30275cca4fec89d46-shear_15nN_extend": 1, "2dd166593f13ebc30275cca4fec89d46-initialize": 1, "2dd166593f13ebc30275cca4fec89d46-shear_5nN_extend": 1, "2dd166593f13ebc30275cca4fec89d46-log_cof": 1, "2dd166593f13ebc30275cca4fec89d46-shear_5nN_grompp": 1, "2dd166593f13ebc30275cca4fec89d46-equilibrate": 1, "2dd166593f13ebc30275cca4fec89d46-shear_25nN": 1, "2dd166593f13ebc30275cca4fec89d46-compress": 1, "2dd166593f13ebc30275cca4fec89d46-shear_15nN_grompp": 1, "2dd166593f13ebc30275cca4fec89d46-minimize_grompp": 1, "2dd166593f13ebc30275cca4fec89d46-shear_5nN": 1, "2dd166593f13ebc30275cca4fec89d46-shear_15nN_rerun": 1, "2dd166593f13ebc30275cca4fec89d46-log_interaction_energy_5nN": 1, "2dd166593f13ebc30275cca4fec89d46-lammps_to_gmx": 1, "2dd166593f13ebc30275cca4fec89d46-unwrap_shear_15nN": 1, "2dd166593f13ebc30275cca4fec89d46-shear_5nN_rerun": 1, "2dd166593f13ebc30275cca4fec89d46-log_interaction_energy_15nN": 1, "2dd166593f13ebc30275cca4fec89d46-calc_interdigitation": 1, "2dd166593f13ebc30275cca4fec89d46-calc_friction": 1, "2dd166593f13ebc30275cca4fec89d46-fix_overlaps": 1, "2dd166593f13ebc30275cca4fec89d46-shear_25nN_rerun_grompp": 1, "2dd166593f13ebc30275cca4fec89d46-calc_S2_shear": 1, "2dd166593f13ebc30275cca4fec89d46-shear_15nN_extend_grompp": 1, "2dd166593f13ebc30275cca4fec89d46-get_interaction_energy_25nN": 1, "2dd166593f13ebc30275cca4fec89d46-log_interaction_energy_25nN": 1}, "S2": {"5nN": 0.9613239307692627, "25nN": 0.9587241523229071, "15nN": 0.9558806767026579}, "polar_solvation_energy": -15.94, "COF": 0.1376535522140061, "roughness": {"5nN": 0.06014998698396194, "25nN": 0.05943201110248235, "15nN": 0.07111383694333388}, "dipole_moment": 3.16}