{"enthalpy_vibrational": 248.15, "shear_5nN_Etotal": [-1733.0743668617106, 70.29465401528692], "heat_capacity_vibrational": 58.87, "entropy_vibrational": 30.51, "interdigitation": {"25nN": 0.19229424137691656, "5nN": 0.20158576495444805, "15nN": 0.17973530587771663}, "polar_solvation_energy": -7.83, "shear_15nN_qq": [-197.56847207593924, 31.80514743046061], "nonpolar_solvation_energy": 14.09, "molecular_weight": 95.0942, "shear_15nN_Etotal": [-1909.5620124068746, 64.63504087735431], "roughness": {"25nN": 0.07579038867276214, "5nN": 0.0713157603582142, "15nN": 0.06549325580384051}, "tilt": {"25nN": 36.46810694411459, "5nN": 30.885714170657653, "15nN": 34.46245782636529}, "total_solvation_energy": 6.28, "surface_area": 96.58, "shear_15nN_lj": [-1711.9935403309355, 48.1843840111312], "dipole_moment": 2.03, "entropy_rotational": 112.71, "shear_25nN_lj": [-1792.815856893685, 46.62956677574761], "shear_25nN_qq": [-218.35907057873706, 34.66907916438145], "status": {"f7b13b91d9ea2546b302708470f8408f-shear_15nN_rerun_grompp": 1, "f7b13b91d9ea2546b302708470f8408f-shear_25nN_rerun_grompp": 1, "f7b13b91d9ea2546b302708470f8408f-shear_5nN": 1, "f7b13b91d9ea2546b302708470f8408f-shear_15nN_rerun": 1, "f7b13b91d9ea2546b302708470f8408f-shear_5nN_extend": 1, "f7b13b91d9ea2546b302708470f8408f-equilibrate": 1, "f7b13b91d9ea2546b302708470f8408f-count_hydrogen_bonds": 1, "f7b13b91d9ea2546b302708470f8408f-compress": 1, "f7b13b91d9ea2546b302708470f8408f-minimize": 1, "f7b13b91d9ea2546b302708470f8408f-shear_25nN": 1, "f7b13b91d9ea2546b302708470f8408f-compress_grompp": 1, "f7b13b91d9ea2546b302708470f8408f-shear_25nN_grompp": 1, "f7b13b91d9ea2546b302708470f8408f-initialize": 1, "f7b13b91d9ea2546b302708470f8408f-shear_5nN_rerun": 1, "f7b13b91d9ea2546b302708470f8408f-get_interaction_energy_5nN": 1, "f7b13b91d9ea2546b302708470f8408f-unwrap_shear_5nN": 1, "f7b13b91d9ea2546b302708470f8408f-shear_25nN_extend": 1, "f7b13b91d9ea2546b302708470f8408f-get_interaction_energy_15nN": 1, "f7b13b91d9ea2546b302708470f8408f-log_interaction_energy_25nN": 1, "f7b13b91d9ea2546b302708470f8408f-unwrap_shear_15nN": 1, "f7b13b91d9ea2546b302708470f8408f-top_to_mol2": 1, "f7b13b91d9ea2546b302708470f8408f-lammps_to_gmx": 1, "f7b13b91d9ea2546b302708470f8408f-log_S2": 1, "f7b13b91d9ea2546b302708470f8408f-shear_5nN_rerun_grompp": 1, "f7b13b91d9ea2546b302708470f8408f-equilibrate_grompp": 1, "f7b13b91d9ea2546b302708470f8408f-fix_overlaps": 1, "f7b13b91d9ea2546b302708470f8408f-minimize_grompp": 1, "f7b13b91d9ea2546b302708470f8408f-shear_25nN_extend_grompp": 1, "f7b13b91d9ea2546b302708470f8408f-calc_roughness": 1, "f7b13b91d9ea2546b302708470f8408f-unwrap_shear_25nN": 1, "f7b13b91d9ea2546b302708470f8408f-shear_5nN_extend_grompp": 1, "f7b13b91d9ea2546b302708470f8408f-log_interaction_energy_5nN": 1, "f7b13b91d9ea2546b302708470f8408f-log_tilt": 1, "f7b13b91d9ea2546b302708470f8408f-calc_S2_shear": 1, "f7b13b91d9ea2546b302708470f8408f-shear_15nN_grompp": 1, "f7b13b91d9ea2546b302708470f8408f-calc_interdigitation": 6, "f7b13b91d9ea2546b302708470f8408f-shear_5nN_grompp": 1, "f7b13b91d9ea2546b302708470f8408f-shear_15nN_extend": 1, "f7b13b91d9ea2546b302708470f8408f-calc_friction": 1, "f7b13b91d9ea2546b302708470f8408f-log_cof": 1, "f7b13b91d9ea2546b302708470f8408f-shear_15nN": 1, "f7b13b91d9ea2546b302708470f8408f-shear_15nN_extend_grompp": 1, "f7b13b91d9ea2546b302708470f8408f-log_interaction_energy_15nN": 1, "f7b13b91d9ea2546b302708470f8408f-calc_tilt_shear": 1, "f7b13b91d9ea2546b302708470f8408f-shear_25nN_rerun": 1, "f7b13b91d9ea2546b302708470f8408f-get_interaction_energy_25nN": 1}, "shear_25nN_Etotal": [-2011.174927472422, 64.98413437563606], "ch3-smiles": "CC1=CC=C(F)C=C1", "intercept": 1.8251785199655997, "shear_5nN_qq": [-198.20286991366905, 28.47761854987858], "COF": 0.10457744478589648, "chain-smiles": "CCCCCCCCCCCCCCCCCC1=CC=C(F)C=C1", "shear_5nN_lj": [-1534.8714969480418, 54.187422215919646], "h-smiles": "C1=CC=C(F)C=C1", "entropy_translational": 165.68, "S2": {"25nN": 0.8819532805595295, "5nN": 0.8917932614313513, "15nN": 0.8870944468405849}}