{"shear_15nN_Etotal": [-3939.1617746458833, 145.80955255411212], "molecular_weight": 122.1013, "shear_25nN_Etotal": [-3984.4933823389288, 127.32622043726644], "surface_area": 118.23, "shear_15nN_qq": [-1447.075584638689, 94.91625585961839], "enthalpy_vibrational": 280.86, "shear_5nN_qq": [-1361.6576150127896, 91.27471618486861], "tilt": {"5nN": 29.83598063800542, "25nN": 35.21858388208063, "15nN": 32.52374456732273}, "intercept": 2.969207162254427, "shear_25nN_lj": [-2565.4218630895284, 66.77758012483429], "entropy_rotational": 119.66, "shear_5nN_lj": [-2300.036155444444, 79.8161158944058], "shear_25nN_qq": [-1419.0715192494004, 87.3377239615807], "nonpolar_solvation_energy": 8.49, "total_solvation_energy": -24.48, "shear_15nN_lj": [-2492.086190007194, 70.89922602081779], "shear_5nN_Etotal": [-3661.693770457234, 150.6881518266297], "interdigitation": {"5nN": 0.20893275928128813, "25nN": 0.21579735316303197, "15nN": 0.22019032294498764}, "entropy_vibrational": 69.31, "heat_capacity_vibrational": 83.45, "entropy_translational": 168.76, "roughness": {"5nN": 0.06634641046233129, "25nN": 0.06892067777224851, "15nN": 0.07089294937143487}, "S2": {"5nN": 0.8288227701197612, "25nN": 0.8416324778860095, "15nN": 0.8346911334862614}, "dipole_moment": 6.22, "COF": 0.15238042971562438, "status": {"5d827dc1a7a37136f4fa8bbacd7f63b6-log_cof": 1, "5d827dc1a7a37136f4fa8bbacd7f63b6-log_interaction_energy_25nN": 1, "5d827dc1a7a37136f4fa8bbacd7f63b6-log_interaction_energy_15nN": 1, "5d827dc1a7a37136f4fa8bbacd7f63b6-count_hydrogen_bonds": 1, "5d827dc1a7a37136f4fa8bbacd7f63b6-shear_15nN_extend_grompp": 1, "5d827dc1a7a37136f4fa8bbacd7f63b6-shear_15nN_extend": 1, "5d827dc1a7a37136f4fa8bbacd7f63b6-shear_15nN_rerun_grompp": 1, "5d827dc1a7a37136f4fa8bbacd7f63b6-calc_tilt_shear": 1, "5d827dc1a7a37136f4fa8bbacd7f63b6-shear_5nN_grompp": 1, "5d827dc1a7a37136f4fa8bbacd7f63b6-get_interaction_energy_15nN": 1, "5d827dc1a7a37136f4fa8bbacd7f63b6-minimize": 1, "5d827dc1a7a37136f4fa8bbacd7f63b6-shear_25nN_rerun_grompp": 1, "5d827dc1a7a37136f4fa8bbacd7f63b6-log_interaction_energy_5nN": 1, "5d827dc1a7a37136f4fa8bbacd7f63b6-unwrap_shear_5nN": 1, "5d827dc1a7a37136f4fa8bbacd7f63b6-fix_overlaps": 1, "5d827dc1a7a37136f4fa8bbacd7f63b6-compress_grompp": 1, "5d827dc1a7a37136f4fa8bbacd7f63b6-get_interaction_energy_25nN": 1, "5d827dc1a7a37136f4fa8bbacd7f63b6-get_interaction_energy_5nN": 1, "5d827dc1a7a37136f4fa8bbacd7f63b6-unwrap_shear_25nN": 1, "5d827dc1a7a37136f4fa8bbacd7f63b6-compress": 1, "5d827dc1a7a37136f4fa8bbacd7f63b6-shear_25nN": 1, "5d827dc1a7a37136f4fa8bbacd7f63b6-log_S2": 1, "5d827dc1a7a37136f4fa8bbacd7f63b6-log_tilt": 1, "5d827dc1a7a37136f4fa8bbacd7f63b6-shear_5nN_rerun": 1, "5d827dc1a7a37136f4fa8bbacd7f63b6-initialize": 1, "5d827dc1a7a37136f4fa8bbacd7f63b6-minimize_grompp": 1, "5d827dc1a7a37136f4fa8bbacd7f63b6-calc_roughness": 1, "5d827dc1a7a37136f4fa8bbacd7f63b6-shear_25nN_grompp": 1, "5d827dc1a7a37136f4fa8bbacd7f63b6-shear_15nN_grompp": 1, "5d827dc1a7a37136f4fa8bbacd7f63b6-calc_friction": 1, "5d827dc1a7a37136f4fa8bbacd7f63b6-shear_5nN_extend_grompp": 1, "5d827dc1a7a37136f4fa8bbacd7f63b6-equilibrate": 1, "5d827dc1a7a37136f4fa8bbacd7f63b6-unwrap_shear_15nN": 1, "5d827dc1a7a37136f4fa8bbacd7f63b6-shear_15nN": 1, "5d827dc1a7a37136f4fa8bbacd7f63b6-shear_5nN_rerun_grompp": 1, "5d827dc1a7a37136f4fa8bbacd7f63b6-shear_15nN_rerun": 1, "5d827dc1a7a37136f4fa8bbacd7f63b6-equilibrate_grompp": 1, "5d827dc1a7a37136f4fa8bbacd7f63b6-calc_interdigitation": 1, "5d827dc1a7a37136f4fa8bbacd7f63b6-calc_S2_shear": 1, "5d827dc1a7a37136f4fa8bbacd7f63b6-top_to_mol2": 1, "5d827dc1a7a37136f4fa8bbacd7f63b6-lammps_to_gmx": 1, "5d827dc1a7a37136f4fa8bbacd7f63b6-shear_25nN_extend_grompp": 1, "5d827dc1a7a37136f4fa8bbacd7f63b6-shear_25nN_rerun": 1, "5d827dc1a7a37136f4fa8bbacd7f63b6-shear_25nN_extend": 1, "5d827dc1a7a37136f4fa8bbacd7f63b6-shear_5nN_extend": 1, "5d827dc1a7a37136f4fa8bbacd7f63b6-shear_5nN": 1}, "polar_solvation_energy": -32.99}