{"MR":12.9184,"asphericity":0.226655,"balabanj":3.791118,"bertzct":85.425922,"chi0":6.07735,"chi0n":4.76371,"chi0v":1.76371,"chi1":2.943376,"chi1n":2.088755,"chi1v":0.588755,"chi2n":0.25711,"chi2v":0.25711,"chi3n":0.0,"chi3v":0.0,"chi4n":0.0,"chi4v":0.0,"e-valence":24.0,"eccentricity":0.87408,"hk-alpha":-0.6,"hk-kappa1":0.671605,"hk-kappa2":0.816667,"hk-kappa3":0.622222,"ipc":17.086166,"isf":0.012465,"labuteASA":27.607138,"logP":-0.1071,"molwt":61.016378,"molwt-hvy":58.016,"nheavy":4.0,"npr1":0.485781,"npr2":0.551112,"pbf":0.297595,"pc+":0.529675,"pc-":-0.529675,"pmi1":44.21233,"pmi2":50.158295,"pmi3":91.012845,"rbonds":1.0,"rg":1.232291,"rpc+":0.366258,"rpc-":0.5,"spherocity":0.352927,"tpsa":43.14,"vsa+":16.011414,"vsa-":10.114318,"vsa-fhyd":0.61286,"vsa-fneg":0.38714,"vsa-fpneg":0.38714,"vsa-fpos":0.61286,"vsa-fppos":0.0,"vsa-hyd":16.011414,"vsa-polar":0.38714,"vsa-polar+":0.0,"vsa-polar-":10.114318,"hbonds":0.0}