{"enthalpy_vibrational": 62.86, "shear_5nN_Etotal": [-3453.499155373301, 161.48717589823246], "heat_capacity_vibrational": 5.42, "entropy_vibrational": 1.77, "interdigitation": {"25nN": 0.14188908031501513, "5nN": 0.14600891764916646, "15nN": 0.13724666348544204}, "polar_solvation_energy": -48.71, "shear_15nN_qq": [-1375.1787370951238, 128.8365277648378], "nonpolar_solvation_energy": 4.77, "molecular_weight": 46.0055, "shear_15nN_Etotal": [-3514.469146558753, 153.35671756700853], "roughness": {"25nN": 0.056085225973021666, "5nN": 0.0539448521578838, "15nN": 0.05251758297533774}, "tilt": {"25nN": 36.955667468441646, "5nN": 30.20752886600376, "15nN": 34.453441879873125}, "shear_15nN_lj": [-2139.290409463629, 53.72558485231417], "surface_area": 59.09, "total_solvation_energy": -43.93, "dipole_moment": 3.81, "entropy_rotational": 85.69, "shear_25nN_lj": [-2249.2901727410067, 53.700190417196076], "shear_5nN_lj": [-1983.672074163869, 57.88329209907953], "status": {"ddbbd1e08cd0465a2c0b1c530c1beba6-shear_15nN_extend": 1, "ddbbd1e08cd0465a2c0b1c530c1beba6-count_hydrogen_bonds": 1, "ddbbd1e08cd0465a2c0b1c530c1beba6-log_interaction_energy_5nN": 1, "ddbbd1e08cd0465a2c0b1c530c1beba6-shear_25nN_rerun_grompp": 1, "ddbbd1e08cd0465a2c0b1c530c1beba6-get_interaction_energy_25nN": 1, "ddbbd1e08cd0465a2c0b1c530c1beba6-shear_5nN_rerun": 1, "ddbbd1e08cd0465a2c0b1c530c1beba6-shear_25nN_extend_grompp": 1, "ddbbd1e08cd0465a2c0b1c530c1beba6-shear_15nN_rerun": 1, "ddbbd1e08cd0465a2c0b1c530c1beba6-shear_5nN_rerun_grompp": 1, "ddbbd1e08cd0465a2c0b1c530c1beba6-equilibrate": 1, "ddbbd1e08cd0465a2c0b1c530c1beba6-shear_25nN_rerun": 1, "ddbbd1e08cd0465a2c0b1c530c1beba6-log_S2": 1, "ddbbd1e08cd0465a2c0b1c530c1beba6-calc_roughness": 1, "ddbbd1e08cd0465a2c0b1c530c1beba6-fix_overlaps": 1, "ddbbd1e08cd0465a2c0b1c530c1beba6-log_interaction_energy_15nN": 1, "ddbbd1e08cd0465a2c0b1c530c1beba6-shear_25nN_extend": 1, "ddbbd1e08cd0465a2c0b1c530c1beba6-initialize": 1, "ddbbd1e08cd0465a2c0b1c530c1beba6-shear_15nN": 1, "ddbbd1e08cd0465a2c0b1c530c1beba6-log_tilt": 1, "ddbbd1e08cd0465a2c0b1c530c1beba6-calc_interdigitation": 1, "ddbbd1e08cd0465a2c0b1c530c1beba6-calc_tilt_shear": 1, "ddbbd1e08cd0465a2c0b1c530c1beba6-shear_5nN_grompp": 1, "ddbbd1e08cd0465a2c0b1c530c1beba6-calc_friction": 1, "ddbbd1e08cd0465a2c0b1c530c1beba6-get_interaction_energy_5nN": 1, "ddbbd1e08cd0465a2c0b1c530c1beba6-shear_5nN_extend": 1, "ddbbd1e08cd0465a2c0b1c530c1beba6-shear_15nN_extend_grompp": 1, "ddbbd1e08cd0465a2c0b1c530c1beba6-minimize": 1, "ddbbd1e08cd0465a2c0b1c530c1beba6-shear_15nN_grompp": 1, "ddbbd1e08cd0465a2c0b1c530c1beba6-compress_grompp": 1, "ddbbd1e08cd0465a2c0b1c530c1beba6-compress": 1, "ddbbd1e08cd0465a2c0b1c530c1beba6-log_cof": 1, "ddbbd1e08cd0465a2c0b1c530c1beba6-minimize_grompp": 1, "ddbbd1e08cd0465a2c0b1c530c1beba6-shear_25nN_grompp": 1, "ddbbd1e08cd0465a2c0b1c530c1beba6-unwrap_shear_15nN": 1, "ddbbd1e08cd0465a2c0b1c530c1beba6-lammps_to_gmx": 1, "ddbbd1e08cd0465a2c0b1c530c1beba6-calc_S2_shear": 1, "ddbbd1e08cd0465a2c0b1c530c1beba6-top_to_mol2": 1, "ddbbd1e08cd0465a2c0b1c530c1beba6-unwrap_shear_5nN": 1, "ddbbd1e08cd0465a2c0b1c530c1beba6-shear_5nN": 1, "ddbbd1e08cd0465a2c0b1c530c1beba6-shear_5nN_extend_grompp": 1, "ddbbd1e08cd0465a2c0b1c530c1beba6-unwrap_shear_25nN": 1, "ddbbd1e08cd0465a2c0b1c530c1beba6-shear_25nN": 1, "ddbbd1e08cd0465a2c0b1c530c1beba6-equilibrate_grompp": 1, "ddbbd1e08cd0465a2c0b1c530c1beba6-log_interaction_energy_25nN": 1, "ddbbd1e08cd0465a2c0b1c530c1beba6-shear_15nN_rerun_grompp": 1, "ddbbd1e08cd0465a2c0b1c530c1beba6-get_interaction_energy_15nN": 1}, "shear_25nN_Etotal": [-3603.6645127625898, 156.05631072918666], "shear_25nN_qq": [-1354.3743400215826, 131.756424897601], "ch3-smiles": "C[N+](=O)[O-]", "intercept": 2.2321512742059366, "shear_5nN_qq": [-1469.8270812094324, 127.36272281410456], "COF": 0.13301933185375417, "chain-smiles": "CCCCCCCCCCCCCCCCC[N+](=O)[O-]", "h-smiles": "[N+](=O)[O-]", "entropy_translational": 156.76, "S2": {"25nN": 0.895357358166283, "5nN": 0.9031275857309061, "15nN": 0.9024941695374255}}