{"shear_15nN_Etotal": [-1489.2486922853716, 58.32257003455695], "molecular_weight": 77.1037, "shear_25nN_Etotal": [-1582.8217564468423, 63.38331279072631], "surface_area": 93.44, "shear_15nN_qq": [216.3722858345324, 27.145217753301637], "enthalpy_vibrational": 263.87, "shear_5nN_qq": [245.71969465227815, 21.819752406427735], "tilt": {"5nN": 25.740246806665436, "25nN": 30.68625138180062, "15nN": 28.587645109894915}, "intercept": 1.5508737898849132, "shear_25nN_lj": [-1789.7881119976023, 55.65585420570909], "entropy_rotational": 107.29, "shear_5nN_lj": [-1486.208105206235, 54.20665309865242], "shear_25nN_qq": [206.9663555507594, 30.507124851840487], "nonpolar_solvation_energy": 6.77, "total_solvation_energy": 1.89, "shear_15nN_lj": [-1705.6209781199045, 50.71860885984544], "shear_5nN_Etotal": [-1240.488410553957, 61.44472530913382], "interdigitation": {"5nN": 0.10774270207788313, "25nN": 0.11487303813817056, "15nN": 0.11233554464424662}, "entropy_vibrational": 20.79, "heat_capacity_vibrational": 48.68, "entropy_translational": 163.09, "roughness": {"5nN": 0.06104623375765136, "25nN": 0.064663359531185, "15nN": 0.06096439648850182}, "S2": {"5nN": 0.7135389580293441, "25nN": 0.7215186835480167, "15nN": 0.722786862409379}, "dipole_moment": 0.0, "COF": 0.17199481492940963, "status": {"43e5493a7e49836d4ea5d0853ae9aff2-log_interaction_energy_25nN": 1, "43e5493a7e49836d4ea5d0853ae9aff2-calc_interdigitation": 1, "43e5493a7e49836d4ea5d0853ae9aff2-log_S2": 1, "43e5493a7e49836d4ea5d0853ae9aff2-shear_25nN_rerun_grompp": 1, "43e5493a7e49836d4ea5d0853ae9aff2-shear_5nN_rerun": 1, "43e5493a7e49836d4ea5d0853ae9aff2-calc_S2_shear": 1, "43e5493a7e49836d4ea5d0853ae9aff2-shear_15nN_rerun_grompp": 1, "43e5493a7e49836d4ea5d0853ae9aff2-compress_grompp": 1, "43e5493a7e49836d4ea5d0853ae9aff2-fix_overlaps": 1, "43e5493a7e49836d4ea5d0853ae9aff2-compress": 1, "43e5493a7e49836d4ea5d0853ae9aff2-unwrap_shear_25nN": 1, "43e5493a7e49836d4ea5d0853ae9aff2-equilibrate": 1, "43e5493a7e49836d4ea5d0853ae9aff2-log_interaction_energy_5nN": 1, "43e5493a7e49836d4ea5d0853ae9aff2-log_interaction_energy_15nN": 1, "43e5493a7e49836d4ea5d0853ae9aff2-shear_15nN_grompp": 1, "43e5493a7e49836d4ea5d0853ae9aff2-shear_5nN_rerun_grompp": 1, "43e5493a7e49836d4ea5d0853ae9aff2-shear_25nN_extend": 1, "43e5493a7e49836d4ea5d0853ae9aff2-minimize_grompp": 1, "43e5493a7e49836d4ea5d0853ae9aff2-shear_15nN_rerun": 1, "43e5493a7e49836d4ea5d0853ae9aff2-initialize": 1, "43e5493a7e49836d4ea5d0853ae9aff2-calc_tilt_shear": 1, "43e5493a7e49836d4ea5d0853ae9aff2-log_tilt": 1, "43e5493a7e49836d4ea5d0853ae9aff2-calc_roughness": 1, "43e5493a7e49836d4ea5d0853ae9aff2-shear_5nN_extend_grompp": 1, "43e5493a7e49836d4ea5d0853ae9aff2-shear_25nN": 1, "43e5493a7e49836d4ea5d0853ae9aff2-unwrap_shear_5nN": 1, "43e5493a7e49836d4ea5d0853ae9aff2-lammps_to_gmx": 1, "43e5493a7e49836d4ea5d0853ae9aff2-shear_25nN_extend_grompp": 1, "43e5493a7e49836d4ea5d0853ae9aff2-shear_15nN_extend_grompp": 1, "43e5493a7e49836d4ea5d0853ae9aff2-count_hydrogen_bonds": 1, "43e5493a7e49836d4ea5d0853ae9aff2-shear_5nN_extend": 1, "43e5493a7e49836d4ea5d0853ae9aff2-shear_25nN_rerun": 1, "43e5493a7e49836d4ea5d0853ae9aff2-get_interaction_energy_5nN": 1, "43e5493a7e49836d4ea5d0853ae9aff2-get_interaction_energy_25nN": 1, "43e5493a7e49836d4ea5d0853ae9aff2-shear_15nN": 1, "43e5493a7e49836d4ea5d0853ae9aff2-shear_5nN_grompp": 1, "43e5493a7e49836d4ea5d0853ae9aff2-equilibrate_grompp": 1, "43e5493a7e49836d4ea5d0853ae9aff2-shear_5nN": 1, "43e5493a7e49836d4ea5d0853ae9aff2-shear_15nN_extend": 1, "43e5493a7e49836d4ea5d0853ae9aff2-log_cof": 1, "43e5493a7e49836d4ea5d0853ae9aff2-shear_25nN_grompp": 1, "43e5493a7e49836d4ea5d0853ae9aff2-get_interaction_energy_15nN": 1, "43e5493a7e49836d4ea5d0853ae9aff2-calc_friction": 1, "43e5493a7e49836d4ea5d0853ae9aff2-top_to_mol2": 1, "43e5493a7e49836d4ea5d0853ae9aff2-unwrap_shear_15nN": 1, "43e5493a7e49836d4ea5d0853ae9aff2-minimize": 1}, "polar_solvation_energy": -4.89}