{"enthalpy_vibrational": 248.15, "shear_5nN_Etotal": [-1893.2603170359716, 82.23546026389924], "heat_capacity_vibrational": 58.87, "entropy_vibrational": 30.51, "interdigitation": {"25nN": 0.1586840419709078, "5nN": 0.1856053195543436, "15nN": 0.17252828874603313}, "polar_solvation_energy": -7.83, "shear_15nN_qq": [-427.9244042118305, 38.0813515841952], "nonpolar_solvation_energy": 14.09, "molecular_weight": 95.0942, "shear_15nN_Etotal": [-2124.7983186626698, 74.34711942923666], "roughness": {"25nN": 0.048158421822915576, "5nN": 0.05534207935140203, "15nN": 0.052270531343646044}, "tilt": {"25nN": 34.47692301673887, "5nN": 28.83157124906052, "15nN": 32.36631183803499}, "shear_15nN_lj": [-1696.8739144508393, 51.87864231531975], "surface_area": 96.58, "total_solvation_energy": 6.28, "dipole_moment": 2.03, "entropy_rotational": 112.71, "shear_25nN_lj": [-1774.5510525203836, 48.9610110968248], "shear_5nN_lj": [-1517.8115354404474, 54.33799222084024], "status": {"d77d56727852389f41a6de044baa01a1-shear_15nN_grompp": 1, "d77d56727852389f41a6de044baa01a1-log_interaction_energy_5nN": 1, "d77d56727852389f41a6de044baa01a1-shear_5nN": 1, "d77d56727852389f41a6de044baa01a1-shear_15nN_rerun_grompp": 1, "d77d56727852389f41a6de044baa01a1-get_interaction_energy_5nN": 1, "d77d56727852389f41a6de044baa01a1-calc_friction": 1, "d77d56727852389f41a6de044baa01a1-equilibrate": 1, "d77d56727852389f41a6de044baa01a1-log_tilt": 1, "d77d56727852389f41a6de044baa01a1-unwrap_shear_5nN": 1, "d77d56727852389f41a6de044baa01a1-shear_25nN": 1, "d77d56727852389f41a6de044baa01a1-shear_15nN_rerun": 1, "d77d56727852389f41a6de044baa01a1-unwrap_shear_15nN": 1, "d77d56727852389f41a6de044baa01a1-initialize": 1, "d77d56727852389f41a6de044baa01a1-shear_5nN_grompp": 1, "d77d56727852389f41a6de044baa01a1-fix_overlaps": 1, "d77d56727852389f41a6de044baa01a1-calc_interdigitation": 6, "d77d56727852389f41a6de044baa01a1-shear_15nN": 1, "d77d56727852389f41a6de044baa01a1-shear_15nN_extend_grompp": 1, "d77d56727852389f41a6de044baa01a1-get_interaction_energy_15nN": 1, "d77d56727852389f41a6de044baa01a1-shear_25nN_rerun_grompp": 1, "d77d56727852389f41a6de044baa01a1-equilibrate_grompp": 1, "d77d56727852389f41a6de044baa01a1-shear_5nN_rerun": 1, "d77d56727852389f41a6de044baa01a1-log_cof": 1, "d77d56727852389f41a6de044baa01a1-log_interaction_energy_15nN": 1, "d77d56727852389f41a6de044baa01a1-lammps_to_gmx": 1, "d77d56727852389f41a6de044baa01a1-shear_25nN_rerun": 1, "d77d56727852389f41a6de044baa01a1-calc_tilt_shear": 1, "d77d56727852389f41a6de044baa01a1-shear_5nN_extend": 1, "d77d56727852389f41a6de044baa01a1-top_to_mol2": 1, "d77d56727852389f41a6de044baa01a1-log_interaction_energy_25nN": 1, "d77d56727852389f41a6de044baa01a1-shear_5nN_rerun_grompp": 1, "d77d56727852389f41a6de044baa01a1-calc_S2_shear": 1, "d77d56727852389f41a6de044baa01a1-log_S2": 1, "d77d56727852389f41a6de044baa01a1-shear_25nN_grompp": 1, "d77d56727852389f41a6de044baa01a1-minimize": 1, "d77d56727852389f41a6de044baa01a1-compress": 1, "d77d56727852389f41a6de044baa01a1-count_hydrogen_bonds": 1, "d77d56727852389f41a6de044baa01a1-shear_25nN_extend_grompp": 1, "d77d56727852389f41a6de044baa01a1-shear_25nN_extend": 1, "d77d56727852389f41a6de044baa01a1-shear_5nN_extend_grompp": 1, "d77d56727852389f41a6de044baa01a1-minimize_grompp": 1, "d77d56727852389f41a6de044baa01a1-calc_roughness": 1, "d77d56727852389f41a6de044baa01a1-shear_15nN_extend": 1, "d77d56727852389f41a6de044baa01a1-compress_grompp": 1, "d77d56727852389f41a6de044baa01a1-get_interaction_energy_25nN": 1, "d77d56727852389f41a6de044baa01a1-unwrap_shear_25nN": 1}, "shear_25nN_Etotal": [-2242.2848125835335, 73.03643374808763], "shear_25nN_qq": [-467.73376006314953, 43.35241110251688], "ch3-smiles": "CC1=CC=C(F)C=C1", "intercept": 1.9685454414791954, "shear_5nN_qq": [-375.4487815955236, 39.13090125060058], "COF": 0.1158302497560423, "chain-smiles": "CCCCCCCCCCCCCCCCCC1=CC=C(F)C=C1", "h-smiles": "C1=CC=C(F)C=C1", "entropy_translational": 165.68, "S2": {"25nN": 0.8813131629662071, "5nN": 0.891692153461072, "15nN": 0.8968527634780834}}