{"enthalpy_vibrational": 57.43, "shear_5nN_Etotal": [-2187.8671226890488, 196.63394002530384], "heat_capacity_vibrational": 0.13, "entropy_vibrational": 0.02, "interdigitation": {"25nN": 0.11912443999406243, "5nN": 0.11124798014847563, "15nN": 0.12190535625453976}, "polar_solvation_energy": -15.61, "shear_15nN_qq": [-981.6138262877696, 201.27838559021828], "nonpolar_solvation_energy": 2.8, "molecular_weight": 17.0073, "shear_15nN_Etotal": [-2237.3261919080737, 194.61270417545123], "roughness": {"25nN": 0.05196170049035569, "5nN": 0.05731880719091495, "15nN": 0.05457476756653767}, "tilt": {"25nN": 36.69544694345869, "5nN": 30.92586757258307, "15nN": 33.71085965321884}, "shear_15nN_lj": [-1255.712365620304, 57.502113050616494], "surface_area": 42.49, "total_solvation_energy": -12.83, "dipole_moment": 1.88, "entropy_rotational": 49.19, "shear_25nN_lj": [-1319.7937762126298, 62.14042614530462], "shear_25nN_qq": [-661.3495133852917, 195.0774870054255], "ch3-smiles": "CO", "status": {"b51fe4568bef79f40462352e17e82368-minimize_grompp": 1, "b51fe4568bef79f40462352e17e82368-calc_friction": 1, "b51fe4568bef79f40462352e17e82368-shear_5nN_extend_grompp": 1, "b51fe4568bef79f40462352e17e82368-shear_25nN_rerun_grompp": 1, "b51fe4568bef79f40462352e17e82368-log_interaction_energy_15nN": 1, "b51fe4568bef79f40462352e17e82368-calc_S2_shear": 1, "b51fe4568bef79f40462352e17e82368-minimize": 1, "b51fe4568bef79f40462352e17e82368-equilibrate": 1, "b51fe4568bef79f40462352e17e82368-shear_15nN_extend": 1, "b51fe4568bef79f40462352e17e82368-unwrap_shear_15nN": 1, "b51fe4568bef79f40462352e17e82368-shear_15nN_rerun_grompp": 1, "b51fe4568bef79f40462352e17e82368-fix_overlaps": 1, "b51fe4568bef79f40462352e17e82368-unwrap_shear_5nN": 1, "b51fe4568bef79f40462352e17e82368-compress_grompp": 1, "b51fe4568bef79f40462352e17e82368-equilibrate_grompp": 1, "b51fe4568bef79f40462352e17e82368-shear_5nN_rerun": 1, "b51fe4568bef79f40462352e17e82368-shear_5nN_grompp": 1, "b51fe4568bef79f40462352e17e82368-calc_interdigitation": 6, "b51fe4568bef79f40462352e17e82368-lammps_to_gmx": 1, "b51fe4568bef79f40462352e17e82368-shear_5nN_extend": 1, "b51fe4568bef79f40462352e17e82368-count_hydrogen_bonds": 1, "b51fe4568bef79f40462352e17e82368-shear_25nN": 1, "b51fe4568bef79f40462352e17e82368-shear_5nN": 1, "b51fe4568bef79f40462352e17e82368-get_interaction_energy_5nN": 1, "b51fe4568bef79f40462352e17e82368-shear_15nN_grompp": 1, "b51fe4568bef79f40462352e17e82368-log_interaction_energy_25nN": 1, "b51fe4568bef79f40462352e17e82368-shear_25nN_extend_grompp": 1, "b51fe4568bef79f40462352e17e82368-log_S2": 1, "b51fe4568bef79f40462352e17e82368-shear_15nN_extend_grompp": 1, "b51fe4568bef79f40462352e17e82368-log_cof": 1, "b51fe4568bef79f40462352e17e82368-log_tilt": 1, "b51fe4568bef79f40462352e17e82368-log_interaction_energy_5nN": 1, "b51fe4568bef79f40462352e17e82368-unwrap_shear_25nN": 1, "b51fe4568bef79f40462352e17e82368-calc_roughness": 1, "b51fe4568bef79f40462352e17e82368-calc_tilt_shear": 1, "b51fe4568bef79f40462352e17e82368-compress": 1, "b51fe4568bef79f40462352e17e82368-top_to_mol2": 1, "b51fe4568bef79f40462352e17e82368-get_interaction_energy_25nN": 1, "b51fe4568bef79f40462352e17e82368-shear_25nN_extend": 1, "b51fe4568bef79f40462352e17e82368-initialize": 1, "b51fe4568bef79f40462352e17e82368-shear_25nN_grompp": 1, "b51fe4568bef79f40462352e17e82368-shear_5nN_rerun_grompp": 1, "b51fe4568bef79f40462352e17e82368-shear_25nN_rerun": 1, "b51fe4568bef79f40462352e17e82368-shear_15nN_rerun": 1, "b51fe4568bef79f40462352e17e82368-get_interaction_energy_15nN": 1, "b51fe4568bef79f40462352e17e82368-shear_15nN": 1}, "shear_25nN_Etotal": [-1981.1432895979217, 188.51946804496401], "intercept": 4.343880375992516, "shear_5nN_qq": [-1100.4542343341327, 194.76922929666827], "COF": 0.19024765260831702, "chain-smiles": "CCCCCCCCCCCCCCCCCO", "shear_5nN_lj": [-1087.412888354916, 62.15818525625397], "h-smiles": "O", "entropy_translational": 144.8, "S2": {"25nN": 0.6191380041337459, "5nN": 0.6532505152436604, "15nN": 0.642395265743689}}