{"MR":11.254,"asphericity":0.566326,"balabanj":3.675949,"bertzct":55.617271,"chi0":5.154701,"chi0n":5.0,"chi0v":1.0,"chi1":2.642734,"chi1n":2.25,"chi1v":0.25,"chi2n":0.0,"chi2v":0.0,"chi3n":0.0,"chi3v":0.0,"chi4n":0.0,"chi4v":0.0,"e-valence":12.0,"eccentricity":0.984518,"hk-alpha":-0.26,"hk-kappa1":0.042409,"hk-kappa2":0.74,"hk-kappa3":-6.106154,"ipc":13.60964,"isf":0.236735,"labuteASA":20.034472,"logP":0.8022,"molwt":28.0313,"molwt-hvy":24.022,"nheavy":2.0,"npr1":0.175282,"npr2":0.824718,"pbf":0.0,"pc+":0.212622,"pc-":-0.212622,"pmi1":3.483726,"pmi2":16.391286,"pmi3":19.875012,"rbonds":0.0,"rg":0.841698,"rpc+":0.25,"rpc-":0.5,"spherocity":0.0,"tpsa":0.0,"vsa+":5.483034,"vsa-":13.062078,"vsa-fhyd":1.0,"vsa-fneg":0.704341,"vsa-fpneg":0.0,"vsa-fpos":0.295659,"vsa-fppos":0.0,"vsa-hyd":18.545112,"vsa-polar":0.0,"vsa-polar+":0.0,"vsa-polar-":0.0,"hbonds":0.0}