{"enthalpy_vibrational": 131.44, "shear_5nN_Etotal": [-780.0036903709033, 49.169391164747104], "heat_capacity_vibrational": 10.23, "entropy_vibrational": 2.65, "interdigitation": {"25nN": 0.1421712414929584, "5nN": 0.16037498978504552, "15nN": 0.1585904335844989}, "polar_solvation_energy": -1.05, "shear_15nN_qq": [555.7158082438049, 19.2612780129843], "nonpolar_solvation_energy": 8.4, "molecular_weight": 27.0451, "shear_15nN_Etotal": [-994.9535357745805, 50.744295223007235], "roughness": {"25nN": 0.06433058942461037, "5nN": 0.07106382746199628, "15nN": 0.07090639048021487}, "tilt": {"25nN": 33.99994616028075, "5nN": 26.962150626247226, "15nN": 31.739205014710514}, "shear_15nN_lj": [-1550.6693440183853, 46.297006149199795], "surface_area": 61.0, "total_solvation_energy": 7.34, "dipole_moment": 0.0, "entropy_rotational": 77.76, "shear_25nN_lj": [-1653.7494649800162, 44.571791488119544], "shear_5nN_lj": [-1310.8284383133491, 53.029938274079825], "status": {"d40c6e9173b54f237f2f375fb373a7c9-shear_25nN_rerun": 1, "d40c6e9173b54f237f2f375fb373a7c9-shear_5nN_rerun": 1, "d40c6e9173b54f237f2f375fb373a7c9-shear_5nN": 1, "d40c6e9173b54f237f2f375fb373a7c9-get_interaction_energy_25nN": 1, "d40c6e9173b54f237f2f375fb373a7c9-fix_overlaps": 1, "d40c6e9173b54f237f2f375fb373a7c9-get_interaction_energy_15nN": 1, "d40c6e9173b54f237f2f375fb373a7c9-shear_5nN_rerun_grompp": 1, "d40c6e9173b54f237f2f375fb373a7c9-unwrap_shear_5nN": 1, "d40c6e9173b54f237f2f375fb373a7c9-shear_25nN_grompp": 1, "d40c6e9173b54f237f2f375fb373a7c9-shear_15nN": 1, "d40c6e9173b54f237f2f375fb373a7c9-shear_15nN_grompp": 1, "d40c6e9173b54f237f2f375fb373a7c9-shear_15nN_rerun": 1, "d40c6e9173b54f237f2f375fb373a7c9-log_interaction_energy_15nN": 1, "d40c6e9173b54f237f2f375fb373a7c9-shear_5nN_extend_grompp": 1, "d40c6e9173b54f237f2f375fb373a7c9-compress": 1, "d40c6e9173b54f237f2f375fb373a7c9-log_S2": 1, "d40c6e9173b54f237f2f375fb373a7c9-shear_25nN_extend_grompp": 1, "d40c6e9173b54f237f2f375fb373a7c9-shear_15nN_rerun_grompp": 1, "d40c6e9173b54f237f2f375fb373a7c9-unwrap_shear_25nN": 1, "d40c6e9173b54f237f2f375fb373a7c9-compress_grompp": 1, "d40c6e9173b54f237f2f375fb373a7c9-count_hydrogen_bonds": 1, "d40c6e9173b54f237f2f375fb373a7c9-log_interaction_energy_5nN": 1, "d40c6e9173b54f237f2f375fb373a7c9-shear_25nN_extend": 1, "d40c6e9173b54f237f2f375fb373a7c9-get_interaction_energy_5nN": 1, "d40c6e9173b54f237f2f375fb373a7c9-log_interaction_energy_25nN": 1, "d40c6e9173b54f237f2f375fb373a7c9-minimize": 1, "d40c6e9173b54f237f2f375fb373a7c9-calc_friction": 1, "d40c6e9173b54f237f2f375fb373a7c9-log_tilt": 1, "d40c6e9173b54f237f2f375fb373a7c9-log_cof": 1, "d40c6e9173b54f237f2f375fb373a7c9-top_to_mol2": 1, "d40c6e9173b54f237f2f375fb373a7c9-equilibrate_grompp": 1, "d40c6e9173b54f237f2f375fb373a7c9-shear_5nN_grompp": 1, "d40c6e9173b54f237f2f375fb373a7c9-minimize_grompp": 1, "d40c6e9173b54f237f2f375fb373a7c9-calc_interdigitation": 1, "d40c6e9173b54f237f2f375fb373a7c9-initialize": 1, "d40c6e9173b54f237f2f375fb373a7c9-calc_S2_shear": 1, "d40c6e9173b54f237f2f375fb373a7c9-unwrap_shear_15nN": 1, "d40c6e9173b54f237f2f375fb373a7c9-shear_25nN": 1, "d40c6e9173b54f237f2f375fb373a7c9-shear_15nN_extend_grompp": 1, "d40c6e9173b54f237f2f375fb373a7c9-equilibrate": 1, "d40c6e9173b54f237f2f375fb373a7c9-calc_roughness": 1, "d40c6e9173b54f237f2f375fb373a7c9-shear_5nN_extend": 1, "d40c6e9173b54f237f2f375fb373a7c9-shear_15nN_extend": 1, "d40c6e9173b54f237f2f375fb373a7c9-shear_25nN_rerun_grompp": 1, "d40c6e9173b54f237f2f375fb373a7c9-calc_tilt_shear": 1, "d40c6e9173b54f237f2f375fb373a7c9-lammps_to_gmx": 1}, "shear_25nN_Etotal": [-1085.3938821694642, 47.385518218642304], "shear_25nN_qq": [568.3555828105515, 20.580039002272436], "ch3-smiles": "CC=C", "intercept": 1.2102409435333188, "shear_5nN_qq": [530.824747942446, 17.20022322150677], "COF": 0.1434750910441335, "chain-smiles": "CCCCCCCCCCCCCCCCCC=C", "h-smiles": "C=C", "entropy_translational": 150.32, "S2": {"25nN": 0.7610282147755782, "5nN": 0.7882297321923459, "15nN": 0.7872237216319751}}