{"enthalpy_vibrational": 119.27, "shear_5nN_Etotal": [-1137.4943210319743, 50.82837204832573], "heat_capacity_vibrational": 2.25, "entropy_vibrational": 0.39, "interdigitation": {"25nN": 0.1491922756091252, "5nN": 0.15282228532328906, "15nN": 0.1365542852498841}, "polar_solvation_energy": -0.12, "shear_15nN_qq": [69.14851376498801, 11.34612060482855], "nonpolar_solvation_energy": 4.81, "molecular_weight": 15.0344, "shear_15nN_Etotal": [-1347.2789165547563, 49.54722489165053], "roughness": {"25nN": 0.0758132177377297, "5nN": 0.08436706097461254, "15nN": 0.07174172715881118}, "tilt": {"25nN": 40.10777598585374, "5nN": 33.986163740045335, "15nN": 37.759176672526515}, "total_solvation_energy": 4.69, "surface_area": 48.83, "shear_15nN_lj": [-1416.4274303197442, 52.27959718079784], "dipole_moment": 0.0, "entropy_rotational": 62.93, "shear_25nN_lj": [-1517.568612095923, 53.406555019391554], "shear_25nN_qq": [94.69034761790567, 10.681442504161383], "status": {"21a6db3b12204a15aa39c3fe25c2dc41-shear_5nN": 1, "21a6db3b12204a15aa39c3fe25c2dc41-lammps_to_gmx": 1, "21a6db3b12204a15aa39c3fe25c2dc41-shear_5nN_extend_grompp": 1, "21a6db3b12204a15aa39c3fe25c2dc41-shear_15nN": 1, "21a6db3b12204a15aa39c3fe25c2dc41-initialize": 1, "21a6db3b12204a15aa39c3fe25c2dc41-shear_5nN_extend": 1, "21a6db3b12204a15aa39c3fe25c2dc41-shear_15nN_grompp": 1, "21a6db3b12204a15aa39c3fe25c2dc41-calc_roughness": 1, "21a6db3b12204a15aa39c3fe25c2dc41-shear_15nN_extend_grompp": 1, "21a6db3b12204a15aa39c3fe25c2dc41-shear_25nN_grompp": 1, "21a6db3b12204a15aa39c3fe25c2dc41-shear_25nN_rerun_grompp": 1, "21a6db3b12204a15aa39c3fe25c2dc41-shear_5nN_rerun_grompp": 1, "21a6db3b12204a15aa39c3fe25c2dc41-shear_25nN_extend": 1, "21a6db3b12204a15aa39c3fe25c2dc41-equilibrate_grompp": 1, "21a6db3b12204a15aa39c3fe25c2dc41-shear_25nN": 1, "21a6db3b12204a15aa39c3fe25c2dc41-calc_S2_shear": 1, "21a6db3b12204a15aa39c3fe25c2dc41-shear_5nN_rerun": 1, "21a6db3b12204a15aa39c3fe25c2dc41-unwrap_shear_25nN": 1, "21a6db3b12204a15aa39c3fe25c2dc41-shear_15nN_rerun_grompp": 1, "21a6db3b12204a15aa39c3fe25c2dc41-shear_25nN_rerun": 1, "21a6db3b12204a15aa39c3fe25c2dc41-minimize_grompp": 1, "21a6db3b12204a15aa39c3fe25c2dc41-get_interaction_energy_5nN": 1, "21a6db3b12204a15aa39c3fe25c2dc41-log_interaction_energy_5nN": 1, "21a6db3b12204a15aa39c3fe25c2dc41-minimize": 1, "21a6db3b12204a15aa39c3fe25c2dc41-equilibrate": 1, "21a6db3b12204a15aa39c3fe25c2dc41-log_interaction_energy_15nN": 1, "21a6db3b12204a15aa39c3fe25c2dc41-top_to_mol2": 1, "21a6db3b12204a15aa39c3fe25c2dc41-shear_25nN_extend_grompp": 1, "21a6db3b12204a15aa39c3fe25c2dc41-get_interaction_energy_25nN": 1, "21a6db3b12204a15aa39c3fe25c2dc41-log_S2": 1, "21a6db3b12204a15aa39c3fe25c2dc41-get_interaction_energy_15nN": 1, "21a6db3b12204a15aa39c3fe25c2dc41-shear_15nN_extend": 1, "21a6db3b12204a15aa39c3fe25c2dc41-compress": 1, "21a6db3b12204a15aa39c3fe25c2dc41-calc_interdigitation": 6, "21a6db3b12204a15aa39c3fe25c2dc41-shear_5nN_grompp": 1, "21a6db3b12204a15aa39c3fe25c2dc41-log_cof": 1, "21a6db3b12204a15aa39c3fe25c2dc41-log_tilt": 1, "21a6db3b12204a15aa39c3fe25c2dc41-calc_tilt_shear": 1, "21a6db3b12204a15aa39c3fe25c2dc41-shear_15nN_rerun": 1, "21a6db3b12204a15aa39c3fe25c2dc41-calc_friction": 1, "21a6db3b12204a15aa39c3fe25c2dc41-count_hydrogen_bonds": 1, "21a6db3b12204a15aa39c3fe25c2dc41-unwrap_shear_5nN": 1, "21a6db3b12204a15aa39c3fe25c2dc41-log_interaction_energy_25nN": 1, "21a6db3b12204a15aa39c3fe25c2dc41-fix_overlaps": 1, "21a6db3b12204a15aa39c3fe25c2dc41-compress_grompp": 1, "21a6db3b12204a15aa39c3fe25c2dc41-unwrap_shear_15nN": 1}, "shear_25nN_Etotal": [-1422.8782644780176, 50.58056984275843], "ch3-smiles": "CC", "intercept": 0.7881399102954441, "shear_5nN_qq": [24.96609087529976, 8.860725154717267], "COF": 0.16354095441621977, "chain-smiles": "CCCCCCCCCCCCCCCCCC", "shear_5nN_lj": [-1162.4604119072742, 52.66720218488642], "h-smiles": "C", "entropy_translational": 143.35, "S2": {"25nN": 0.9191363211556192, "5nN": 0.9293849193261803, "15nN": 0.927000416485377}}