{"enthalpy_vibrational": 214.06, "shear_5nN_Etotal": [-1244.2510116650678, 49.93369704130759], "heat_capacity_vibrational": 19.47, "entropy_vibrational": 5.04, "interdigitation": {"25nN": 0.09560194982585132, "5nN": 0.10241859367664781, "15nN": 0.11213774326467578}, "polar_solvation_energy": -1.28, "shear_15nN_qq": [17.46693825339728, 14.313215017374661], "nonpolar_solvation_energy": 9.15, "molecular_weight": 41.0716, "shear_15nN_Etotal": [-1467.6364717010392, 44.655057347195246], "roughness": {"25nN": 0.05264729594074998, "5nN": 0.06795730664843375, "15nN": 0.07045818488789161}, "tilt": {"25nN": 39.46759586579579, "5nN": 34.000281974044135, "15nN": 37.0485428659731}, "total_solvation_energy": 7.89, "surface_area": 65.5, "shear_15nN_lj": [-1485.1034099544365, 46.64301054493104], "dipole_moment": 0.0, "entropy_rotational": 90.7, "shear_25nN_lj": [-1585.2560356882495, 54.33060122013268], "shear_25nN_qq": [41.769851319744205, 14.536725216664228], "status": {"eb69ab78cc97f681feaf9fde0986b91f-shear_15nN_rerun": 1, "eb69ab78cc97f681feaf9fde0986b91f-shear_15nN_extend": 1, "eb69ab78cc97f681feaf9fde0986b91f-shear_15nN": 1, "eb69ab78cc97f681feaf9fde0986b91f-minimize_grompp": 1, "eb69ab78cc97f681feaf9fde0986b91f-log_S2": 1, "eb69ab78cc97f681feaf9fde0986b91f-shear_15nN_grompp": 1, "eb69ab78cc97f681feaf9fde0986b91f-log_interaction_energy_5nN": 1, "eb69ab78cc97f681feaf9fde0986b91f-shear_5nN_rerun": 1, "eb69ab78cc97f681feaf9fde0986b91f-shear_15nN_extend_grompp": 1, "eb69ab78cc97f681feaf9fde0986b91f-calc_roughness": 1, "eb69ab78cc97f681feaf9fde0986b91f-shear_25nN_extend_grompp": 1, "eb69ab78cc97f681feaf9fde0986b91f-get_interaction_energy_25nN": 1, "eb69ab78cc97f681feaf9fde0986b91f-shear_15nN_rerun_grompp": 1, "eb69ab78cc97f681feaf9fde0986b91f-log_tilt": 1, "eb69ab78cc97f681feaf9fde0986b91f-shear_5nN": 1, "eb69ab78cc97f681feaf9fde0986b91f-unwrap_shear_15nN": 1, "eb69ab78cc97f681feaf9fde0986b91f-get_interaction_energy_15nN": 1, "eb69ab78cc97f681feaf9fde0986b91f-shear_25nN_rerun": 1, "eb69ab78cc97f681feaf9fde0986b91f-calc_S2_shear": 1, "eb69ab78cc97f681feaf9fde0986b91f-shear_25nN_grompp": 1, "eb69ab78cc97f681feaf9fde0986b91f-count_hydrogen_bonds": 1, "eb69ab78cc97f681feaf9fde0986b91f-equilibrate": 1, "eb69ab78cc97f681feaf9fde0986b91f-compress": 1, "eb69ab78cc97f681feaf9fde0986b91f-log_interaction_energy_25nN": 1, "eb69ab78cc97f681feaf9fde0986b91f-get_interaction_energy_5nN": 1, "eb69ab78cc97f681feaf9fde0986b91f-minimize": 1, "eb69ab78cc97f681feaf9fde0986b91f-shear_5nN_extend_grompp": 1, "eb69ab78cc97f681feaf9fde0986b91f-shear_25nN_rerun_grompp": 1, "eb69ab78cc97f681feaf9fde0986b91f-shear_5nN_rerun_grompp": 1, "eb69ab78cc97f681feaf9fde0986b91f-shear_5nN_extend": 1, "eb69ab78cc97f681feaf9fde0986b91f-log_cof": 1, "eb69ab78cc97f681feaf9fde0986b91f-equilibrate_grompp": 1, "eb69ab78cc97f681feaf9fde0986b91f-compress_grompp": 1, "eb69ab78cc97f681feaf9fde0986b91f-calc_friction": 1, "eb69ab78cc97f681feaf9fde0986b91f-unwrap_shear_5nN": 1, "eb69ab78cc97f681feaf9fde0986b91f-calc_tilt_shear": 1, "eb69ab78cc97f681feaf9fde0986b91f-log_interaction_energy_15nN": 1, "eb69ab78cc97f681feaf9fde0986b91f-shear_25nN": 1, "eb69ab78cc97f681feaf9fde0986b91f-lammps_to_gmx": 1, "eb69ab78cc97f681feaf9fde0986b91f-initialize": 1, "eb69ab78cc97f681feaf9fde0986b91f-unwrap_shear_25nN": 1, "eb69ab78cc97f681feaf9fde0986b91f-fix_overlaps": 1, "eb69ab78cc97f681feaf9fde0986b91f-shear_25nN_extend": 1, "eb69ab78cc97f681feaf9fde0986b91f-top_to_mol2": 1, "eb69ab78cc97f681feaf9fde0986b91f-shear_5nN_grompp": 1, "eb69ab78cc97f681feaf9fde0986b91f-calc_interdigitation": 6}, "shear_25nN_Etotal": [-1543.4861843685053, 51.011201516404874], "ch3-smiles": "CC1CC1", "intercept": 0.24887858471344826, "shear_5nN_qq": [-2.156035509192646, 6.712769014353616], "COF": 0.15954755411832125, "chain-smiles": "CCCCCCCCCCCCCCCCCC1CC1", "shear_5nN_lj": [-1242.0949761558754, 48.87352929342025], "h-smiles": "C1CC1", "entropy_translational": 155.37, "S2": {"25nN": 0.938094504668056, "5nN": 0.9608963560322713, "15nN": 0.9602783024157338}}