{"shear_15nN_qq": [-389.2380820863309, 26.570570830699193], "heat_capacity_vibrational": 19.38, "roughness": {"25nN": 0.047023002433065245, "15nN": 0.04705351529744793, "5nN": 0.049154474064831435}, "enthalpy_vibrational": 66.5, "shear_25nN_Etotal": [-1613.6129487370104, 55.01741739572041], "intercept": 0.9625582686766916, "shear_5nN_qq": [-390.7127449208633, 22.878965008165096], "shear_15nN_lj": [-1160.4893764628296, 42.8285170270033], "entropy_rotational": 99.44, "tilt": {"25nN": 33.804781171666356, "15nN": 32.12278218012353, "5nN": 26.854489144681853}, "total_solvation_energy": 10.13, "S2": {"25nN": 0.8248720649815798, "15nN": 0.835793250750194, "5nN": 0.8014605436075696}, "shear_5nN_Etotal": [-1370.6504626258993, 46.07046563739457], "polar_solvation_energy": -13.1, "status": {"0ab72c46211ba822fbe2060aad7f1929-shear_25nN_extend": 1, "0ab72c46211ba822fbe2060aad7f1929-shear_25nN_rerun": 1, "0ab72c46211ba822fbe2060aad7f1929-compress": 1, "0ab72c46211ba822fbe2060aad7f1929-log_interaction_energy_15nN": 1, "0ab72c46211ba822fbe2060aad7f1929-minimize": 1, "0ab72c46211ba822fbe2060aad7f1929-get_interaction_energy_5nN": 1, "0ab72c46211ba822fbe2060aad7f1929-fix_overlaps": 1, "0ab72c46211ba822fbe2060aad7f1929-shear_5nN_extend_grompp": 1, "0ab72c46211ba822fbe2060aad7f1929-calc_S2_shear": 1, "0ab72c46211ba822fbe2060aad7f1929-get_interaction_energy_25nN": 1, "0ab72c46211ba822fbe2060aad7f1929-shear_5nN_rerun": 1, "0ab72c46211ba822fbe2060aad7f1929-minimize_grompp": 1, "0ab72c46211ba822fbe2060aad7f1929-log_interaction_energy_25nN": 1, "0ab72c46211ba822fbe2060aad7f1929-log_cof": 1, "0ab72c46211ba822fbe2060aad7f1929-unwrap_shear_5nN": 1, "0ab72c46211ba822fbe2060aad7f1929-calc_roughness": 1, "0ab72c46211ba822fbe2060aad7f1929-shear_5nN_rerun_grompp": 1, "0ab72c46211ba822fbe2060aad7f1929-shear_15nN_extend_grompp": 1, "0ab72c46211ba822fbe2060aad7f1929-log_tilt": 1, "0ab72c46211ba822fbe2060aad7f1929-shear_25nN_extend_grompp": 1, "0ab72c46211ba822fbe2060aad7f1929-shear_5nN": 1, "0ab72c46211ba822fbe2060aad7f1929-shear_5nN_extend": 1, "0ab72c46211ba822fbe2060aad7f1929-shear_15nN_rerun_grompp": 1, "0ab72c46211ba822fbe2060aad7f1929-shear_15nN_extend": 1, "0ab72c46211ba822fbe2060aad7f1929-equilibrate": 1, "0ab72c46211ba822fbe2060aad7f1929-unwrap_shear_25nN": 1, "0ab72c46211ba822fbe2060aad7f1929-shear_15nN_rerun": 1, "0ab72c46211ba822fbe2060aad7f1929-shear_5nN_grompp": 1, "0ab72c46211ba822fbe2060aad7f1929-top_to_mol2": 1, "0ab72c46211ba822fbe2060aad7f1929-get_interaction_energy_15nN": 1, "0ab72c46211ba822fbe2060aad7f1929-count_hydrogen_bonds": 1, "0ab72c46211ba822fbe2060aad7f1929-unwrap_shear_15nN": 1, "0ab72c46211ba822fbe2060aad7f1929-calc_interdigitation": 6, "0ab72c46211ba822fbe2060aad7f1929-lammps_to_gmx": 1, "0ab72c46211ba822fbe2060aad7f1929-log_interaction_energy_5nN": 1, "0ab72c46211ba822fbe2060aad7f1929-shear_25nN_grompp": 1, "0ab72c46211ba822fbe2060aad7f1929-compress_grompp": 1, "0ab72c46211ba822fbe2060aad7f1929-initialize": 1, "0ab72c46211ba822fbe2060aad7f1929-shear_15nN": 1, "0ab72c46211ba822fbe2060aad7f1929-log_S2": 1, "0ab72c46211ba822fbe2060aad7f1929-shear_25nN": 1, "0ab72c46211ba822fbe2060aad7f1929-shear_25nN_rerun_grompp": 1, "0ab72c46211ba822fbe2060aad7f1929-calc_friction": 1, "0ab72c46211ba822fbe2060aad7f1929-shear_15nN_grompp": 1, "0ab72c46211ba822fbe2060aad7f1929-equilibrate_grompp": 1, "0ab72c46211ba822fbe2060aad7f1929-calc_tilt_shear": 1}, "shear_25nN_qq": [-370.9656075403677, 33.025767651397], "COF": 0.1673996917716226, "interdigitation": {"25nN": 0.13480602416994877, "15nN": 0.1287260485998449, "5nN": 0.128217430291981}, "shear_25nN_lj": [-1242.6473411966426, 45.01180254675042], "nonpolar_solvation_energy": 23.24, "surface_area": 60.34, "dipole_moment": 2.09, "molecular_weight": 69.0059, "entropy_translational": 161.73, "entropy_vibrational": 8.9, "shear_5nN_lj": [-979.937717705036, 38.16236301330175], "shear_15nN_Etotal": [-1549.7274585491607, 50.774565315829584]}