{"heat_capacity_vibrational": 19.38, "shear_25nN_lj": [-1212.2840293149482, 45.406419638251414], "nonpolar_solvation_energy": 23.24, "intercept": 0.5797950867729429, "dipole_moment": 2.09, "status": {"26d14204e4385fbfb06d0aba22dfeb28-calc_roughness": 1, "26d14204e4385fbfb06d0aba22dfeb28-compress": 1, "26d14204e4385fbfb06d0aba22dfeb28-shear_15nN_rerun": 1, "26d14204e4385fbfb06d0aba22dfeb28-minimize": 1, "26d14204e4385fbfb06d0aba22dfeb28-log_tilt": 1, "26d14204e4385fbfb06d0aba22dfeb28-log_S2": 1, "26d14204e4385fbfb06d0aba22dfeb28-shear_25nN_extend": 1, "26d14204e4385fbfb06d0aba22dfeb28-calc_S2_shear": 1, "26d14204e4385fbfb06d0aba22dfeb28-shear_25nN_extend_grompp": 1, "26d14204e4385fbfb06d0aba22dfeb28-shear_25nN_rerun_grompp": 1, "26d14204e4385fbfb06d0aba22dfeb28-shear_15nN": 1, "26d14204e4385fbfb06d0aba22dfeb28-shear_5nN": 1, "26d14204e4385fbfb06d0aba22dfeb28-unwrap_shear_15nN": 1, "26d14204e4385fbfb06d0aba22dfeb28-shear_5nN_rerun": 1, "26d14204e4385fbfb06d0aba22dfeb28-log_cof": 1, "26d14204e4385fbfb06d0aba22dfeb28-calc_tilt_shear": 1, "26d14204e4385fbfb06d0aba22dfeb28-get_interaction_energy_15nN": 1, "26d14204e4385fbfb06d0aba22dfeb28-log_interaction_energy_15nN": 1, "26d14204e4385fbfb06d0aba22dfeb28-equilibrate": 1, "26d14204e4385fbfb06d0aba22dfeb28-shear_25nN_rerun": 1, "26d14204e4385fbfb06d0aba22dfeb28-lammps_to_gmx": 1, "26d14204e4385fbfb06d0aba22dfeb28-fix_overlaps": 1, "26d14204e4385fbfb06d0aba22dfeb28-shear_15nN_extend_grompp": 1, "26d14204e4385fbfb06d0aba22dfeb28-get_interaction_energy_5nN": 1, "26d14204e4385fbfb06d0aba22dfeb28-top_to_mol2": 1, "26d14204e4385fbfb06d0aba22dfeb28-shear_25nN_grompp": 1, "26d14204e4385fbfb06d0aba22dfeb28-unwrap_shear_5nN": 1, "26d14204e4385fbfb06d0aba22dfeb28-compress_grompp": 1, "26d14204e4385fbfb06d0aba22dfeb28-calc_friction": 1, "26d14204e4385fbfb06d0aba22dfeb28-shear_25nN": 1, "26d14204e4385fbfb06d0aba22dfeb28-equilibrate_grompp": 1, "26d14204e4385fbfb06d0aba22dfeb28-log_interaction_energy_5nN": 1, "26d14204e4385fbfb06d0aba22dfeb28-shear_5nN_grompp": 1, "26d14204e4385fbfb06d0aba22dfeb28-minimize_grompp": 1, "26d14204e4385fbfb06d0aba22dfeb28-log_interaction_energy_25nN": 1, "26d14204e4385fbfb06d0aba22dfeb28-calc_interdigitation": 6, "26d14204e4385fbfb06d0aba22dfeb28-unwrap_shear_25nN": 1, "26d14204e4385fbfb06d0aba22dfeb28-shear_5nN_extend": 1, "26d14204e4385fbfb06d0aba22dfeb28-shear_5nN_extend_grompp": 1, "26d14204e4385fbfb06d0aba22dfeb28-shear_15nN_rerun_grompp": 1, "26d14204e4385fbfb06d0aba22dfeb28-shear_15nN_extend": 1, "26d14204e4385fbfb06d0aba22dfeb28-count_hydrogen_bonds": 1, "26d14204e4385fbfb06d0aba22dfeb28-shear_15nN_grompp": 1, "26d14204e4385fbfb06d0aba22dfeb28-initialize": 1, "26d14204e4385fbfb06d0aba22dfeb28-shear_5nN_rerun_grompp": 1, "26d14204e4385fbfb06d0aba22dfeb28-get_interaction_energy_25nN": 1}, "shear_5nN_qq": [-16.82956709752198, 10.557381504691957], "shear_5nN_Etotal": [-958.0047475187849, 48.34349534887182], "S2": {"15nN": 0.959753955697828, "25nN": 0.9588440052645861, "5nN": 0.9693698626079517}, "shear_15nN_lj": [-1140.128697789768, 43.98582639401704], "total_solvation_energy": 10.13, "entropy_rotational": 99.44, "molecular_weight": 69.0059, "shear_15nN_qq": [-66.94235352038369, 12.630600097165878], "tilt": {"15nN": 38.34858687824147, "25nN": 40.07682858244829, "5nN": 34.34162736602786}, "surface_area": 60.34, "roughness": {"15nN": 0.053024922102477834, "25nN": 0.055686698127329834, "5nN": 0.06666556276594161}, "shear_15nN_Etotal": [-1207.071051310152, 49.50568865299651], "shear_5nN_lj": [-941.1751804212629, 42.8886509606734], "interdigitation": {"15nN": 0.13909733305738547, "5nN": 0.14547501284204858, "25nN": 0.15613524383543054}, "polar_solvation_energy": -13.1, "shear_25nN_qq": [-104.15406265867306, 12.703108738929823], "entropy_translational": 161.73, "shear_25nN_Etotal": [-1316.438091973621, 49.711767414066806], "enthalpy_vibrational": 66.5, "COF": 0.16199654775179348, "entropy_vibrational": 8.9}