{"shear_25nN_qq": [461.3665458361311, 30.1904851099493], "shear_25nN_lj": [-1482.01746786251, 45.93122016825818], "enthalpy_vibrational": 273.28, "surface_area": 70.99, "shear_5nN_qq": [360.29929910711434, 19.446392866536772], "COF": 0.16651056546800974, "nonpolar_solvation_energy": 11.79, "shear_5nN_Etotal": [-748.7290283141486, 53.180888746899015], "status": {"4381729199614b495f7b1ea7afb7f0cf-get_interaction_energy_25nN": 1, "4381729199614b495f7b1ea7afb7f0cf-shear_5nN_rerun": 1, "4381729199614b495f7b1ea7afb7f0cf-initialize": 1, "4381729199614b495f7b1ea7afb7f0cf-unwrap_shear_15nN": 1, "4381729199614b495f7b1ea7afb7f0cf-shear_15nN_rerun": 1, "4381729199614b495f7b1ea7afb7f0cf-minimize_grompp": 1, "4381729199614b495f7b1ea7afb7f0cf-calc_interdigitation": 1, "4381729199614b495f7b1ea7afb7f0cf-top_to_mol2": 1, "4381729199614b495f7b1ea7afb7f0cf-shear_15nN_extend_grompp": 1, "4381729199614b495f7b1ea7afb7f0cf-log_interaction_energy_5nN": 1, "4381729199614b495f7b1ea7afb7f0cf-minimize": 1, "4381729199614b495f7b1ea7afb7f0cf-log_S2": 1, "4381729199614b495f7b1ea7afb7f0cf-equilibrate_grompp": 1, "4381729199614b495f7b1ea7afb7f0cf-unwrap_shear_25nN": 1, "4381729199614b495f7b1ea7afb7f0cf-fix_overlaps": 1, "4381729199614b495f7b1ea7afb7f0cf-get_interaction_energy_15nN": 1, "4381729199614b495f7b1ea7afb7f0cf-lammps_to_gmx": 1, "4381729199614b495f7b1ea7afb7f0cf-log_cof": 1, "4381729199614b495f7b1ea7afb7f0cf-shear_15nN": 1, "4381729199614b495f7b1ea7afb7f0cf-calc_tilt_shear": 1, "4381729199614b495f7b1ea7afb7f0cf-log_tilt": 1, "4381729199614b495f7b1ea7afb7f0cf-shear_5nN_extend_grompp": 1, "4381729199614b495f7b1ea7afb7f0cf-shear_25nN_extend": 1, "4381729199614b495f7b1ea7afb7f0cf-compress_grompp": 1, "4381729199614b495f7b1ea7afb7f0cf-compress": 1, "4381729199614b495f7b1ea7afb7f0cf-shear_25nN_extend_grompp": 1, "4381729199614b495f7b1ea7afb7f0cf-shear_25nN_rerun_grompp": 1, "4381729199614b495f7b1ea7afb7f0cf-shear_5nN_rerun_grompp": 1, "4381729199614b495f7b1ea7afb7f0cf-calc_S2_shear": 1, "4381729199614b495f7b1ea7afb7f0cf-shear_15nN_grompp": 1, "4381729199614b495f7b1ea7afb7f0cf-unwrap_shear_5nN": 1, "4381729199614b495f7b1ea7afb7f0cf-calc_friction": 1, "4381729199614b495f7b1ea7afb7f0cf-shear_5nN_extend": 1, "4381729199614b495f7b1ea7afb7f0cf-shear_15nN_extend": 1, "4381729199614b495f7b1ea7afb7f0cf-count_hydrogen_bonds": 1, "4381729199614b495f7b1ea7afb7f0cf-shear_25nN_grompp": 1, "4381729199614b495f7b1ea7afb7f0cf-get_interaction_energy_5nN": 1, "4381729199614b495f7b1ea7afb7f0cf-shear_5nN": 1, "4381729199614b495f7b1ea7afb7f0cf-log_interaction_energy_25nN": 1, "4381729199614b495f7b1ea7afb7f0cf-equilibrate": 1, "4381729199614b495f7b1ea7afb7f0cf-shear_25nN_rerun": 1, "4381729199614b495f7b1ea7afb7f0cf-shear_5nN_grompp": 1, "4381729199614b495f7b1ea7afb7f0cf-shear_25nN": 1, "4381729199614b495f7b1ea7afb7f0cf-shear_15nN_rerun_grompp": 1, "4381729199614b495f7b1ea7afb7f0cf-calc_roughness": 1, "4381729199614b495f7b1ea7afb7f0cf-log_interaction_energy_15nN": 1}, "shear_15nN_qq": [393.06641683932855, 25.214203057482518], "interdigitation": {"15nN": 0.094797882966939, "25nN": 0.10388166676450214, "5nN": 0.07996434523071919}, "total_solvation_energy": 11.37, "entropy_vibrational": 26.04, "roughness": {"15nN": 0.053127576144029, "5nN": 0.05455631484443566, "25nN": 0.05484525674413673}, "S2": {"15nN": 0.6782149849942409, "5nN": 0.7228168807306583, "25nN": 0.6521393047649451}, "entropy_rotational": 94.72, "polar_solvation_energy": -0.4, "shear_5nN_lj": [-1109.0283274212632, 49.04491539159726], "entropy_translational": 155.96, "tilt": {"15nN": 27.264453584326958, "5nN": 23.37510649620976, "25nN": 29.391129019322115}, "dipole_moment": 0.01, "heat_capacity_vibrational": 37.37, "shear_25nN_Etotal": [-1020.6509220263789, 50.96894096248864], "intercept": 0.8790686214834467, "shear_15nN_lj": [-1357.1153221854518, 45.53679207511144], "molecular_weight": 43.0874, "shear_15nN_Etotal": [-964.0489053461231, 49.92977148083186]}