{"enthalpy_vibrational": 87.35, "shear_5nN_Etotal": [-3906.5860314796164, 203.4278688788577], "heat_capacity_vibrational": 15.26, "entropy_vibrational": 7.1, "interdigitation": {"25nN": 0.1485514109804163, "5nN": 0.1254504638340759, "15nN": 0.11458005098892239}, "polar_solvation_energy": -36.43, "shear_15nN_qq": [-1808.7036496730616, 179.51638102041738], "nonpolar_solvation_energy": 3.72, "molecular_weight": 45.0174, "shear_15nN_Etotal": [-3880.1624444532376, 180.97021337526138], "roughness": {"25nN": 0.06040947632600771, "5nN": 0.05407195912055825, "15nN": 0.053187736317636826}, "tilt": {"25nN": 38.652336660014846, "5nN": 34.01385858563494, "15nN": 37.153128832331426}, "shear_15nN_lj": [-2071.458794780176, 64.43895600125899], "surface_area": 64.71, "total_solvation_energy": -32.72, "dipole_moment": 4.81, "entropy_rotational": 87.93, "shear_25nN_lj": [-2168.726702227018, 64.38772699964295], "shear_5nN_lj": [-1927.0140995627498, 66.90521089966046], "status": {"b7196574103a0ed528f96a13ef29fc85-fix_overlaps": 1, "b7196574103a0ed528f96a13ef29fc85-equilibrate_grompp": 1, "b7196574103a0ed528f96a13ef29fc85-unwrap_shear_5nN": 1, "b7196574103a0ed528f96a13ef29fc85-log_S2": 1, "b7196574103a0ed528f96a13ef29fc85-shear_15nN_rerun_grompp": 1, "b7196574103a0ed528f96a13ef29fc85-compress_grompp": 1, "b7196574103a0ed528f96a13ef29fc85-minimize": 1, "b7196574103a0ed528f96a13ef29fc85-shear_25nN_extend": 1, "b7196574103a0ed528f96a13ef29fc85-get_interaction_energy_25nN": 1, "b7196574103a0ed528f96a13ef29fc85-shear_25nN_grompp": 1, "b7196574103a0ed528f96a13ef29fc85-equilibrate": 1, "b7196574103a0ed528f96a13ef29fc85-count_hydrogen_bonds": 1, "b7196574103a0ed528f96a13ef29fc85-minimize_grompp": 1, "b7196574103a0ed528f96a13ef29fc85-log_tilt": 1, "b7196574103a0ed528f96a13ef29fc85-shear_25nN_extend_grompp": 1, "b7196574103a0ed528f96a13ef29fc85-calc_interdigitation": 1, "b7196574103a0ed528f96a13ef29fc85-lammps_to_gmx": 1, "b7196574103a0ed528f96a13ef29fc85-shear_15nN_rerun": 1, "b7196574103a0ed528f96a13ef29fc85-log_interaction_energy_15nN": 1, "b7196574103a0ed528f96a13ef29fc85-get_interaction_energy_15nN": 1, "b7196574103a0ed528f96a13ef29fc85-compress": 1, "b7196574103a0ed528f96a13ef29fc85-calc_tilt_shear": 1, "b7196574103a0ed528f96a13ef29fc85-unwrap_shear_15nN": 1, "b7196574103a0ed528f96a13ef29fc85-shear_15nN_extend": 1, "b7196574103a0ed528f96a13ef29fc85-get_interaction_energy_5nN": 1, "b7196574103a0ed528f96a13ef29fc85-shear_5nN_grompp": 1, "b7196574103a0ed528f96a13ef29fc85-shear_5nN_rerun": 1, "b7196574103a0ed528f96a13ef29fc85-shear_5nN_rerun_grompp": 1, "b7196574103a0ed528f96a13ef29fc85-shear_25nN_rerun": 1, "b7196574103a0ed528f96a13ef29fc85-log_interaction_energy_5nN": 1, "b7196574103a0ed528f96a13ef29fc85-shear_15nN_extend_grompp": 1, "b7196574103a0ed528f96a13ef29fc85-shear_25nN": 1, "b7196574103a0ed528f96a13ef29fc85-shear_15nN": 1, "b7196574103a0ed528f96a13ef29fc85-unwrap_shear_25nN": 1, "b7196574103a0ed528f96a13ef29fc85-shear_15nN_grompp": 1, "b7196574103a0ed528f96a13ef29fc85-calc_roughness": 1, "b7196574103a0ed528f96a13ef29fc85-shear_25nN_rerun_grompp": 1, "b7196574103a0ed528f96a13ef29fc85-shear_5nN": 1, "b7196574103a0ed528f96a13ef29fc85-log_cof": 1, "b7196574103a0ed528f96a13ef29fc85-shear_5nN_extend": 1, "b7196574103a0ed528f96a13ef29fc85-shear_5nN_extend_grompp": 1, "b7196574103a0ed528f96a13ef29fc85-top_to_mol2": 1, "b7196574103a0ed528f96a13ef29fc85-calc_friction": 1, "b7196574103a0ed528f96a13ef29fc85-calc_S2_shear": 1, "b7196574103a0ed528f96a13ef29fc85-log_interaction_energy_25nN": 1, "b7196574103a0ed528f96a13ef29fc85-initialize": 1}, "shear_25nN_Etotal": [-3997.7588170583535, 200.80506535352782], "shear_25nN_qq": [-1829.032114831335, 196.33396079947042], "ch3-smiles": "CC(=O)O", "intercept": 6.277209148162196, "shear_5nN_qq": [-1979.5719319168668, 201.3372009457988], "COF": 0.13966859959262232, "chain-smiles": "CCCCCCCCCCCCCCCCCC(=O)O", "h-smiles": "C(=O)O", "entropy_translational": 156.5, "S2": {"25nN": 0.9110649870321175, "5nN": 0.9089644012268123, "15nN": 0.9096353124480742}}