{"shear_15nN_Etotal": [-1432.6505180871304, 44.93269657014137], "molecular_weight": 43.0874, "shear_25nN_Etotal": [-1519.7222159992007, 44.19222359991788], "surface_area": 70.99, "shear_15nN_qq": [-0.9283065075939249, 10.505329609317902], "enthalpy_vibrational": 273.28, "shear_5nN_qq": [-7.804880127897682, 7.351984026360737], "tilt": {"5nN": 32.367544132745365, "25nN": 37.62999863137918, "15nN": 35.74748153537494}, "intercept": 0.7183735807717979, "shear_25nN_lj": [-1534.1579936131095, 44.511728347734135], "entropy_rotational": 94.72, "shear_5nN_lj": [-1226.671964494005, 47.783971712913065], "shear_25nN_qq": [14.435777613908876, 10.4287046569011], "nonpolar_solvation_energy": 11.79, "total_solvation_energy": 11.37, "shear_15nN_lj": [-1431.7222115795364, 43.28928637582292], "shear_5nN_Etotal": [-1234.4768446219025, 48.25793194612733], "interdigitation": {"5nN": 0.10335756713435484, "25nN": 0.11816612835822715, "15nN": 0.09348004935947128}, "entropy_vibrational": 26.04, "heat_capacity_vibrational": 37.37, "entropy_translational": 155.96, "status": {"e9a6bd48a9b9b647d5446ee0cb0d7b4b-shear_15nN": 1, "e9a6bd48a9b9b647d5446ee0cb0d7b4b-get_interaction_energy_5nN": 1, "e9a6bd48a9b9b647d5446ee0cb0d7b4b-calc_friction": 1, "e9a6bd48a9b9b647d5446ee0cb0d7b4b-shear_5nN": 1, "e9a6bd48a9b9b647d5446ee0cb0d7b4b-shear_5nN_rerun_grompp": 1, "e9a6bd48a9b9b647d5446ee0cb0d7b4b-shear_5nN_grompp": 1, "e9a6bd48a9b9b647d5446ee0cb0d7b4b-top_to_mol2": 1, "e9a6bd48a9b9b647d5446ee0cb0d7b4b-shear_15nN_rerun_grompp": 1, "e9a6bd48a9b9b647d5446ee0cb0d7b4b-unwrap_shear_5nN": 1, "e9a6bd48a9b9b647d5446ee0cb0d7b4b-shear_25nN_rerun": 1, "e9a6bd48a9b9b647d5446ee0cb0d7b4b-shear_25nN_grompp": 1, "e9a6bd48a9b9b647d5446ee0cb0d7b4b-minimize_grompp": 1, "e9a6bd48a9b9b647d5446ee0cb0d7b4b-shear_25nN": 1, "e9a6bd48a9b9b647d5446ee0cb0d7b4b-shear_25nN_extend": 1, "e9a6bd48a9b9b647d5446ee0cb0d7b4b-equilibrate": 1, "e9a6bd48a9b9b647d5446ee0cb0d7b4b-shear_5nN_rerun": 1, "e9a6bd48a9b9b647d5446ee0cb0d7b4b-log_S2": 1, "e9a6bd48a9b9b647d5446ee0cb0d7b4b-shear_15nN_extend_grompp": 1, "e9a6bd48a9b9b647d5446ee0cb0d7b4b-compress_grompp": 1, "e9a6bd48a9b9b647d5446ee0cb0d7b4b-log_interaction_energy_25nN": 1, "e9a6bd48a9b9b647d5446ee0cb0d7b4b-get_interaction_energy_15nN": 1, "e9a6bd48a9b9b647d5446ee0cb0d7b4b-log_cof": 1, "e9a6bd48a9b9b647d5446ee0cb0d7b4b-shear_15nN_grompp": 1, "e9a6bd48a9b9b647d5446ee0cb0d7b4b-shear_5nN_extend": 1, "e9a6bd48a9b9b647d5446ee0cb0d7b4b-calc_S2_shear": 1, "e9a6bd48a9b9b647d5446ee0cb0d7b4b-calc_interdigitation": 1, "e9a6bd48a9b9b647d5446ee0cb0d7b4b-initialize": 1, "e9a6bd48a9b9b647d5446ee0cb0d7b4b-unwrap_shear_15nN": 1, "e9a6bd48a9b9b647d5446ee0cb0d7b4b-minimize": 1, "e9a6bd48a9b9b647d5446ee0cb0d7b4b-equilibrate_grompp": 1, "e9a6bd48a9b9b647d5446ee0cb0d7b4b-unwrap_shear_25nN": 1, "e9a6bd48a9b9b647d5446ee0cb0d7b4b-lammps_to_gmx": 1, "e9a6bd48a9b9b647d5446ee0cb0d7b4b-shear_15nN_rerun": 1, "e9a6bd48a9b9b647d5446ee0cb0d7b4b-compress": 1, "e9a6bd48a9b9b647d5446ee0cb0d7b4b-shear_15nN_extend": 1, "e9a6bd48a9b9b647d5446ee0cb0d7b4b-log_interaction_energy_5nN": 1, "e9a6bd48a9b9b647d5446ee0cb0d7b4b-shear_5nN_extend_grompp": 1, "e9a6bd48a9b9b647d5446ee0cb0d7b4b-fix_overlaps": 1, "e9a6bd48a9b9b647d5446ee0cb0d7b4b-get_interaction_energy_25nN": 1, "e9a6bd48a9b9b647d5446ee0cb0d7b4b-calc_roughness": 1, "e9a6bd48a9b9b647d5446ee0cb0d7b4b-shear_25nN_extend_grompp": 1, "e9a6bd48a9b9b647d5446ee0cb0d7b4b-calc_tilt_shear": 1, "e9a6bd48a9b9b647d5446ee0cb0d7b4b-count_hydrogen_bonds": 1, "e9a6bd48a9b9b647d5446ee0cb0d7b4b-log_interaction_energy_15nN": 1, "e9a6bd48a9b9b647d5446ee0cb0d7b4b-shear_25nN_rerun_grompp": 1, "e9a6bd48a9b9b647d5446ee0cb0d7b4b-log_tilt": 1}, "S2": {"5nN": 0.9613426595591632, "25nN": 0.9559809279103808, "15nN": 0.9573742726876121}, "polar_solvation_energy": -0.4, "COF": 0.11298989542409495, "roughness": {"5nN": 0.06502949774928474, "25nN": 0.06567181775038984, "15nN": 0.05528558051881287}, "dipole_moment": 0.01}