{"MR":8.1428,"asphericity":0.525754,"balabanj":3.16849,"bertzct":37.302969,"chi0":5.207107,"chi0n":4.908248,"chi0v":0.908248,"chi1":2.56066,"chi1n":2.112372,"chi1v":0.204124,"chi2n":0.0,"chi2v":0.0,"chi3n":0.0,"chi3v":0.0,"chi4n":0.0,"chi4v":0.0,"e-valence":14.0,"eccentricity":0.980073,"hk-alpha":-0.04,"hk-kappa1":0.073424,"hk-kappa2":0.96,"hk-kappa3":-27.04,"ipc":12.164797,"isf":0.23581,"labuteASA":19.240037,"logP":-0.3915,"molwt":32.026215,"molwt-hvy":28.01,"nheavy":2.0,"npr1":0.198637,"npr2":0.964672,"pbf":0.388682,"pc+":0.39963,"pc-":-0.39963,"pmi1":4.090879,"pmi2":19.867152,"pmi3":20.59473,"rbonds":1.0,"rg":0.833801,"rpc+":0.524559,"rpc-":1.0,"spherocity":0.573275,"tpsa":20.23,"vsa+":12.581428,"vsa-":5.108808,"vsa-fhyd":0.630304,"vsa-fneg":0.288793,"vsa-fpneg":0.288793,"vsa-fpos":0.711207,"vsa-fppos":0.080903,"vsa-hyd":11.150228,"vsa-polar":0.369696,"vsa-polar+":1.4312,"vsa-polar-":5.108808,"hbonds":2.0}