{"shear_15nN_Etotal": [-3715.2929152677857, 169.57224416223036], "molecular_weight": 17.0073, "shear_25nN_Etotal": [-3802.23855886251, 176.1213836569413], "surface_area": 42.49, "shear_15nN_qq": [-2372.335118521982, 174.84622246114625], "enthalpy_vibrational": 57.43, "shear_5nN_qq": [-2333.6747004628296, 167.95350276911574], "tilt": {"5nN": 31.839779528975264, "15nN": 34.972447473306424, "25nN": 36.96298425832658}, "intercept": 5.428689567115724, "shear_25nN_lj": [-1407.2182243533175, 64.4813244881567], "entropy_rotational": 49.19, "shear_5nN_lj": [-1227.8567534548363, 67.12809307363487], "shear_25nN_qq": [-2395.0203345091927, 184.04882165193447], "nonpolar_solvation_energy": 2.8, "total_solvation_energy": -12.83, "shear_15nN_lj": [-1342.9577967458033, 66.67223827378382], "shear_5nN_Etotal": [-3561.5314539176657, 173.1283603845922], "interdigitation": {"5nN": 0.15231489678853155, "15nN": 0.15515433954045127, "25nN": 0.16813046904701398}, "entropy_vibrational": 0.02, "heat_capacity_vibrational": 0.13, "entropy_translational": 144.8, "roughness": {"5nN": 0.06773584758630415, "15nN": 0.06757944257314745, "25nN": 0.07060115627351794}, "S2": {"5nN": 0.8922210412745805, "15nN": 0.8813108192733661, "25nN": 0.8857436924227876}, "dipole_moment": 1.88, "COF": 0.18183337458318063, "status": {"e007f10a5a6477ac612ea035b75c2355-unwrap_shear_5nN": 1, "e007f10a5a6477ac612ea035b75c2355-shear_25nN_extend": 1, "e007f10a5a6477ac612ea035b75c2355-shear_5nN": 1, "e007f10a5a6477ac612ea035b75c2355-unwrap_shear_25nN": 1, "e007f10a5a6477ac612ea035b75c2355-shear_5nN_rerun": 1, "e007f10a5a6477ac612ea035b75c2355-get_interaction_energy_25nN": 1, "e007f10a5a6477ac612ea035b75c2355-top_to_mol2": 1, "e007f10a5a6477ac612ea035b75c2355-shear_15nN_rerun_grompp": 1, "e007f10a5a6477ac612ea035b75c2355-log_interaction_energy_15nN": 1, "e007f10a5a6477ac612ea035b75c2355-calc_S2_shear": 1, "e007f10a5a6477ac612ea035b75c2355-shear_25nN": 1, "e007f10a5a6477ac612ea035b75c2355-minimize_grompp": 1, "e007f10a5a6477ac612ea035b75c2355-get_interaction_energy_15nN": 1, "e007f10a5a6477ac612ea035b75c2355-shear_25nN_rerun": 1, "e007f10a5a6477ac612ea035b75c2355-shear_25nN_grompp": 1, "e007f10a5a6477ac612ea035b75c2355-shear_15nN_grompp": 1, "e007f10a5a6477ac612ea035b75c2355-log_interaction_energy_25nN": 1, "e007f10a5a6477ac612ea035b75c2355-calc_tilt_shear": 1, "e007f10a5a6477ac612ea035b75c2355-compress": 1, "e007f10a5a6477ac612ea035b75c2355-shear_15nN_rerun": 1, "e007f10a5a6477ac612ea035b75c2355-unwrap_shear_15nN": 1, "e007f10a5a6477ac612ea035b75c2355-calc_roughness": 1, "e007f10a5a6477ac612ea035b75c2355-minimize": 1, "e007f10a5a6477ac612ea035b75c2355-log_tilt": 1, "e007f10a5a6477ac612ea035b75c2355-shear_25nN_rerun_grompp": 1, "e007f10a5a6477ac612ea035b75c2355-log_cof": 1, "e007f10a5a6477ac612ea035b75c2355-shear_5nN_grompp": 1, "e007f10a5a6477ac612ea035b75c2355-shear_25nN_extend_grompp": 1, "e007f10a5a6477ac612ea035b75c2355-calc_friction": 1, "e007f10a5a6477ac612ea035b75c2355-fix_overlaps": 1, "e007f10a5a6477ac612ea035b75c2355-shear_15nN_extend": 1, "e007f10a5a6477ac612ea035b75c2355-equilibrate": 1, "e007f10a5a6477ac612ea035b75c2355-get_interaction_energy_5nN": 1, "e007f10a5a6477ac612ea035b75c2355-count_hydrogen_bonds": 1, "e007f10a5a6477ac612ea035b75c2355-shear_15nN_extend_grompp": 1, "e007f10a5a6477ac612ea035b75c2355-equilibrate_grompp": 1, "e007f10a5a6477ac612ea035b75c2355-shear_15nN": 1, "e007f10a5a6477ac612ea035b75c2355-shear_5nN_rerun_grompp": 1, "e007f10a5a6477ac612ea035b75c2355-initialize": 1, "e007f10a5a6477ac612ea035b75c2355-shear_5nN_extend_grompp": 1, "e007f10a5a6477ac612ea035b75c2355-lammps_to_gmx": 1, "e007f10a5a6477ac612ea035b75c2355-log_interaction_energy_5nN": 1, "e007f10a5a6477ac612ea035b75c2355-log_S2": 1, "e007f10a5a6477ac612ea035b75c2355-shear_5nN_extend": 1, "e007f10a5a6477ac612ea035b75c2355-compress_grompp": 1, "e007f10a5a6477ac612ea035b75c2355-calc_interdigitation": 1}, "polar_solvation_energy": -15.61}