{"enthalpy_vibrational": 57.43, "shear_5nN_Etotal": [-3561.5314539176657, 173.1283603845922], "heat_capacity_vibrational": 0.13, "entropy_vibrational": 0.02, "interdigitation": {"25nN": 0.16812423212545166, "5nN": 0.15244184193600563, "15nN": 0.15519478010573867}, "polar_solvation_energy": -15.61, "shear_15nN_qq": [-2372.335118521982, 174.84622246114625], "nonpolar_solvation_energy": 2.8, "molecular_weight": 17.0073, "shear_15nN_Etotal": [-3715.2929152677857, 169.57224416223036], "roughness": {"25nN": 0.07060115627351794, "5nN": 0.06773584758630415, "15nN": 0.06757944257314745}, "tilt": {"25nN": 36.96298425832658, "5nN": 31.839779528975264, "15nN": 34.972447473306424}, "shear_15nN_lj": [-1342.9577967458033, 66.67223827378382], "surface_area": 42.49, "total_solvation_energy": -12.83, "dipole_moment": 1.88, "entropy_rotational": 49.19, "shear_25nN_lj": [-1407.2182243533175, 64.4813244881567], "shear_5nN_lj": [-1227.8567534548363, 67.12809307363487], "status": {"e007f10a5a6477ac612ea035b75c2355-initialize": 1, "e007f10a5a6477ac612ea035b75c2355-equilibrate_grompp": 1, "e007f10a5a6477ac612ea035b75c2355-calc_roughness": 1, "e007f10a5a6477ac612ea035b75c2355-shear_5nN_grompp": 1, "e007f10a5a6477ac612ea035b75c2355-shear_15nN_extend_grompp": 1, "e007f10a5a6477ac612ea035b75c2355-log_interaction_energy_5nN": 1, "e007f10a5a6477ac612ea035b75c2355-calc_friction": 1, "e007f10a5a6477ac612ea035b75c2355-fix_overlaps": 1, "e007f10a5a6477ac612ea035b75c2355-log_tilt": 1, "e007f10a5a6477ac612ea035b75c2355-compress_grompp": 1, "e007f10a5a6477ac612ea035b75c2355-log_cof": 1, "e007f10a5a6477ac612ea035b75c2355-minimize_grompp": 1, "e007f10a5a6477ac612ea035b75c2355-calc_tilt_shear": 1, "e007f10a5a6477ac612ea035b75c2355-count_hydrogen_bonds": 1, "e007f10a5a6477ac612ea035b75c2355-shear_25nN_rerun": 1, "e007f10a5a6477ac612ea035b75c2355-lammps_to_gmx": 1, "e007f10a5a6477ac612ea035b75c2355-shear_25nN_extend_grompp": 1, "e007f10a5a6477ac612ea035b75c2355-shear_25nN_grompp": 1, "e007f10a5a6477ac612ea035b75c2355-shear_25nN_extend": 1, "e007f10a5a6477ac612ea035b75c2355-unwrap_shear_5nN": 1, "e007f10a5a6477ac612ea035b75c2355-shear_15nN_rerun_grompp": 1, "e007f10a5a6477ac612ea035b75c2355-shear_5nN": 1, "e007f10a5a6477ac612ea035b75c2355-calc_interdigitation": 6, "e007f10a5a6477ac612ea035b75c2355-log_interaction_energy_15nN": 1, "e007f10a5a6477ac612ea035b75c2355-get_interaction_energy_5nN": 1, "e007f10a5a6477ac612ea035b75c2355-shear_5nN_extend_grompp": 1, "e007f10a5a6477ac612ea035b75c2355-calc_S2_shear": 1, "e007f10a5a6477ac612ea035b75c2355-compress": 1, "e007f10a5a6477ac612ea035b75c2355-shear_15nN_grompp": 1, "e007f10a5a6477ac612ea035b75c2355-minimize": 1, "e007f10a5a6477ac612ea035b75c2355-shear_15nN": 1, "e007f10a5a6477ac612ea035b75c2355-get_interaction_energy_25nN": 1, "e007f10a5a6477ac612ea035b75c2355-log_S2": 1, "e007f10a5a6477ac612ea035b75c2355-shear_5nN_extend": 1, "e007f10a5a6477ac612ea035b75c2355-shear_5nN_rerun": 1, "e007f10a5a6477ac612ea035b75c2355-shear_5nN_rerun_grompp": 1, "e007f10a5a6477ac612ea035b75c2355-shear_15nN_rerun": 1, "e007f10a5a6477ac612ea035b75c2355-shear_15nN_extend": 1, "e007f10a5a6477ac612ea035b75c2355-unwrap_shear_25nN": 1, "e007f10a5a6477ac612ea035b75c2355-top_to_mol2": 1, "e007f10a5a6477ac612ea035b75c2355-shear_25nN_rerun_grompp": 1, "e007f10a5a6477ac612ea035b75c2355-log_interaction_energy_25nN": 1, "e007f10a5a6477ac612ea035b75c2355-shear_25nN": 1, "e007f10a5a6477ac612ea035b75c2355-equilibrate": 1, "e007f10a5a6477ac612ea035b75c2355-get_interaction_energy_15nN": 1, "e007f10a5a6477ac612ea035b75c2355-unwrap_shear_15nN": 1}, "shear_25nN_Etotal": [-3802.23855886251, 176.1213836569413], "shear_25nN_qq": [-2395.0203345091927, 184.04882165193447], "ch3-smiles": "CO", "intercept": 5.428689567115724, "shear_5nN_qq": [-2333.6747004628296, 167.95350276911574], "COF": 0.18183337458318063, "chain-smiles": "CCCCCCCCCCCCCCCCCO", "h-smiles": "O", "entropy_translational": 144.8, "S2": {"25nN": 0.8857436924227876, "5nN": 0.8922210412745805, "15nN": 0.8813108192733661}}