{"enthalpy_vibrational": 216.45, "shear_5nN_Etotal": [-1945.42813784972, 99.89086529006697], "heat_capacity_vibrational": 38.72, "entropy_vibrational": 16.0, "interdigitation": {"25nN": 0.1222466316670377, "5nN": 0.11562428100489504, "15nN": 0.15683036477833343}, "polar_solvation_energy": -14.13, "shear_15nN_qq": [-350.5694042182254, 62.9438107642256], "nonpolar_solvation_energy": 11.08, "molecular_weight": 66.0811, "shear_15nN_Etotal": [-2228.0958446890486, 92.76131675731239], "roughness": {"25nN": 0.061809975243580756, "5nN": 0.0619734560237121, "15nN": 0.08219127415907809}, "tilt": {"25nN": 40.53796994774988, "5nN": 35.41596528460478, "15nN": 38.76199550441374}, "shear_15nN_lj": [-1877.5264404708234, 57.67565263043325], "surface_area": 76.02, "total_solvation_energy": -3.05, "dipole_moment": 2.89, "entropy_rotational": 101.75, "shear_25nN_lj": [-1969.275361936051, 54.686544547742024], "shear_25nN_qq": [-309.9513186091127, 64.66096086967656], "ch3-smiles": "C1=C(C)NC=C1", "status": {"76bc672c62379d4d066369986d0c0b71-minimize": 1, "76bc672c62379d4d066369986d0c0b71-shear_25nN_grompp": 1, "76bc672c62379d4d066369986d0c0b71-shear_15nN_rerun_grompp": 1, "76bc672c62379d4d066369986d0c0b71-unwrap_shear_25nN": 1, "76bc672c62379d4d066369986d0c0b71-calc_roughness": 1, "76bc672c62379d4d066369986d0c0b71-shear_5nN_extend": 1, "76bc672c62379d4d066369986d0c0b71-shear_15nN": 1, "76bc672c62379d4d066369986d0c0b71-log_cof": 1, "76bc672c62379d4d066369986d0c0b71-fix_overlaps": 1, "76bc672c62379d4d066369986d0c0b71-top_to_mol2": 1, "76bc672c62379d4d066369986d0c0b71-shear_25nN_extend": 1, "76bc672c62379d4d066369986d0c0b71-initialize": 1, "76bc672c62379d4d066369986d0c0b71-shear_5nN": 1, "76bc672c62379d4d066369986d0c0b71-shear_5nN_grompp": 1, "76bc672c62379d4d066369986d0c0b71-compress_grompp": 1, "76bc672c62379d4d066369986d0c0b71-shear_25nN_rerun_grompp": 1, "76bc672c62379d4d066369986d0c0b71-count_hydrogen_bonds": 1, "76bc672c62379d4d066369986d0c0b71-equilibrate_grompp": 1, "76bc672c62379d4d066369986d0c0b71-log_interaction_energy_15nN": 1, "76bc672c62379d4d066369986d0c0b71-shear_25nN_extend_grompp": 1, "76bc672c62379d4d066369986d0c0b71-calc_tilt_shear": 1, "76bc672c62379d4d066369986d0c0b71-calc_friction": 1, "76bc672c62379d4d066369986d0c0b71-calc_interdigitation": 6, "76bc672c62379d4d066369986d0c0b71-minimize_grompp": 1, "76bc672c62379d4d066369986d0c0b71-get_interaction_energy_5nN": 1, "76bc672c62379d4d066369986d0c0b71-shear_15nN_extend_grompp": 1, "76bc672c62379d4d066369986d0c0b71-shear_25nN_rerun": 1, "76bc672c62379d4d066369986d0c0b71-shear_15nN_grompp": 1, "76bc672c62379d4d066369986d0c0b71-compress": 1, "76bc672c62379d4d066369986d0c0b71-shear_25nN": 1, "76bc672c62379d4d066369986d0c0b71-shear_5nN_extend_grompp": 1, "76bc672c62379d4d066369986d0c0b71-log_interaction_energy_25nN": 1, "76bc672c62379d4d066369986d0c0b71-lammps_to_gmx": 1, "76bc672c62379d4d066369986d0c0b71-shear_15nN_extend": 1, "76bc672c62379d4d066369986d0c0b71-equilibrate": 1, "76bc672c62379d4d066369986d0c0b71-shear_15nN_rerun": 1, "76bc672c62379d4d066369986d0c0b71-log_interaction_energy_5nN": 1, "76bc672c62379d4d066369986d0c0b71-shear_5nN_rerun": 1, "76bc672c62379d4d066369986d0c0b71-unwrap_shear_5nN": 1, "76bc672c62379d4d066369986d0c0b71-shear_5nN_rerun_grompp": 1, "76bc672c62379d4d066369986d0c0b71-unwrap_shear_15nN": 1, "76bc672c62379d4d066369986d0c0b71-get_interaction_energy_15nN": 1, "76bc672c62379d4d066369986d0c0b71-log_tilt": 1, "76bc672c62379d4d066369986d0c0b71-get_interaction_energy_25nN": 1, "76bc672c62379d4d066369986d0c0b71-log_S2": 1, "76bc672c62379d4d066369986d0c0b71-calc_S2_shear": 1}, "shear_25nN_Etotal": [-2279.226680545164, 90.0072835666012], "intercept": 1.6847489234200248, "shear_5nN_qq": [-295.37710541726614, 52.09508675825066], "COF": 0.13406286330734696, "chain-smiles": "CCCCCCCCCCCCCCCCCC1=CNC=C1", "shear_5nN_lj": [-1650.051032432454, 68.05661175017367], "h-smiles": "C1=CNC=C1", "entropy_translational": 161.19, "S2": {"25nN": 0.9648633516958285, "5nN": 0.9711422851428672, "15nN": 0.9678687597864144}}