{"enthalpy_vibrational": 119.27, "shear_5nN_Etotal": [-1151.6156291878497, 46.504893450107154], "heat_capacity_vibrational": 2.25, "entropy_vibrational": 0.39, "interdigitation": {"25nN": 0.1089656806754662, "5nN": 0.09525434619351641, "15nN": 0.10964311237601672}, "polar_solvation_energy": -0.12, "shear_15nN_qq": [67.56488884252597, 11.960888908916742], "nonpolar_solvation_energy": 4.81, "molecular_weight": 15.0344, "shear_15nN_Etotal": [-1319.8921048377297, 45.15696296550467], "roughness": {"25nN": 0.05420192913082725, "5nN": 0.053481075431689964, "15nN": 0.05554847347328211}, "tilt": {"25nN": 39.48559228489525, "5nN": 35.40226066931043, "15nN": 38.578710705868154}, "shear_15nN_lj": [-1387.4569936802557, 46.4832486319451], "surface_area": 48.83, "total_solvation_energy": 4.69, "dipole_moment": 0.0, "entropy_rotational": 62.93, "shear_25nN_lj": [-1502.7448830951241, 50.2815941855805], "shear_5nN_lj": [-1175.5589368265387, 46.44326143349624], "status": {"f327530d58fe68466ef783e197efc020-shear_15nN_rerun": 1, "f327530d58fe68466ef783e197efc020-calc_roughness": 1, "f327530d58fe68466ef783e197efc020-shear_25nN_grompp": 1, "f327530d58fe68466ef783e197efc020-shear_25nN_rerun": 1, "f327530d58fe68466ef783e197efc020-lammps_to_gmx": 1, "f327530d58fe68466ef783e197efc020-shear_5nN_grompp": 1, "f327530d58fe68466ef783e197efc020-fix_overlaps": 1, "f327530d58fe68466ef783e197efc020-get_interaction_energy_25nN": 1, "f327530d58fe68466ef783e197efc020-log_S2": 1, "f327530d58fe68466ef783e197efc020-compress": 1, "f327530d58fe68466ef783e197efc020-shear_5nN": 1, "f327530d58fe68466ef783e197efc020-shear_15nN": 1, "f327530d58fe68466ef783e197efc020-initialize": 1, "f327530d58fe68466ef783e197efc020-shear_25nN": 1, "f327530d58fe68466ef783e197efc020-unwrap_shear_25nN": 1, "f327530d58fe68466ef783e197efc020-shear_25nN_rerun_grompp": 1, "f327530d58fe68466ef783e197efc020-get_interaction_energy_5nN": 1, "f327530d58fe68466ef783e197efc020-calc_interdigitation": 6, "f327530d58fe68466ef783e197efc020-shear_15nN_extend": 1, "f327530d58fe68466ef783e197efc020-calc_tilt_shear": 1, "f327530d58fe68466ef783e197efc020-shear_15nN_extend_grompp": 1, "f327530d58fe68466ef783e197efc020-shear_5nN_extend": 1, "f327530d58fe68466ef783e197efc020-log_interaction_energy_15nN": 1, "f327530d58fe68466ef783e197efc020-shear_15nN_grompp": 1, "f327530d58fe68466ef783e197efc020-minimize_grompp": 1, "f327530d58fe68466ef783e197efc020-count_hydrogen_bonds": 1, "f327530d58fe68466ef783e197efc020-minimize": 1, "f327530d58fe68466ef783e197efc020-log_cof": 1, "f327530d58fe68466ef783e197efc020-shear_5nN_rerun_grompp": 1, "f327530d58fe68466ef783e197efc020-equilibrate": 1, "f327530d58fe68466ef783e197efc020-top_to_mol2": 1, "f327530d58fe68466ef783e197efc020-log_interaction_energy_25nN": 1, "f327530d58fe68466ef783e197efc020-shear_25nN_extend_grompp": 1, "f327530d58fe68466ef783e197efc020-shear_5nN_extend_grompp": 1, "f327530d58fe68466ef783e197efc020-get_interaction_energy_15nN": 1, "f327530d58fe68466ef783e197efc020-unwrap_shear_5nN": 1, "f327530d58fe68466ef783e197efc020-shear_15nN_rerun_grompp": 1, "f327530d58fe68466ef783e197efc020-calc_S2_shear": 1, "f327530d58fe68466ef783e197efc020-unwrap_shear_15nN": 1, "f327530d58fe68466ef783e197efc020-compress_grompp": 1, "f327530d58fe68466ef783e197efc020-log_interaction_energy_5nN": 1, "f327530d58fe68466ef783e197efc020-equilibrate_grompp": 1, "f327530d58fe68466ef783e197efc020-log_tilt": 1, "f327530d58fe68466ef783e197efc020-calc_friction": 1, "f327530d58fe68466ef783e197efc020-shear_5nN_rerun": 1, "f327530d58fe68466ef783e197efc020-shear_25nN_extend": 1}, "shear_25nN_Etotal": [-1403.5358660279778, 49.15490067002996], "shear_25nN_qq": [99.20901706714629, 14.671085241868727], "ch3-smiles": "CC", "intercept": 0.5997988522579463, "shear_5nN_qq": [23.94330763868905, 11.508517237114926], "COF": 0.15744878342429358, "chain-smiles": "CCCCCCCCCCCCCCCCCC", "h-smiles": "C", "entropy_translational": 143.35, "S2": {"25nN": 0.9531213930540944, "5nN": 0.9682265604541054, "15nN": 0.9691145857846768}}