{"shear_15nN_Etotal": [-1352.7520080255795, 46.75417900182858], "molecular_weight": 43.0874, "shear_25nN_Etotal": [-1432.4385212877698, 46.00744100832972], "surface_area": 70.99, "shear_15nN_qq": [98.13441038768985, 9.269572350041136], "enthalpy_vibrational": 273.28, "shear_5nN_qq": [46.32535485371703, 7.716914194678763], "tilt": {"5nN": 28.69960905441439, "15nN": 33.793161306804116, "25nN": 35.78305361310865}, "intercept": 0.738753988232582, "shear_25nN_lj": [-1566.0194562917666, 45.921193332781016], "entropy_rotational": 94.72, "shear_5nN_lj": [-1226.377599685052, 47.18836641579188], "shear_25nN_qq": [133.5809350039968, 9.801247565117611], "nonpolar_solvation_energy": 11.79, "total_solvation_energy": 11.37, "shear_15nN_lj": [-1450.8864184132692, 46.78238727432375], "shear_5nN_Etotal": [-1180.0522448313347, 46.39724964446197], "interdigitation": {"5nN": 0.11763876744420923, "15nN": 0.12827668559552965, "25nN": 0.10156280102703838}, "entropy_vibrational": 26.04, "heat_capacity_vibrational": 37.37, "entropy_translational": 155.96, "roughness": {"5nN": 0.06621251298452585, "15nN": 0.06459191371281131, "25nN": 0.04920163376084125}, "S2": {"5nN": 0.8848645266383165, "15nN": 0.8774403802711301, "25nN": 0.8634895076443493}, "dipole_moment": 0.01, "COF": 0.14662266855962036, "status": {"4a0f34afab2f20cd7c3b236cc7b3d4a6-lammps_to_gmx": 1, "4a0f34afab2f20cd7c3b236cc7b3d4a6-shear_15nN": 1, "4a0f34afab2f20cd7c3b236cc7b3d4a6-log_tilt": 1, "4a0f34afab2f20cd7c3b236cc7b3d4a6-calc_friction": 1, "4a0f34afab2f20cd7c3b236cc7b3d4a6-unwrap_shear_15nN": 1, "4a0f34afab2f20cd7c3b236cc7b3d4a6-shear_15nN_rerun_grompp": 1, "4a0f34afab2f20cd7c3b236cc7b3d4a6-shear_15nN_extend": 1, "4a0f34afab2f20cd7c3b236cc7b3d4a6-shear_15nN_extend_grompp": 1, "4a0f34afab2f20cd7c3b236cc7b3d4a6-log_interaction_energy_15nN": 1, "4a0f34afab2f20cd7c3b236cc7b3d4a6-log_S2": 1, "4a0f34afab2f20cd7c3b236cc7b3d4a6-minimize_grompp": 1, "4a0f34afab2f20cd7c3b236cc7b3d4a6-compress": 1, "4a0f34afab2f20cd7c3b236cc7b3d4a6-get_interaction_energy_5nN": 1, "4a0f34afab2f20cd7c3b236cc7b3d4a6-initialize": 1, "4a0f34afab2f20cd7c3b236cc7b3d4a6-shear_25nN_grompp": 1, "4a0f34afab2f20cd7c3b236cc7b3d4a6-shear_5nN_extend_grompp": 1, "4a0f34afab2f20cd7c3b236cc7b3d4a6-shear_25nN_extend_grompp": 1, "4a0f34afab2f20cd7c3b236cc7b3d4a6-shear_5nN_rerun": 1, "4a0f34afab2f20cd7c3b236cc7b3d4a6-shear_5nN_rerun_grompp": 1, "4a0f34afab2f20cd7c3b236cc7b3d4a6-calc_roughness": 1, "4a0f34afab2f20cd7c3b236cc7b3d4a6-shear_25nN": 1, "4a0f34afab2f20cd7c3b236cc7b3d4a6-unwrap_shear_25nN": 1, "4a0f34afab2f20cd7c3b236cc7b3d4a6-calc_interdigitation": 1, "4a0f34afab2f20cd7c3b236cc7b3d4a6-shear_25nN_rerun": 1, "4a0f34afab2f20cd7c3b236cc7b3d4a6-log_interaction_energy_5nN": 1, "4a0f34afab2f20cd7c3b236cc7b3d4a6-fix_overlaps": 1, "4a0f34afab2f20cd7c3b236cc7b3d4a6-log_interaction_energy_25nN": 1, "4a0f34afab2f20cd7c3b236cc7b3d4a6-get_interaction_energy_25nN": 1, "4a0f34afab2f20cd7c3b236cc7b3d4a6-get_interaction_energy_15nN": 1, "4a0f34afab2f20cd7c3b236cc7b3d4a6-compress_grompp": 1, "4a0f34afab2f20cd7c3b236cc7b3d4a6-log_cof": 1, "4a0f34afab2f20cd7c3b236cc7b3d4a6-shear_15nN_grompp": 1, "4a0f34afab2f20cd7c3b236cc7b3d4a6-calc_S2_shear": 1, "4a0f34afab2f20cd7c3b236cc7b3d4a6-equilibrate": 1, "4a0f34afab2f20cd7c3b236cc7b3d4a6-shear_5nN_extend": 1, "4a0f34afab2f20cd7c3b236cc7b3d4a6-shear_25nN_rerun_grompp": 1, "4a0f34afab2f20cd7c3b236cc7b3d4a6-unwrap_shear_5nN": 1, "4a0f34afab2f20cd7c3b236cc7b3d4a6-calc_tilt_shear": 1, "4a0f34afab2f20cd7c3b236cc7b3d4a6-shear_25nN_extend": 1, "4a0f34afab2f20cd7c3b236cc7b3d4a6-equilibrate_grompp": 1, "4a0f34afab2f20cd7c3b236cc7b3d4a6-count_hydrogen_bonds": 1, "4a0f34afab2f20cd7c3b236cc7b3d4a6-shear_15nN_rerun": 1, "4a0f34afab2f20cd7c3b236cc7b3d4a6-minimize": 1, "4a0f34afab2f20cd7c3b236cc7b3d4a6-shear_5nN": 1, "4a0f34afab2f20cd7c3b236cc7b3d4a6-shear_5nN_grompp": 1, "4a0f34afab2f20cd7c3b236cc7b3d4a6-top_to_mol2": 1}, "polar_solvation_energy": -0.4}