{"MR":11.729,"asphericity":0.000838,"balabanj":4.020392,"bertzct":67.509775,"chi0":7.0,"chi0n":5.133893,"chi0v":2.133893,"chi1":3.25,"chi1n":2.316947,"chi1v":0.816947,"chi2n":0.497759,"chi2v":0.497759,"chi3n":0.0,"chi3v":0.0,"chi4n":0.0,"chi4v":0.0,"e-valence":32.0,"eccentricity":0.30567,"hk-alpha":-0.21,"hk-kappa1":1.492363,"hk-kappa2":0.880016,"hk-kappa3":275.363696,"ipc":21.306059,"isf":0.010184,"labuteASA":31.815711,"logP":1.5686,"molwt":84.018685,"molwt-hvy":81.016,"nheavy":5.0,"npr1":0.952137,"npr2":0.985547,"pbf":0.561329,"pc+":0.514545,"pc-":-0.514545,"pmi1":96.778126,"pmi2":100.17398,"pmi3":101.643016,"rbonds":0.0,"rg":1.332856,"rpc+":0.750023,"rpc-":0.333333,"spherocity":0.66612,"tpsa":0.0,"vsa+":17.140467,"vsa-":13.171245,"vsa-fhyd":0.796241,"vsa-fneg":0.434527,"vsa-fpneg":0.0,"vsa-fpos":0.565473,"vsa-fppos":0.203759,"vsa-hyd":24.135413,"vsa-polar":0.203759,"vsa-polar+":6.176299,"vsa-polar-":0.0,"hbonds":0.0}