{"enthalpy_vibrational": 66.5, "shear_5nN_Etotal": [-1272.7807583141487, 47.337645129043025], "heat_capacity_vibrational": 19.38, "entropy_vibrational": 8.9, "interdigitation": {"25nN": 0.16329749806072105, "5nN": 0.15604758874368638, "15nN": 0.14166379066706253}, "polar_solvation_energy": -13.1, "shear_15nN_qq": [-286.57301110311755, 19.919473036120852], "nonpolar_solvation_energy": 23.24, "molecular_weight": 69.0059, "shear_15nN_Etotal": [-1470.7931693597122, 47.48608779129225], "roughness": {"25nN": 0.06523107901575305, "5nN": 0.06278099041383763, "15nN": 0.05640238192038149}, "tilt": {"25nN": 36.171591340463564, "5nN": 28.329273212878963, "15nN": 32.93450852511827}, "shear_15nN_lj": [-1184.2201582565947, 41.13383858300245], "surface_area": 60.34, "total_solvation_energy": 10.13, "dipole_moment": 2.09, "entropy_rotational": 99.44, "shear_25nN_lj": [-1239.2136810031973, 44.262437127576476], "shear_5nN_lj": [-987.6567717529974, 40.7795329724423], "status": {"5fdf0efb46fe7f4945157e9b50d7a455-shear_25nN": 1, "5fdf0efb46fe7f4945157e9b50d7a455-calc_tilt_shear": 1, "5fdf0efb46fe7f4945157e9b50d7a455-shear_5nN_extend": 1, "5fdf0efb46fe7f4945157e9b50d7a455-shear_15nN_grompp": 1, "5fdf0efb46fe7f4945157e9b50d7a455-shear_25nN_extend_grompp": 1, "5fdf0efb46fe7f4945157e9b50d7a455-top_to_mol2": 1, "5fdf0efb46fe7f4945157e9b50d7a455-shear_15nN_rerun": 1, "5fdf0efb46fe7f4945157e9b50d7a455-log_interaction_energy_15nN": 1, "5fdf0efb46fe7f4945157e9b50d7a455-shear_25nN_rerun_grompp": 1, "5fdf0efb46fe7f4945157e9b50d7a455-shear_15nN_rerun_grompp": 1, "5fdf0efb46fe7f4945157e9b50d7a455-unwrap_shear_5nN": 1, "5fdf0efb46fe7f4945157e9b50d7a455-minimize": 1, "5fdf0efb46fe7f4945157e9b50d7a455-shear_5nN_rerun_grompp": 1, "5fdf0efb46fe7f4945157e9b50d7a455-equilibrate_grompp": 1, "5fdf0efb46fe7f4945157e9b50d7a455-log_interaction_energy_25nN": 1, "5fdf0efb46fe7f4945157e9b50d7a455-minimize_grompp": 1, "5fdf0efb46fe7f4945157e9b50d7a455-log_interaction_energy_5nN": 1, "5fdf0efb46fe7f4945157e9b50d7a455-calc_roughness": 1, "5fdf0efb46fe7f4945157e9b50d7a455-lammps_to_gmx": 1, "5fdf0efb46fe7f4945157e9b50d7a455-shear_15nN_extend_grompp": 1, "5fdf0efb46fe7f4945157e9b50d7a455-shear_5nN_grompp": 1, "5fdf0efb46fe7f4945157e9b50d7a455-log_S2": 1, "5fdf0efb46fe7f4945157e9b50d7a455-calc_interdigitation": 1, "5fdf0efb46fe7f4945157e9b50d7a455-shear_25nN_grompp": 1, "5fdf0efb46fe7f4945157e9b50d7a455-calc_friction": 1, "5fdf0efb46fe7f4945157e9b50d7a455-fix_overlaps": 1, "5fdf0efb46fe7f4945157e9b50d7a455-equilibrate": 1, "5fdf0efb46fe7f4945157e9b50d7a455-shear_25nN_extend": 1, "5fdf0efb46fe7f4945157e9b50d7a455-shear_15nN": 1, "5fdf0efb46fe7f4945157e9b50d7a455-get_interaction_energy_25nN": 1, "5fdf0efb46fe7f4945157e9b50d7a455-compress": 1, "5fdf0efb46fe7f4945157e9b50d7a455-shear_15nN_extend": 1, "5fdf0efb46fe7f4945157e9b50d7a455-unwrap_shear_15nN": 1, "5fdf0efb46fe7f4945157e9b50d7a455-compress_grompp": 1, "5fdf0efb46fe7f4945157e9b50d7a455-shear_25nN_rerun": 1, "5fdf0efb46fe7f4945157e9b50d7a455-get_interaction_energy_15nN": 1, "5fdf0efb46fe7f4945157e9b50d7a455-shear_5nN_rerun": 1, "5fdf0efb46fe7f4945157e9b50d7a455-calc_S2_shear": 1, "5fdf0efb46fe7f4945157e9b50d7a455-shear_5nN": 1, "5fdf0efb46fe7f4945157e9b50d7a455-count_hydrogen_bonds": 1, "5fdf0efb46fe7f4945157e9b50d7a455-initialize": 1, "5fdf0efb46fe7f4945157e9b50d7a455-shear_5nN_extend_grompp": 1, "5fdf0efb46fe7f4945157e9b50d7a455-get_interaction_energy_5nN": 1, "5fdf0efb46fe7f4945157e9b50d7a455-log_tilt": 1, "5fdf0efb46fe7f4945157e9b50d7a455-unwrap_shear_25nN": 1, "5fdf0efb46fe7f4945157e9b50d7a455-log_cof": 1}, "shear_25nN_Etotal": [-1544.2865039288567, 50.24822517249158], "shear_25nN_qq": [-305.07282292565947, 22.32345011782464], "ch3-smiles": "CC(F)(F)F", "intercept": 0.7054186282919757, "shear_5nN_qq": [-285.12398656115107, 15.484072543527331], "COF": 0.1650614221194455, "chain-smiles": "CCCCCCCCCCCCCCCCCC(F)(F)F", "h-smiles": "C(F)(F)F", "entropy_translational": 161.73, "S2": {"25nN": 0.8766061352249502, "5nN": 0.8888926697265684, "15nN": 0.8540925887254639}}