{"enthalpy_vibrational": 263.87, "shear_5nN_Etotal": [-1617.5693864924062, 66.39886571816685], "heat_capacity_vibrational": 48.68, "entropy_vibrational": 20.79, "interdigitation": {"25nN": 0.14967316209056483, "5nN": 0.15769320741323706, "15nN": 0.1440636763895791}, "polar_solvation_energy": -4.89, "shear_15nN_qq": [-72.16142867466027, 19.996339057663594], "nonpolar_solvation_energy": 6.77, "molecular_weight": 77.1037, "shear_15nN_Etotal": [-1825.9627786858512, 57.6555282106589], "roughness": {"25nN": 0.07873909139608068, "5nN": 0.0809811531660405, "15nN": 0.07366662217958383}, "tilt": {"25nN": 39.40195954426351, "5nN": 33.50182119548002, "15nN": 37.57403787301031}, "total_solvation_energy": 1.89, "surface_area": 93.44, "shear_15nN_lj": [-1753.801350011191, 55.119602564792025], "dipole_moment": 0.0, "entropy_rotational": 107.29, "shear_25nN_lj": [-1845.3873215875299, 55.40197496243884], "shear_25nN_qq": [-53.94579701758594, 21.028051128570688], "status": {"bc3b7ba247a9f28735af49498788c8b2-get_interaction_energy_25nN": 1, "bc3b7ba247a9f28735af49498788c8b2-shear_5nN_extend_grompp": 1, "bc3b7ba247a9f28735af49498788c8b2-shear_15nN_grompp": 1, "bc3b7ba247a9f28735af49498788c8b2-calc_S2_shear": 1, "bc3b7ba247a9f28735af49498788c8b2-fix_overlaps": 1, "bc3b7ba247a9f28735af49498788c8b2-get_interaction_energy_15nN": 1, "bc3b7ba247a9f28735af49498788c8b2-shear_25nN_rerun_grompp": 1, "bc3b7ba247a9f28735af49498788c8b2-shear_15nN_rerun_grompp": 1, "bc3b7ba247a9f28735af49498788c8b2-log_interaction_energy_25nN": 1, "bc3b7ba247a9f28735af49498788c8b2-minimize_grompp": 1, "bc3b7ba247a9f28735af49498788c8b2-calc_interdigitation": 6, "bc3b7ba247a9f28735af49498788c8b2-log_S2": 1, "bc3b7ba247a9f28735af49498788c8b2-shear_5nN_rerun": 1, "bc3b7ba247a9f28735af49498788c8b2-shear_25nN_rerun": 1, "bc3b7ba247a9f28735af49498788c8b2-log_cof": 1, "bc3b7ba247a9f28735af49498788c8b2-shear_15nN_extend": 1, "bc3b7ba247a9f28735af49498788c8b2-top_to_mol2": 1, "bc3b7ba247a9f28735af49498788c8b2-count_hydrogen_bonds": 1, "bc3b7ba247a9f28735af49498788c8b2-log_interaction_energy_15nN": 1, "bc3b7ba247a9f28735af49498788c8b2-initialize": 1, "bc3b7ba247a9f28735af49498788c8b2-log_tilt": 1, "bc3b7ba247a9f28735af49498788c8b2-compress_grompp": 1, "bc3b7ba247a9f28735af49498788c8b2-compress": 1, "bc3b7ba247a9f28735af49498788c8b2-get_interaction_energy_5nN": 1, "bc3b7ba247a9f28735af49498788c8b2-unwrap_shear_5nN": 1, "bc3b7ba247a9f28735af49498788c8b2-shear_5nN_grompp": 1, "bc3b7ba247a9f28735af49498788c8b2-shear_5nN_extend": 1, "bc3b7ba247a9f28735af49498788c8b2-unwrap_shear_25nN": 1, "bc3b7ba247a9f28735af49498788c8b2-log_interaction_energy_5nN": 1, "bc3b7ba247a9f28735af49498788c8b2-shear_25nN_extend_grompp": 1, "bc3b7ba247a9f28735af49498788c8b2-equilibrate_grompp": 1, "bc3b7ba247a9f28735af49498788c8b2-shear_25nN_extend": 1, "bc3b7ba247a9f28735af49498788c8b2-lammps_to_gmx": 1, "bc3b7ba247a9f28735af49498788c8b2-shear_15nN_extend_grompp": 1, "bc3b7ba247a9f28735af49498788c8b2-shear_5nN": 1, "bc3b7ba247a9f28735af49498788c8b2-unwrap_shear_15nN": 1, "bc3b7ba247a9f28735af49498788c8b2-shear_5nN_rerun_grompp": 1, "bc3b7ba247a9f28735af49498788c8b2-shear_15nN": 1, "bc3b7ba247a9f28735af49498788c8b2-shear_25nN_grompp": 1, "bc3b7ba247a9f28735af49498788c8b2-calc_friction": 1, "bc3b7ba247a9f28735af49498788c8b2-shear_15nN_rerun": 1, "bc3b7ba247a9f28735af49498788c8b2-shear_25nN": 1, "bc3b7ba247a9f28735af49498788c8b2-equilibrate": 1, "bc3b7ba247a9f28735af49498788c8b2-calc_tilt_shear": 1, "bc3b7ba247a9f28735af49498788c8b2-calc_roughness": 1, "bc3b7ba247a9f28735af49498788c8b2-minimize": 1}, "shear_25nN_Etotal": [-1899.333118605116, 57.43955152788036], "ch3-smiles": "CC1=CC=CC=C1", "intercept": 1.4570887121915743, "shear_5nN_qq": [-73.17335429496403, 18.033497280067483], "COF": 0.1408677867687808, "chain-smiles": "CCCCCCCCCCCCCCCCCC1=CC=CC=C1", "shear_5nN_lj": [-1544.396032197442, 61.20250180515421], "h-smiles": "C1=CC=CC=C1", "entropy_translational": 163.09, "S2": {"25nN": 0.9444911111818696, "5nN": 0.952289229890693, "15nN": 0.9569123294435925}}