{"shear_15nN_lj": [-1396.3843639904078, 43.27312377718234], "shear_25nN_lj": [-1496.0067978896882, 42.585041425434554], "shear_5nN_Etotal": [-801.8978402741807, 49.25176602835658], "interdigitation": {"5nN": 0.07733432625584992, "25nN": 0.08153159240561995, "15nN": 0.08079449291076941}, "heat_capacity_vibrational": 37.37, "shear_15nN_Etotal": [-1008.9424612118305, 47.55580455450908], "COF": 0.14378733823541878, "nonpolar_solvation_energy": 11.79, "shear_15nN_qq": [387.4419027785772, 23.932563959079506], "entropy_translational": 155.96, "tilt": {"25nN": 28.477272637838773, "5nN": 22.24145448765116, "15nN": 25.504406614578023}, "polar_solvation_energy": -0.4, "surface_area": 70.99, "dipole_moment": 0.01, "roughness": {"25nN": 0.043774439529184084, "5nN": 0.04783870444639322, "15nN": 0.04493933358636805}, "entropy_rotational": 94.72, "shear_5nN_qq": [363.28721899520383, 18.86397909931495], "S2": {"25nN": 0.7571463475434648, "5nN": 0.7749813897392779, "15nN": 0.7650308429285018}, "entropy_vibrational": 26.04, "molecular_weight": 43.0874, "status": {"c7212e9c643a242a82e6d1b46cdf4db0-log_interaction_energy_5nN": 1, "c7212e9c643a242a82e6d1b46cdf4db0-calc_roughness": 1, "c7212e9c643a242a82e6d1b46cdf4db0-shear_25nN_grompp": 1, "c7212e9c643a242a82e6d1b46cdf4db0-minimize_grompp": 1, "c7212e9c643a242a82e6d1b46cdf4db0-shear_5nN_rerun_grompp": 1, "c7212e9c643a242a82e6d1b46cdf4db0-shear_25nN_rerun_grompp": 1, "c7212e9c643a242a82e6d1b46cdf4db0-count_hydrogen_bonds": 1, "c7212e9c643a242a82e6d1b46cdf4db0-calc_tilt_shear": 1, "c7212e9c643a242a82e6d1b46cdf4db0-calc_friction": 1, "c7212e9c643a242a82e6d1b46cdf4db0-equilibrate": 1, "c7212e9c643a242a82e6d1b46cdf4db0-log_interaction_energy_15nN": 1, "c7212e9c643a242a82e6d1b46cdf4db0-unwrap_shear_5nN": 1, "c7212e9c643a242a82e6d1b46cdf4db0-shear_5nN_grompp": 1, "c7212e9c643a242a82e6d1b46cdf4db0-shear_15nN_rerun_grompp": 1, "c7212e9c643a242a82e6d1b46cdf4db0-equilibrate_grompp": 1, "c7212e9c643a242a82e6d1b46cdf4db0-lammps_to_gmx": 1, "c7212e9c643a242a82e6d1b46cdf4db0-shear_25nN_extend": 1, "c7212e9c643a242a82e6d1b46cdf4db0-log_tilt": 1, "c7212e9c643a242a82e6d1b46cdf4db0-shear_15nN_extend": 1, "c7212e9c643a242a82e6d1b46cdf4db0-calc_interdigitation": 6, "c7212e9c643a242a82e6d1b46cdf4db0-shear_25nN_rerun": 1, "c7212e9c643a242a82e6d1b46cdf4db0-unwrap_shear_25nN": 1, "c7212e9c643a242a82e6d1b46cdf4db0-get_interaction_energy_5nN": 1, "c7212e9c643a242a82e6d1b46cdf4db0-shear_15nN_extend_grompp": 1, "c7212e9c643a242a82e6d1b46cdf4db0-shear_15nN_rerun": 1, "c7212e9c643a242a82e6d1b46cdf4db0-log_S2": 1, "c7212e9c643a242a82e6d1b46cdf4db0-initialize": 1, "c7212e9c643a242a82e6d1b46cdf4db0-shear_5nN_extend": 1, "c7212e9c643a242a82e6d1b46cdf4db0-get_interaction_energy_15nN": 1, "c7212e9c643a242a82e6d1b46cdf4db0-shear_5nN": 1, "c7212e9c643a242a82e6d1b46cdf4db0-shear_5nN_extend_grompp": 1, "c7212e9c643a242a82e6d1b46cdf4db0-unwrap_shear_15nN": 1, "c7212e9c643a242a82e6d1b46cdf4db0-shear_15nN": 1, "c7212e9c643a242a82e6d1b46cdf4db0-fix_overlaps": 1, "c7212e9c643a242a82e6d1b46cdf4db0-shear_5nN_rerun": 1, "c7212e9c643a242a82e6d1b46cdf4db0-compress_grompp": 1, "c7212e9c643a242a82e6d1b46cdf4db0-shear_25nN": 1, "c7212e9c643a242a82e6d1b46cdf4db0-log_cof": 1, "c7212e9c643a242a82e6d1b46cdf4db0-log_interaction_energy_25nN": 1, "c7212e9c643a242a82e6d1b46cdf4db0-shear_25nN_extend_grompp": 1, "c7212e9c643a242a82e6d1b46cdf4db0-minimize": 1, "c7212e9c643a242a82e6d1b46cdf4db0-calc_S2_shear": 1, "c7212e9c643a242a82e6d1b46cdf4db0-compress": 1, "c7212e9c643a242a82e6d1b46cdf4db0-top_to_mol2": 1, "c7212e9c643a242a82e6d1b46cdf4db0-get_interaction_energy_25nN": 1, "c7212e9c643a242a82e6d1b46cdf4db0-shear_15nN_grompp": 1}, "shear_5nN_lj": [-1165.1850592693845, 44.90138466786917], "total_solvation_energy": 11.37, "enthalpy_vibrational": 273.28, "shear_25nN_Etotal": [-1071.6234156722621, 50.98019572800598], "shear_25nN_qq": [424.383382217426, 30.618603501274468], "intercept": 0.9134189418741907}