{"enthalpy_vibrational": 92.73, "shear_5nN_Etotal": [-2698.1288233980817, 131.43117940124392], "heat_capacity_vibrational": 0.69, "entropy_vibrational": 0.11, "interdigitation": {"25nN": 0.13083053528551689, "5nN": 0.12134015431215567, "15nN": 0.12207864727221994}, "polar_solvation_energy": -10.38, "shear_15nN_qq": [-1511.8179488641088, 129.3874450715595], "nonpolar_solvation_energy": 5.48, "molecular_weight": 16.0225, "shear_15nN_Etotal": [-2764.146231171063, 132.73111505086464], "roughness": {"25nN": 0.05536757453276833, "5nN": 0.053834909517904504, "15nN": 0.05337596643528925}, "tilt": {"25nN": 37.33268178671425, "5nN": 32.65814359697505, "15nN": 35.92605447339537}, "shear_15nN_lj": [-1252.3282823069542, 54.66475071231112], "surface_area": 42.91, "total_solvation_energy": -4.92, "dipole_moment": 1.63, "entropy_rotational": 56.63, "shear_25nN_lj": [-1302.0813489832135, 57.53450066723148], "shear_5nN_lj": [-1145.0368343980815, 52.27275827961315], "status": {"e41becaeba4cccbd72b630324bd4fe61-log_interaction_energy_25nN": 1, "e41becaeba4cccbd72b630324bd4fe61-count_hydrogen_bonds": 1, "e41becaeba4cccbd72b630324bd4fe61-shear_25nN_extend_grompp": 1, "e41becaeba4cccbd72b630324bd4fe61-shear_25nN_grompp": 1, "e41becaeba4cccbd72b630324bd4fe61-get_interaction_energy_25nN": 1, "e41becaeba4cccbd72b630324bd4fe61-log_cof": 1, "e41becaeba4cccbd72b630324bd4fe61-minimize_grompp": 1, "e41becaeba4cccbd72b630324bd4fe61-lammps_to_gmx": 1, "e41becaeba4cccbd72b630324bd4fe61-top_to_mol2": 1, "e41becaeba4cccbd72b630324bd4fe61-get_interaction_energy_5nN": 1, "e41becaeba4cccbd72b630324bd4fe61-compress_grompp": 1, "e41becaeba4cccbd72b630324bd4fe61-shear_5nN_grompp": 1, "e41becaeba4cccbd72b630324bd4fe61-equilibrate": 1, "e41becaeba4cccbd72b630324bd4fe61-shear_5nN_rerun": 1, "e41becaeba4cccbd72b630324bd4fe61-shear_15nN_rerun_grompp": 1, "e41becaeba4cccbd72b630324bd4fe61-shear_15nN_rerun": 1, "e41becaeba4cccbd72b630324bd4fe61-compress": 1, "e41becaeba4cccbd72b630324bd4fe61-get_interaction_energy_15nN": 1, "e41becaeba4cccbd72b630324bd4fe61-shear_15nN_grompp": 1, "e41becaeba4cccbd72b630324bd4fe61-shear_15nN": 1, "e41becaeba4cccbd72b630324bd4fe61-calc_S2_shear": 1, "e41becaeba4cccbd72b630324bd4fe61-shear_15nN_extend_grompp": 1, "e41becaeba4cccbd72b630324bd4fe61-shear_25nN_extend": 1, "e41becaeba4cccbd72b630324bd4fe61-log_tilt": 1, "e41becaeba4cccbd72b630324bd4fe61-calc_roughness": 1, "e41becaeba4cccbd72b630324bd4fe61-calc_friction": 1, "e41becaeba4cccbd72b630324bd4fe61-minimize": 1, "e41becaeba4cccbd72b630324bd4fe61-shear_5nN": 1, "e41becaeba4cccbd72b630324bd4fe61-unwrap_shear_25nN": 1, "e41becaeba4cccbd72b630324bd4fe61-shear_25nN_rerun_grompp": 1, "e41becaeba4cccbd72b630324bd4fe61-shear_25nN": 1, "e41becaeba4cccbd72b630324bd4fe61-fix_overlaps": 1, "e41becaeba4cccbd72b630324bd4fe61-initialize": 1, "e41becaeba4cccbd72b630324bd4fe61-calc_tilt_shear": 1, "e41becaeba4cccbd72b630324bd4fe61-shear_5nN_rerun_grompp": 1, "e41becaeba4cccbd72b630324bd4fe61-log_interaction_energy_5nN": 1, "e41becaeba4cccbd72b630324bd4fe61-shear_5nN_extend": 1, "e41becaeba4cccbd72b630324bd4fe61-log_S2": 1, "e41becaeba4cccbd72b630324bd4fe61-shear_5nN_extend_grompp": 1, "e41becaeba4cccbd72b630324bd4fe61-unwrap_shear_15nN": 1, "e41becaeba4cccbd72b630324bd4fe61-shear_25nN_rerun": 1, "e41becaeba4cccbd72b630324bd4fe61-shear_15nN_extend": 1, "e41becaeba4cccbd72b630324bd4fe61-log_interaction_energy_15nN": 1, "e41becaeba4cccbd72b630324bd4fe61-equilibrate_grompp": 1, "e41becaeba4cccbd72b630324bd4fe61-unwrap_shear_5nN": 1, "e41becaeba4cccbd72b630324bd4fe61-calc_interdigitation": 7}, "shear_25nN_Etotal": [-2748.454847198241, 133.74711614195456], "shear_25nN_qq": [-1446.373498215028, 136.86278372947717], "ch3-smiles": "CN", "intercept": 3.8621969696074125, "shear_5nN_qq": [-1553.091989, 131.13075537431422], "COF": 0.14060452244631896, "chain-smiles": "CCCCCCCCCCCCCCCCCN", "h-smiles": "N", "entropy_translational": 144.1, "S2": {"25nN": 0.9035276018304826, "5nN": 0.9295439481640625, "15nN": 0.9203665928307732}}