{"MR":6.67,"asphericity":0.999934,"balabanj":2.475534,"bertzct":26.264663,"chi0":2.707107,"chi0n":1.947214,"chi0v":0.947214,"chi1":1.414214,"chi1n":0.723607,"chi1v":0.223607,"chi2n":0.0,"chi2v":0.0,"chi3n":0.0,"chi3v":0.0,"chi4n":0.0,"chi4v":0.0,"e-valence":10.0,"eccentricity":1.0,"hk-alpha":-0.51,"hk-kappa1":0.161141,"hk-kappa2":0.49,"hk-kappa3":-4.470784,"ipc":2.754888,"isf":3977.801027,"labuteASA":14.536801,"logP":0.13978,"molwt":27.010899,"molwt-hvy":26.018,"nheavy":2.0,"npr1":0.000022,"npr2":0.999978,"pbf":0.0,"pc+":0.201967,"pc-":-0.201967,"pmi1":0.000251,"pmi2":11.420156,"pmi3":11.420408,"rbonds":0.0,"rg":0.650055,"rpc+":0.771431,"rpc-":1.0,"spherocity":0.0,"tpsa":23.79,"vsa+":7.918948,"vsa-":5.261892,"vsa-fhyd":0.600792,"vsa-fneg":0.399208,"vsa-fpneg":0.399208,"vsa-fpos":0.600792,"vsa-fppos":0.0,"vsa-hyd":7.918948,"vsa-polar":0.399208,"vsa-polar+":0.0,"vsa-polar-":5.261892,"hbonds":0.0}