{"enthalpy_vibrational": 43.98, "shear_5nN_Etotal": [-4048.5751753005597, 267.3643217307691], "heat_capacity_vibrational": 4.71, "entropy_vibrational": 1.39, "interdigitation": {"25nN": 0.1405467468242377, "5nN": 0.17457444158105062, "15nN": 0.15438978742759252}, "polar_solvation_energy": -17.95, "shear_15nN_qq": [-2401.4251589936052, 257.8944095810779], "nonpolar_solvation_energy": 9.82, "molecular_weight": 26.0174, "shear_15nN_Etotal": [-3853.8183249224626, 275.9403390454345], "roughness": {"25nN": 0.05333227222180576, "5nN": 0.0604557969424348, "15nN": 0.05624723776627756}, "tilt": {"25nN": 35.66124515398482, "5nN": 29.63706792470291, "15nN": 33.1102375176578}, "shear_15nN_lj": [-1452.393165928857, 52.01512614175998], "surface_area": 55.12, "total_solvation_energy": -8.13, "dipole_moment": 3.41, "entropy_rotational": 49.42, "shear_25nN_lj": [-1508.7600602989608, 48.41394369118135], "shear_25nN_qq": [-2264.2640474420464, 213.70760726818241], "ch3-smiles": "CC#N", "status": {"0e896b7b88d9968dea7fa04e59f40327-shear_25nN_rerun": 1, "0e896b7b88d9968dea7fa04e59f40327-shear_25nN_rerun_grompp": 1, "0e896b7b88d9968dea7fa04e59f40327-minimize": 1, "0e896b7b88d9968dea7fa04e59f40327-shear_25nN_grompp": 1, "0e896b7b88d9968dea7fa04e59f40327-top_to_mol2": 1, "0e896b7b88d9968dea7fa04e59f40327-shear_15nN_extend_grompp": 1, "0e896b7b88d9968dea7fa04e59f40327-calc_friction": 1, "0e896b7b88d9968dea7fa04e59f40327-shear_5nN": 1, "0e896b7b88d9968dea7fa04e59f40327-shear_25nN_extend_grompp": 1, "0e896b7b88d9968dea7fa04e59f40327-shear_25nN_extend": 1, "0e896b7b88d9968dea7fa04e59f40327-unwrap_shear_15nN": 1, "0e896b7b88d9968dea7fa04e59f40327-log_interaction_energy_5nN": 1, "0e896b7b88d9968dea7fa04e59f40327-get_interaction_energy_15nN": 1, "0e896b7b88d9968dea7fa04e59f40327-compress_grompp": 1, "0e896b7b88d9968dea7fa04e59f40327-shear_15nN": 1, "0e896b7b88d9968dea7fa04e59f40327-shear_5nN_rerun": 1, "0e896b7b88d9968dea7fa04e59f40327-shear_15nN_grompp": 1, "0e896b7b88d9968dea7fa04e59f40327-lammps_to_gmx": 1, "0e896b7b88d9968dea7fa04e59f40327-log_interaction_energy_15nN": 1, "0e896b7b88d9968dea7fa04e59f40327-count_hydrogen_bonds": 1, "0e896b7b88d9968dea7fa04e59f40327-initialize": 1, "0e896b7b88d9968dea7fa04e59f40327-unwrap_shear_25nN": 1, "0e896b7b88d9968dea7fa04e59f40327-shear_15nN_rerun_grompp": 1, "0e896b7b88d9968dea7fa04e59f40327-equilibrate": 1, "0e896b7b88d9968dea7fa04e59f40327-calc_S2_shear": 1, "0e896b7b88d9968dea7fa04e59f40327-fix_overlaps": 1, "0e896b7b88d9968dea7fa04e59f40327-shear_25nN": 1, "0e896b7b88d9968dea7fa04e59f40327-get_interaction_energy_25nN": 1, "0e896b7b88d9968dea7fa04e59f40327-log_interaction_energy_25nN": 1, "0e896b7b88d9968dea7fa04e59f40327-shear_5nN_grompp": 1, "0e896b7b88d9968dea7fa04e59f40327-minimize_grompp": 1, "0e896b7b88d9968dea7fa04e59f40327-shear_15nN_rerun": 1, "0e896b7b88d9968dea7fa04e59f40327-shear_5nN_extend": 1, "0e896b7b88d9968dea7fa04e59f40327-compress": 1, "0e896b7b88d9968dea7fa04e59f40327-equilibrate_grompp": 1, "0e896b7b88d9968dea7fa04e59f40327-calc_interdigitation": 6, "0e896b7b88d9968dea7fa04e59f40327-log_tilt": 1, "0e896b7b88d9968dea7fa04e59f40327-log_cof": 1, "0e896b7b88d9968dea7fa04e59f40327-unwrap_shear_5nN": 1, "0e896b7b88d9968dea7fa04e59f40327-calc_tilt_shear": 1, "0e896b7b88d9968dea7fa04e59f40327-log_S2": 1, "0e896b7b88d9968dea7fa04e59f40327-shear_15nN_extend": 1, "0e896b7b88d9968dea7fa04e59f40327-shear_5nN_rerun_grompp": 1, "0e896b7b88d9968dea7fa04e59f40327-get_interaction_energy_5nN": 1, "0e896b7b88d9968dea7fa04e59f40327-shear_5nN_extend_grompp": 1, "0e896b7b88d9968dea7fa04e59f40327-calc_roughness": 1}, "shear_25nN_Etotal": [-3773.0241077410074, 225.7675073739521], "intercept": 3.133824558580711, "shear_5nN_qq": [-2735.2209515667464, 242.38556575115402], "COF": 0.12881372008134082, "chain-smiles": "CCCCCCCCCCCCCCCCCC#N", "shear_5nN_lj": [-1313.354223733813, 53.5304882944256], "h-smiles": "C#N", "entropy_translational": 149.86, "S2": {"25nN": 0.820847688988837, "5nN": 0.8172471596293386, "15nN": 0.8219275917122197}}