{"interdigitation": {"15nN": 0.1338770184807201, "25nN": 0.12221145829579236, "5nN": 0.13347593293250484}, "shear_5nN_Etotal": [-3518.6647321654677, 159.94179962677515], "roughness": {"15nN": 0.05687928883736503, "25nN": 0.05093854688533625, "5nN": 0.06210293447946572}, "COF": 0.16784222791414521, "shear_25nN_Etotal": [-3790.1389864828134, 151.26579639937435], "heat_capacity_vibrational": 0.13, "total_solvation_energy": -12.83, "enthalpy_vibrational": 57.43, "intercept": 4.721245952470024, "shear_15nN_qq": [-2354.947133318945, 160.85390160640736], "surface_area": 42.49, "shear_25nN_lj": [-1385.9560320527578, 64.62160510055293], "polar_solvation_energy": -15.61, "nonpolar_solvation_energy": 2.8, "shear_15nN_lj": [-1345.0892515483613, 64.98962152711904], "entropy_translational": 144.8, "entropy_rotational": 49.19, "molecular_weight": 17.0073, "entropy_vibrational": 0.02, "shear_5nN_lj": [-1228.1458455243805, 65.1119150714957], "status": {"ae17946832d2b8696fea678c30b2823b-unwrap_shear_25nN": 1, "ae17946832d2b8696fea678c30b2823b-shear_25nN_extend_grompp": 1, "ae17946832d2b8696fea678c30b2823b-compress_grompp": 1, "ae17946832d2b8696fea678c30b2823b-calc_interdigitation": 6, "ae17946832d2b8696fea678c30b2823b-calc_tilt_shear": 1, "ae17946832d2b8696fea678c30b2823b-calc_roughness": 1, "ae17946832d2b8696fea678c30b2823b-shear_5nN_rerun_grompp": 1, "ae17946832d2b8696fea678c30b2823b-shear_5nN": 1, "ae17946832d2b8696fea678c30b2823b-lammps_to_gmx": 1, "ae17946832d2b8696fea678c30b2823b-shear_25nN_rerun": 1, "ae17946832d2b8696fea678c30b2823b-get_interaction_energy_5nN": 1, "ae17946832d2b8696fea678c30b2823b-shear_15nN_extend_grompp": 1, "ae17946832d2b8696fea678c30b2823b-shear_25nN_rerun_grompp": 1, "ae17946832d2b8696fea678c30b2823b-shear_15nN_rerun": 1, "ae17946832d2b8696fea678c30b2823b-shear_25nN_grompp": 1, "ae17946832d2b8696fea678c30b2823b-log_interaction_energy_5nN": 1, "ae17946832d2b8696fea678c30b2823b-equilibrate_grompp": 1, "ae17946832d2b8696fea678c30b2823b-top_to_mol2": 1, "ae17946832d2b8696fea678c30b2823b-shear_25nN_extend": 1, "ae17946832d2b8696fea678c30b2823b-log_cof": 1, "ae17946832d2b8696fea678c30b2823b-shear_5nN_grompp": 1, "ae17946832d2b8696fea678c30b2823b-log_interaction_energy_25nN": 1, "ae17946832d2b8696fea678c30b2823b-minimize_grompp": 1, "ae17946832d2b8696fea678c30b2823b-unwrap_shear_5nN": 1, "ae17946832d2b8696fea678c30b2823b-count_hydrogen_bonds": 1, "ae17946832d2b8696fea678c30b2823b-equilibrate": 1, "ae17946832d2b8696fea678c30b2823b-log_tilt": 1, "ae17946832d2b8696fea678c30b2823b-shear_15nN_extend": 1, "ae17946832d2b8696fea678c30b2823b-shear_15nN": 1, "ae17946832d2b8696fea678c30b2823b-get_interaction_energy_25nN": 1, "ae17946832d2b8696fea678c30b2823b-compress": 1, "ae17946832d2b8696fea678c30b2823b-calc_S2_shear": 1, "ae17946832d2b8696fea678c30b2823b-initialize": 1, "ae17946832d2b8696fea678c30b2823b-get_interaction_energy_15nN": 1, "ae17946832d2b8696fea678c30b2823b-minimize": 1, "ae17946832d2b8696fea678c30b2823b-log_interaction_energy_15nN": 1, "ae17946832d2b8696fea678c30b2823b-fix_overlaps": 1, "ae17946832d2b8696fea678c30b2823b-shear_5nN_extend_grompp": 1, "ae17946832d2b8696fea678c30b2823b-shear_5nN_extend": 1, "ae17946832d2b8696fea678c30b2823b-shear_5nN_rerun": 1, "ae17946832d2b8696fea678c30b2823b-shear_25nN": 1, "ae17946832d2b8696fea678c30b2823b-calc_friction": 1, "ae17946832d2b8696fea678c30b2823b-shear_15nN_rerun_grompp": 1, "ae17946832d2b8696fea678c30b2823b-log_S2": 1, "ae17946832d2b8696fea678c30b2823b-unwrap_shear_15nN": 1, "ae17946832d2b8696fea678c30b2823b-shear_15nN_grompp": 1}, "dipole_moment": 1.88, "shear_5nN_qq": [-2290.518886641087, 155.87433312734416], "shear_15nN_Etotal": [-3700.0363848673064, 156.64801008313796], "S2": {"15nN": 0.9724566535419789, "25nN": 0.971794961718483, "5nN": 0.9735143669507932}, "tilt": {"15nN": 39.71965278514467, "25nN": 41.38380793686118, "5nN": 37.891614983516796}, "shear_25nN_qq": [-2404.182954430056, 156.1415222236953]}