{"shear_5nN_lj": [-1993.110340245404, 57.40292228936993], "dipole_moment": 3.81, "S2": {"5nN": 0.9464625187264294, "25nN": 0.9432203116365577, "15nN": 0.949684492214338}, "heat_capacity_vibrational": 5.42, "shear_15nN_Etotal": [-3408.04142652518, 139.2453505682061], "surface_area": 59.09, "shear_15nN_qq": [-1228.9320527953635, 112.89779945561726], "shear_5nN_qq": [-1205.035287151079, 99.03839704467434], "roughness": {"5nN": 0.06657114650159772, "25nN": 0.050437499621399234, "15nN": 0.05748532274677811}, "interdigitation": {"25nN": 0.13891415797867376, "5nN": 0.17499165220484503, "15nN": 0.15445033107071454}, "status": {"90d25cb107707799e31e336cfff5cdd2-get_interaction_energy_25nN": 1, "90d25cb107707799e31e336cfff5cdd2-unwrap_shear_5nN": 1, "90d25cb107707799e31e336cfff5cdd2-calc_interdigitation": 6, "90d25cb107707799e31e336cfff5cdd2-calc_S2_shear": 1, "90d25cb107707799e31e336cfff5cdd2-calc_friction": 1, "90d25cb107707799e31e336cfff5cdd2-log_tilt": 1, "90d25cb107707799e31e336cfff5cdd2-compress_grompp": 1, "90d25cb107707799e31e336cfff5cdd2-shear_15nN_extend_grompp": 1, "90d25cb107707799e31e336cfff5cdd2-equilibrate": 1, "90d25cb107707799e31e336cfff5cdd2-lammps_to_gmx": 1, "90d25cb107707799e31e336cfff5cdd2-compress": 1, "90d25cb107707799e31e336cfff5cdd2-get_interaction_energy_5nN": 1, "90d25cb107707799e31e336cfff5cdd2-log_S2": 1, "90d25cb107707799e31e336cfff5cdd2-unwrap_shear_25nN": 1, "90d25cb107707799e31e336cfff5cdd2-equilibrate_grompp": 1, "90d25cb107707799e31e336cfff5cdd2-minimize": 1, "90d25cb107707799e31e336cfff5cdd2-minimize_grompp": 1, "90d25cb107707799e31e336cfff5cdd2-shear_15nN_grompp": 1, "90d25cb107707799e31e336cfff5cdd2-get_interaction_energy_15nN": 1, "90d25cb107707799e31e336cfff5cdd2-shear_25nN_rerun": 1, "90d25cb107707799e31e336cfff5cdd2-shear_15nN_rerun_grompp": 1, "90d25cb107707799e31e336cfff5cdd2-log_cof": 1, "90d25cb107707799e31e336cfff5cdd2-shear_5nN_rerun_grompp": 1, "90d25cb107707799e31e336cfff5cdd2-shear_25nN_extend_grompp": 1, "90d25cb107707799e31e336cfff5cdd2-top_to_mol2": 1, "90d25cb107707799e31e336cfff5cdd2-log_interaction_energy_15nN": 1, "90d25cb107707799e31e336cfff5cdd2-log_interaction_energy_5nN": 1, "90d25cb107707799e31e336cfff5cdd2-shear_5nN_extend": 1, "90d25cb107707799e31e336cfff5cdd2-shear_15nN_extend": 1, "90d25cb107707799e31e336cfff5cdd2-fix_overlaps": 1, "90d25cb107707799e31e336cfff5cdd2-count_hydrogen_bonds": 1, "90d25cb107707799e31e336cfff5cdd2-shear_5nN_grompp": 1, "90d25cb107707799e31e336cfff5cdd2-initialize": 1, "90d25cb107707799e31e336cfff5cdd2-calc_roughness": 1, "90d25cb107707799e31e336cfff5cdd2-shear_5nN_extend_grompp": 1, "90d25cb107707799e31e336cfff5cdd2-calc_tilt_shear": 1, "90d25cb107707799e31e336cfff5cdd2-shear_25nN_grompp": 1, "90d25cb107707799e31e336cfff5cdd2-shear_15nN": 1, "90d25cb107707799e31e336cfff5cdd2-unwrap_shear_15nN": 1, "90d25cb107707799e31e336cfff5cdd2-shear_5nN": 1, "90d25cb107707799e31e336cfff5cdd2-shear_25nN_extend": 1, "90d25cb107707799e31e336cfff5cdd2-shear_25nN_rerun_grompp": 1, "90d25cb107707799e31e336cfff5cdd2-log_interaction_energy_25nN": 1, "90d25cb107707799e31e336cfff5cdd2-shear_25nN": 1, "90d25cb107707799e31e336cfff5cdd2-shear_15nN_rerun": 1, "90d25cb107707799e31e336cfff5cdd2-shear_5nN_rerun": 1}, "entropy_translational": 156.76, "shear_5nN_Etotal": [-3198.1456273964827, 132.2098253590211], "shear_25nN_qq": [-1180.8275182957634, 112.33321705950497], "tilt": {"5nN": 34.161911964144565, "25nN": 38.89940410638947, "15nN": 36.84897948975347}, "shear_25nN_lj": [-2246.569256897682, 50.74094808983003], "COF": 0.11753859064565195, "total_solvation_energy": -43.93, "entropy_rotational": 85.69, "shear_15nN_lj": [-2179.109373729816, 54.08971452427836], "enthalpy_vibrational": 62.86, "molecular_weight": 46.0055, "shear_25nN_Etotal": [-3427.3967751934456, 133.27050349172475], "entropy_vibrational": 1.77, "nonpolar_solvation_energy": 4.77, "polar_solvation_energy": -48.71, "intercept": 2.179141981201731}