{"enthalpy_vibrational": 273.28, "shear_5nN_Etotal": [-1218.6429939144687, 49.333010191113075], "heat_capacity_vibrational": 37.37, "entropy_vibrational": 26.04, "interdigitation": {"25nN": 0.1265510300373076, "5nN": 0.11360569722632684, "15nN": 0.13567714301184292}, "polar_solvation_energy": -0.4, "shear_15nN_qq": [6.217287940047961, 9.319566429954175], "nonpolar_solvation_energy": 11.79, "molecular_weight": 43.0874, "shear_15nN_Etotal": [-1444.2308917921662, 47.45449708761144], "roughness": {"25nN": 0.06254326213916105, "5nN": 0.06267361310856617, "15nN": 0.06670068658787416}, "tilt": {"25nN": 36.87955669029789, "5nN": 30.809941493488957, "15nN": 35.24589079750773}, "shear_15nN_lj": [-1450.4481797322144, 47.77089820316642], "surface_area": 70.99, "total_solvation_energy": 11.37, "dipole_moment": 0.01, "entropy_rotational": 94.72, "shear_25nN_lj": [-1549.5132224180654, 45.907432823338155], "shear_5nN_lj": [-1214.4977333533175, 48.28238806071501], "status": {"6346ec4cb9f519d3657a540f67b9ef5b-log_S2": 1, "6346ec4cb9f519d3657a540f67b9ef5b-calc_S2_shear": 1, "6346ec4cb9f519d3657a540f67b9ef5b-shear_15nN_grompp": 1, "6346ec4cb9f519d3657a540f67b9ef5b-minimize_grompp": 1, "6346ec4cb9f519d3657a540f67b9ef5b-shear_5nN_rerun": 1, "6346ec4cb9f519d3657a540f67b9ef5b-shear_15nN_extend_grompp": 1, "6346ec4cb9f519d3657a540f67b9ef5b-shear_5nN_extend_grompp": 1, "6346ec4cb9f519d3657a540f67b9ef5b-shear_15nN": 1, "6346ec4cb9f519d3657a540f67b9ef5b-get_interaction_energy_25nN": 1, "6346ec4cb9f519d3657a540f67b9ef5b-calc_roughness": 1, "6346ec4cb9f519d3657a540f67b9ef5b-shear_5nN_extend": 1, "6346ec4cb9f519d3657a540f67b9ef5b-log_cof": 1, "6346ec4cb9f519d3657a540f67b9ef5b-unwrap_shear_5nN": 1, "6346ec4cb9f519d3657a540f67b9ef5b-shear_25nN_rerun": 1, "6346ec4cb9f519d3657a540f67b9ef5b-calc_tilt_shear": 1, "6346ec4cb9f519d3657a540f67b9ef5b-shear_25nN_rerun_grompp": 1, "6346ec4cb9f519d3657a540f67b9ef5b-lammps_to_gmx": 1, "6346ec4cb9f519d3657a540f67b9ef5b-get_interaction_energy_15nN": 1, "6346ec4cb9f519d3657a540f67b9ef5b-fix_overlaps": 1, "6346ec4cb9f519d3657a540f67b9ef5b-get_interaction_energy_5nN": 1, "6346ec4cb9f519d3657a540f67b9ef5b-count_hydrogen_bonds": 1, "6346ec4cb9f519d3657a540f67b9ef5b-equilibrate_grompp": 1, "6346ec4cb9f519d3657a540f67b9ef5b-shear_25nN": 1, "6346ec4cb9f519d3657a540f67b9ef5b-shear_5nN_grompp": 1, "6346ec4cb9f519d3657a540f67b9ef5b-compress_grompp": 1, "6346ec4cb9f519d3657a540f67b9ef5b-equilibrate": 1, "6346ec4cb9f519d3657a540f67b9ef5b-unwrap_shear_15nN": 1, "6346ec4cb9f519d3657a540f67b9ef5b-top_to_mol2": 1, "6346ec4cb9f519d3657a540f67b9ef5b-log_tilt": 1, "6346ec4cb9f519d3657a540f67b9ef5b-shear_15nN_rerun": 1, "6346ec4cb9f519d3657a540f67b9ef5b-shear_25nN_grompp": 1, "6346ec4cb9f519d3657a540f67b9ef5b-calc_interdigitation": 1, "6346ec4cb9f519d3657a540f67b9ef5b-compress": 1, "6346ec4cb9f519d3657a540f67b9ef5b-log_interaction_energy_25nN": 1, "6346ec4cb9f519d3657a540f67b9ef5b-shear_25nN_extend_grompp": 1, "6346ec4cb9f519d3657a540f67b9ef5b-unwrap_shear_25nN": 1, "6346ec4cb9f519d3657a540f67b9ef5b-log_interaction_energy_5nN": 1, "6346ec4cb9f519d3657a540f67b9ef5b-shear_5nN_rerun_grompp": 1, "6346ec4cb9f519d3657a540f67b9ef5b-shear_15nN_extend": 1, "6346ec4cb9f519d3657a540f67b9ef5b-shear_15nN_rerun_grompp": 1, "6346ec4cb9f519d3657a540f67b9ef5b-minimize": 1, "6346ec4cb9f519d3657a540f67b9ef5b-shear_5nN": 1, "6346ec4cb9f519d3657a540f67b9ef5b-initialize": 1, "6346ec4cb9f519d3657a540f67b9ef5b-shear_25nN_extend": 1, "6346ec4cb9f519d3657a540f67b9ef5b-log_interaction_energy_15nN": 1, "6346ec4cb9f519d3657a540f67b9ef5b-calc_friction": 1}, "shear_25nN_Etotal": [-1528.8357893780976, 45.408838920345154], "shear_25nN_qq": [20.677433039968026, 8.2614690369663], "ch3-smiles": "CC(C)C", "intercept": 0.7012795897183715, "shear_5nN_qq": [-4.145260561151079, 6.912126830323163], "COF": 0.14465377997452683, "chain-smiles": "CCCCCCCCCCCCCCCCCC(C)C", "h-smiles": "C(C)C", "entropy_translational": 155.96, "S2": {"25nN": 0.873409990928556, "5nN": 0.9023867874485405, "15nN": 0.9055135027421407}}