{"enthalpy_vibrational": 57.43, "shear_5nN_Etotal": [-3697.123677003997, 188.97349074760012], "heat_capacity_vibrational": 0.13, "entropy_vibrational": 0.02, "interdigitation": {"25nN": 0.13028661696571914, "5nN": 0.12913912406326863, "15nN": 0.12847803722160844}, "polar_solvation_energy": -15.61, "shear_15nN_qq": [-2444.167874094325, 197.32983297054173], "nonpolar_solvation_energy": 2.8, "molecular_weight": 17.0073, "shear_15nN_Etotal": [-3800.755081563549, 188.59057021158762], "roughness": {"25nN": 0.05303053150637928, "5nN": 0.05639627628540579, "15nN": 0.054166440085626724}, "tilt": {"25nN": 38.811329497701784, "5nN": 33.58340363865119, "15nN": 36.65764315078742}, "total_solvation_energy": -12.83, "surface_area": 42.49, "shear_15nN_lj": [-1356.5872074692245, 64.95005024335703], "dipole_moment": 1.88, "entropy_rotational": 49.19, "shear_25nN_lj": [-1390.980728106315, 65.21001621289062], "shear_25nN_qq": [-2497.040820757794, 172.18035801429863], "status": {"2beca2e3f0e37952f17951abf04e0491-equilibrate_grompp": 1, "2beca2e3f0e37952f17951abf04e0491-count_hydrogen_bonds": 1, "2beca2e3f0e37952f17951abf04e0491-calc_tilt_shear": 1, "2beca2e3f0e37952f17951abf04e0491-shear_5nN_extend_grompp": 1, "2beca2e3f0e37952f17951abf04e0491-fix_overlaps": 1, "2beca2e3f0e37952f17951abf04e0491-equilibrate": 1, "2beca2e3f0e37952f17951abf04e0491-lammps_to_gmx": 1, "2beca2e3f0e37952f17951abf04e0491-shear_15nN": 1, "2beca2e3f0e37952f17951abf04e0491-calc_roughness": 1, "2beca2e3f0e37952f17951abf04e0491-get_interaction_energy_15nN": 1, "2beca2e3f0e37952f17951abf04e0491-unwrap_shear_15nN": 1, "2beca2e3f0e37952f17951abf04e0491-shear_5nN_rerun": 1, "2beca2e3f0e37952f17951abf04e0491-log_S2": 1, "2beca2e3f0e37952f17951abf04e0491-unwrap_shear_25nN": 1, "2beca2e3f0e37952f17951abf04e0491-minimize": 1, "2beca2e3f0e37952f17951abf04e0491-get_interaction_energy_5nN": 1, "2beca2e3f0e37952f17951abf04e0491-shear_25nN_grompp": 1, "2beca2e3f0e37952f17951abf04e0491-calc_interdigitation": 6, "2beca2e3f0e37952f17951abf04e0491-shear_15nN_grompp": 1, "2beca2e3f0e37952f17951abf04e0491-initialize": 1, "2beca2e3f0e37952f17951abf04e0491-shear_15nN_rerun_grompp": 1, "2beca2e3f0e37952f17951abf04e0491-shear_5nN_extend": 1, "2beca2e3f0e37952f17951abf04e0491-get_interaction_energy_25nN": 1, "2beca2e3f0e37952f17951abf04e0491-minimize_grompp": 1, "2beca2e3f0e37952f17951abf04e0491-calc_S2_shear": 1, "2beca2e3f0e37952f17951abf04e0491-calc_friction": 1, "2beca2e3f0e37952f17951abf04e0491-shear_25nN_extend_grompp": 1, "2beca2e3f0e37952f17951abf04e0491-log_interaction_energy_5nN": 1, "2beca2e3f0e37952f17951abf04e0491-unwrap_shear_5nN": 1, "2beca2e3f0e37952f17951abf04e0491-log_interaction_energy_25nN": 1, "2beca2e3f0e37952f17951abf04e0491-shear_25nN_rerun": 1, "2beca2e3f0e37952f17951abf04e0491-compress": 1, "2beca2e3f0e37952f17951abf04e0491-log_tilt": 1, "2beca2e3f0e37952f17951abf04e0491-shear_25nN_extend": 1, "2beca2e3f0e37952f17951abf04e0491-shear_5nN_grompp": 1, "2beca2e3f0e37952f17951abf04e0491-log_interaction_energy_15nN": 1, "2beca2e3f0e37952f17951abf04e0491-shear_25nN_rerun_grompp": 1, "2beca2e3f0e37952f17951abf04e0491-shear_5nN": 1, "2beca2e3f0e37952f17951abf04e0491-top_to_mol2": 1, "2beca2e3f0e37952f17951abf04e0491-compress_grompp": 1, "2beca2e3f0e37952f17951abf04e0491-shear_5nN_rerun_grompp": 1, "2beca2e3f0e37952f17951abf04e0491-log_cof": 1, "2beca2e3f0e37952f17951abf04e0491-shear_15nN_rerun": 1, "2beca2e3f0e37952f17951abf04e0491-shear_15nN_extend_grompp": 1, "2beca2e3f0e37952f17951abf04e0491-shear_25nN": 1, "2beca2e3f0e37952f17951abf04e0491-shear_15nN_extend": 1}, "shear_25nN_Etotal": [-3888.021548864109, 164.42034345778774], "ch3-smiles": "CO", "intercept": 5.347545975454497, "shear_5nN_qq": [-2461.100908730615, 188.44134517168274], "COF": 0.18414615576623095, "chain-smiles": "CCCCCCCCCCCCCCCCCO", "shear_5nN_lj": [-1236.0227682733812, 60.98730583965367], "h-smiles": "O", "entropy_translational": 144.8, "S2": {"25nN": 0.9364479394926647, "5nN": 0.9302910226273718, "15nN": 0.9243204052716708}}