{"MR":15.871,"asphericity":0.546841,"balabanj":4.399516,"bertzct":125.728624,"chi0":7.654701,"chi0n":7.5,"chi0v":1.5,"chi1":3.854059,"chi1n":3.5,"chi1v":0.5,"chi2n":0.125,"chi2v":0.125,"chi3n":0.0,"chi3v":0.0,"chi4n":0.0,"chi4v":0.0,"e-valence":18.0,"eccentricity":0.982935,"hk-alpha":-0.26,"hk-kappa1":0.138474,"hk-kappa2":1.74,"hk-kappa3":1.74,"ipc":50.070311,"isf":0.078566,"labuteASA":29.209355,"logP":1.1923,"molwt":42.04695,"molwt-hvy":36.033,"nheavy":3.0,"npr1":0.183952,"npr2":0.871672,"pbf":0.228844,"pc+":0.245501,"pc-":-0.245501,"pmi1":11.094756,"pmi2":52.573505,"pmi3":60.313414,"rbonds":1.0,"rg":1.213726,"rpc+":0.230808,"rpc-":0.421022,"spherocity":0.201309,"tpsa":0.0,"vsa+":8.224552,"vsa-":19.435003,"vsa-fhyd":1.0,"vsa-fneg":0.702651,"vsa-fpneg":0.0,"vsa-fpos":0.297349,"vsa-fppos":0.0,"vsa-hyd":27.659555,"vsa-polar":0.0,"vsa-polar+":0.0,"vsa-polar-":0.0,"hbonds":0.0}