{"shear_25nN_qq": [430.1135827122302, 16.072318564604892], "shear_25nN_lj": [-1663.7468187633892, 42.70416157939579], "enthalpy_vibrational": 131.44, "surface_area": 61.0, "shear_5nN_qq": [344.13594018465227, 13.311679624697785], "COF": 0.12008046907438265, "nonpolar_solvation_energy": 8.4, "shear_5nN_Etotal": [-999.4538223836933, 43.54509623068339], "status": {"89c584818c8f5cd1272aa7f6fa5ebfa3-shear_15nN_extend": 1, "89c584818c8f5cd1272aa7f6fa5ebfa3-shear_5nN_grompp": 1, "89c584818c8f5cd1272aa7f6fa5ebfa3-shear_25nN_rerun_grompp": 1, "89c584818c8f5cd1272aa7f6fa5ebfa3-shear_15nN": 1, "89c584818c8f5cd1272aa7f6fa5ebfa3-shear_5nN_extend": 1, "89c584818c8f5cd1272aa7f6fa5ebfa3-shear_25nN": 1, "89c584818c8f5cd1272aa7f6fa5ebfa3-unwrap_shear_25nN": 1, "89c584818c8f5cd1272aa7f6fa5ebfa3-unwrap_shear_5nN": 1, "89c584818c8f5cd1272aa7f6fa5ebfa3-calc_tilt_shear": 1, "89c584818c8f5cd1272aa7f6fa5ebfa3-calc_roughness": 1, "89c584818c8f5cd1272aa7f6fa5ebfa3-log_cof": 1, "89c584818c8f5cd1272aa7f6fa5ebfa3-compress": 1, "89c584818c8f5cd1272aa7f6fa5ebfa3-initialize": 1, "89c584818c8f5cd1272aa7f6fa5ebfa3-log_interaction_energy_5nN": 1, "89c584818c8f5cd1272aa7f6fa5ebfa3-equilibrate": 1, "89c584818c8f5cd1272aa7f6fa5ebfa3-log_tilt": 1, "89c584818c8f5cd1272aa7f6fa5ebfa3-calc_friction": 1, "89c584818c8f5cd1272aa7f6fa5ebfa3-shear_5nN_rerun": 1, "89c584818c8f5cd1272aa7f6fa5ebfa3-shear_25nN_grompp": 1, "89c584818c8f5cd1272aa7f6fa5ebfa3-minimize_grompp": 1, "89c584818c8f5cd1272aa7f6fa5ebfa3-shear_25nN_extend": 1, "89c584818c8f5cd1272aa7f6fa5ebfa3-equilibrate_grompp": 1, "89c584818c8f5cd1272aa7f6fa5ebfa3-log_interaction_energy_15nN": 1, "89c584818c8f5cd1272aa7f6fa5ebfa3-shear_25nN_extend_grompp": 1, "89c584818c8f5cd1272aa7f6fa5ebfa3-fix_overlaps": 1, "89c584818c8f5cd1272aa7f6fa5ebfa3-get_interaction_energy_25nN": 1, "89c584818c8f5cd1272aa7f6fa5ebfa3-compress_grompp": 1, "89c584818c8f5cd1272aa7f6fa5ebfa3-shear_5nN_extend_grompp": 1, "89c584818c8f5cd1272aa7f6fa5ebfa3-shear_25nN_rerun": 1, "89c584818c8f5cd1272aa7f6fa5ebfa3-shear_15nN_extend_grompp": 1, "89c584818c8f5cd1272aa7f6fa5ebfa3-log_S2": 1, "89c584818c8f5cd1272aa7f6fa5ebfa3-shear_15nN_rerun": 1, "89c584818c8f5cd1272aa7f6fa5ebfa3-log_interaction_energy_25nN": 1, "89c584818c8f5cd1272aa7f6fa5ebfa3-count_hydrogen_bonds": 1, "89c584818c8f5cd1272aa7f6fa5ebfa3-shear_15nN_rerun_grompp": 1, "89c584818c8f5cd1272aa7f6fa5ebfa3-calc_interdigitation": 1, "89c584818c8f5cd1272aa7f6fa5ebfa3-shear_5nN_rerun_grompp": 1, "89c584818c8f5cd1272aa7f6fa5ebfa3-calc_S2_shear": 1, "89c584818c8f5cd1272aa7f6fa5ebfa3-get_interaction_energy_5nN": 1, "89c584818c8f5cd1272aa7f6fa5ebfa3-lammps_to_gmx": 1, "89c584818c8f5cd1272aa7f6fa5ebfa3-unwrap_shear_15nN": 1, "89c584818c8f5cd1272aa7f6fa5ebfa3-minimize": 1, "89c584818c8f5cd1272aa7f6fa5ebfa3-top_to_mol2": 1, "89c584818c8f5cd1272aa7f6fa5ebfa3-get_interaction_energy_15nN": 1, "89c584818c8f5cd1272aa7f6fa5ebfa3-shear_5nN": 1, "89c584818c8f5cd1272aa7f6fa5ebfa3-shear_15nN_grompp": 1}, "shear_15nN_qq": [406.3338442046363, 15.73830660247441], "interdigitation": {"15nN": 0.1383500006407752, "25nN": 0.110543655083128, "5nN": 0.13408771681918624}, "total_solvation_energy": 7.34, "entropy_vibrational": 2.65, "roughness": {"15nN": 0.05787671924314022, "5nN": 0.06124666966456165, "25nN": 0.05055977523138465}, "S2": {"15nN": 0.8894397022266836, "5nN": 0.9024531852057106, "25nN": 0.8800169198087723}, "entropy_rotational": 77.76, "polar_solvation_energy": -1.05, "shear_5nN_lj": [-1343.5897625683451, 45.248665835393865], "entropy_translational": 150.32, "tilt": {"15nN": 34.451695097746395, "5nN": 30.903609512290807, "25nN": 37.07701526391941}, "dipole_moment": 0.0, "heat_capacity_vibrational": 10.23, "shear_25nN_Etotal": [-1233.633236051159, 43.37077163172593], "intercept": 1.0442279870327023, "shear_15nN_lj": [-1580.064356135092, 42.98274581315769], "molecular_weight": 27.0451, "shear_15nN_Etotal": [-1173.7305119304558, 43.479986074675466]}