{"shear_15nN_Etotal": [-1240.9124372533972, 43.52561735364249], "molecular_weight": 43.0874, "shear_25nN_Etotal": [-1293.6621603669064, 46.40199527361939], "surface_area": 70.99, "shear_15nN_qq": [214.69603075619506, 9.14552723676711], "enthalpy_vibrational": 273.28, "shear_5nN_qq": [162.8662792494005, 8.38316885752352], "tilt": {"5nN": 26.43663818518479, "15nN": 30.816993066698497, "25nN": 33.534117616544634}, "intercept": 0.6910315924020436, "shear_25nN_lj": [-1542.4683558816946, 45.78225399932823], "entropy_rotational": 94.72, "shear_5nN_lj": [-1220.5819164916068, 46.745626391123764], "shear_25nN_qq": [248.80619551478816, 10.57064861952072], "nonpolar_solvation_energy": 11.79, "total_solvation_energy": 11.37, "shear_15nN_lj": [-1455.6084680095923, 44.135660356618956], "shear_5nN_Etotal": [-1057.7156372422064, 44.58920098355622], "interdigitation": {"5nN": 0.09180633837086452, "15nN": 0.0985744665393834, "25nN": 0.10184414871557752}, "entropy_vibrational": 26.04, "heat_capacity_vibrational": 37.37, "entropy_translational": 155.96, "status": {"a82a3abc00f64a36a6f77eb1fa360476-get_interaction_energy_25nN": 1, "a82a3abc00f64a36a6f77eb1fa360476-shear_15nN_rerun": 1, "a82a3abc00f64a36a6f77eb1fa360476-initialize": 1, "a82a3abc00f64a36a6f77eb1fa360476-fix_overlaps": 1, "a82a3abc00f64a36a6f77eb1fa360476-shear_25nN": 1, "a82a3abc00f64a36a6f77eb1fa360476-shear_15nN_rerun_grompp": 1, "a82a3abc00f64a36a6f77eb1fa360476-shear_25nN_rerun": 1, "a82a3abc00f64a36a6f77eb1fa360476-calc_roughness": 1, "a82a3abc00f64a36a6f77eb1fa360476-compress_grompp": 1, "a82a3abc00f64a36a6f77eb1fa360476-log_interaction_energy_15nN": 1, "a82a3abc00f64a36a6f77eb1fa360476-shear_15nN_extend_grompp": 1, "a82a3abc00f64a36a6f77eb1fa360476-shear_15nN_grompp": 1, "a82a3abc00f64a36a6f77eb1fa360476-calc_S2_shear": 1, "a82a3abc00f64a36a6f77eb1fa360476-calc_tilt_shear": 1, "a82a3abc00f64a36a6f77eb1fa360476-equilibrate": 1, "a82a3abc00f64a36a6f77eb1fa360476-compress": 1, "a82a3abc00f64a36a6f77eb1fa360476-shear_5nN_extend": 1, "a82a3abc00f64a36a6f77eb1fa360476-shear_25nN_extend": 1, "a82a3abc00f64a36a6f77eb1fa360476-shear_25nN_grompp": 1, "a82a3abc00f64a36a6f77eb1fa360476-shear_5nN_rerun_grompp": 1, "a82a3abc00f64a36a6f77eb1fa360476-calc_interdigitation": 1, "a82a3abc00f64a36a6f77eb1fa360476-log_tilt": 1, "a82a3abc00f64a36a6f77eb1fa360476-shear_25nN_extend_grompp": 1, "a82a3abc00f64a36a6f77eb1fa360476-log_S2": 1, "a82a3abc00f64a36a6f77eb1fa360476-equilibrate_grompp": 1, "a82a3abc00f64a36a6f77eb1fa360476-shear_5nN": 1, "a82a3abc00f64a36a6f77eb1fa360476-shear_5nN_rerun": 1, "a82a3abc00f64a36a6f77eb1fa360476-lammps_to_gmx": 1, "a82a3abc00f64a36a6f77eb1fa360476-shear_15nN": 1, "a82a3abc00f64a36a6f77eb1fa360476-minimize": 1, "a82a3abc00f64a36a6f77eb1fa360476-unwrap_shear_5nN": 1, "a82a3abc00f64a36a6f77eb1fa360476-unwrap_shear_25nN": 1, "a82a3abc00f64a36a6f77eb1fa360476-log_interaction_energy_5nN": 1, "a82a3abc00f64a36a6f77eb1fa360476-log_cof": 1, "a82a3abc00f64a36a6f77eb1fa360476-shear_25nN_rerun_grompp": 1, "a82a3abc00f64a36a6f77eb1fa360476-shear_5nN_grompp": 1, "a82a3abc00f64a36a6f77eb1fa360476-minimize_grompp": 1, "a82a3abc00f64a36a6f77eb1fa360476-calc_friction": 1, "a82a3abc00f64a36a6f77eb1fa360476-unwrap_shear_15nN": 1, "a82a3abc00f64a36a6f77eb1fa360476-shear_15nN_extend": 1, "a82a3abc00f64a36a6f77eb1fa360476-shear_5nN_extend_grompp": 1, "a82a3abc00f64a36a6f77eb1fa360476-log_interaction_energy_25nN": 1, "a82a3abc00f64a36a6f77eb1fa360476-get_interaction_energy_5nN": 1, "a82a3abc00f64a36a6f77eb1fa360476-get_interaction_energy_15nN": 1, "a82a3abc00f64a36a6f77eb1fa360476-count_hydrogen_bonds": 1, "a82a3abc00f64a36a6f77eb1fa360476-top_to_mol2": 1}, "S2": {"5nN": 0.8586798432490418, "15nN": 0.860423254841477, "25nN": 0.8650349524408115}, "dipole_moment": 0.01, "COF": 0.14561755929769696, "roughness": {"5nN": 0.05139056283231807, "15nN": 0.05106998587130114, "25nN": 0.04835215861695269}, "polar_solvation_energy": -0.4}