{"MR":15.965,"asphericity":0.415271,"balabanj":4.748409,"bertzct":120.39661,"chi0":9.5,"chi0n":9.5,"chi0v":1.5,"chi1":4.5,"chi1n":4.5,"chi1v":0.5,"chi2n":0.125,"chi2v":0.125,"chi3n":0.0,"chi3v":0.0,"chi4n":0.0,"chi4v":0.0,"e-valence":20.0,"eccentricity":0.965823,"hk-alpha":0.0,"hk-kappa1":0.12,"hk-kappa2":2.0,"hk-kappa3":0.0,"ipc":88.551982,"isf":0.052346,"labuteASA":32.708899,"logP":1.4163,"molwt":44.0626,"molwt-hvy":36.033,"nheavy":3.0,"npr1":0.259202,"npr2":0.891943,"pbf":0.545766,"pc+":0.190329,"pc-":-0.190329,"pmi1":17.039371,"pmi2":58.634326,"pmi3":65.737764,"rbonds":2.0,"rg":1.26626,"rpc+":0.137072,"rpc-":0.344905,"spherocity":0.47603,"tpsa":0.0,"vsa+":10.966068,"vsa-":20.076709,"vsa-fhyd":1.0,"vsa-fneg":0.646743,"vsa-fpneg":0.0,"vsa-fpos":0.353257,"vsa-fppos":0.0,"vsa-hyd":31.042777,"vsa-polar":0.0,"vsa-polar+":0.0,"vsa-polar-":0.0,"hbonds":0.0}