{"shear_25nN_qq": [-1531.1592663293366, 155.3325790107632], "shear_25nN_lj": [-2206.2713707969624, 54.90438322736495], "enthalpy_vibrational": 62.86, "surface_area": 59.09, "shear_5nN_qq": [-1731.5116973812949, 150.0198617819113], "COF": 0.13890331883288523, "nonpolar_solvation_energy": 4.77, "shear_5nN_Etotal": [-3667.8341544540367, 181.37943966277382], "status": {"245a7d8cd76e59169060c951f3675907-shear_5nN_rerun": 1, "245a7d8cd76e59169060c951f3675907-calc_roughness": 1, "245a7d8cd76e59169060c951f3675907-calc_friction": 1, "245a7d8cd76e59169060c951f3675907-count_hydrogen_bonds": 1, "245a7d8cd76e59169060c951f3675907-get_interaction_energy_25nN": 1, "245a7d8cd76e59169060c951f3675907-shear_25nN_extend_grompp": 1, "245a7d8cd76e59169060c951f3675907-equilibrate_grompp": 1, "245a7d8cd76e59169060c951f3675907-log_cof": 1, "245a7d8cd76e59169060c951f3675907-log_interaction_energy_15nN": 1, "245a7d8cd76e59169060c951f3675907-log_S2": 1, "245a7d8cd76e59169060c951f3675907-compress_grompp": 1, "245a7d8cd76e59169060c951f3675907-unwrap_shear_5nN": 1, "245a7d8cd76e59169060c951f3675907-shear_15nN_rerun": 1, "245a7d8cd76e59169060c951f3675907-calc_tilt_shear": 1, "245a7d8cd76e59169060c951f3675907-shear_5nN_grompp": 1, "245a7d8cd76e59169060c951f3675907-initialize": 1, "245a7d8cd76e59169060c951f3675907-unwrap_shear_15nN": 1, "245a7d8cd76e59169060c951f3675907-calc_S2_shear": 1, "245a7d8cd76e59169060c951f3675907-shear_25nN": 1, "245a7d8cd76e59169060c951f3675907-shear_25nN_extend": 1, "245a7d8cd76e59169060c951f3675907-shear_15nN_grompp": 1, "245a7d8cd76e59169060c951f3675907-lammps_to_gmx": 1, "245a7d8cd76e59169060c951f3675907-equilibrate": 1, "245a7d8cd76e59169060c951f3675907-shear_5nN": 1, "245a7d8cd76e59169060c951f3675907-shear_15nN": 1, "245a7d8cd76e59169060c951f3675907-shear_5nN_extend_grompp": 1, "245a7d8cd76e59169060c951f3675907-fix_overlaps": 1, "245a7d8cd76e59169060c951f3675907-shear_15nN_rerun_grompp": 1, "245a7d8cd76e59169060c951f3675907-log_interaction_energy_5nN": 1, "245a7d8cd76e59169060c951f3675907-minimize": 1, "245a7d8cd76e59169060c951f3675907-calc_interdigitation": 1, "245a7d8cd76e59169060c951f3675907-top_to_mol2": 1, "245a7d8cd76e59169060c951f3675907-unwrap_shear_25nN": 1, "245a7d8cd76e59169060c951f3675907-minimize_grompp": 1, "245a7d8cd76e59169060c951f3675907-shear_25nN_rerun": 1, "245a7d8cd76e59169060c951f3675907-shear_15nN_extend_grompp": 1, "245a7d8cd76e59169060c951f3675907-shear_5nN_extend": 1, "245a7d8cd76e59169060c951f3675907-get_interaction_energy_5nN": 1, "245a7d8cd76e59169060c951f3675907-shear_25nN_rerun_grompp": 1, "245a7d8cd76e59169060c951f3675907-log_interaction_energy_25nN": 1, "245a7d8cd76e59169060c951f3675907-shear_5nN_rerun_grompp": 1, "245a7d8cd76e59169060c951f3675907-shear_25nN_grompp": 1, "245a7d8cd76e59169060c951f3675907-get_interaction_energy_15nN": 1, "245a7d8cd76e59169060c951f3675907-shear_15nN_extend": 1, "245a7d8cd76e59169060c951f3675907-compress": 1, "245a7d8cd76e59169060c951f3675907-log_tilt": 1}, "shear_15nN_qq": [-1582.3263972685852, 172.481120611396], "interdigitation": {"15nN": 0.14502350623517912, "5nN": 0.15954396690463352, "25nN": 0.13535564701267244}, "total_solvation_energy": -43.93, "entropy_vibrational": 1.77, "roughness": {"15nN": 0.04911376159733227, "5nN": 0.05371798169171813, "25nN": 0.04461903725766881}, "S2": {"15nN": 0.8147199182144088, "5nN": 0.821878676594877, "25nN": 0.8015707948911057}, "entropy_rotational": 85.69, "polar_solvation_energy": -48.71, "shear_5nN_lj": [-1936.322457072742, 58.61614191002121], "entropy_translational": 156.76, "tilt": {"15nN": 32.929034746958436, "5nN": 28.79891786236283, "25nN": 35.17768519712743}, "dipole_moment": 3.81, "heat_capacity_vibrational": 5.42, "shear_25nN_Etotal": [-3737.4306371262987, 178.91816620215096], "intercept": 2.5034429019452893, "shear_15nN_lj": [-2119.7253422861713, 55.88123117219797], "molecular_weight": 46.0055, "shear_15nN_Etotal": [-3702.0517395547554, 201.17799227551893]}