{"shear_25nN_qq": [-431.1116287753797, 41.066791613962856], "intercept": 2.062096123377101, "COF": 0.11617660587169791, "nonpolar_solvation_energy": 14.09, "entropy_translational": 165.68, "dipole_moment": 2.03, "shear_25nN_lj": [-1766.7113776698643, 49.15812887990937], "total_solvation_energy": 6.28, "shear_15nN_Etotal": [-2121.501473310951, 78.17535224335562], "surface_area": 96.58, "status": {"8ea104ee022c6a1fd14d9c966381a170-unwrap_shear_5nN": 1, "8ea104ee022c6a1fd14d9c966381a170-lammps_to_gmx": 1, "8ea104ee022c6a1fd14d9c966381a170-shear_15nN": 1, "8ea104ee022c6a1fd14d9c966381a170-calc_friction": 1, "8ea104ee022c6a1fd14d9c966381a170-shear_25nN_rerun": 1, "8ea104ee022c6a1fd14d9c966381a170-log_interaction_energy_5nN": 1, "8ea104ee022c6a1fd14d9c966381a170-compress_grompp": 1, "8ea104ee022c6a1fd14d9c966381a170-shear_15nN_rerun": 1, "8ea104ee022c6a1fd14d9c966381a170-shear_5nN_extend": 1, "8ea104ee022c6a1fd14d9c966381a170-shear_15nN_rerun_grompp": 1, "8ea104ee022c6a1fd14d9c966381a170-calc_roughness": 1, "8ea104ee022c6a1fd14d9c966381a170-equilibrate_grompp": 1, "8ea104ee022c6a1fd14d9c966381a170-unwrap_shear_15nN": 1, "8ea104ee022c6a1fd14d9c966381a170-shear_5nN_extend_grompp": 1, "8ea104ee022c6a1fd14d9c966381a170-log_interaction_energy_15nN": 1, "8ea104ee022c6a1fd14d9c966381a170-get_interaction_energy_15nN": 1, "8ea104ee022c6a1fd14d9c966381a170-shear_25nN_grompp": 1, "8ea104ee022c6a1fd14d9c966381a170-minimize_grompp": 1, "8ea104ee022c6a1fd14d9c966381a170-unwrap_shear_25nN": 1, "8ea104ee022c6a1fd14d9c966381a170-log_interaction_energy_25nN": 1, "8ea104ee022c6a1fd14d9c966381a170-calc_interdigitation": 6, "8ea104ee022c6a1fd14d9c966381a170-log_cof": 1, "8ea104ee022c6a1fd14d9c966381a170-count_hydrogen_bonds": 1, "8ea104ee022c6a1fd14d9c966381a170-shear_25nN_extend": 1, "8ea104ee022c6a1fd14d9c966381a170-shear_25nN_rerun_grompp": 1, "8ea104ee022c6a1fd14d9c966381a170-get_interaction_energy_25nN": 1, "8ea104ee022c6a1fd14d9c966381a170-shear_5nN_grompp": 1, "8ea104ee022c6a1fd14d9c966381a170-compress": 1, "8ea104ee022c6a1fd14d9c966381a170-equilibrate": 1, "8ea104ee022c6a1fd14d9c966381a170-calc_S2_shear": 1, "8ea104ee022c6a1fd14d9c966381a170-shear_15nN_extend_grompp": 1, "8ea104ee022c6a1fd14d9c966381a170-fix_overlaps": 1, "8ea104ee022c6a1fd14d9c966381a170-shear_5nN_rerun": 1, "8ea104ee022c6a1fd14d9c966381a170-shear_25nN": 1, "8ea104ee022c6a1fd14d9c966381a170-top_to_mol2": 1, "8ea104ee022c6a1fd14d9c966381a170-shear_25nN_extend_grompp": 1, "8ea104ee022c6a1fd14d9c966381a170-get_interaction_energy_5nN": 1, "8ea104ee022c6a1fd14d9c966381a170-shear_5nN_rerun_grompp": 1, "8ea104ee022c6a1fd14d9c966381a170-log_tilt": 1, "8ea104ee022c6a1fd14d9c966381a170-log_S2": 1, "8ea104ee022c6a1fd14d9c966381a170-calc_tilt_shear": 1, "8ea104ee022c6a1fd14d9c966381a170-shear_15nN_extend": 1, "8ea104ee022c6a1fd14d9c966381a170-shear_5nN": 1, "8ea104ee022c6a1fd14d9c966381a170-minimize": 1, "8ea104ee022c6a1fd14d9c966381a170-shear_15nN_grompp": 1, "8ea104ee022c6a1fd14d9c966381a170-initialize": 1}, "interdigitation": {"5nN": 0.20959993696434576, "15nN": 0.18835953329734204, "25nN": 0.17256051156794494}, "entropy_vibrational": 30.51, "tilt": {"5nN": 29.961889712582398, "15nN": 33.63658225814126, "25nN": 35.425593285855825}, "shear_5nN_lj": [-1510.268497782574, 58.32625223142844], "shear_5nN_qq": [-379.18578084332535, 38.385925340535934], "heat_capacity_vibrational": 58.87, "polar_solvation_energy": -7.83, "shear_25nN_Etotal": [-2197.8230064452437, 73.25076610487055], "molecular_weight": 95.0942, "S2": {"5nN": 0.8703845261804857, "15nN": 0.870592593640949, "25nN": 0.8736263975797744}, "enthalpy_vibrational": 248.15, "shear_15nN_qq": [-428.58281245083936, 41.11458075608408], "shear_15nN_lj": [-1692.918660860112, 52.58701108684303], "entropy_rotational": 112.71, "shear_5nN_Etotal": [-1889.4542786258992, 85.10820684274417], "roughness": {"5nN": 0.07547309057519964, "15nN": 0.0660029345319416, "25nN": 0.06344796780322466}}