{"shear_15nN_Etotal": [-3742.0659346706634, 157.14595227242816], "molecular_weight": 17.0073, "shear_25nN_Etotal": [-3829.426928390887, 147.51310221879882], "surface_area": 42.49, "shear_15nN_qq": [-2404.153257678657, 163.3304544345308], "enthalpy_vibrational": 57.43, "shear_5nN_qq": [-2306.5830686035174, 166.1171630696965], "tilt": {"5nN": 36.95541814507174, "25nN": 41.25777190922138, "15nN": 39.70524307545436}, "intercept": 4.670939619514906, "shear_25nN_lj": [-1369.1696095331736, 62.829667028540676], "entropy_rotational": 49.19, "shear_5nN_lj": [-1231.333665689848, 60.32455026115969], "shear_25nN_qq": [-2460.2573188577135, 158.6094469006774], "nonpolar_solvation_energy": 2.8, "total_solvation_energy": -12.83, "shear_15nN_lj": [-1337.9126769920063, 66.10022851098654], "shear_5nN_Etotal": [-3537.916734293365, 168.49531868895875], "interdigitation": {"5nN": 0.13384492724703428, "25nN": 0.12398461725000573, "15nN": 0.1095893807622424}, "entropy_vibrational": 0.02, "heat_capacity_vibrational": 0.13, "entropy_translational": 144.8, "roughness": {"5nN": 0.05953604502092076, "25nN": 0.05157315065662357, "15nN": 0.048625458417379426}, "S2": {"5nN": 0.9599795156164591, "25nN": 0.9523687123376615, "15nN": 0.9610933794326095}, "dipole_moment": 1.88, "COF": 0.1539300939273739, "status": {"996bdf591d18b20d13fdde78473a6f39-shear_25nN_rerun": 1, "996bdf591d18b20d13fdde78473a6f39-shear_25nN": 1, "996bdf591d18b20d13fdde78473a6f39-shear_5nN": 1, "996bdf591d18b20d13fdde78473a6f39-shear_5nN_extend": 1, "996bdf591d18b20d13fdde78473a6f39-initialize": 1, "996bdf591d18b20d13fdde78473a6f39-shear_5nN_extend_grompp": 1, "996bdf591d18b20d13fdde78473a6f39-log_interaction_energy_15nN": 1, "996bdf591d18b20d13fdde78473a6f39-get_interaction_energy_5nN": 1, "996bdf591d18b20d13fdde78473a6f39-shear_5nN_rerun": 1, "996bdf591d18b20d13fdde78473a6f39-count_hydrogen_bonds": 1, "996bdf591d18b20d13fdde78473a6f39-get_interaction_energy_15nN": 1, "996bdf591d18b20d13fdde78473a6f39-shear_25nN_rerun_grompp": 1, "996bdf591d18b20d13fdde78473a6f39-shear_25nN_extend_grompp": 1, "996bdf591d18b20d13fdde78473a6f39-calc_S2_shear": 1, "996bdf591d18b20d13fdde78473a6f39-log_cof": 1, "996bdf591d18b20d13fdde78473a6f39-minimize_grompp": 1, "996bdf591d18b20d13fdde78473a6f39-shear_15nN_rerun": 1, "996bdf591d18b20d13fdde78473a6f39-log_S2": 1, "996bdf591d18b20d13fdde78473a6f39-log_interaction_energy_5nN": 1, "996bdf591d18b20d13fdde78473a6f39-fix_overlaps": 1, "996bdf591d18b20d13fdde78473a6f39-shear_25nN_extend": 1, "996bdf591d18b20d13fdde78473a6f39-lammps_to_gmx": 1, "996bdf591d18b20d13fdde78473a6f39-shear_15nN": 1, "996bdf591d18b20d13fdde78473a6f39-minimize": 1, "996bdf591d18b20d13fdde78473a6f39-equilibrate_grompp": 1, "996bdf591d18b20d13fdde78473a6f39-compress": 1, "996bdf591d18b20d13fdde78473a6f39-calc_friction": 1, "996bdf591d18b20d13fdde78473a6f39-compress_grompp": 1, "996bdf591d18b20d13fdde78473a6f39-equilibrate": 1, "996bdf591d18b20d13fdde78473a6f39-shear_15nN_extend": 1, "996bdf591d18b20d13fdde78473a6f39-calc_interdigitation": 1, "996bdf591d18b20d13fdde78473a6f39-top_to_mol2": 1, "996bdf591d18b20d13fdde78473a6f39-shear_15nN_extend_grompp": 1, "996bdf591d18b20d13fdde78473a6f39-get_interaction_energy_25nN": 1, "996bdf591d18b20d13fdde78473a6f39-shear_15nN_rerun_grompp": 1, "996bdf591d18b20d13fdde78473a6f39-calc_roughness": 1, "996bdf591d18b20d13fdde78473a6f39-calc_tilt_shear": 1, "996bdf591d18b20d13fdde78473a6f39-unwrap_shear_15nN": 1, "996bdf591d18b20d13fdde78473a6f39-shear_5nN_rerun_grompp": 1, "996bdf591d18b20d13fdde78473a6f39-unwrap_shear_5nN": 1, "996bdf591d18b20d13fdde78473a6f39-shear_5nN_grompp": 1, "996bdf591d18b20d13fdde78473a6f39-shear_25nN_grompp": 1, "996bdf591d18b20d13fdde78473a6f39-unwrap_shear_25nN": 1, "996bdf591d18b20d13fdde78473a6f39-log_tilt": 1, "996bdf591d18b20d13fdde78473a6f39-log_interaction_energy_25nN": 1, "996bdf591d18b20d13fdde78473a6f39-shear_15nN_grompp": 1}, "polar_solvation_energy": -15.61}