{"shear_15nN_Etotal": [-1352.9144029104718, 44.06299521755101], "molecular_weight": 27.0451, "shear_25nN_Etotal": [-1403.341195553957, 42.88328825982192], "surface_area": 61.0, "shear_15nN_qq": [215.96396520863308, 13.689447084547982], "enthalpy_vibrational": 131.44, "shear_5nN_qq": [148.70475678497203, 12.815132776353733], "tilt": {"5nN": 32.5605520428397, "25nN": 37.11284474908175, "15nN": 35.46096607416237}, "intercept": 0.8188227377270043, "shear_25nN_lj": [-1657.6828081598721, 43.8318970979916], "entropy_rotational": 77.76, "shear_5nN_lj": [-1322.8772154228618, 47.29017333018985], "shear_25nN_qq": [254.34161260591526, 14.67620226848943], "nonpolar_solvation_energy": 8.4, "total_solvation_energy": 7.34, "shear_15nN_lj": [-1568.8783681191046, 45.222618759581906], "shear_5nN_Etotal": [-1174.1724586378898, 45.873368820123154], "interdigitation": {"5nN": 0.14288906728545928, "15nN": 0.13322347496652187, "25nN": 0.11533695113578431}, "entropy_vibrational": 2.65, "heat_capacity_vibrational": 10.23, "entropy_translational": 150.32, "roughness": {"5nN": 0.0666764553986367, "15nN": 0.054902723599923986, "25nN": 0.055974953692756506}, "S2": {"5nN": 0.9319769223059067, "15nN": 0.9089287828624244, "25nN": 0.911795299085489}, "dipole_moment": 0.0, "COF": 0.11388883883526756, "status": {"30324c1917f7ae7f1db79bb9e01f5879-log_interaction_energy_5nN": 1, "30324c1917f7ae7f1db79bb9e01f5879-compress_grompp": 1, "30324c1917f7ae7f1db79bb9e01f5879-fix_overlaps": 1, "30324c1917f7ae7f1db79bb9e01f5879-top_to_mol2": 1, "30324c1917f7ae7f1db79bb9e01f5879-minimize_grompp": 1, "30324c1917f7ae7f1db79bb9e01f5879-equilibrate": 1, "30324c1917f7ae7f1db79bb9e01f5879-shear_15nN": 1, "30324c1917f7ae7f1db79bb9e01f5879-initialize": 1, "30324c1917f7ae7f1db79bb9e01f5879-get_interaction_energy_25nN": 1, "30324c1917f7ae7f1db79bb9e01f5879-shear_25nN_rerun_grompp": 1, "30324c1917f7ae7f1db79bb9e01f5879-shear_15nN_rerun_grompp": 1, "30324c1917f7ae7f1db79bb9e01f5879-shear_5nN_grompp": 1, "30324c1917f7ae7f1db79bb9e01f5879-count_hydrogen_bonds": 1, "30324c1917f7ae7f1db79bb9e01f5879-calc_S2_shear": 1, "30324c1917f7ae7f1db79bb9e01f5879-minimize": 1, "30324c1917f7ae7f1db79bb9e01f5879-equilibrate_grompp": 1, "30324c1917f7ae7f1db79bb9e01f5879-get_interaction_energy_5nN": 1, "30324c1917f7ae7f1db79bb9e01f5879-lammps_to_gmx": 1, "30324c1917f7ae7f1db79bb9e01f5879-shear_25nN_extend": 1, "30324c1917f7ae7f1db79bb9e01f5879-log_tilt": 1, "30324c1917f7ae7f1db79bb9e01f5879-log_interaction_energy_25nN": 1, "30324c1917f7ae7f1db79bb9e01f5879-shear_25nN_extend_grompp": 1, "30324c1917f7ae7f1db79bb9e01f5879-calc_tilt_shear": 1, "30324c1917f7ae7f1db79bb9e01f5879-compress": 1, "30324c1917f7ae7f1db79bb9e01f5879-shear_15nN_rerun": 1, "30324c1917f7ae7f1db79bb9e01f5879-shear_25nN_rerun": 1, "30324c1917f7ae7f1db79bb9e01f5879-shear_5nN_extend_grompp": 1, "30324c1917f7ae7f1db79bb9e01f5879-calc_friction": 1, "30324c1917f7ae7f1db79bb9e01f5879-shear_5nN_rerun": 1, "30324c1917f7ae7f1db79bb9e01f5879-unwrap_shear_5nN": 1, "30324c1917f7ae7f1db79bb9e01f5879-unwrap_shear_15nN": 1, "30324c1917f7ae7f1db79bb9e01f5879-shear_15nN_extend_grompp": 1, "30324c1917f7ae7f1db79bb9e01f5879-shear_25nN": 1, "30324c1917f7ae7f1db79bb9e01f5879-shear_5nN_rerun_grompp": 1, "30324c1917f7ae7f1db79bb9e01f5879-log_cof": 1, "30324c1917f7ae7f1db79bb9e01f5879-log_interaction_energy_15nN": 1, "30324c1917f7ae7f1db79bb9e01f5879-get_interaction_energy_15nN": 1, "30324c1917f7ae7f1db79bb9e01f5879-calc_interdigitation": 1, "30324c1917f7ae7f1db79bb9e01f5879-shear_15nN_extend": 1, "30324c1917f7ae7f1db79bb9e01f5879-calc_roughness": 1, "30324c1917f7ae7f1db79bb9e01f5879-shear_25nN_grompp": 1, "30324c1917f7ae7f1db79bb9e01f5879-shear_15nN_grompp": 1, "30324c1917f7ae7f1db79bb9e01f5879-shear_5nN": 1, "30324c1917f7ae7f1db79bb9e01f5879-unwrap_shear_25nN": 1, "30324c1917f7ae7f1db79bb9e01f5879-log_S2": 1, "30324c1917f7ae7f1db79bb9e01f5879-shear_5nN_extend": 1}, "polar_solvation_energy": -1.05}