{"MR":12.933,"asphericity":0.447513,"balabanj":3.746418,"bertzct":76.211433,"chi0":7.707107,"chi0n":7.408248,"chi0v":1.408248,"chi1":3.707107,"chi1n":3.408248,"chi1v":0.408248,"chi2n":0.102062,"chi2v":0.102062,"chi3n":0.0,"chi3v":0.0,"chi4n":0.0,"chi4v":0.0,"e-valence":20.0,"eccentricity":0.97101,"hk-alpha":-0.04,"hk-kappa1":0.179464,"hk-kappa2":1.96,"hk-kappa3":1.96,"ipc":27.435741,"isf":0.06756,"labuteASA":28.647561,"logP":0.2626,"molwt":46.041865,"molwt-hvy":40.021,"nheavy":3.0,"npr1":0.239039,"npr2":0.884412,"pbf":0.496895,"pc+":0.387928,"pc-":-0.387928,"pmi1":13.090786,"pmi2":48.434136,"pmi3":54.764253,"rbonds":2.0,"rg":1.123441,"rpc+":0.136525,"rpc-":1.0,"spherocity":0.409594,"tpsa":9.23,"vsa+":22.300456,"vsa-":4.736863,"vsa-fhyd":0.824803,"vsa-fneg":0.175197,"vsa-fpneg":0.175197,"vsa-fpos":0.824803,"vsa-fppos":0.0,"vsa-hyd":22.300456,"vsa-polar":0.175197,"vsa-polar+":0.0,"vsa-polar-":4.736863,"hbonds":0.0}