{"shear_15nN_Etotal": [-1435.2386637130296, 64.00516648845576], "molecular_weight": 31.0338, "shear_25nN_Etotal": [-1522.5748902294167, 67.03786338282691], "surface_area": 54.24, "shear_15nN_qq": [136.73455469064749, 42.00323564195247], "enthalpy_vibrational": 133.72, "shear_5nN_qq": [128.2393667474021, 33.4077075343536], "tilt": {"5nN": 32.70247186083652, "15nN": 36.79156753675858, "25nN": 38.17670503446459}, "intercept": 1.4212287166632298, "shear_25nN_lj": [-1680.1807958920867, 48.19748425563054], "entropy_rotational": 79.18, "shear_5nN_lj": [-1356.8151016306954, 49.37308321152712], "shear_25nN_qq": [157.60590566266987, 47.15702504675491], "nonpolar_solvation_energy": 5.64, "total_solvation_energy": -5.11, "shear_15nN_lj": [-1571.973218403677, 47.24534375071681], "shear_5nN_Etotal": [-1228.5757348832933, 59.10235667959494], "interdigitation": {"5nN": 0.12005019051119721, "15nN": 0.12051553775570827, "25nN": 0.12053837551372178}, "entropy_vibrational": 7.17, "heat_capacity_vibrational": 12.98, "entropy_translational": 151.98, "status": {"c9e651ce6e8d2df0be830c20a0e0c620-unwrap_shear_5nN": 1, "c9e651ce6e8d2df0be830c20a0e0c620-equilibrate": 1, "c9e651ce6e8d2df0be830c20a0e0c620-shear_5nN_rerun": 1, "c9e651ce6e8d2df0be830c20a0e0c620-get_interaction_energy_15nN": 1, "c9e651ce6e8d2df0be830c20a0e0c620-shear_5nN": 1, "c9e651ce6e8d2df0be830c20a0e0c620-shear_5nN_extend": 1, "c9e651ce6e8d2df0be830c20a0e0c620-shear_5nN_grompp": 1, "c9e651ce6e8d2df0be830c20a0e0c620-calc_S2_shear": 1, "c9e651ce6e8d2df0be830c20a0e0c620-log_interaction_energy_5nN": 1, "c9e651ce6e8d2df0be830c20a0e0c620-log_interaction_energy_15nN": 1, "c9e651ce6e8d2df0be830c20a0e0c620-log_cof": 1, "c9e651ce6e8d2df0be830c20a0e0c620-shear_15nN_rerun_grompp": 1, "c9e651ce6e8d2df0be830c20a0e0c620-minimize_grompp": 1, "c9e651ce6e8d2df0be830c20a0e0c620-shear_25nN_extend_grompp": 1, "c9e651ce6e8d2df0be830c20a0e0c620-lammps_to_gmx": 1, "c9e651ce6e8d2df0be830c20a0e0c620-log_S2": 1, "c9e651ce6e8d2df0be830c20a0e0c620-minimize": 1, "c9e651ce6e8d2df0be830c20a0e0c620-log_tilt": 1, "c9e651ce6e8d2df0be830c20a0e0c620-shear_25nN_grompp": 1, "c9e651ce6e8d2df0be830c20a0e0c620-shear_15nN": 1, "c9e651ce6e8d2df0be830c20a0e0c620-shear_25nN": 1, "c9e651ce6e8d2df0be830c20a0e0c620-shear_15nN_extend": 1, "c9e651ce6e8d2df0be830c20a0e0c620-shear_5nN_rerun_grompp": 1, "c9e651ce6e8d2df0be830c20a0e0c620-get_interaction_energy_5nN": 1, "c9e651ce6e8d2df0be830c20a0e0c620-shear_25nN_extend": 1, "c9e651ce6e8d2df0be830c20a0e0c620-calc_friction": 1, "c9e651ce6e8d2df0be830c20a0e0c620-shear_25nN_rerun_grompp": 1, "c9e651ce6e8d2df0be830c20a0e0c620-equilibrate_grompp": 1, "c9e651ce6e8d2df0be830c20a0e0c620-shear_15nN_rerun": 1, "c9e651ce6e8d2df0be830c20a0e0c620-top_to_mol2": 1, "c9e651ce6e8d2df0be830c20a0e0c620-shear_15nN_extend_grompp": 1, "c9e651ce6e8d2df0be830c20a0e0c620-fix_overlaps": 1, "c9e651ce6e8d2df0be830c20a0e0c620-calc_roughness": 1, "c9e651ce6e8d2df0be830c20a0e0c620-unwrap_shear_15nN": 1, "c9e651ce6e8d2df0be830c20a0e0c620-shear_5nN_extend_grompp": 1, "c9e651ce6e8d2df0be830c20a0e0c620-log_interaction_energy_25nN": 1, "c9e651ce6e8d2df0be830c20a0e0c620-get_interaction_energy_25nN": 1, "c9e651ce6e8d2df0be830c20a0e0c620-calc_interdigitation": 1, "c9e651ce6e8d2df0be830c20a0e0c620-count_hydrogen_bonds": 1, "c9e651ce6e8d2df0be830c20a0e0c620-compress": 1, "c9e651ce6e8d2df0be830c20a0e0c620-shear_15nN_grompp": 1, "c9e651ce6e8d2df0be830c20a0e0c620-unwrap_shear_25nN": 1, "c9e651ce6e8d2df0be830c20a0e0c620-initialize": 1, "c9e651ce6e8d2df0be830c20a0e0c620-calc_tilt_shear": 1, "c9e651ce6e8d2df0be830c20a0e0c620-shear_25nN_rerun": 1, "c9e651ce6e8d2df0be830c20a0e0c620-compress_grompp": 1}, "S2": {"5nN": 0.9378598013562464, "15nN": 0.9263468682189004, "25nN": 0.9124009403170777}, "polar_solvation_energy": -10.78, "COF": 0.16004349143821878, "roughness": {"5nN": 0.06052262257139091, "15nN": 0.05971298273816592, "25nN": 0.05393720262859777}, "dipole_moment": 1.68}