{"enthalpy_vibrational": 133.72, "shear_5nN_Etotal": [-1228.5757348832933, 59.10235667959494], "heat_capacity_vibrational": 12.98, "entropy_vibrational": 7.17, "interdigitation": {"25nN": 0.12052660574937271, "5nN": 0.12004049185901769, "15nN": 0.12051784126753447}, "polar_solvation_energy": -10.78, "shear_15nN_qq": [136.73455469064749, 42.00323564195247], "nonpolar_solvation_energy": 5.64, "molecular_weight": 31.0338, "shear_15nN_Etotal": [-1435.2386637130296, 64.00516648845576], "roughness": {"25nN": 0.05393720262859777, "5nN": 0.06052262257139091, "15nN": 0.05971298273816592}, "tilt": {"25nN": 38.17670503446459, "5nN": 32.70247186083652, "15nN": 36.79156753675858}, "shear_15nN_lj": [-1571.973218403677, 47.24534375071681], "surface_area": 54.24, "total_solvation_energy": -5.11, "dipole_moment": 1.68, "entropy_rotational": 79.18, "shear_25nN_lj": [-1680.1807958920867, 48.19748425563054], "shear_25nN_qq": [157.60590566266987, 47.15702504675491], "ch3-smiles": "COC", "status": {"c9e651ce6e8d2df0be830c20a0e0c620-shear_25nN_extend_grompp": 1, "c9e651ce6e8d2df0be830c20a0e0c620-shear_5nN_rerun_grompp": 1, "c9e651ce6e8d2df0be830c20a0e0c620-shear_25nN": 1, "c9e651ce6e8d2df0be830c20a0e0c620-shear_15nN_extend_grompp": 1, "c9e651ce6e8d2df0be830c20a0e0c620-count_hydrogen_bonds": 1, "c9e651ce6e8d2df0be830c20a0e0c620-log_interaction_energy_25nN": 1, "c9e651ce6e8d2df0be830c20a0e0c620-calc_friction": 1, "c9e651ce6e8d2df0be830c20a0e0c620-shear_15nN_rerun": 1, "c9e651ce6e8d2df0be830c20a0e0c620-log_cof": 1, "c9e651ce6e8d2df0be830c20a0e0c620-get_interaction_energy_25nN": 1, "c9e651ce6e8d2df0be830c20a0e0c620-minimize_grompp": 1, "c9e651ce6e8d2df0be830c20a0e0c620-shear_15nN_rerun_grompp": 1, "c9e651ce6e8d2df0be830c20a0e0c620-shear_25nN_extend": 1, "c9e651ce6e8d2df0be830c20a0e0c620-log_interaction_energy_5nN": 1, "c9e651ce6e8d2df0be830c20a0e0c620-shear_15nN_grompp": 1, "c9e651ce6e8d2df0be830c20a0e0c620-shear_25nN_rerun": 1, "c9e651ce6e8d2df0be830c20a0e0c620-calc_roughness": 1, "c9e651ce6e8d2df0be830c20a0e0c620-get_interaction_energy_5nN": 1, "c9e651ce6e8d2df0be830c20a0e0c620-unwrap_shear_25nN": 1, "c9e651ce6e8d2df0be830c20a0e0c620-initialize": 1, "c9e651ce6e8d2df0be830c20a0e0c620-compress_grompp": 1, "c9e651ce6e8d2df0be830c20a0e0c620-unwrap_shear_5nN": 1, "c9e651ce6e8d2df0be830c20a0e0c620-shear_15nN": 1, "c9e651ce6e8d2df0be830c20a0e0c620-unwrap_shear_15nN": 1, "c9e651ce6e8d2df0be830c20a0e0c620-shear_5nN": 1, "c9e651ce6e8d2df0be830c20a0e0c620-log_S2": 1, "c9e651ce6e8d2df0be830c20a0e0c620-calc_S2_shear": 1, "c9e651ce6e8d2df0be830c20a0e0c620-shear_5nN_extend": 1, "c9e651ce6e8d2df0be830c20a0e0c620-shear_15nN_extend": 1, "c9e651ce6e8d2df0be830c20a0e0c620-top_to_mol2": 1, "c9e651ce6e8d2df0be830c20a0e0c620-equilibrate_grompp": 1, "c9e651ce6e8d2df0be830c20a0e0c620-shear_25nN_rerun_grompp": 1, "c9e651ce6e8d2df0be830c20a0e0c620-fix_overlaps": 1, "c9e651ce6e8d2df0be830c20a0e0c620-calc_interdigitation": 6, "c9e651ce6e8d2df0be830c20a0e0c620-shear_25nN_grompp": 1, "c9e651ce6e8d2df0be830c20a0e0c620-compress": 1, "c9e651ce6e8d2df0be830c20a0e0c620-shear_5nN_grompp": 1, "c9e651ce6e8d2df0be830c20a0e0c620-get_interaction_energy_15nN": 1, "c9e651ce6e8d2df0be830c20a0e0c620-shear_5nN_extend_grompp": 1, "c9e651ce6e8d2df0be830c20a0e0c620-calc_tilt_shear": 1, "c9e651ce6e8d2df0be830c20a0e0c620-lammps_to_gmx": 1, "c9e651ce6e8d2df0be830c20a0e0c620-log_tilt": 1, "c9e651ce6e8d2df0be830c20a0e0c620-shear_5nN_rerun": 1, "c9e651ce6e8d2df0be830c20a0e0c620-minimize": 1, "c9e651ce6e8d2df0be830c20a0e0c620-log_interaction_energy_15nN": 1, "c9e651ce6e8d2df0be830c20a0e0c620-equilibrate": 1}, "shear_25nN_Etotal": [-1522.5748902294167, 67.03786338282691], "intercept": 1.4212287166632298, "shear_5nN_qq": [128.2393667474021, 33.4077075343536], "COF": 0.16004349143821878, "chain-smiles": "CCCCCCCCCCCCCCCCCOC", "shear_5nN_lj": [-1356.8151016306954, 49.37308321152712], "h-smiles": "OC", "entropy_translational": 151.98, "S2": {"25nN": 0.9124009403170777, "5nN": 0.9378598013562464, "15nN": 0.9263468682189004}}