{"MR":8.6928,"asphericity":0.646036,"balabanj":2.847379,"bertzct":42.912609,"chi0":4.284457,"chi0n":3.316497,"chi0v":1.316497,"chi1":2.270056,"chi1n":1.316497,"chi1v":0.408248,"chi2n":0.083333,"chi2v":0.083333,"chi3n":0.0,"chi3v":0.0,"chi4n":0.0,"chi4v":0.0,"e-valence":18.0,"eccentricity":0.990672,"hk-alpha":-0.53,"hk-kappa1":0.443274,"hk-kappa2":1.47,"hk-kappa3":1.47,"ipc":9.651484,"isf":0.127263,"labuteASA":20.591618,"logP":-0.2992,"molwt":46.005479,"molwt-hvy":44.009,"nheavy":3.0,"npr1":0.13627,"npr2":0.890022,"pbf":0.188191,"pc+":0.739791,"pc-":-0.739791,"pmi1":6.993579,"pmi2":45.677288,"pmi3":51.321511,"rbonds":0.0,"rg":1.062891,"rpc+":0.400072,"rpc-":0.653518,"spherocity":0.103877,"tpsa":37.3,"vsa+":9.250231,"vsa-":9.903345,"vsa-fhyd":0.071567,"vsa-fneg":0.517049,"vsa-fpneg":0.517049,"vsa-fpos":0.482951,"vsa-fppos":0.411384,"vsa-hyd":1.370759,"vsa-polar":0.928433,"vsa-polar+":7.879472,"vsa-polar-":9.903345,"hbonds":4.0}