{"enthalpy_vibrational": 87.35, "shear_5nN_Etotal": [-3568.106215117505, 203.63988501833074], "heat_capacity_vibrational": 15.26, "entropy_vibrational": 7.1, "interdigitation": {"25nN": 0.16186204634440882, "5nN": 0.14047316837444732, "15nN": 0.16209825804285244}, "polar_solvation_energy": -36.43, "shear_15nN_qq": [-1718.6174990719423, 200.65424970082867], "nonpolar_solvation_energy": 3.72, "molecular_weight": 45.0174, "shear_15nN_Etotal": [-3739.738919509992, 204.2100959838576], "roughness": {"25nN": 0.06929243844158098, "5nN": 0.06613293785552764, "15nN": 0.06923523926549287}, "tilt": {"25nN": 36.02173485138422, "5nN": 31.129668531911925, "15nN": 34.37753924054329}, "shear_15nN_lj": [-2021.1214204380492, 67.08085739912357], "surface_area": 64.71, "total_solvation_energy": -32.72, "dipole_moment": 4.81, "entropy_rotational": 87.93, "shear_25nN_lj": [-2106.6964608952835, 64.88519438205958], "shear_25nN_qq": [-1718.1156778745003, 183.5942068380821], "ch3-smiles": "CC(=O)O", "status": {"e932e053321d54b1ff437699c2ea288e-calc_roughness": 1, "e932e053321d54b1ff437699c2ea288e-shear_25nN_extend": 1, "e932e053321d54b1ff437699c2ea288e-shear_5nN_rerun_grompp": 1, "e932e053321d54b1ff437699c2ea288e-equilibrate_grompp": 1, "e932e053321d54b1ff437699c2ea288e-calc_S2_shear": 1, "e932e053321d54b1ff437699c2ea288e-shear_5nN_rerun": 1, "e932e053321d54b1ff437699c2ea288e-shear_15nN_extend": 1, "e932e053321d54b1ff437699c2ea288e-shear_15nN_extend_grompp": 1, "e932e053321d54b1ff437699c2ea288e-count_hydrogen_bonds": 1, "e932e053321d54b1ff437699c2ea288e-shear_5nN_extend": 1, "e932e053321d54b1ff437699c2ea288e-initialize": 1, "e932e053321d54b1ff437699c2ea288e-log_cof": 1, "e932e053321d54b1ff437699c2ea288e-log_tilt": 1, "e932e053321d54b1ff437699c2ea288e-shear_25nN": 1, "e932e053321d54b1ff437699c2ea288e-get_interaction_energy_25nN": 1, "e932e053321d54b1ff437699c2ea288e-lammps_to_gmx": 1, "e932e053321d54b1ff437699c2ea288e-minimize_grompp": 1, "e932e053321d54b1ff437699c2ea288e-minimize": 1, "e932e053321d54b1ff437699c2ea288e-shear_15nN_rerun": 1, "e932e053321d54b1ff437699c2ea288e-top_to_mol2": 1, "e932e053321d54b1ff437699c2ea288e-log_interaction_energy_5nN": 1, "e932e053321d54b1ff437699c2ea288e-shear_5nN_grompp": 1, "e932e053321d54b1ff437699c2ea288e-fix_overlaps": 1, "e932e053321d54b1ff437699c2ea288e-calc_friction": 1, "e932e053321d54b1ff437699c2ea288e-shear_5nN_extend_grompp": 1, "e932e053321d54b1ff437699c2ea288e-log_S2": 1, "e932e053321d54b1ff437699c2ea288e-shear_25nN_rerun": 1, "e932e053321d54b1ff437699c2ea288e-compress": 1, "e932e053321d54b1ff437699c2ea288e-calc_tilt_shear": 1, "e932e053321d54b1ff437699c2ea288e-shear_15nN_grompp": 1, "e932e053321d54b1ff437699c2ea288e-get_interaction_energy_15nN": 1, "e932e053321d54b1ff437699c2ea288e-log_interaction_energy_15nN": 1, "e932e053321d54b1ff437699c2ea288e-unwrap_shear_15nN": 1, "e932e053321d54b1ff437699c2ea288e-unwrap_shear_5nN": 1, "e932e053321d54b1ff437699c2ea288e-compress_grompp": 1, "e932e053321d54b1ff437699c2ea288e-shear_15nN_rerun_grompp": 1, "e932e053321d54b1ff437699c2ea288e-equilibrate": 1, "e932e053321d54b1ff437699c2ea288e-get_interaction_energy_5nN": 1, "e932e053321d54b1ff437699c2ea288e-calc_interdigitation": 6, "e932e053321d54b1ff437699c2ea288e-shear_5nN": 1, "e932e053321d54b1ff437699c2ea288e-unwrap_shear_25nN": 1, "e932e053321d54b1ff437699c2ea288e-shear_25nN_rerun_grompp": 1, "e932e053321d54b1ff437699c2ea288e-shear_25nN_grompp": 1, "e932e053321d54b1ff437699c2ea288e-log_interaction_energy_25nN": 1, "e932e053321d54b1ff437699c2ea288e-shear_25nN_extend_grompp": 1, "e932e053321d54b1ff437699c2ea288e-shear_15nN": 1}, "shear_25nN_Etotal": [-3824.812138769784, 181.77867729993952], "intercept": 6.103918262352374, "shear_5nN_qq": [-1744.991813672262, 190.26634636832722], "COF": 0.1903306784996619, "chain-smiles": "CCCCCCCCCCCCCCCCCC(=O)O", "shear_5nN_lj": [-1823.1144014452439, 72.47562226505268], "h-smiles": "C(=O)O", "entropy_translational": 156.5, "S2": {"25nN": 0.8124703162944135, "5nN": 0.8214658860784081, "15nN": 0.8158893460500873}}