{"shear_15nN_Etotal": [-3009.0375789056757, 114.26340027329273], "molecular_weight": 122.1013, "shear_25nN_Etotal": [-3064.744987380496, 103.4636750581527], "surface_area": 118.23, "shear_15nN_qq": [-506.14093899920067, 64.54199317062196], "enthalpy_vibrational": 280.86, "shear_5nN_qq": [-465.9006667865707, 63.594912561148746], "tilt": {"5nN": 30.838081246563416, "15nN": 34.53930256477396, "25nN": 36.54103281831227}, "intercept": 3.083928490227983, "shear_25nN_lj": [-2566.8212879048756, 64.97021399748905], "entropy_rotational": 119.66, "shear_5nN_lj": [-2349.2298555691445, 79.41595968230901], "shear_25nN_qq": [-497.92369947561957, 65.0020064910969], "nonpolar_solvation_energy": 8.49, "total_solvation_energy": -24.48, "shear_15nN_lj": [-2502.896639906475, 72.59476836411622], "shear_5nN_Etotal": [-2815.1305223557156, 124.1096180446571], "interdigitation": {"5nN": 0.21501876323857416, "25nN": 0.19732501140751915, "15nN": 0.19810564238488537}, "entropy_vibrational": 69.31, "heat_capacity_vibrational": 83.45, "entropy_translational": 168.76, "roughness": {"5nN": 0.058381654277003286, "25nN": 0.06130110053057412, "15nN": 0.05776493399024581}, "S2": {"5nN": 0.9199081286541024, "25nN": 0.906299278190158, "15nN": 0.9146697556838171}, "dipole_moment": 6.22, "COF": 0.10681882175396017, "status": {"847888dfcb444ffa05166ef664732246-get_interaction_energy_25nN": 1, "847888dfcb444ffa05166ef664732246-log_cof": 1, "847888dfcb444ffa05166ef664732246-shear_15nN_grompp": 1, "847888dfcb444ffa05166ef664732246-log_S2": 1, "847888dfcb444ffa05166ef664732246-calc_tilt_shear": 1, "847888dfcb444ffa05166ef664732246-minimize_grompp": 1, "847888dfcb444ffa05166ef664732246-log_interaction_energy_15nN": 1, "847888dfcb444ffa05166ef664732246-calc_friction": 1, "847888dfcb444ffa05166ef664732246-fix_overlaps": 1, "847888dfcb444ffa05166ef664732246-get_interaction_energy_5nN": 1, "847888dfcb444ffa05166ef664732246-count_hydrogen_bonds": 1, "847888dfcb444ffa05166ef664732246-shear_25nN_grompp": 1, "847888dfcb444ffa05166ef664732246-shear_5nN": 1, "847888dfcb444ffa05166ef664732246-calc_interdigitation": 1, "847888dfcb444ffa05166ef664732246-shear_25nN_rerun_grompp": 1, "847888dfcb444ffa05166ef664732246-minimize": 1, "847888dfcb444ffa05166ef664732246-shear_15nN_rerun_grompp": 1, "847888dfcb444ffa05166ef664732246-unwrap_shear_5nN": 1, "847888dfcb444ffa05166ef664732246-shear_15nN_rerun": 1, "847888dfcb444ffa05166ef664732246-shear_25nN_extend_grompp": 1, "847888dfcb444ffa05166ef664732246-equilibrate_grompp": 1, "847888dfcb444ffa05166ef664732246-compress_grompp": 1, "847888dfcb444ffa05166ef664732246-log_tilt": 1, "847888dfcb444ffa05166ef664732246-calc_S2_shear": 1, "847888dfcb444ffa05166ef664732246-shear_5nN_extend_grompp": 1, "847888dfcb444ffa05166ef664732246-shear_15nN_extend": 1, "847888dfcb444ffa05166ef664732246-compress": 1, "847888dfcb444ffa05166ef664732246-shear_15nN": 1, "847888dfcb444ffa05166ef664732246-shear_25nN_rerun": 1, "847888dfcb444ffa05166ef664732246-shear_5nN_extend": 1, "847888dfcb444ffa05166ef664732246-shear_25nN_extend": 1, "847888dfcb444ffa05166ef664732246-unwrap_shear_25nN": 1, "847888dfcb444ffa05166ef664732246-calc_roughness": 1, "847888dfcb444ffa05166ef664732246-shear_5nN_rerun": 1, "847888dfcb444ffa05166ef664732246-log_interaction_energy_25nN": 1, "847888dfcb444ffa05166ef664732246-unwrap_shear_15nN": 1, "847888dfcb444ffa05166ef664732246-lammps_to_gmx": 1, "847888dfcb444ffa05166ef664732246-equilibrate": 1, "847888dfcb444ffa05166ef664732246-shear_15nN_extend_grompp": 1, "847888dfcb444ffa05166ef664732246-get_interaction_energy_15nN": 1, "847888dfcb444ffa05166ef664732246-top_to_mol2": 1, "847888dfcb444ffa05166ef664732246-shear_5nN_rerun_grompp": 1, "847888dfcb444ffa05166ef664732246-shear_25nN": 1, "847888dfcb444ffa05166ef664732246-log_interaction_energy_5nN": 1, "847888dfcb444ffa05166ef664732246-initialize": 1, "847888dfcb444ffa05166ef664732246-shear_5nN_grompp": 1}, "polar_solvation_energy": -32.99}