{"enthalpy_vibrational": 57.43, "shear_5nN_Etotal": [-1908.2470415219825, 192.2626128045362], "heat_capacity_vibrational": 0.13, "entropy_vibrational": 0.02, "interdigitation": {"25nN": 0.15164336199219783, "5nN": 0.124652483372844, "15nN": 0.14353681071281787}, "polar_solvation_energy": -15.61, "shear_15nN_qq": [-651.9838345403678, 196.20744983241553], "nonpolar_solvation_energy": 2.8, "molecular_weight": 17.0073, "shear_15nN_Etotal": [-1833.2302350263788, 191.44035314019936], "roughness": {"25nN": 0.06834749947553805, "5nN": 0.07166212523494607, "15nN": 0.07244300077426878}, "tilt": {"25nN": 35.65444564118528, "5nN": 31.094124373603336, "15nN": 34.47778786186402}, "shear_15nN_lj": [-1181.2464004860112, 59.76953381638768], "surface_area": 42.49, "total_solvation_energy": -12.83, "dipole_moment": 1.88, "entropy_rotational": 49.19, "shear_25nN_lj": [-1269.1942003852919, 59.536908438279575], "shear_5nN_lj": [-1005.6746906099121, 60.1340294329251], "status": {"7c0bd5005f1dd684832af7a1df64d0de-unwrap_shear_15nN": 1, "7c0bd5005f1dd684832af7a1df64d0de-shear_15nN_rerun_grompp": 1, "7c0bd5005f1dd684832af7a1df64d0de-calc_friction": 1, "7c0bd5005f1dd684832af7a1df64d0de-log_interaction_energy_25nN": 1, "7c0bd5005f1dd684832af7a1df64d0de-equilibrate_grompp": 1, "7c0bd5005f1dd684832af7a1df64d0de-calc_tilt_shear": 1, "7c0bd5005f1dd684832af7a1df64d0de-shear_5nN_extend_grompp": 1, "7c0bd5005f1dd684832af7a1df64d0de-shear_25nN_extend": 1, "7c0bd5005f1dd684832af7a1df64d0de-shear_5nN_rerun_grompp": 1, "7c0bd5005f1dd684832af7a1df64d0de-calc_interdigitation": 6, "7c0bd5005f1dd684832af7a1df64d0de-unwrap_shear_5nN": 1, "7c0bd5005f1dd684832af7a1df64d0de-equilibrate": 1, "7c0bd5005f1dd684832af7a1df64d0de-shear_5nN_rerun": 1, "7c0bd5005f1dd684832af7a1df64d0de-fix_overlaps": 1, "7c0bd5005f1dd684832af7a1df64d0de-shear_15nN_grompp": 1, "7c0bd5005f1dd684832af7a1df64d0de-log_interaction_energy_5nN": 1, "7c0bd5005f1dd684832af7a1df64d0de-shear_15nN_rerun": 1, "7c0bd5005f1dd684832af7a1df64d0de-shear_5nN_extend": 1, "7c0bd5005f1dd684832af7a1df64d0de-count_hydrogen_bonds": 1, "7c0bd5005f1dd684832af7a1df64d0de-shear_5nN": 1, "7c0bd5005f1dd684832af7a1df64d0de-shear_15nN": 1, "7c0bd5005f1dd684832af7a1df64d0de-log_interaction_energy_15nN": 1, "7c0bd5005f1dd684832af7a1df64d0de-log_cof": 1, "7c0bd5005f1dd684832af7a1df64d0de-shear_15nN_extend": 1, "7c0bd5005f1dd684832af7a1df64d0de-shear_25nN_grompp": 1, "7c0bd5005f1dd684832af7a1df64d0de-lammps_to_gmx": 1, "7c0bd5005f1dd684832af7a1df64d0de-get_interaction_energy_15nN": 1, "7c0bd5005f1dd684832af7a1df64d0de-log_S2": 1, "7c0bd5005f1dd684832af7a1df64d0de-shear_25nN_rerun_grompp": 1, "7c0bd5005f1dd684832af7a1df64d0de-minimize": 1, "7c0bd5005f1dd684832af7a1df64d0de-initialize": 1, "7c0bd5005f1dd684832af7a1df64d0de-shear_25nN_extend_grompp": 1, "7c0bd5005f1dd684832af7a1df64d0de-compress_grompp": 1, "7c0bd5005f1dd684832af7a1df64d0de-unwrap_shear_25nN": 1, "7c0bd5005f1dd684832af7a1df64d0de-shear_25nN_rerun": 1, "7c0bd5005f1dd684832af7a1df64d0de-calc_roughness": 1, "7c0bd5005f1dd684832af7a1df64d0de-log_tilt": 1, "7c0bd5005f1dd684832af7a1df64d0de-shear_25nN": 1, "7c0bd5005f1dd684832af7a1df64d0de-get_interaction_energy_25nN": 1, "7c0bd5005f1dd684832af7a1df64d0de-shear_15nN_extend_grompp": 1, "7c0bd5005f1dd684832af7a1df64d0de-top_to_mol2": 1, "7c0bd5005f1dd684832af7a1df64d0de-get_interaction_energy_5nN": 1, "7c0bd5005f1dd684832af7a1df64d0de-minimize_grompp": 1, "7c0bd5005f1dd684832af7a1df64d0de-calc_S2_shear": 1, "7c0bd5005f1dd684832af7a1df64d0de-shear_5nN_grompp": 1, "7c0bd5005f1dd684832af7a1df64d0de-compress": 1}, "shear_25nN_Etotal": [-1747.5047278529175, 202.10077369331418], "shear_25nN_qq": [-478.31052746762595, 209.65595947247962], "ch3-smiles": "CO", "intercept": 3.953462751085965, "shear_5nN_qq": [-902.5723509120704, 191.5322241727529], "COF": 0.2187323067844784, "chain-smiles": "CCCCCCCCCCCCCCCCCO", "h-smiles": "O", "entropy_translational": 144.8, "S2": {"25nN": 0.6181434394583438, "5nN": 0.6316862707612189, "15nN": 0.6163011519829761}}