{"shear_25nN_qq": [-115.83670929976017, 55.93867437160317], "shear_25nN_lj": [-1171.2497838617107, 44.26249957088715], "enthalpy_vibrational": 66.5, "surface_area": 60.34, "shear_5nN_qq": [-583.2167893309352, 44.559546743727076], "COF": 0.18847677089908385, "nonpolar_solvation_energy": 23.24, "shear_5nN_Etotal": [-1438.2748040575539, 62.08047873709749], "status": {"709cbe6c32fe640fac00b30023ee6748-shear_25nN": 1, "709cbe6c32fe640fac00b30023ee6748-log_S2": 1, "709cbe6c32fe640fac00b30023ee6748-shear_25nN_extend": 1, "709cbe6c32fe640fac00b30023ee6748-shear_15nN_grompp": 1, "709cbe6c32fe640fac00b30023ee6748-unwrap_shear_25nN": 1, "709cbe6c32fe640fac00b30023ee6748-compress": 1, "709cbe6c32fe640fac00b30023ee6748-shear_25nN_rerun": 1, "709cbe6c32fe640fac00b30023ee6748-shear_15nN": 1, "709cbe6c32fe640fac00b30023ee6748-unwrap_shear_5nN": 1, "709cbe6c32fe640fac00b30023ee6748-initialize": 1, "709cbe6c32fe640fac00b30023ee6748-shear_5nN_rerun_grompp": 1, "709cbe6c32fe640fac00b30023ee6748-equilibrate": 1, "709cbe6c32fe640fac00b30023ee6748-shear_25nN_extend_grompp": 1, "709cbe6c32fe640fac00b30023ee6748-calc_roughness": 1, "709cbe6c32fe640fac00b30023ee6748-shear_15nN_extend_grompp": 1, "709cbe6c32fe640fac00b30023ee6748-shear_15nN_rerun_grompp": 1, "709cbe6c32fe640fac00b30023ee6748-calc_tilt_shear": 1, "709cbe6c32fe640fac00b30023ee6748-shear_15nN_extend": 1, "709cbe6c32fe640fac00b30023ee6748-shear_15nN_rerun": 1, "709cbe6c32fe640fac00b30023ee6748-shear_5nN_extend": 1, "709cbe6c32fe640fac00b30023ee6748-calc_friction": 1, "709cbe6c32fe640fac00b30023ee6748-log_interaction_energy_25nN": 1, "709cbe6c32fe640fac00b30023ee6748-equilibrate_grompp": 1, "709cbe6c32fe640fac00b30023ee6748-get_interaction_energy_5nN": 1, "709cbe6c32fe640fac00b30023ee6748-unwrap_shear_15nN": 1, "709cbe6c32fe640fac00b30023ee6748-shear_5nN_extend_grompp": 1, "709cbe6c32fe640fac00b30023ee6748-shear_5nN_grompp": 1, "709cbe6c32fe640fac00b30023ee6748-shear_5nN": 1, "709cbe6c32fe640fac00b30023ee6748-lammps_to_gmx": 1, "709cbe6c32fe640fac00b30023ee6748-minimize_grompp": 1, "709cbe6c32fe640fac00b30023ee6748-get_interaction_energy_15nN": 1, "709cbe6c32fe640fac00b30023ee6748-count_hydrogen_bonds": 1, "709cbe6c32fe640fac00b30023ee6748-shear_25nN_rerun_grompp": 1, "709cbe6c32fe640fac00b30023ee6748-minimize": 1, "709cbe6c32fe640fac00b30023ee6748-compress_grompp": 1, "709cbe6c32fe640fac00b30023ee6748-log_tilt": 1, "709cbe6c32fe640fac00b30023ee6748-calc_interdigitation": 1, "709cbe6c32fe640fac00b30023ee6748-get_interaction_energy_25nN": 1, "709cbe6c32fe640fac00b30023ee6748-shear_25nN_grompp": 1, "709cbe6c32fe640fac00b30023ee6748-log_interaction_energy_15nN": 1, "709cbe6c32fe640fac00b30023ee6748-shear_5nN_rerun": 1, "709cbe6c32fe640fac00b30023ee6748-log_interaction_energy_5nN": 1, "709cbe6c32fe640fac00b30023ee6748-fix_overlaps": 1, "709cbe6c32fe640fac00b30023ee6748-top_to_mol2": 1, "709cbe6c32fe640fac00b30023ee6748-log_cof": 1, "709cbe6c32fe640fac00b30023ee6748-calc_S2_shear": 1}, "shear_15nN_qq": [-330.92614945403676, 48.09034891948844], "interdigitation": {"15nN": 0.1626600774294061, "5nN": 0.15026254176679477, "25nN": 0.16487412545420863}, "total_solvation_energy": 10.13, "entropy_vibrational": 8.9, "roughness": {"15nN": 0.06504927617848971, "5nN": 0.06904655564534838, "25nN": 0.06415250324778032}, "S2": {"15nN": 0.6504250450627295, "5nN": 0.6665878276581169, "25nN": 0.6462250255142321}, "entropy_rotational": 99.44, "polar_solvation_energy": -13.1, "shear_5nN_lj": [-855.0580147266188, 42.69590679027698], "entropy_translational": 161.73, "tilt": {"15nN": 30.13232776088276, "5nN": 26.71176000702641, "25nN": 32.0657056535995}, "dipole_moment": 2.09, "heat_capacity_vibrational": 19.38, "shear_25nN_Etotal": [-1287.0864931614708, 66.72029264028384], "intercept": 0.8871559047392825, "shear_15nN_lj": [-1084.0898609224619, 42.67120825414623], "molecular_weight": 69.0059, "shear_15nN_Etotal": [-1415.0160103764988, 59.57003935307917]}