{"enthalpy_vibrational": 43.98, "shear_5nN_Etotal": [-2831.182722203837, 180.40833078578186], "heat_capacity_vibrational": 4.71, "entropy_vibrational": 1.39, "interdigitation": {"25nN": 0.12885262043813253, "5nN": 0.1485980453983774, "15nN": 0.11271644527177466}, "polar_solvation_energy": -17.95, "shear_15nN_qq": [-1380.1339862605917, 150.62635520676602], "nonpolar_solvation_energy": 9.82, "molecular_weight": 26.0174, "shear_15nN_Etotal": [-2825.4356971422862, 164.56423762163865], "roughness": {"25nN": 0.055385087937961035, "5nN": 0.05850380163004139, "15nN": 0.05378259572226963}, "tilt": {"25nN": 38.98572003507516, "5nN": 34.983121051880424, "15nN": 38.07033171231806}, "shear_15nN_lj": [-1445.3017108816944, 44.485970534555726], "surface_area": 55.12, "total_solvation_energy": -8.13, "dipole_moment": 3.41, "entropy_rotational": 49.42, "shear_25nN_lj": [-1513.714060191047, 43.95498105265059], "shear_25nN_qq": [-1412.7987085867305, 140.0499276216188], "ch3-smiles": "CC#N", "status": {"6d7756b6a7b7e220d7196d67e53331ed-shear_5nN": 1, "6d7756b6a7b7e220d7196d67e53331ed-shear_15nN_extend_grompp": 1, "6d7756b6a7b7e220d7196d67e53331ed-shear_15nN_grompp": 1, "6d7756b6a7b7e220d7196d67e53331ed-shear_5nN_extend_grompp": 1, "6d7756b6a7b7e220d7196d67e53331ed-shear_5nN_grompp": 1, "6d7756b6a7b7e220d7196d67e53331ed-log_interaction_energy_5nN": 1, "6d7756b6a7b7e220d7196d67e53331ed-unwrap_shear_25nN": 1, "6d7756b6a7b7e220d7196d67e53331ed-shear_25nN_rerun_grompp": 1, "6d7756b6a7b7e220d7196d67e53331ed-unwrap_shear_15nN": 1, "6d7756b6a7b7e220d7196d67e53331ed-shear_25nN_extend": 1, "6d7756b6a7b7e220d7196d67e53331ed-shear_15nN_rerun_grompp": 1, "6d7756b6a7b7e220d7196d67e53331ed-shear_25nN_rerun": 1, "6d7756b6a7b7e220d7196d67e53331ed-fix_overlaps": 1, "6d7756b6a7b7e220d7196d67e53331ed-log_cof": 1, "6d7756b6a7b7e220d7196d67e53331ed-compress": 1, "6d7756b6a7b7e220d7196d67e53331ed-calc_tilt_shear": 1, "6d7756b6a7b7e220d7196d67e53331ed-shear_15nN_rerun": 1, "6d7756b6a7b7e220d7196d67e53331ed-get_interaction_energy_5nN": 1, "6d7756b6a7b7e220d7196d67e53331ed-log_S2": 1, "6d7756b6a7b7e220d7196d67e53331ed-calc_friction": 1, "6d7756b6a7b7e220d7196d67e53331ed-log_tilt": 1, "6d7756b6a7b7e220d7196d67e53331ed-shear_5nN_extend": 1, "6d7756b6a7b7e220d7196d67e53331ed-log_interaction_energy_25nN": 1, "6d7756b6a7b7e220d7196d67e53331ed-calc_S2_shear": 1, "6d7756b6a7b7e220d7196d67e53331ed-calc_interdigitation": 7, "6d7756b6a7b7e220d7196d67e53331ed-compress_grompp": 1, "6d7756b6a7b7e220d7196d67e53331ed-shear_25nN_extend_grompp": 1, "6d7756b6a7b7e220d7196d67e53331ed-equilibrate_grompp": 1, "6d7756b6a7b7e220d7196d67e53331ed-shear_15nN_extend": 1, "6d7756b6a7b7e220d7196d67e53331ed-calc_roughness": 1, "6d7756b6a7b7e220d7196d67e53331ed-get_interaction_energy_25nN": 1, "6d7756b6a7b7e220d7196d67e53331ed-count_hydrogen_bonds": 1, "6d7756b6a7b7e220d7196d67e53331ed-shear_5nN_rerun": 1, "6d7756b6a7b7e220d7196d67e53331ed-minimize": 1, "6d7756b6a7b7e220d7196d67e53331ed-lammps_to_gmx": 1, "6d7756b6a7b7e220d7196d67e53331ed-shear_25nN_grompp": 1, "6d7756b6a7b7e220d7196d67e53331ed-shear_15nN": 1, "6d7756b6a7b7e220d7196d67e53331ed-equilibrate": 1, "6d7756b6a7b7e220d7196d67e53331ed-get_interaction_energy_15nN": 1, "6d7756b6a7b7e220d7196d67e53331ed-shear_5nN_rerun_grompp": 1, "6d7756b6a7b7e220d7196d67e53331ed-shear_25nN": 1, "6d7756b6a7b7e220d7196d67e53331ed-top_to_mol2": 1, "6d7756b6a7b7e220d7196d67e53331ed-minimize_grompp": 1, "6d7756b6a7b7e220d7196d67e53331ed-log_interaction_energy_15nN": 1, "6d7756b6a7b7e220d7196d67e53331ed-unwrap_shear_5nN": 1, "6d7756b6a7b7e220d7196d67e53331ed-initialize": 1}, "shear_25nN_Etotal": [-2926.5127687777776, 148.1290542801751], "intercept": 2.4238477862592784, "shear_5nN_qq": [-1496.8232132422063, 156.13945069242476], "COF": 0.09793010205789998, "chain-smiles": "CCCCCCCCCCCCCCCCCC#N", "shear_5nN_lj": [-1334.3595089616308, 48.3473506230526], "h-smiles": "C#N", "entropy_translational": 149.86, "S2": {"25nN": 0.9374152108519244, "5nN": 0.9427944968983257, "15nN": 0.9457067099091852}}