{"enthalpy_vibrational": 66.5, "shear_5nN_Etotal": [-976.1835711670665, 51.51135047377232], "heat_capacity_vibrational": 19.38, "entropy_vibrational": 8.9, "interdigitation": {"25nN": 0.17919206202467522, "5nN": 0.17982350270004083, "15nN": 0.15251575081513016}, "polar_solvation_energy": -13.1, "shear_15nN_qq": [-67.74626155075939, 10.825226264063927], "nonpolar_solvation_energy": 23.24, "molecular_weight": 69.0059, "shear_15nN_Etotal": [-1224.826516768985, 46.14414453717605], "roughness": {"25nN": 0.06606255575719362, "5nN": 0.07720266528241856, "15nN": 0.05724434034487054}, "tilt": {"25nN": 39.35786287316777, "5nN": 34.43223182168627, "15nN": 37.510567458810186}, "shear_15nN_lj": [-1157.0802552182254, 42.39018982620588], "surface_area": 60.34, "total_solvation_energy": 10.13, "dipole_moment": 2.09, "entropy_rotational": 99.44, "shear_25nN_lj": [-1239.5073057697844, 48.385142090406326], "shear_5nN_lj": [-950.2748073988809, 46.428214164810804], "status": {"d633dcefe2b7251a6182fe50b9f60b71-shear_15nN_extend": 1, "d633dcefe2b7251a6182fe50b9f60b71-log_interaction_energy_25nN": 1, "d633dcefe2b7251a6182fe50b9f60b71-count_hydrogen_bonds": 1, "d633dcefe2b7251a6182fe50b9f60b71-shear_5nN_rerun": 1, "d633dcefe2b7251a6182fe50b9f60b71-shear_15nN_extend_grompp": 1, "d633dcefe2b7251a6182fe50b9f60b71-shear_5nN_extend": 1, "d633dcefe2b7251a6182fe50b9f60b71-shear_25nN_rerun": 1, "d633dcefe2b7251a6182fe50b9f60b71-calc_interdigitation": 6, "d633dcefe2b7251a6182fe50b9f60b71-top_to_mol2": 1, "d633dcefe2b7251a6182fe50b9f60b71-compress": 1, "d633dcefe2b7251a6182fe50b9f60b71-log_tilt": 1, "d633dcefe2b7251a6182fe50b9f60b71-shear_5nN": 1, "d633dcefe2b7251a6182fe50b9f60b71-get_interaction_energy_5nN": 1, "d633dcefe2b7251a6182fe50b9f60b71-shear_5nN_rerun_grompp": 1, "d633dcefe2b7251a6182fe50b9f60b71-shear_25nN": 1, "d633dcefe2b7251a6182fe50b9f60b71-shear_25nN_extend_grompp": 1, "d633dcefe2b7251a6182fe50b9f60b71-log_S2": 1, "d633dcefe2b7251a6182fe50b9f60b71-shear_5nN_grompp": 1, "d633dcefe2b7251a6182fe50b9f60b71-get_interaction_energy_15nN": 1, "d633dcefe2b7251a6182fe50b9f60b71-shear_25nN_extend": 1, "d633dcefe2b7251a6182fe50b9f60b71-equilibrate": 1, "d633dcefe2b7251a6182fe50b9f60b71-get_interaction_energy_25nN": 1, "d633dcefe2b7251a6182fe50b9f60b71-log_interaction_energy_5nN": 1, "d633dcefe2b7251a6182fe50b9f60b71-minimize_grompp": 1, "d633dcefe2b7251a6182fe50b9f60b71-shear_25nN_rerun_grompp": 1, "d633dcefe2b7251a6182fe50b9f60b71-shear_5nN_extend_grompp": 1, "d633dcefe2b7251a6182fe50b9f60b71-lammps_to_gmx": 1, "d633dcefe2b7251a6182fe50b9f60b71-shear_25nN_grompp": 1, "d633dcefe2b7251a6182fe50b9f60b71-shear_15nN_grompp": 1, "d633dcefe2b7251a6182fe50b9f60b71-log_interaction_energy_15nN": 1, "d633dcefe2b7251a6182fe50b9f60b71-log_cof": 1, "d633dcefe2b7251a6182fe50b9f60b71-minimize": 1, "d633dcefe2b7251a6182fe50b9f60b71-shear_15nN": 1, "d633dcefe2b7251a6182fe50b9f60b71-calc_roughness": 1, "d633dcefe2b7251a6182fe50b9f60b71-equilibrate_grompp": 1, "d633dcefe2b7251a6182fe50b9f60b71-unwrap_shear_5nN": 1, "d633dcefe2b7251a6182fe50b9f60b71-shear_15nN_rerun_grompp": 1, "d633dcefe2b7251a6182fe50b9f60b71-initialize": 1, "d633dcefe2b7251a6182fe50b9f60b71-calc_tilt_shear": 1, "d633dcefe2b7251a6182fe50b9f60b71-calc_S2_shear": 1, "d633dcefe2b7251a6182fe50b9f60b71-calc_friction": 1, "d633dcefe2b7251a6182fe50b9f60b71-shear_15nN_rerun": 1, "d633dcefe2b7251a6182fe50b9f60b71-fix_overlaps": 1, "d633dcefe2b7251a6182fe50b9f60b71-compress_grompp": 1, "d633dcefe2b7251a6182fe50b9f60b71-unwrap_shear_25nN": 1, "d633dcefe2b7251a6182fe50b9f60b71-unwrap_shear_15nN": 1}, "shear_25nN_Etotal": [-1342.3246656890487, 51.357099794040316], "shear_25nN_qq": [-102.8173599192646, 12.68296173671604], "ch3-smiles": "CC(F)(F)F", "intercept": 0.6083372311008084, "shear_5nN_qq": [-25.90876376818545, 9.604885896504099], "COF": 0.17528844627601403, "chain-smiles": "CCCCCCCCCCCCCCCCCC(F)(F)F", "h-smiles": "C(F)(F)F", "entropy_translational": 161.73, "S2": {"25nN": 0.9289956689756755, "5nN": 0.9355345489968441, "15nN": 0.936390112457385}}