{"enthalpy_vibrational": 273.28, "shear_5nN_Etotal": [-891.7239321950439, 52.28728559486624], "heat_capacity_vibrational": 37.37, "entropy_vibrational": 26.04, "interdigitation": {"25nN": 0.09437906179792763, "5nN": 0.08919440113213802, "15nN": 0.10110526528475051}, "polar_solvation_energy": -0.4, "shear_15nN_qq": [357.94290191926456, 11.779354808076656], "nonpolar_solvation_energy": 11.79, "molecular_weight": 43.0874, "shear_15nN_Etotal": [-1063.4894156123103, 46.507769355768446], "roughness": {"25nN": 0.04878601712091815, "5nN": 0.055992602940420994, "15nN": 0.05130939101260795}, "tilt": {"25nN": 31.01582718527428, "5nN": 23.371073080953604, "15nN": 29.031442103303622}, "shear_15nN_lj": [-1421.4323175315749, 48.55488363685012], "surface_area": 70.99, "total_solvation_energy": 11.37, "dipole_moment": 0.01, "entropy_rotational": 94.72, "shear_25nN_lj": [-1536.3147205003995, 46.83212755412582], "shear_5nN_lj": [-1188.000697426059, 55.68052185773193], "status": {"42c8e55be3b7680e4fda84cee4580751-compress_grompp": 1, "42c8e55be3b7680e4fda84cee4580751-lammps_to_gmx": 1, "42c8e55be3b7680e4fda84cee4580751-unwrap_shear_5nN": 1, "42c8e55be3b7680e4fda84cee4580751-shear_15nN_grompp": 1, "42c8e55be3b7680e4fda84cee4580751-get_interaction_energy_25nN": 1, "42c8e55be3b7680e4fda84cee4580751-minimize": 1, "42c8e55be3b7680e4fda84cee4580751-shear_5nN_extend_grompp": 1, "42c8e55be3b7680e4fda84cee4580751-shear_15nN_rerun_grompp": 1, "42c8e55be3b7680e4fda84cee4580751-top_to_mol2": 1, "42c8e55be3b7680e4fda84cee4580751-shear_25nN_extend": 1, "42c8e55be3b7680e4fda84cee4580751-calc_friction": 1, "42c8e55be3b7680e4fda84cee4580751-fix_overlaps": 1, "42c8e55be3b7680e4fda84cee4580751-get_interaction_energy_15nN": 1, "42c8e55be3b7680e4fda84cee4580751-calc_tilt_shear": 1, "42c8e55be3b7680e4fda84cee4580751-equilibrate": 1, "42c8e55be3b7680e4fda84cee4580751-minimize_grompp": 1, "42c8e55be3b7680e4fda84cee4580751-shear_5nN_rerun": 1, "42c8e55be3b7680e4fda84cee4580751-log_interaction_energy_25nN": 1, "42c8e55be3b7680e4fda84cee4580751-shear_15nN_rerun": 1, "42c8e55be3b7680e4fda84cee4580751-log_cof": 1, "42c8e55be3b7680e4fda84cee4580751-unwrap_shear_15nN": 1, "42c8e55be3b7680e4fda84cee4580751-shear_5nN": 1, "42c8e55be3b7680e4fda84cee4580751-shear_25nN_grompp": 1, "42c8e55be3b7680e4fda84cee4580751-count_hydrogen_bonds": 1, "42c8e55be3b7680e4fda84cee4580751-equilibrate_grompp": 1, "42c8e55be3b7680e4fda84cee4580751-get_interaction_energy_5nN": 1, "42c8e55be3b7680e4fda84cee4580751-shear_25nN_rerun_grompp": 1, "42c8e55be3b7680e4fda84cee4580751-log_interaction_energy_15nN": 1, "42c8e55be3b7680e4fda84cee4580751-shear_25nN": 1, "42c8e55be3b7680e4fda84cee4580751-shear_5nN_extend": 1, "42c8e55be3b7680e4fda84cee4580751-shear_25nN_extend_grompp": 1, "42c8e55be3b7680e4fda84cee4580751-unwrap_shear_25nN": 1, "42c8e55be3b7680e4fda84cee4580751-calc_interdigitation": 1, "42c8e55be3b7680e4fda84cee4580751-initialize": 1, "42c8e55be3b7680e4fda84cee4580751-shear_15nN_extend": 1, "42c8e55be3b7680e4fda84cee4580751-shear_5nN_rerun_grompp": 1, "42c8e55be3b7680e4fda84cee4580751-shear_5nN_grompp": 1, "42c8e55be3b7680e4fda84cee4580751-shear_15nN_extend_grompp": 1, "42c8e55be3b7680e4fda84cee4580751-calc_roughness": 1, "42c8e55be3b7680e4fda84cee4580751-log_tilt": 1, "42c8e55be3b7680e4fda84cee4580751-shear_25nN_rerun": 1, "42c8e55be3b7680e4fda84cee4580751-shear_15nN": 1, "42c8e55be3b7680e4fda84cee4580751-calc_S2_shear": 1, "42c8e55be3b7680e4fda84cee4580751-log_S2": 1, "42c8e55be3b7680e4fda84cee4580751-compress": 1, "42c8e55be3b7680e4fda84cee4580751-log_interaction_energy_5nN": 1}, "shear_25nN_Etotal": [-1141.1559836043166, 46.15452644197236], "shear_25nN_qq": [395.1587368960831, 13.182480293264758], "ch3-smiles": "CC(C)C", "intercept": 0.5033570531683127, "shear_5nN_qq": [296.2767652310152, 10.736348526525067], "COF": 0.1649492339056665, "chain-smiles": "CCCCCCCCCCCCCCCCCC(C)C", "h-smiles": "C(C)C", "entropy_translational": 155.96, "S2": {"25nN": 0.7904193195098876, "5nN": 0.8028417269977407, "15nN": 0.7889181178256547}}