{"MR":33.0964,"asphericity":0.467772,"balabanj":3.682463,"bertzct":390.16827,"chi0":11.041452,"chi0n":9.26371,"chi0v":4.26371,"chi1":6.374785,"chi1n":4.588755,"chi1v":2.088755,"chi2n":1.230717,"chi2v":1.230717,"chi3n":0.669378,"chi3v":0.669378,"chi4n":0.334689,"chi4v":0.334689,"e-valence":46.0,"eccentricity":0.973055,"hk-alpha":-1.38,"hk-kappa1":2.096777,"hk-kappa2":2.259334,"hk-kappa3":1.252832,"ipc":971.550388,"isf":0.006233,"labuteASA":59.109231,"logP":1.5948,"molwt":123.032028,"molwt-hvy":118.071,"nheavy":9.0,"npr1":0.230573,"npr2":0.769427,"pbf":0.000007,"pc+":0.689261,"pc-":-0.689261,"pmi1":123.436843,"pmi2":411.911042,"pmi3":535.347885,"rbonds":1.0,"rg":2.085305,"rpc+":0.390159,"rpc-":0.374763,"spherocity":0.0,"tpsa":43.14,"vsa+":29.549327,"vsa-":28.241574,"vsa-fhyd":0.726571,"vsa-fneg":0.488685,"vsa-fpneg":0.175016,"vsa-fpos":0.511315,"vsa-fppos":0.098413,"vsa-hyd":41.989197,"vsa-polar":0.273429,"vsa-polar+":5.687386,"vsa-polar-":10.114318,"hbonds":0.0}