{"roughness": {"15nN": 0.06767589660526185, "5nN": 0.06774969357361418, "25nN": 0.0653976652602558}, "entropy_vibrational": 69.31, "molecular_weight": 122.1013, "S2": {"15nN": 0.7816907566526703, "5nN": 0.7700328876624252, "25nN": 0.7925880424066903}, "surface_area": 118.23, "enthalpy_vibrational": 280.86, "heat_capacity_vibrational": 83.45, "shear_25nN_qq": [-2455.5428210167865, 113.94470224622356], "COF": 0.1420881205655764, "shear_25nN_lj": [-2561.0772300087933, 74.11855613055745], "dipole_moment": 6.22, "tilt": {"15nN": 31.355190013214223, "5nN": 28.393940038861327, "25nN": 33.73394271628703}, "interdigitation": {"15nN": 0.228480693149559, "5nN": 0.2368729083298684, "25nN": 0.2122148908198065}, "shear_15nN_Etotal": [-5027.0148742517995, 171.6369210344336], "shear_25nN_Etotal": [-5016.620051025579, 163.48253413412297], "entropy_rotational": 119.66, "status": {"1722a6a8996893bc2885b1e042e251be-unwrap_shear_25nN": 1, "1722a6a8996893bc2885b1e042e251be-calc_interdigitation": 6, "1722a6a8996893bc2885b1e042e251be-shear_15nN_grompp": 1, "1722a6a8996893bc2885b1e042e251be-log_tilt": 1, "1722a6a8996893bc2885b1e042e251be-minimize": 1, "1722a6a8996893bc2885b1e042e251be-equilibrate": 1, "1722a6a8996893bc2885b1e042e251be-initialize": 1, "1722a6a8996893bc2885b1e042e251be-shear_25nN_extend_grompp": 1, "1722a6a8996893bc2885b1e042e251be-fix_overlaps": 1, "1722a6a8996893bc2885b1e042e251be-log_S2": 1, "1722a6a8996893bc2885b1e042e251be-shear_25nN_rerun_grompp": 1, "1722a6a8996893bc2885b1e042e251be-unwrap_shear_15nN": 1, "1722a6a8996893bc2885b1e042e251be-compress_grompp": 1, "1722a6a8996893bc2885b1e042e251be-shear_25nN_extend": 1, "1722a6a8996893bc2885b1e042e251be-get_interaction_energy_15nN": 1, "1722a6a8996893bc2885b1e042e251be-minimize_grompp": 1, "1722a6a8996893bc2885b1e042e251be-shear_5nN_grompp": 1, "1722a6a8996893bc2885b1e042e251be-log_interaction_energy_5nN": 1, "1722a6a8996893bc2885b1e042e251be-log_interaction_energy_15nN": 1, "1722a6a8996893bc2885b1e042e251be-shear_15nN_extend_grompp": 1, "1722a6a8996893bc2885b1e042e251be-shear_15nN": 1, "1722a6a8996893bc2885b1e042e251be-calc_S2_shear": 1, "1722a6a8996893bc2885b1e042e251be-count_hydrogen_bonds": 1, "1722a6a8996893bc2885b1e042e251be-shear_5nN_rerun": 1, "1722a6a8996893bc2885b1e042e251be-shear_25nN": 1, "1722a6a8996893bc2885b1e042e251be-calc_roughness": 1, "1722a6a8996893bc2885b1e042e251be-calc_tilt_shear": 1, "1722a6a8996893bc2885b1e042e251be-shear_15nN_extend": 1, "1722a6a8996893bc2885b1e042e251be-equilibrate_grompp": 1, "1722a6a8996893bc2885b1e042e251be-lammps_to_gmx": 1, "1722a6a8996893bc2885b1e042e251be-top_to_mol2": 1, "1722a6a8996893bc2885b1e042e251be-shear_5nN_rerun_grompp": 1, "1722a6a8996893bc2885b1e042e251be-get_interaction_energy_5nN": 1, "1722a6a8996893bc2885b1e042e251be-compress": 1, "1722a6a8996893bc2885b1e042e251be-shear_25nN_grompp": 1, "1722a6a8996893bc2885b1e042e251be-unwrap_shear_5nN": 1, "1722a6a8996893bc2885b1e042e251be-calc_friction": 1, "1722a6a8996893bc2885b1e042e251be-shear_15nN_rerun_grompp": 1, "1722a6a8996893bc2885b1e042e251be-shear_15nN_rerun": 1, "1722a6a8996893bc2885b1e042e251be-shear_25nN_rerun": 1, "1722a6a8996893bc2885b1e042e251be-log_cof": 1, "1722a6a8996893bc2885b1e042e251be-shear_5nN_extend": 1, "1722a6a8996893bc2885b1e042e251be-get_interaction_energy_25nN": 1, "1722a6a8996893bc2885b1e042e251be-log_interaction_energy_25nN": 1, "1722a6a8996893bc2885b1e042e251be-shear_5nN_extend_grompp": 1, "1722a6a8996893bc2885b1e042e251be-shear_5nN": 1}, "polar_solvation_energy": -32.99, "shear_5nN_qq": [-2478.3419649016787, 124.5028886507877], "shear_5nN_lj": [-2334.8814797865707, 88.64677587717986], "shear_15nN_lj": [-2501.4920897394086, 74.95231482619651], "total_solvation_energy": -24.48, "intercept": 3.7949579039802, "entropy_translational": 168.76, "shear_15nN_qq": [-2525.52278451239, 118.10698191635704], "nonpolar_solvation_energy": 8.49, "shear_5nN_Etotal": [-4813.223444688249, 192.67421510303052]}