{"enthalpy_vibrational": 148.05, "shear_5nN_Etotal": [-1608.5169015419665, 97.83959362956914], "heat_capacity_vibrational": 22.11, "entropy_vibrational": 16.85, "interdigitation": {"25nN": 0.1140651269806006, "5nN": 0.12147833690792796, "15nN": 0.12617347663533207}, "polar_solvation_energy": -15.94, "shear_15nN_qq": [-169.1770360263789, 98.10636146045135], "nonpolar_solvation_energy": 8.9, "molecular_weight": 43.0445, "shear_15nN_Etotal": [-1948.8819721726616, 113.61317659531998], "roughness": {"25nN": 0.049492700127506464, "5nN": 0.05803600772348364, "15nN": 0.05542342196786315}, "tilt": {"25nN": 33.41664044601113, "5nN": 26.75965453857709, "15nN": 30.86936873044195}, "shear_15nN_lj": [-1779.7049361462828, 48.091284824497954], "surface_area": 66.15, "total_solvation_energy": -7.02, "dipole_moment": 3.16, "entropy_rotational": 90.56, "shear_25nN_lj": [-1867.033471673861, 45.334409533479366], "shear_5nN_lj": [-1540.7139218297364, 50.922695845681666], "status": {"63ddfdcce949d9c51462867f9a2a6549-top_to_mol2": 1, "63ddfdcce949d9c51462867f9a2a6549-shear_25nN_extend": 1, "63ddfdcce949d9c51462867f9a2a6549-shear_5nN_grompp": 1, "63ddfdcce949d9c51462867f9a2a6549-shear_25nN_rerun": 1, "63ddfdcce949d9c51462867f9a2a6549-compress": 1, "63ddfdcce949d9c51462867f9a2a6549-fix_overlaps": 1, "63ddfdcce949d9c51462867f9a2a6549-unwrap_shear_15nN": 1, "63ddfdcce949d9c51462867f9a2a6549-shear_25nN_rerun_grompp": 1, "63ddfdcce949d9c51462867f9a2a6549-log_cof": 1, "63ddfdcce949d9c51462867f9a2a6549-shear_5nN_extend": 1, "63ddfdcce949d9c51462867f9a2a6549-shear_15nN_extend": 1, "63ddfdcce949d9c51462867f9a2a6549-get_interaction_energy_25nN": 1, "63ddfdcce949d9c51462867f9a2a6549-calc_roughness": 1, "63ddfdcce949d9c51462867f9a2a6549-initialize": 1, "63ddfdcce949d9c51462867f9a2a6549-get_interaction_energy_5nN": 1, "63ddfdcce949d9c51462867f9a2a6549-count_hydrogen_bonds": 1, "63ddfdcce949d9c51462867f9a2a6549-shear_15nN_grompp": 1, "63ddfdcce949d9c51462867f9a2a6549-shear_15nN_rerun_grompp": 1, "63ddfdcce949d9c51462867f9a2a6549-equilibrate_grompp": 1, "63ddfdcce949d9c51462867f9a2a6549-minimize": 1, "63ddfdcce949d9c51462867f9a2a6549-calc_interdigitation": 6, "63ddfdcce949d9c51462867f9a2a6549-unwrap_shear_5nN": 1, "63ddfdcce949d9c51462867f9a2a6549-calc_tilt_shear": 1, "63ddfdcce949d9c51462867f9a2a6549-log_tilt": 1, "63ddfdcce949d9c51462867f9a2a6549-shear_5nN_extend_grompp": 1, "63ddfdcce949d9c51462867f9a2a6549-shear_15nN": 1, "63ddfdcce949d9c51462867f9a2a6549-shear_5nN_rerun": 1, "63ddfdcce949d9c51462867f9a2a6549-shear_15nN_rerun": 1, "63ddfdcce949d9c51462867f9a2a6549-lammps_to_gmx": 1, "63ddfdcce949d9c51462867f9a2a6549-shear_25nN_extend_grompp": 1, "63ddfdcce949d9c51462867f9a2a6549-unwrap_shear_25nN": 1, "63ddfdcce949d9c51462867f9a2a6549-shear_25nN": 1, "63ddfdcce949d9c51462867f9a2a6549-calc_friction": 1, "63ddfdcce949d9c51462867f9a2a6549-compress_grompp": 1, "63ddfdcce949d9c51462867f9a2a6549-equilibrate": 1, "63ddfdcce949d9c51462867f9a2a6549-get_interaction_energy_15nN": 1, "63ddfdcce949d9c51462867f9a2a6549-shear_15nN_extend_grompp": 1, "63ddfdcce949d9c51462867f9a2a6549-log_interaction_energy_25nN": 1, "63ddfdcce949d9c51462867f9a2a6549-log_interaction_energy_15nN": 1, "63ddfdcce949d9c51462867f9a2a6549-log_interaction_energy_5nN": 1, "63ddfdcce949d9c51462867f9a2a6549-log_S2": 1, "63ddfdcce949d9c51462867f9a2a6549-shear_5nN_rerun_grompp": 1, "63ddfdcce949d9c51462867f9a2a6549-minimize_grompp": 1, "63ddfdcce949d9c51462867f9a2a6549-shear_25nN_grompp": 1, "63ddfdcce949d9c51462867f9a2a6549-shear_5nN": 1, "63ddfdcce949d9c51462867f9a2a6549-calc_S2_shear": 1}, "shear_25nN_Etotal": [-2100.962895866507, 114.28890892618958], "shear_25nN_qq": [-233.92942419264585, 101.8311121839897], "ch3-smiles": "CC(=O)C", "intercept": 1.656165533370285, "shear_5nN_qq": [-67.80297971223023, 76.66859746980582], "COF": 0.14816498065548345, "chain-smiles": "CCCCCCCCCCCCCCCCCC(=O)C", "h-smiles": "C(=O)C", "entropy_translational": 155.95, "S2": {"25nN": 0.7894231909594146, "5nN": 0.8091898114581855, "15nN": 0.7974510258812905}}