{"enthalpy_vibrational": 263.87, "shear_5nN_Etotal": [-1665.6045087370105, 57.87610246483536], "heat_capacity_vibrational": 48.68, "entropy_vibrational": 20.79, "interdigitation": {"25nN": 0.1085974421003074, "5nN": 0.11444951003438493, "15nN": 0.09601679211173378}, "polar_solvation_energy": -4.89, "shear_15nN_qq": [-74.78226895523582, 21.179177215892047], "nonpolar_solvation_energy": 6.77, "molecular_weight": 77.1037, "shear_15nN_Etotal": [-1833.7392484844127, 56.06734640475928], "roughness": {"25nN": 0.057317781142500294, "5nN": 0.06878248226353487, "15nN": 0.04841258928950697}, "tilt": {"25nN": 39.23730166664615, "5nN": 33.41821379312614, "15nN": 37.325813476466415}, "shear_15nN_lj": [-1758.9569795291768, 50.97595636763496], "surface_area": 93.44, "total_solvation_energy": 1.89, "dipole_moment": 0.0, "entropy_rotational": 107.29, "shear_25nN_lj": [-1859.2947794060751, 52.68398409177966], "shear_25nN_qq": [-50.602873756195045, 24.404752622492147], "ch3-smiles": "CC1=CC=CC=C1", "status": {"eaba7b83c14b16596cc5922b18acfd84-unwrap_shear_25nN": 1, "eaba7b83c14b16596cc5922b18acfd84-get_interaction_energy_15nN": 1, "eaba7b83c14b16596cc5922b18acfd84-log_interaction_energy_25nN": 1, "eaba7b83c14b16596cc5922b18acfd84-fix_overlaps": 1, "eaba7b83c14b16596cc5922b18acfd84-shear_5nN_rerun_grompp": 1, "eaba7b83c14b16596cc5922b18acfd84-shear_15nN_grompp": 1, "eaba7b83c14b16596cc5922b18acfd84-shear_15nN_rerun": 1, "eaba7b83c14b16596cc5922b18acfd84-initialize": 1, "eaba7b83c14b16596cc5922b18acfd84-equilibrate": 1, "eaba7b83c14b16596cc5922b18acfd84-shear_5nN_rerun": 1, "eaba7b83c14b16596cc5922b18acfd84-top_to_mol2": 1, "eaba7b83c14b16596cc5922b18acfd84-compress": 1, "eaba7b83c14b16596cc5922b18acfd84-calc_interdigitation": 6, "eaba7b83c14b16596cc5922b18acfd84-minimize_grompp": 1, "eaba7b83c14b16596cc5922b18acfd84-shear_5nN": 1, "eaba7b83c14b16596cc5922b18acfd84-shear_15nN_extend_grompp": 1, "eaba7b83c14b16596cc5922b18acfd84-log_tilt": 1, "eaba7b83c14b16596cc5922b18acfd84-shear_5nN_grompp": 1, "eaba7b83c14b16596cc5922b18acfd84-log_interaction_energy_5nN": 1, "eaba7b83c14b16596cc5922b18acfd84-calc_roughness": 1, "eaba7b83c14b16596cc5922b18acfd84-calc_friction": 1, "eaba7b83c14b16596cc5922b18acfd84-log_cof": 1, "eaba7b83c14b16596cc5922b18acfd84-lammps_to_gmx": 1, "eaba7b83c14b16596cc5922b18acfd84-shear_25nN_rerun_grompp": 1, "eaba7b83c14b16596cc5922b18acfd84-log_S2": 1, "eaba7b83c14b16596cc5922b18acfd84-shear_25nN_extend_grompp": 1, "eaba7b83c14b16596cc5922b18acfd84-shear_5nN_extend": 1, "eaba7b83c14b16596cc5922b18acfd84-shear_5nN_extend_grompp": 1, "eaba7b83c14b16596cc5922b18acfd84-unwrap_shear_15nN": 1, "eaba7b83c14b16596cc5922b18acfd84-shear_25nN_extend": 1, "eaba7b83c14b16596cc5922b18acfd84-shear_15nN": 1, "eaba7b83c14b16596cc5922b18acfd84-shear_15nN_extend": 1, "eaba7b83c14b16596cc5922b18acfd84-shear_25nN_rerun": 1, "eaba7b83c14b16596cc5922b18acfd84-log_interaction_energy_15nN": 1, "eaba7b83c14b16596cc5922b18acfd84-minimize": 1, "eaba7b83c14b16596cc5922b18acfd84-equilibrate_grompp": 1, "eaba7b83c14b16596cc5922b18acfd84-shear_25nN": 1, "eaba7b83c14b16596cc5922b18acfd84-calc_S2_shear": 1, "eaba7b83c14b16596cc5922b18acfd84-compress_grompp": 1, "eaba7b83c14b16596cc5922b18acfd84-shear_15nN_rerun_grompp": 1, "eaba7b83c14b16596cc5922b18acfd84-count_hydrogen_bonds": 1, "eaba7b83c14b16596cc5922b18acfd84-get_interaction_energy_5nN": 1, "eaba7b83c14b16596cc5922b18acfd84-get_interaction_energy_25nN": 1, "eaba7b83c14b16596cc5922b18acfd84-calc_tilt_shear": 1, "eaba7b83c14b16596cc5922b18acfd84-shear_25nN_grompp": 1, "eaba7b83c14b16596cc5922b18acfd84-unwrap_shear_5nN": 1}, "shear_25nN_Etotal": [-1909.8976531622702, 55.82248006337966], "intercept": 1.4719885240401738, "shear_5nN_qq": [-83.05883052438048, 15.63221603890901], "COF": 0.12136073126054545, "chain-smiles": "CCCCCCCCCCCCCCCCCC1=CC=CC=C1", "shear_5nN_lj": [-1582.54567821263, 51.95741381894389], "h-smiles": "C1=CC=CC=C1", "entropy_translational": 163.09, "S2": {"25nN": 0.9503634333282752, "5nN": 0.9542631868057624, "15nN": 0.957740066718817}}