{"shear_15nN_Etotal": [-2095.9716049032772, 78.25106825244822], "molecular_weight": 43.0445, "shear_25nN_Etotal": [-2232.456142111111, 76.59833549940011], "surface_area": 66.15, "shear_15nN_qq": [-352.54450984572344, 52.58172691683079], "enthalpy_vibrational": 148.05, "shear_5nN_qq": [-289.52560340287766, 44.59633023690694], "tilt": {"5nN": 35.44455194246347, "25nN": 39.88595835365385, "15nN": 37.61306377736585}, "intercept": 1.102965963577628, "shear_25nN_lj": [-1851.3386855995204, 49.2950617830181], "entropy_rotational": 90.56, "shear_5nN_lj": [-1509.1464740247802, 49.42431135023729], "shear_25nN_qq": [-381.1174565115907, 53.71113279227886], "nonpolar_solvation_energy": 8.9, "total_solvation_energy": -7.02, "shear_15nN_lj": [-1743.427095057554, 47.7899031330631], "shear_5nN_Etotal": [-1798.672077427658, 75.59579779609686], "interdigitation": {"5nN": 0.10580546388017985, "15nN": 0.10004777513396508, "25nN": 0.12129102646020269}, "entropy_vibrational": 16.85, "heat_capacity_vibrational": 22.11, "entropy_translational": 155.95, "roughness": {"5nN": 0.056912523519103066, "15nN": 0.04735007842130728, "25nN": 0.05511945359859816}, "S2": {"5nN": 0.9672377492125591, "15nN": 0.9537084816326055, "25nN": 0.9273957879560182}, "dipole_moment": 3.16, "COF": 0.14798366624818818, "status": {"c4f5e7bdada8fd38456f1c7682bd2061-log_interaction_energy_25nN": 1, "c4f5e7bdada8fd38456f1c7682bd2061-calc_S2_shear": 1, "c4f5e7bdada8fd38456f1c7682bd2061-lammps_to_gmx": 1, "c4f5e7bdada8fd38456f1c7682bd2061-shear_5nN_rerun": 1, "c4f5e7bdada8fd38456f1c7682bd2061-log_cof": 1, "c4f5e7bdada8fd38456f1c7682bd2061-equilibrate_grompp": 1, "c4f5e7bdada8fd38456f1c7682bd2061-unwrap_shear_15nN": 1, "c4f5e7bdada8fd38456f1c7682bd2061-calc_interdigitation": 1, "c4f5e7bdada8fd38456f1c7682bd2061-shear_15nN_rerun_grompp": 1, "c4f5e7bdada8fd38456f1c7682bd2061-shear_25nN_rerun": 1, "c4f5e7bdada8fd38456f1c7682bd2061-shear_5nN_grompp": 1, "c4f5e7bdada8fd38456f1c7682bd2061-get_interaction_energy_15nN": 1, "c4f5e7bdada8fd38456f1c7682bd2061-get_interaction_energy_25nN": 1, "c4f5e7bdada8fd38456f1c7682bd2061-shear_5nN_extend_grompp": 1, "c4f5e7bdada8fd38456f1c7682bd2061-equilibrate": 1, "c4f5e7bdada8fd38456f1c7682bd2061-unwrap_shear_25nN": 1, "c4f5e7bdada8fd38456f1c7682bd2061-compress": 1, "c4f5e7bdada8fd38456f1c7682bd2061-shear_15nN_extend": 1, "c4f5e7bdada8fd38456f1c7682bd2061-compress_grompp": 1, "c4f5e7bdada8fd38456f1c7682bd2061-get_interaction_energy_5nN": 1, "c4f5e7bdada8fd38456f1c7682bd2061-fix_overlaps": 1, "c4f5e7bdada8fd38456f1c7682bd2061-shear_25nN_grompp": 1, "c4f5e7bdada8fd38456f1c7682bd2061-shear_25nN_extend_grompp": 1, "c4f5e7bdada8fd38456f1c7682bd2061-top_to_mol2": 1, "c4f5e7bdada8fd38456f1c7682bd2061-shear_15nN_extend_grompp": 1, "c4f5e7bdada8fd38456f1c7682bd2061-shear_5nN_rerun_grompp": 1, "c4f5e7bdada8fd38456f1c7682bd2061-log_interaction_energy_5nN": 1, "c4f5e7bdada8fd38456f1c7682bd2061-shear_15nN_grompp": 1, "c4f5e7bdada8fd38456f1c7682bd2061-log_interaction_energy_15nN": 1, "c4f5e7bdada8fd38456f1c7682bd2061-minimize_grompp": 1, "c4f5e7bdada8fd38456f1c7682bd2061-count_hydrogen_bonds": 1, "c4f5e7bdada8fd38456f1c7682bd2061-shear_5nN_extend": 1, "c4f5e7bdada8fd38456f1c7682bd2061-log_tilt": 1, "c4f5e7bdada8fd38456f1c7682bd2061-shear_5nN": 1, "c4f5e7bdada8fd38456f1c7682bd2061-calc_friction": 1, "c4f5e7bdada8fd38456f1c7682bd2061-calc_roughness": 1, "c4f5e7bdada8fd38456f1c7682bd2061-unwrap_shear_5nN": 1, "c4f5e7bdada8fd38456f1c7682bd2061-log_S2": 1, "c4f5e7bdada8fd38456f1c7682bd2061-shear_15nN": 1, "c4f5e7bdada8fd38456f1c7682bd2061-shear_25nN_extend": 1, "c4f5e7bdada8fd38456f1c7682bd2061-minimize": 1, "c4f5e7bdada8fd38456f1c7682bd2061-shear_15nN_rerun": 1, "c4f5e7bdada8fd38456f1c7682bd2061-calc_tilt_shear": 1, "c4f5e7bdada8fd38456f1c7682bd2061-initialize": 1, "c4f5e7bdada8fd38456f1c7682bd2061-shear_25nN_rerun_grompp": 1, "c4f5e7bdada8fd38456f1c7682bd2061-shear_25nN": 1}, "polar_solvation_energy": -15.94}