{"shear_15nN_Etotal": [-1324.0864753597123, 42.0156847143696], "molecular_weight": 27.0451, "shear_25nN_Etotal": [-1412.50326868745, 48.213481336582795], "surface_area": 61.0, "shear_15nN_qq": [228.48868227498002, 16.74764851615457], "enthalpy_vibrational": 131.44, "shear_5nN_qq": [160.70051482733814, 13.409619659199802], "tilt": {"5nN": 33.82938789795898, "15nN": 37.4460891639115, "25nN": 37.87981039759645}, "intercept": 0.6411434863379821, "shear_25nN_lj": [-1666.4006478409271, 46.38066143150386], "entropy_rotational": 77.76, "shear_5nN_lj": [-1324.9785480159871, 44.60473230315179], "shear_25nN_qq": [253.8973791534772, 14.952404448294054], "nonpolar_solvation_energy": 8.4, "total_solvation_energy": 7.34, "shear_15nN_lj": [-1552.5751576346922, 45.080613889913636], "shear_5nN_Etotal": [-1164.2780331886493, 42.28728863866112], "interdigitation": {"5nN": 0.10925060938020557, "15nN": 0.11916434649815935, "25nN": 0.14035059549056425}, "entropy_vibrational": 2.65, "heat_capacity_vibrational": 10.23, "entropy_translational": 150.32, "roughness": {"5nN": 0.05355516358369241, "15nN": 0.056913199482926606, "25nN": 0.06406606899293206}, "S2": {"5nN": 0.9505493935950156, "15nN": 0.9317450765709748, "25nN": 0.9167387809796006}, "dipole_moment": 0.0, "COF": 0.12417916316776488, "status": {"97b2b48858d661d6a23087d53f73305d-shear_25nN_extend": 1, "97b2b48858d661d6a23087d53f73305d-compress": 1, "97b2b48858d661d6a23087d53f73305d-shear_15nN_extend": 1, "97b2b48858d661d6a23087d53f73305d-get_interaction_energy_25nN": 1, "97b2b48858d661d6a23087d53f73305d-count_hydrogen_bonds": 1, "97b2b48858d661d6a23087d53f73305d-unwrap_shear_5nN": 1, "97b2b48858d661d6a23087d53f73305d-shear_5nN_rerun": 1, "97b2b48858d661d6a23087d53f73305d-unwrap_shear_15nN": 1, "97b2b48858d661d6a23087d53f73305d-log_interaction_energy_25nN": 1, "97b2b48858d661d6a23087d53f73305d-get_interaction_energy_5nN": 1, "97b2b48858d661d6a23087d53f73305d-compress_grompp": 1, "97b2b48858d661d6a23087d53f73305d-shear_5nN_extend": 1, "97b2b48858d661d6a23087d53f73305d-shear_15nN": 1, "97b2b48858d661d6a23087d53f73305d-shear_25nN_rerun": 1, "97b2b48858d661d6a23087d53f73305d-shear_25nN_extend_grompp": 1, "97b2b48858d661d6a23087d53f73305d-minimize": 1, "97b2b48858d661d6a23087d53f73305d-calc_S2_shear": 1, "97b2b48858d661d6a23087d53f73305d-calc_interdigitation": 1, "97b2b48858d661d6a23087d53f73305d-log_S2": 1, "97b2b48858d661d6a23087d53f73305d-unwrap_shear_25nN": 1, "97b2b48858d661d6a23087d53f73305d-fix_overlaps": 1, "97b2b48858d661d6a23087d53f73305d-log_interaction_energy_15nN": 1, "97b2b48858d661d6a23087d53f73305d-lammps_to_gmx": 1, "97b2b48858d661d6a23087d53f73305d-shear_5nN_extend_grompp": 1, "97b2b48858d661d6a23087d53f73305d-equilibrate_grompp": 1, "97b2b48858d661d6a23087d53f73305d-calc_tilt_shear": 1, "97b2b48858d661d6a23087d53f73305d-minimize_grompp": 1, "97b2b48858d661d6a23087d53f73305d-shear_15nN_extend_grompp": 1, "97b2b48858d661d6a23087d53f73305d-calc_friction": 1, "97b2b48858d661d6a23087d53f73305d-log_interaction_energy_5nN": 1, "97b2b48858d661d6a23087d53f73305d-get_interaction_energy_15nN": 1, "97b2b48858d661d6a23087d53f73305d-shear_25nN_rerun_grompp": 1, "97b2b48858d661d6a23087d53f73305d-shear_15nN_rerun": 1, "97b2b48858d661d6a23087d53f73305d-shear_5nN_grompp": 1, "97b2b48858d661d6a23087d53f73305d-shear_5nN_rerun_grompp": 1, "97b2b48858d661d6a23087d53f73305d-log_tilt": 1, "97b2b48858d661d6a23087d53f73305d-shear_15nN_rerun_grompp": 1, "97b2b48858d661d6a23087d53f73305d-log_cof": 1, "97b2b48858d661d6a23087d53f73305d-shear_25nN": 1, "97b2b48858d661d6a23087d53f73305d-shear_25nN_grompp": 1, "97b2b48858d661d6a23087d53f73305d-equilibrate": 1, "97b2b48858d661d6a23087d53f73305d-shear_15nN_grompp": 1, "97b2b48858d661d6a23087d53f73305d-calc_roughness": 1, "97b2b48858d661d6a23087d53f73305d-shear_5nN": 1, "97b2b48858d661d6a23087d53f73305d-top_to_mol2": 1, "97b2b48858d661d6a23087d53f73305d-initialize": 1}, "polar_solvation_energy": -1.05}