{"shear_15nN_Etotal": [-3400.319772738609, 137.32102401427656], "molecular_weight": 46.0055, "shear_25nN_Etotal": [-3506.5330463117502, 126.54524728916257], "surface_area": 59.09, "shear_15nN_qq": [-1232.2088076099121, 110.09898680700275], "enthalpy_vibrational": 62.86, "shear_5nN_qq": [-1165.9887599232613, 106.56531170803068], "tilt": {"5nN": 34.18120546020796, "15nN": 37.671222874073926, "25nN": 39.289668231435385}, "intercept": 2.0881991674609317, "shear_25nN_lj": [-2261.573476372502, 50.44073586939084], "entropy_rotational": 85.69, "shear_5nN_lj": [-1989.783443851319, 56.81355318976086], "shear_25nN_qq": [-1244.9595699392485, 107.54593085111776], "nonpolar_solvation_energy": 4.77, "total_solvation_energy": -43.93, "shear_15nN_lj": [-2168.110965128697, 55.74839586842867], "shear_5nN_Etotal": [-3155.7722037745802, 140.99182278058106], "interdigitation": {"5nN": 0.13995372848782944, "15nN": 0.1495726106233735, "25nN": 0.1535676231398006}, "entropy_vibrational": 1.77, "heat_capacity_vibrational": 5.42, "entropy_translational": 156.76, "status": {"b523a8488d6751b574b2e41bee4c173b-unwrap_shear_15nN": 1, "b523a8488d6751b574b2e41bee4c173b-calc_roughness": 1, "b523a8488d6751b574b2e41bee4c173b-fix_overlaps": 1, "b523a8488d6751b574b2e41bee4c173b-shear_15nN_extend_grompp": 1, "b523a8488d6751b574b2e41bee4c173b-log_cof": 1, "b523a8488d6751b574b2e41bee4c173b-shear_25nN_extend": 1, "b523a8488d6751b574b2e41bee4c173b-equilibrate_grompp": 1, "b523a8488d6751b574b2e41bee4c173b-shear_15nN": 1, "b523a8488d6751b574b2e41bee4c173b-lammps_to_gmx": 1, "b523a8488d6751b574b2e41bee4c173b-get_interaction_energy_5nN": 1, "b523a8488d6751b574b2e41bee4c173b-shear_25nN_extend_grompp": 1, "b523a8488d6751b574b2e41bee4c173b-shear_5nN_grompp": 1, "b523a8488d6751b574b2e41bee4c173b-shear_5nN": 1, "b523a8488d6751b574b2e41bee4c173b-shear_5nN_extend": 1, "b523a8488d6751b574b2e41bee4c173b-unwrap_shear_25nN": 1, "b523a8488d6751b574b2e41bee4c173b-log_S2": 1, "b523a8488d6751b574b2e41bee4c173b-get_interaction_energy_25nN": 1, "b523a8488d6751b574b2e41bee4c173b-compress": 1, "b523a8488d6751b574b2e41bee4c173b-unwrap_shear_5nN": 1, "b523a8488d6751b574b2e41bee4c173b-initialize": 1, "b523a8488d6751b574b2e41bee4c173b-minimize_grompp": 1, "b523a8488d6751b574b2e41bee4c173b-shear_25nN": 1, "b523a8488d6751b574b2e41bee4c173b-calc_interdigitation": 1, "b523a8488d6751b574b2e41bee4c173b-log_interaction_energy_5nN": 1, "b523a8488d6751b574b2e41bee4c173b-shear_15nN_rerun_grompp": 1, "b523a8488d6751b574b2e41bee4c173b-shear_25nN_rerun_grompp": 1, "b523a8488d6751b574b2e41bee4c173b-equilibrate": 1, "b523a8488d6751b574b2e41bee4c173b-shear_25nN_grompp": 1, "b523a8488d6751b574b2e41bee4c173b-minimize": 1, "b523a8488d6751b574b2e41bee4c173b-log_interaction_energy_15nN": 1, "b523a8488d6751b574b2e41bee4c173b-compress_grompp": 1, "b523a8488d6751b574b2e41bee4c173b-get_interaction_energy_15nN": 1, "b523a8488d6751b574b2e41bee4c173b-log_interaction_energy_25nN": 1, "b523a8488d6751b574b2e41bee4c173b-shear_25nN_rerun": 1, "b523a8488d6751b574b2e41bee4c173b-shear_5nN_extend_grompp": 1, "b523a8488d6751b574b2e41bee4c173b-calc_friction": 1, "b523a8488d6751b574b2e41bee4c173b-shear_5nN_rerun_grompp": 1, "b523a8488d6751b574b2e41bee4c173b-shear_15nN_extend": 1, "b523a8488d6751b574b2e41bee4c173b-shear_15nN_grompp": 1, "b523a8488d6751b574b2e41bee4c173b-calc_S2_shear": 1, "b523a8488d6751b574b2e41bee4c173b-count_hydrogen_bonds": 1, "b523a8488d6751b574b2e41bee4c173b-shear_5nN_rerun": 1, "b523a8488d6751b574b2e41bee4c173b-calc_tilt_shear": 1, "b523a8488d6751b574b2e41bee4c173b-log_tilt": 1, "b523a8488d6751b574b2e41bee4c173b-shear_15nN_rerun": 1, "b523a8488d6751b574b2e41bee4c173b-top_to_mol2": 1}, "S2": {"5nN": 0.9395070693724831, "15nN": 0.9378070153723133, "25nN": 0.922941270946543}, "dipole_moment": 3.81, "COF": 0.1292436047769522, "roughness": {"5nN": 0.05238481337351616, "15nN": 0.05512237275042898, "25nN": 0.05310800851735365}, "polar_solvation_energy": -48.71}