{"shear_15nN_Etotal": [-3566.601984910471, 149.8414154972434], "molecular_weight": 46.0055, "shear_25nN_Etotal": [-3577.4946286418867, 155.59439804618054], "surface_area": 59.09, "shear_15nN_qq": [-1420.4073441430853, 125.24815380572261], "enthalpy_vibrational": 62.86, "shear_5nN_qq": [-1417.3300290423663, 137.77620961961938], "tilt": {"5nN": 31.67331791656496, "25nN": 37.532168513742555, "15nN": 35.088625664946534}, "intercept": 2.037189665944839, "shear_25nN_lj": [-2240.958125281375, 54.51123947207483], "entropy_rotational": 85.69, "shear_5nN_lj": [-1956.7556026426857, 59.720462467952075], "shear_25nN_qq": [-1336.5365033605115, 131.78606625671193], "nonpolar_solvation_energy": 4.77, "total_solvation_energy": -43.93, "shear_15nN_lj": [-2146.1946407673863, 54.613706175261555], "shear_5nN_Etotal": [-3374.0856316850513, 172.31202838901163], "interdigitation": {"5nN": 0.14855397154320296, "25nN": 0.14195263427319513, "15nN": 0.14713691768085274}, "entropy_vibrational": 1.77, "heat_capacity_vibrational": 5.42, "entropy_translational": 156.76, "roughness": {"5nN": 0.054195726635612854, "25nN": 0.049780419608928886, "15nN": 0.051746345824890835}, "S2": {"5nN": 0.8661719004563921, "25nN": 0.8727244854515807, "15nN": 0.8794996629401372}, "dipole_moment": 3.81, "COF": 0.14701138152519783, "status": {"4becf7e6cefb727193ba86237130e548-shear_25nN": 1, "4becf7e6cefb727193ba86237130e548-log_interaction_energy_5nN": 1, "4becf7e6cefb727193ba86237130e548-shear_15nN_extend_grompp": 1, "4becf7e6cefb727193ba86237130e548-equilibrate_grompp": 1, "4becf7e6cefb727193ba86237130e548-calc_tilt_shear": 1, "4becf7e6cefb727193ba86237130e548-log_interaction_energy_15nN": 1, "4becf7e6cefb727193ba86237130e548-shear_25nN_grompp": 1, "4becf7e6cefb727193ba86237130e548-get_interaction_energy_15nN": 1, "4becf7e6cefb727193ba86237130e548-unwrap_shear_15nN": 1, "4becf7e6cefb727193ba86237130e548-shear_5nN_rerun_grompp": 1, "4becf7e6cefb727193ba86237130e548-equilibrate": 1, "4becf7e6cefb727193ba86237130e548-compress": 1, "4becf7e6cefb727193ba86237130e548-initialize": 1, "4becf7e6cefb727193ba86237130e548-shear_5nN": 1, "4becf7e6cefb727193ba86237130e548-fix_overlaps": 1, "4becf7e6cefb727193ba86237130e548-count_hydrogen_bonds": 1, "4becf7e6cefb727193ba86237130e548-shear_25nN_rerun_grompp": 1, "4becf7e6cefb727193ba86237130e548-lammps_to_gmx": 1, "4becf7e6cefb727193ba86237130e548-log_cof": 1, "4becf7e6cefb727193ba86237130e548-log_S2": 1, "4becf7e6cefb727193ba86237130e548-shear_5nN_grompp": 1, "4becf7e6cefb727193ba86237130e548-shear_15nN": 1, "4becf7e6cefb727193ba86237130e548-shear_25nN_extend_grompp": 1, "4becf7e6cefb727193ba86237130e548-calc_S2_shear": 1, "4becf7e6cefb727193ba86237130e548-top_to_mol2": 1, "4becf7e6cefb727193ba86237130e548-shear_15nN_extend": 1, "4becf7e6cefb727193ba86237130e548-shear_5nN_extend_grompp": 1, "4becf7e6cefb727193ba86237130e548-unwrap_shear_5nN": 1, "4becf7e6cefb727193ba86237130e548-shear_5nN_rerun": 1, "4becf7e6cefb727193ba86237130e548-compress_grompp": 1, "4becf7e6cefb727193ba86237130e548-calc_interdigitation": 1, "4becf7e6cefb727193ba86237130e548-minimize": 1, "4becf7e6cefb727193ba86237130e548-shear_15nN_grompp": 1, "4becf7e6cefb727193ba86237130e548-shear_5nN_extend": 1, "4becf7e6cefb727193ba86237130e548-calc_roughness": 1, "4becf7e6cefb727193ba86237130e548-get_interaction_energy_5nN": 1, "4becf7e6cefb727193ba86237130e548-unwrap_shear_25nN": 1, "4becf7e6cefb727193ba86237130e548-shear_15nN_rerun": 1, "4becf7e6cefb727193ba86237130e548-shear_15nN_rerun_grompp": 1, "4becf7e6cefb727193ba86237130e548-log_interaction_energy_25nN": 1, "4becf7e6cefb727193ba86237130e548-shear_25nN_rerun": 1, "4becf7e6cefb727193ba86237130e548-minimize_grompp": 1, "4becf7e6cefb727193ba86237130e548-get_interaction_energy_25nN": 1, "4becf7e6cefb727193ba86237130e548-calc_friction": 1, "4becf7e6cefb727193ba86237130e548-log_tilt": 1, "4becf7e6cefb727193ba86237130e548-shear_25nN_extend": 1}, "polar_solvation_energy": -48.71}