{"MR":16.355,"asphericity":0.212529,"balabanj":4.398991,"bertzct":124.052368,"chi0":8.57735,"chi0n":7.908248,"chi0v":1.908248,"chi1":4.154701,"chi1n":3.704124,"chi1v":0.704124,"chi2n":0.329124,"chi2v":0.329124,"chi3n":0.0,"chi3v":0.0,"chi4n":0.0,"chi4v":0.0,"e-valence":24.0,"eccentricity":0.875785,"hk-alpha":-0.33,"hk-kappa1":0.348057,"hk-kappa2":1.044532,"hk-kappa3":6.883958,"ipc":63.579808,"isf":0.011863,"labuteASA":34.06048,"logP":0.5953,"molwt":58.041865,"molwt-hvy":52.032,"nheavy":4.0,"npr1":0.482702,"npr2":0.581235,"pbf":0.411225,"pc+":0.312268,"pc-":-0.312268,"pmi1":48.99593,"pmi2":58.997419,"pmi3":101.503476,"rbonds":2.0,"rg":1.342952,"rpc+":0.404357,"rpc-":0.961814,"spherocity":0.327029,"tpsa":17.07,"vsa+":14.007796,"vsa-":18.498321,"vsa-fhyd":0.852504,"vsa-fneg":0.569072,"vsa-fpneg":0.147496,"vsa-fpos":0.430928,"vsa-fppos":0.0,"vsa-hyd":27.71158,"vsa-polar":0.147496,"vsa-polar+":0.0,"vsa-polar-":4.794537,"hbonds":0.0}