{"enthalpy_vibrational": 148.05, "shear_5nN_Etotal": [-1365.4421638585131, 117.13552169175291], "heat_capacity_vibrational": 22.11, "entropy_vibrational": 16.85, "status": {"3ec540d5b8570d51909f57805af1226a-calc_roughness": 1, "3ec540d5b8570d51909f57805af1226a-shear_25nN_rerun_grompp": 1, "3ec540d5b8570d51909f57805af1226a-shear_25nN_rerun": 1, "3ec540d5b8570d51909f57805af1226a-shear_15nN_rerun_grompp": 1, "3ec540d5b8570d51909f57805af1226a-shear_5nN_rerun_grompp": 1, "3ec540d5b8570d51909f57805af1226a-shear_5nN": 1, "3ec540d5b8570d51909f57805af1226a-get_interaction_energy_5nN": 1, "3ec540d5b8570d51909f57805af1226a-log_interaction_energy_5nN": 1, "3ec540d5b8570d51909f57805af1226a-minimize_grompp": 1, "3ec540d5b8570d51909f57805af1226a-lammps_to_gmx": 1, "3ec540d5b8570d51909f57805af1226a-minimize": 1, "3ec540d5b8570d51909f57805af1226a-log_tilt": 1, "3ec540d5b8570d51909f57805af1226a-unwrap_shear_15nN": 1, "3ec540d5b8570d51909f57805af1226a-unwrap_shear_5nN": 1, "3ec540d5b8570d51909f57805af1226a-get_interaction_energy_15nN": 1, "3ec540d5b8570d51909f57805af1226a-shear_15nN_grompp": 1, "3ec540d5b8570d51909f57805af1226a-shear_5nN_extend_grompp": 1, "3ec540d5b8570d51909f57805af1226a-initialize": 1, "3ec540d5b8570d51909f57805af1226a-equilibrate_grompp": 1, "3ec540d5b8570d51909f57805af1226a-shear_5nN_rerun": 1, "3ec540d5b8570d51909f57805af1226a-shear_15nN": 1, "3ec540d5b8570d51909f57805af1226a-log_cof": 1, "3ec540d5b8570d51909f57805af1226a-shear_15nN_extend_grompp": 1, "3ec540d5b8570d51909f57805af1226a-unwrap_shear_25nN": 1, "3ec540d5b8570d51909f57805af1226a-equilibrate": 1, "3ec540d5b8570d51909f57805af1226a-log_interaction_energy_25nN": 1, "3ec540d5b8570d51909f57805af1226a-get_interaction_energy_25nN": 1, "3ec540d5b8570d51909f57805af1226a-top_to_mol2": 1, "3ec540d5b8570d51909f57805af1226a-shear_25nN": 1, "3ec540d5b8570d51909f57805af1226a-compress": 1, "3ec540d5b8570d51909f57805af1226a-shear_5nN_grompp": 1, "3ec540d5b8570d51909f57805af1226a-count_hydrogen_bonds": 1, "3ec540d5b8570d51909f57805af1226a-compress_grompp": 1, "3ec540d5b8570d51909f57805af1226a-calc_friction": 1, "3ec540d5b8570d51909f57805af1226a-log_S2": 1, "3ec540d5b8570d51909f57805af1226a-calc_tilt_shear": 1, "3ec540d5b8570d51909f57805af1226a-calc_S2_shear": 1, "3ec540d5b8570d51909f57805af1226a-shear_15nN_rerun": 1, "3ec540d5b8570d51909f57805af1226a-shear_5nN_extend": 1, "3ec540d5b8570d51909f57805af1226a-fix_overlaps": 1, "3ec540d5b8570d51909f57805af1226a-calc_interdigitation": 3, "3ec540d5b8570d51909f57805af1226a-shear_15nN_extend": 1, "3ec540d5b8570d51909f57805af1226a-shear_25nN_extend": 1, "3ec540d5b8570d51909f57805af1226a-log_interaction_energy_15nN": 1, "3ec540d5b8570d51909f57805af1226a-shear_25nN_extend_grompp": 1, "3ec540d5b8570d51909f57805af1226a-shear_25nN_grompp": 1}, "polar_solvation_energy": -15.94, "shear_15nN_qq": [91.20338037969624, 122.6708602832039], "nonpolar_solvation_energy": 8.9, "molecular_weight": 43.0445, "shear_15nN_Etotal": [-1587.5308610359714, 135.94369207563227], "roughness": {"25nN": 0.04842564818065688, "5nN": 0.05276121235091829, "15nN": 0.05088670169436148}, "tilt": {"25nN": 33.01778377442367, "5nN": 26.724260170975203, "15nN": 30.378229409014327}, "shear_15nN_lj": [-1678.7342414156676, 49.248341325673316], "surface_area": 66.15, "total_solvation_energy": -7.02, "dipole_moment": 3.16, "entropy_rotational": 90.56, "shear_25nN_lj": [-1781.926112436451, 49.46829223801077], "shear_25nN_qq": [173.43401456354917, 132.64603309724154], "shear_25nN_Etotal": [-1608.4920978729017, 145.81485593866716], "ch3-smiles": "CC(=O)C", "intercept": 1.5024855827584331, "shear_5nN_qq": [56.770322591526785, 99.9648029326079], "COF": 0.15551904537044683, "chain-smiles": "CCCCCCCCCCCCCCCCCC(=O)C", "shear_5nN_lj": [-1422.21248645004, 55.678914834012325], "h-smiles": "C(=O)C", "entropy_translational": 155.95, "S2": {"25nN": 0.6985617238435708, "5nN": 0.7230387929326073, "15nN": 0.7070852685087498}}