{"enthalpy_vibrational": 280.86, "shear_5nN_Etotal": [-3720.4491784460433, 144.57755881922984], "heat_capacity_vibrational": 83.45, "entropy_vibrational": 69.31, "interdigitation": {"25nN": 0.18659939043261994, "5nN": 0.18420080464524402, "15nN": 0.18997617358201596}, "polar_solvation_energy": -32.99, "shear_15nN_qq": [-1479.7257103517186, 88.85775657777967], "nonpolar_solvation_energy": 8.49, "molecular_weight": 122.1013, "shear_15nN_Etotal": [-3975.7231401526774, 134.05644636846557], "roughness": {"25nN": 0.05335847615016542, "5nN": 0.05486884389844786, "15nN": 0.05746975256008102}, "tilt": {"25nN": 34.52970298860129, "5nN": 29.543167716145337, "15nN": 32.58174664887414}, "shear_15nN_lj": [-2495.9974298009593, 66.38859106786958], "surface_area": 118.23, "total_solvation_energy": -24.48, "dipole_moment": 6.22, "entropy_rotational": 119.66, "shear_25nN_lj": [-2570.0983787178257, 65.26329602091432], "shear_25nN_qq": [-1507.800483155875, 91.60362909066022], "ch3-smiles": "CC1=CC=C([N+](=O)[O-])C=C1", "status": {"130acec357dec09a28b28458c41f691f-unwrap_shear_5nN": 1, "130acec357dec09a28b28458c41f691f-shear_15nN_rerun_grompp": 1, "130acec357dec09a28b28458c41f691f-shear_15nN_extend_grompp": 1, "130acec357dec09a28b28458c41f691f-compress": 1, "130acec357dec09a28b28458c41f691f-shear_15nN_grompp": 1, "130acec357dec09a28b28458c41f691f-log_S2": 1, "130acec357dec09a28b28458c41f691f-unwrap_shear_25nN": 1, "130acec357dec09a28b28458c41f691f-count_hydrogen_bonds": 1, "130acec357dec09a28b28458c41f691f-shear_15nN": 1, "130acec357dec09a28b28458c41f691f-unwrap_shear_15nN": 1, "130acec357dec09a28b28458c41f691f-shear_25nN_grompp": 1, "130acec357dec09a28b28458c41f691f-log_interaction_energy_25nN": 1, "130acec357dec09a28b28458c41f691f-shear_25nN_extend": 1, "130acec357dec09a28b28458c41f691f-get_interaction_energy_25nN": 1, "130acec357dec09a28b28458c41f691f-minimize": 1, "130acec357dec09a28b28458c41f691f-calc_interdigitation": 6, "130acec357dec09a28b28458c41f691f-top_to_mol2": 1, "130acec357dec09a28b28458c41f691f-calc_tilt_shear": 1, "130acec357dec09a28b28458c41f691f-fix_overlaps": 1, "130acec357dec09a28b28458c41f691f-shear_15nN_rerun": 1, "130acec357dec09a28b28458c41f691f-get_interaction_energy_15nN": 1, "130acec357dec09a28b28458c41f691f-calc_S2_shear": 1, "130acec357dec09a28b28458c41f691f-shear_5nN_rerun": 1, "130acec357dec09a28b28458c41f691f-calc_friction": 1, "130acec357dec09a28b28458c41f691f-shear_15nN_extend": 1, "130acec357dec09a28b28458c41f691f-lammps_to_gmx": 1, "130acec357dec09a28b28458c41f691f-log_interaction_energy_5nN": 1, "130acec357dec09a28b28458c41f691f-shear_25nN_extend_grompp": 1, "130acec357dec09a28b28458c41f691f-compress_grompp": 1, "130acec357dec09a28b28458c41f691f-log_tilt": 1, "130acec357dec09a28b28458c41f691f-shear_5nN_rerun_grompp": 1, "130acec357dec09a28b28458c41f691f-shear_25nN": 1, "130acec357dec09a28b28458c41f691f-minimize_grompp": 1, "130acec357dec09a28b28458c41f691f-shear_25nN_rerun_grompp": 1, "130acec357dec09a28b28458c41f691f-initialize": 1, "130acec357dec09a28b28458c41f691f-shear_5nN_grompp": 1, "130acec357dec09a28b28458c41f691f-shear_5nN_extend_grompp": 1, "130acec357dec09a28b28458c41f691f-shear_5nN": 1, "130acec357dec09a28b28458c41f691f-log_cof": 1, "130acec357dec09a28b28458c41f691f-shear_25nN_rerun": 1, "130acec357dec09a28b28458c41f691f-equilibrate": 1, "130acec357dec09a28b28458c41f691f-calc_roughness": 1, "130acec357dec09a28b28458c41f691f-equilibrate_grompp": 1, "130acec357dec09a28b28458c41f691f-log_interaction_energy_15nN": 1, "130acec357dec09a28b28458c41f691f-get_interaction_energy_5nN": 1, "130acec357dec09a28b28458c41f691f-shear_5nN_extend": 1}, "shear_25nN_Etotal": [-4077.898861873701, 133.3157751663226], "intercept": 2.9191274561993494, "shear_5nN_qq": [-1384.7359066778577, 87.85682488175588], "COF": 0.14664431840025818, "chain-smiles": "CCCCCCCCCCCCCCCCCC1=CC=C([N+](=O)[O-])C=C1", "shear_5nN_lj": [-2335.7132717681857, 73.61082784224094], "h-smiles": "C1=CC=C([N+](=O)[O-])C=C1", "entropy_translational": 168.76, "S2": {"25nN": 0.874439588791426, "5nN": 0.8819619792385964, "15nN": 0.8701247748610328}}