{"surface_area": 118.23, "shear_5nN_qq": [-483.52884867386086, 64.57156019731134], "entropy_translational": 168.76, "shear_5nN_Etotal": [-2833.4485014324546, 136.6060745373165], "shear_25nN_qq": [-350.4199935227818, 56.45495838531712], "dipole_moment": 6.22, "shear_15nN_Etotal": [-2932.1957696714626, 108.12405335738512], "entropy_vibrational": 69.31, "polar_solvation_energy": -32.99, "intercept": 3.1951667579948135, "molecular_weight": 122.1013, "shear_25nN_Etotal": [-2900.2553098553158, 94.68168098841184], "shear_25nN_lj": [-2549.835316332534, 61.83353524090813], "shear_15nN_lj": [-2499.4321593629097, 68.62580132167933], "interdigitation": {"25nN": 0.20387420355642394, "5nN": 0.2713434319108114, "15nN": 0.2327529125441914}, "shear_15nN_qq": [-432.76361030855315, 60.37753532165591], "heat_capacity_vibrational": 83.45, "entropy_rotational": 119.66, "COF": 0.0892578586775773, "shear_5nN_lj": [-2349.9196527585927, 91.74475952757928], "S2": {"25nN": 0.9089320844913682, "15nN": 0.9300032181893215, "5nN": 0.9171281684220189}, "enthalpy_vibrational": 280.86, "nonpolar_solvation_energy": 8.49, "roughness": {"25nN": 0.06842784141431031, "15nN": 0.07528849330044261, "5nN": 0.08382463004601232}, "status": {"8e66d117eb765b767edcc2c76cc42234-get_interaction_energy_15nN": 1, "8e66d117eb765b767edcc2c76cc42234-calc_friction": 1, "8e66d117eb765b767edcc2c76cc42234-equilibrate_grompp": 1, "8e66d117eb765b767edcc2c76cc42234-lammps_to_gmx": 1, "8e66d117eb765b767edcc2c76cc42234-shear_15nN": 1, "8e66d117eb765b767edcc2c76cc42234-log_interaction_energy_25nN": 1, "8e66d117eb765b767edcc2c76cc42234-shear_25nN_extend": 1, "8e66d117eb765b767edcc2c76cc42234-shear_25nN_grompp": 1, "8e66d117eb765b767edcc2c76cc42234-compress": 1, "8e66d117eb765b767edcc2c76cc42234-shear_15nN_rerun": 1, "8e66d117eb765b767edcc2c76cc42234-log_tilt": 1, "8e66d117eb765b767edcc2c76cc42234-shear_5nN_extend_grompp": 1, "8e66d117eb765b767edcc2c76cc42234-shear_15nN_rerun_grompp": 1, "8e66d117eb765b767edcc2c76cc42234-shear_5nN_rerun_grompp": 1, "8e66d117eb765b767edcc2c76cc42234-shear_25nN_rerun_grompp": 1, "8e66d117eb765b767edcc2c76cc42234-unwrap_shear_15nN": 1, "8e66d117eb765b767edcc2c76cc42234-shear_15nN_extend": 1, "8e66d117eb765b767edcc2c76cc42234-unwrap_shear_25nN": 1, "8e66d117eb765b767edcc2c76cc42234-shear_25nN_rerun": 1, "8e66d117eb765b767edcc2c76cc42234-compress_grompp": 1, "8e66d117eb765b767edcc2c76cc42234-count_hydrogen_bonds": 1, "8e66d117eb765b767edcc2c76cc42234-shear_25nN": 1, "8e66d117eb765b767edcc2c76cc42234-unwrap_shear_5nN": 1, "8e66d117eb765b767edcc2c76cc42234-fix_overlaps": 1, "8e66d117eb765b767edcc2c76cc42234-equilibrate": 1, "8e66d117eb765b767edcc2c76cc42234-shear_15nN_extend_grompp": 1, "8e66d117eb765b767edcc2c76cc42234-minimize_grompp": 1, "8e66d117eb765b767edcc2c76cc42234-shear_5nN_grompp": 1, "8e66d117eb765b767edcc2c76cc42234-calc_roughness": 1, "8e66d117eb765b767edcc2c76cc42234-shear_25nN_extend_grompp": 1, "8e66d117eb765b767edcc2c76cc42234-shear_5nN_rerun": 1, "8e66d117eb765b767edcc2c76cc42234-calc_tilt_shear": 1, "8e66d117eb765b767edcc2c76cc42234-log_cof": 1, "8e66d117eb765b767edcc2c76cc42234-calc_interdigitation": 6, "8e66d117eb765b767edcc2c76cc42234-log_S2": 1, "8e66d117eb765b767edcc2c76cc42234-log_interaction_energy_15nN": 1, "8e66d117eb765b767edcc2c76cc42234-minimize": 1, "8e66d117eb765b767edcc2c76cc42234-get_interaction_energy_25nN": 1, "8e66d117eb765b767edcc2c76cc42234-calc_S2_shear": 1, "8e66d117eb765b767edcc2c76cc42234-top_to_mol2": 1, "8e66d117eb765b767edcc2c76cc42234-log_interaction_energy_5nN": 1, "8e66d117eb765b767edcc2c76cc42234-shear_5nN_extend": 1, "8e66d117eb765b767edcc2c76cc42234-get_interaction_energy_5nN": 1, "8e66d117eb765b767edcc2c76cc42234-shear_5nN": 1, "8e66d117eb765b767edcc2c76cc42234-shear_15nN_grompp": 1, "8e66d117eb765b767edcc2c76cc42234-initialize": 1}, "total_solvation_energy": -24.48, "tilt": {"25nN": 39.51472814766111, "15nN": 36.93194306851238, "5nN": 34.29588798496628}}