{"shear_15nN_Etotal": [-2109.4799320743405, 85.44335474921664], "molecular_weight": 66.0811, "shear_25nN_Etotal": [-2195.999060900879, 94.99344307023416], "surface_area": 76.02, "shear_15nN_qq": [-274.1618444476419, 60.798521754545334], "enthalpy_vibrational": 216.45, "shear_5nN_qq": [-158.77884477378097, 64.04417384745507], "tilt": {"5nN": 27.54500820180192, "25nN": 33.060853149170896, "15nN": 31.41997250877473}, "intercept": 2.2556962324555925, "shear_25nN_lj": [-1921.7882642054358, 59.340110467407804], "entropy_rotational": 101.75, "shear_5nN_lj": [-1605.9307448537172, 65.04644039283723], "shear_25nN_qq": [-274.21079669544366, 72.27291811340095], "nonpolar_solvation_energy": 11.08, "total_solvation_energy": -3.05, "shear_15nN_lj": [-1835.318087626699, 56.40541263024957], "shear_5nN_Etotal": [-1764.709589627498, 105.18937599176435], "interdigitation": {"5nN": 0.10807653821158807, "25nN": 0.10789343236706177, "15nN": 0.10830301773632467}, "entropy_vibrational": 16.0, "heat_capacity_vibrational": 38.72, "entropy_translational": 161.19, "status": {"b0b56033d0f09237af5e7426c5dd1a53-log_S2": 1, "b0b56033d0f09237af5e7426c5dd1a53-shear_5nN_rerun": 1, "b0b56033d0f09237af5e7426c5dd1a53-shear_5nN_rerun_grompp": 1, "b0b56033d0f09237af5e7426c5dd1a53-log_interaction_energy_5nN": 1, "b0b56033d0f09237af5e7426c5dd1a53-lammps_to_gmx": 1, "b0b56033d0f09237af5e7426c5dd1a53-shear_25nN_extend": 1, "b0b56033d0f09237af5e7426c5dd1a53-shear_5nN_extend": 1, "b0b56033d0f09237af5e7426c5dd1a53-calc_interdigitation": 1, "b0b56033d0f09237af5e7426c5dd1a53-shear_25nN_extend_grompp": 1, "b0b56033d0f09237af5e7426c5dd1a53-shear_15nN_rerun": 1, "b0b56033d0f09237af5e7426c5dd1a53-get_interaction_energy_25nN": 1, "b0b56033d0f09237af5e7426c5dd1a53-shear_15nN_extend_grompp": 1, "b0b56033d0f09237af5e7426c5dd1a53-equilibrate_grompp": 1, "b0b56033d0f09237af5e7426c5dd1a53-shear_5nN_extend_grompp": 1, "b0b56033d0f09237af5e7426c5dd1a53-unwrap_shear_15nN": 1, "b0b56033d0f09237af5e7426c5dd1a53-minimize_grompp": 1, "b0b56033d0f09237af5e7426c5dd1a53-shear_25nN": 1, "b0b56033d0f09237af5e7426c5dd1a53-log_interaction_energy_25nN": 1, "b0b56033d0f09237af5e7426c5dd1a53-equilibrate": 1, "b0b56033d0f09237af5e7426c5dd1a53-shear_15nN_rerun_grompp": 1, "b0b56033d0f09237af5e7426c5dd1a53-fix_overlaps": 1, "b0b56033d0f09237af5e7426c5dd1a53-count_hydrogen_bonds": 1, "b0b56033d0f09237af5e7426c5dd1a53-unwrap_shear_25nN": 1, "b0b56033d0f09237af5e7426c5dd1a53-compress": 1, "b0b56033d0f09237af5e7426c5dd1a53-shear_5nN": 1, "b0b56033d0f09237af5e7426c5dd1a53-shear_5nN_grompp": 1, "b0b56033d0f09237af5e7426c5dd1a53-compress_grompp": 1, "b0b56033d0f09237af5e7426c5dd1a53-shear_25nN_rerun": 1, "b0b56033d0f09237af5e7426c5dd1a53-unwrap_shear_5nN": 1, "b0b56033d0f09237af5e7426c5dd1a53-shear_15nN_grompp": 1, "b0b56033d0f09237af5e7426c5dd1a53-top_to_mol2": 1, "b0b56033d0f09237af5e7426c5dd1a53-shear_15nN": 1, "b0b56033d0f09237af5e7426c5dd1a53-calc_roughness": 1, "b0b56033d0f09237af5e7426c5dd1a53-calc_tilt_shear": 1, "b0b56033d0f09237af5e7426c5dd1a53-log_cof": 1, "b0b56033d0f09237af5e7426c5dd1a53-calc_S2_shear": 1, "b0b56033d0f09237af5e7426c5dd1a53-minimize": 1, "b0b56033d0f09237af5e7426c5dd1a53-get_interaction_energy_5nN": 1, "b0b56033d0f09237af5e7426c5dd1a53-calc_friction": 1, "b0b56033d0f09237af5e7426c5dd1a53-initialize": 1, "b0b56033d0f09237af5e7426c5dd1a53-log_tilt": 1, "b0b56033d0f09237af5e7426c5dd1a53-log_interaction_energy_15nN": 1, "b0b56033d0f09237af5e7426c5dd1a53-shear_15nN_extend": 1, "b0b56033d0f09237af5e7426c5dd1a53-shear_25nN_rerun_grompp": 1, "b0b56033d0f09237af5e7426c5dd1a53-shear_25nN_grompp": 1, "b0b56033d0f09237af5e7426c5dd1a53-get_interaction_energy_15nN": 1}, "S2": {"5nN": 0.7446833843112375, "25nN": 0.7543531855785167, "15nN": 0.733133949093565}, "dipole_moment": 2.89, "COF": 0.16065826650796716, "roughness": {"5nN": 0.051773957125618074, "25nN": 0.04874718837333355, "15nN": 0.04949782542283328}, "polar_solvation_energy": -14.13}