{"shear_15nN_Etotal": [-3368.301693319744, 214.61825632087866], "molecular_weight": 26.0174, "shear_25nN_Etotal": [-3281.8299208193444, 171.0500660001206], "surface_area": 55.12, "shear_15nN_qq": [-1907.095133758593, 199.13618045368196], "enthalpy_vibrational": 43.98, "shear_5nN_qq": [-2200.0, 1.0], "tilt": {"5nN": 30.39469784147552, "15nN": 34.76995430936568, "25nN": 36.69806846564776}, "intercept": 3.324461907708991, "shear_25nN_lj": [-1523.4746415707434, 45.53431764910085], "entropy_rotational": 49.42, "shear_5nN_lj": [-1363.6982370159872, 49.92340779860197], "shear_25nN_qq": [-1758.355279248601, 157.95659681570618], "nonpolar_solvation_energy": 9.82, "total_solvation_energy": -8.13, "shear_15nN_lj": [-1461.2065595611512, 46.42418852315461], "shear_5nN_Etotal": [-3571.1741775643486, 241.9418292317566], "interdigitation": {"5nN": 0.15249313171151319, "15nN": 0.11242176885321976, "25nN": 0.10619486538319374}, "entropy_vibrational": 1.39, "heat_capacity_vibrational": 4.71, "entropy_translational": 149.86, "status": {"8ec251e411d9d6d05ec6e3794f53b54d-compress_grompp": 1, "8ec251e411d9d6d05ec6e3794f53b54d-log_S2": 1, "8ec251e411d9d6d05ec6e3794f53b54d-lammps_to_gmx": 1, "8ec251e411d9d6d05ec6e3794f53b54d-calc_S2_shear": 1, "8ec251e411d9d6d05ec6e3794f53b54d-shear_15nN_extend": 1, "8ec251e411d9d6d05ec6e3794f53b54d-shear_25nN_rerun_grompp": 1, "8ec251e411d9d6d05ec6e3794f53b54d-calc_roughness": 1, "8ec251e411d9d6d05ec6e3794f53b54d-shear_5nN": 1, "8ec251e411d9d6d05ec6e3794f53b54d-log_interaction_energy_15nN": 1, "8ec251e411d9d6d05ec6e3794f53b54d-shear_15nN_extend_grompp": 1, "8ec251e411d9d6d05ec6e3794f53b54d-shear_25nN_extend_grompp": 1, "8ec251e411d9d6d05ec6e3794f53b54d-get_interaction_energy_25nN": 1, "8ec251e411d9d6d05ec6e3794f53b54d-initialize": 1, "8ec251e411d9d6d05ec6e3794f53b54d-calc_friction": 1, "8ec251e411d9d6d05ec6e3794f53b54d-shear_5nN_extend": 1, "8ec251e411d9d6d05ec6e3794f53b54d-top_to_mol2": 1, "8ec251e411d9d6d05ec6e3794f53b54d-get_interaction_energy_15nN": 1, "8ec251e411d9d6d05ec6e3794f53b54d-shear_5nN_grompp": 1, "8ec251e411d9d6d05ec6e3794f53b54d-shear_15nN_grompp": 1, "8ec251e411d9d6d05ec6e3794f53b54d-shear_15nN": 1, "8ec251e411d9d6d05ec6e3794f53b54d-shear_5nN_rerun": 1, "8ec251e411d9d6d05ec6e3794f53b54d-fix_overlaps": 1, "8ec251e411d9d6d05ec6e3794f53b54d-unwrap_shear_5nN": 1, "8ec251e411d9d6d05ec6e3794f53b54d-shear_25nN": 1, "8ec251e411d9d6d05ec6e3794f53b54d-shear_5nN_extend_grompp": 1, "8ec251e411d9d6d05ec6e3794f53b54d-minimize": 1, "8ec251e411d9d6d05ec6e3794f53b54d-shear_15nN_rerun_grompp": 1, "8ec251e411d9d6d05ec6e3794f53b54d-count_hydrogen_bonds": 1, "8ec251e411d9d6d05ec6e3794f53b54d-calc_tilt_shear": 1, "8ec251e411d9d6d05ec6e3794f53b54d-calc_interdigitation": 1, "8ec251e411d9d6d05ec6e3794f53b54d-unwrap_shear_15nN": 1, "8ec251e411d9d6d05ec6e3794f53b54d-equilibrate_grompp": 1, "8ec251e411d9d6d05ec6e3794f53b54d-log_interaction_energy_25nN": 1, "8ec251e411d9d6d05ec6e3794f53b54d-get_interaction_energy_5nN": 1, "8ec251e411d9d6d05ec6e3794f53b54d-log_interaction_energy_5nN": 1, "8ec251e411d9d6d05ec6e3794f53b54d-equilibrate": 1, "8ec251e411d9d6d05ec6e3794f53b54d-unwrap_shear_25nN": 1, "8ec251e411d9d6d05ec6e3794f53b54d-shear_25nN_extend": 1, "8ec251e411d9d6d05ec6e3794f53b54d-shear_25nN_grompp": 1, "8ec251e411d9d6d05ec6e3794f53b54d-log_cof": 1, "8ec251e411d9d6d05ec6e3794f53b54d-log_tilt": 1, "8ec251e411d9d6d05ec6e3794f53b54d-shear_15nN_rerun": 1, "8ec251e411d9d6d05ec6e3794f53b54d-minimize_grompp": 1, "8ec251e411d9d6d05ec6e3794f53b54d-compress": 1, "8ec251e411d9d6d05ec6e3794f53b54d-shear_25nN_rerun": 1, "8ec251e411d9d6d05ec6e3794f53b54d-shear_5nN_rerun_grompp": 1}, "S2": {"5nN": 0.894048502645552, "15nN": 0.903122643524478, "25nN": 0.886398264554047}, "polar_solvation_energy": -17.95, "COF": 0.07287638041462932, "roughness": {"5nN": 0.05238297599972265, "15nN": 0.044839326949656415, "25nN": 0.04549610123960415}, "dipole_moment": 3.41}