{"shear_15nN_Etotal": [-4001.1356497705833, 192.0649805259836], "molecular_weight": 45.0174, "shear_25nN_Etotal": [-4072.1802388169467, 190.17053879721183], "surface_area": 64.71, "shear_15nN_qq": [-1924.2851613229416, 194.49416477874132], "enthalpy_vibrational": 87.35, "shear_5nN_qq": [-1986.1863103285373, 193.73404822314663], "tilt": {"5nN": 34.37026142733668, "25nN": 39.32818259537085, "15nN": 37.52716727351941}, "intercept": 6.54386834105175, "shear_25nN_lj": [-2147.719828143885, 64.17668817565693], "entropy_rotational": 87.93, "shear_5nN_lj": [-1931.635132323741, 62.51054188046989], "shear_25nN_qq": [-1924.460410673062, 186.62006903422915], "nonpolar_solvation_energy": 3.72, "total_solvation_energy": -32.72, "shear_15nN_lj": [-2076.8504884476415, 67.1796160135974], "shear_5nN_Etotal": [-3917.8214426522777, 193.5812590279285], "interdigitation": {"5nN": 0.1164623481797296, "15nN": 0.11381158535587459, "25nN": 0.11025146615329771}, "entropy_vibrational": 7.1, "heat_capacity_vibrational": 15.26, "entropy_translational": 156.5, "roughness": {"5nN": 0.054757813716219364, "15nN": 0.05014638994993409, "25nN": 0.048285847942480246}, "S2": {"5nN": 0.9298085151568283, "15nN": 0.9206469740717398, "25nN": 0.9389069322729316}, "dipole_moment": 4.81, "COF": 0.13915669253567475, "status": {"daf8f3110d2c36f29c4af33de7eb4a14-log_interaction_energy_5nN": 1, "daf8f3110d2c36f29c4af33de7eb4a14-shear_5nN_grompp": 1, "daf8f3110d2c36f29c4af33de7eb4a14-top_to_mol2": 1, "daf8f3110d2c36f29c4af33de7eb4a14-shear_25nN_rerun": 1, "daf8f3110d2c36f29c4af33de7eb4a14-unwrap_shear_5nN": 1, "daf8f3110d2c36f29c4af33de7eb4a14-shear_25nN": 1, "daf8f3110d2c36f29c4af33de7eb4a14-minimize": 1, "daf8f3110d2c36f29c4af33de7eb4a14-shear_15nN": 1, "daf8f3110d2c36f29c4af33de7eb4a14-calc_interdigitation": 1, "daf8f3110d2c36f29c4af33de7eb4a14-shear_15nN_grompp": 1, "daf8f3110d2c36f29c4af33de7eb4a14-get_interaction_energy_5nN": 1, "daf8f3110d2c36f29c4af33de7eb4a14-log_interaction_energy_25nN": 1, "daf8f3110d2c36f29c4af33de7eb4a14-compress": 1, "daf8f3110d2c36f29c4af33de7eb4a14-compress_grompp": 1, "daf8f3110d2c36f29c4af33de7eb4a14-shear_25nN_grompp": 1, "daf8f3110d2c36f29c4af33de7eb4a14-log_interaction_energy_15nN": 1, "daf8f3110d2c36f29c4af33de7eb4a14-fix_overlaps": 1, "daf8f3110d2c36f29c4af33de7eb4a14-shear_5nN_rerun": 1, "daf8f3110d2c36f29c4af33de7eb4a14-lammps_to_gmx": 1, "daf8f3110d2c36f29c4af33de7eb4a14-log_tilt": 1, "daf8f3110d2c36f29c4af33de7eb4a14-get_interaction_energy_25nN": 1, "daf8f3110d2c36f29c4af33de7eb4a14-equilibrate_grompp": 1, "daf8f3110d2c36f29c4af33de7eb4a14-equilibrate": 1, "daf8f3110d2c36f29c4af33de7eb4a14-shear_5nN": 1, "daf8f3110d2c36f29c4af33de7eb4a14-minimize_grompp": 1, "daf8f3110d2c36f29c4af33de7eb4a14-shear_25nN_extend_grompp": 1, "daf8f3110d2c36f29c4af33de7eb4a14-shear_5nN_rerun_grompp": 1, "daf8f3110d2c36f29c4af33de7eb4a14-calc_roughness": 1, "daf8f3110d2c36f29c4af33de7eb4a14-shear_15nN_rerun": 1, "daf8f3110d2c36f29c4af33de7eb4a14-log_cof": 1, "daf8f3110d2c36f29c4af33de7eb4a14-unwrap_shear_25nN": 1, "daf8f3110d2c36f29c4af33de7eb4a14-shear_5nN_extend": 1, "daf8f3110d2c36f29c4af33de7eb4a14-shear_5nN_extend_grompp": 1, "daf8f3110d2c36f29c4af33de7eb4a14-initialize": 1, "daf8f3110d2c36f29c4af33de7eb4a14-shear_15nN_extend": 1, "daf8f3110d2c36f29c4af33de7eb4a14-log_S2": 1, "daf8f3110d2c36f29c4af33de7eb4a14-calc_S2_shear": 1, "daf8f3110d2c36f29c4af33de7eb4a14-calc_tilt_shear": 1, "daf8f3110d2c36f29c4af33de7eb4a14-unwrap_shear_15nN": 1, "daf8f3110d2c36f29c4af33de7eb4a14-get_interaction_energy_15nN": 1, "daf8f3110d2c36f29c4af33de7eb4a14-shear_25nN_extend": 1, "daf8f3110d2c36f29c4af33de7eb4a14-calc_friction": 1, "daf8f3110d2c36f29c4af33de7eb4a14-count_hydrogen_bonds": 1, "daf8f3110d2c36f29c4af33de7eb4a14-shear_25nN_rerun_grompp": 1, "daf8f3110d2c36f29c4af33de7eb4a14-shear_15nN_rerun_grompp": 1, "daf8f3110d2c36f29c4af33de7eb4a14-shear_15nN_extend_grompp": 1}, "polar_solvation_energy": -36.43}