{"enthalpy_vibrational": 133.72, "shear_5nN_Etotal": [-745.459472343725, 77.68540258025173], "heat_capacity_vibrational": 12.98, "entropy_vibrational": 7.17, "interdigitation": {"25nN": 0.11251039579927022, "5nN": 0.11602878298216175, "15nN": 0.11416325211488303}, "polar_solvation_energy": -10.78, "shear_15nN_qq": [759.4651338345324, 81.39508732625443], "nonpolar_solvation_energy": 5.64, "molecular_weight": 31.0338, "shear_15nN_Etotal": [-767.6856551023182, 89.85816737668596], "roughness": {"25nN": 0.05531960538839113, "5nN": 0.058546613179987515, "15nN": 0.055260803780825166}, "tilt": {"25nN": 35.19158086010509, "5nN": 28.20290951396325, "15nN": 32.9267895672687}, "shear_15nN_lj": [-1527.1507889368506, 46.92213378237098], "surface_area": 54.24, "total_solvation_energy": -5.11, "dipole_moment": 1.68, "entropy_rotational": 79.18, "shear_25nN_lj": [-1627.4958726306952, 48.52005024815418], "shear_5nN_lj": [-1298.300493880096, 52.26843004814161], "status": {"06ec3b93701276159b2469c3e5fa0d9f-lammps_to_gmx": 1, "06ec3b93701276159b2469c3e5fa0d9f-shear_15nN_grompp": 1, "06ec3b93701276159b2469c3e5fa0d9f-shear_5nN": 1, "06ec3b93701276159b2469c3e5fa0d9f-unwrap_shear_25nN": 1, "06ec3b93701276159b2469c3e5fa0d9f-calc_interdigitation": 6, "06ec3b93701276159b2469c3e5fa0d9f-shear_25nN_extend_grompp": 1, "06ec3b93701276159b2469c3e5fa0d9f-unwrap_shear_5nN": 1, "06ec3b93701276159b2469c3e5fa0d9f-log_S2": 1, "06ec3b93701276159b2469c3e5fa0d9f-log_interaction_energy_25nN": 1, "06ec3b93701276159b2469c3e5fa0d9f-shear_15nN_extend_grompp": 1, "06ec3b93701276159b2469c3e5fa0d9f-log_interaction_energy_15nN": 1, "06ec3b93701276159b2469c3e5fa0d9f-minimize_grompp": 1, "06ec3b93701276159b2469c3e5fa0d9f-get_interaction_energy_15nN": 1, "06ec3b93701276159b2469c3e5fa0d9f-shear_5nN_extend": 1, "06ec3b93701276159b2469c3e5fa0d9f-get_interaction_energy_25nN": 1, "06ec3b93701276159b2469c3e5fa0d9f-equilibrate": 1, "06ec3b93701276159b2469c3e5fa0d9f-shear_25nN_extend": 1, "06ec3b93701276159b2469c3e5fa0d9f-log_cof": 1, "06ec3b93701276159b2469c3e5fa0d9f-calc_S2_shear": 1, "06ec3b93701276159b2469c3e5fa0d9f-calc_tilt_shear": 1, "06ec3b93701276159b2469c3e5fa0d9f-log_tilt": 1, "06ec3b93701276159b2469c3e5fa0d9f-initialize": 1, "06ec3b93701276159b2469c3e5fa0d9f-shear_15nN_rerun_grompp": 1, "06ec3b93701276159b2469c3e5fa0d9f-shear_25nN_rerun_grompp": 1, "06ec3b93701276159b2469c3e5fa0d9f-compress_grompp": 1, "06ec3b93701276159b2469c3e5fa0d9f-shear_15nN_extend": 1, "06ec3b93701276159b2469c3e5fa0d9f-shear_25nN_rerun": 1, "06ec3b93701276159b2469c3e5fa0d9f-calc_roughness": 1, "06ec3b93701276159b2469c3e5fa0d9f-shear_15nN": 1, "06ec3b93701276159b2469c3e5fa0d9f-shear_5nN_rerun_grompp": 1, "06ec3b93701276159b2469c3e5fa0d9f-shear_5nN_extend_grompp": 1, "06ec3b93701276159b2469c3e5fa0d9f-shear_5nN_grompp": 1, "06ec3b93701276159b2469c3e5fa0d9f-fix_overlaps": 1, "06ec3b93701276159b2469c3e5fa0d9f-log_interaction_energy_5nN": 1, "06ec3b93701276159b2469c3e5fa0d9f-compress": 1, "06ec3b93701276159b2469c3e5fa0d9f-calc_friction": 1, "06ec3b93701276159b2469c3e5fa0d9f-equilibrate_grompp": 1, "06ec3b93701276159b2469c3e5fa0d9f-shear_15nN_rerun": 1, "06ec3b93701276159b2469c3e5fa0d9f-shear_5nN_rerun": 1, "06ec3b93701276159b2469c3e5fa0d9f-unwrap_shear_15nN": 1, "06ec3b93701276159b2469c3e5fa0d9f-count_hydrogen_bonds": 1, "06ec3b93701276159b2469c3e5fa0d9f-shear_25nN_grompp": 1, "06ec3b93701276159b2469c3e5fa0d9f-shear_25nN": 1, "06ec3b93701276159b2469c3e5fa0d9f-minimize": 1, "06ec3b93701276159b2469c3e5fa0d9f-top_to_mol2": 1, "06ec3b93701276159b2469c3e5fa0d9f-get_interaction_energy_5nN": 1}, "shear_25nN_Etotal": [-748.1325698041567, 94.76931655814263], "shear_25nN_qq": [879.3633028265388, 84.04331703554412], "ch3-smiles": "COC", "intercept": 1.5909737516955134, "shear_5nN_qq": [552.8410215363709, 65.91755642113912], "COF": 0.15796820539224882, "chain-smiles": "CCCCCCCCCCCCCCCCCOC", "h-smiles": "OC", "entropy_translational": 151.98, "S2": {"25nN": 0.7140477367301397, "5nN": 0.7116547500345461, "15nN": 0.6966912027820192}}