{"shear_15nN_Etotal": [-1221.160526585132, 40.98508307816542], "molecular_weight": 43.0874, "shear_25nN_Etotal": [-1286.8424093733013, 46.78092141842219], "surface_area": 70.99, "shear_15nN_qq": [217.53887015587534, 9.004076663377653], "enthalpy_vibrational": 273.28, "shear_5nN_qq": [164.55981406155075, 8.203015004566888], "tilt": {"5nN": 26.351611782716514, "25nN": 33.99967876785157, "15nN": 31.018686947559036}, "intercept": 0.7595647360411402, "shear_25nN_lj": [-1537.3602422733811, 47.309837543915755], "entropy_rotational": 94.72, "shear_5nN_lj": [-1220.3493787921664, 46.00561702671655], "shear_25nN_qq": [250.51783290007995, 10.348008605938618], "nonpolar_solvation_energy": 11.79, "total_solvation_energy": 11.37, "shear_15nN_lj": [-1438.6993967410071, 41.794231921822046], "shear_5nN_Etotal": [-1055.7895647306154, 44.252718707740286], "interdigitation": {"5nN": 0.0865261293885951, "25nN": 0.09719682311086238, "15nN": 0.0864143381782299}, "entropy_vibrational": 26.04, "heat_capacity_vibrational": 37.37, "entropy_translational": 155.96, "status": {"bc4a0564246cb2378c64d14aee40c692-calc_interdigitation": 1, "bc4a0564246cb2378c64d14aee40c692-equilibrate_grompp": 1, "bc4a0564246cb2378c64d14aee40c692-minimize": 1, "bc4a0564246cb2378c64d14aee40c692-unwrap_shear_25nN": 1, "bc4a0564246cb2378c64d14aee40c692-lammps_to_gmx": 1, "bc4a0564246cb2378c64d14aee40c692-fix_overlaps": 1, "bc4a0564246cb2378c64d14aee40c692-calc_tilt_shear": 1, "bc4a0564246cb2378c64d14aee40c692-log_interaction_energy_5nN": 1, "bc4a0564246cb2378c64d14aee40c692-shear_5nN_grompp": 1, "bc4a0564246cb2378c64d14aee40c692-log_S2": 1, "bc4a0564246cb2378c64d14aee40c692-calc_roughness": 1, "bc4a0564246cb2378c64d14aee40c692-shear_5nN_extend_grompp": 1, "bc4a0564246cb2378c64d14aee40c692-log_cof": 1, "bc4a0564246cb2378c64d14aee40c692-initialize": 1, "bc4a0564246cb2378c64d14aee40c692-shear_25nN": 1, "bc4a0564246cb2378c64d14aee40c692-shear_25nN_rerun": 1, "bc4a0564246cb2378c64d14aee40c692-shear_25nN_extend_grompp": 1, "bc4a0564246cb2378c64d14aee40c692-get_interaction_energy_25nN": 1, "bc4a0564246cb2378c64d14aee40c692-shear_15nN_extend": 1, "bc4a0564246cb2378c64d14aee40c692-log_tilt": 1, "bc4a0564246cb2378c64d14aee40c692-get_interaction_energy_5nN": 1, "bc4a0564246cb2378c64d14aee40c692-shear_5nN_extend": 1, "bc4a0564246cb2378c64d14aee40c692-unwrap_shear_5nN": 1, "bc4a0564246cb2378c64d14aee40c692-shear_25nN_grompp": 1, "bc4a0564246cb2378c64d14aee40c692-compress": 1, "bc4a0564246cb2378c64d14aee40c692-shear_5nN_rerun": 1, "bc4a0564246cb2378c64d14aee40c692-shear_15nN": 1, "bc4a0564246cb2378c64d14aee40c692-log_interaction_energy_25nN": 1, "bc4a0564246cb2378c64d14aee40c692-shear_5nN": 1, "bc4a0564246cb2378c64d14aee40c692-shear_15nN_rerun_grompp": 1, "bc4a0564246cb2378c64d14aee40c692-shear_15nN_extend_grompp": 1, "bc4a0564246cb2378c64d14aee40c692-shear_25nN_extend": 1, "bc4a0564246cb2378c64d14aee40c692-shear_15nN_grompp": 1, "bc4a0564246cb2378c64d14aee40c692-calc_friction": 1, "bc4a0564246cb2378c64d14aee40c692-count_hydrogen_bonds": 1, "bc4a0564246cb2378c64d14aee40c692-equilibrate": 1, "bc4a0564246cb2378c64d14aee40c692-calc_S2_shear": 1, "bc4a0564246cb2378c64d14aee40c692-unwrap_shear_15nN": 1, "bc4a0564246cb2378c64d14aee40c692-shear_15nN_rerun": 1, "bc4a0564246cb2378c64d14aee40c692-top_to_mol2": 1, "bc4a0564246cb2378c64d14aee40c692-compress_grompp": 1, "bc4a0564246cb2378c64d14aee40c692-log_interaction_energy_15nN": 1, "bc4a0564246cb2378c64d14aee40c692-shear_25nN_rerun_grompp": 1, "bc4a0564246cb2378c64d14aee40c692-shear_5nN_rerun_grompp": 1, "bc4a0564246cb2378c64d14aee40c692-get_interaction_energy_15nN": 1, "bc4a0564246cb2378c64d14aee40c692-minimize_grompp": 1}, "S2": {"5nN": 0.8563822506808335, "25nN": 0.8809040966571663, "15nN": 0.8635981260892304}, "dipole_moment": 0.01, "COF": 0.13657678473900364, "roughness": {"5nN": 0.052782046985991225, "25nN": 0.05076428641537154, "15nN": 0.04716455323306546}, "polar_solvation_energy": -0.4}