{"shear_15nN_Etotal": [-3381.3185201015185, 196.74638503304092], "molecular_weight": 26.0174, "shear_25nN_Etotal": [-3214.5944370615507, 188.25342853676676], "surface_area": 55.12, "shear_15nN_qq": [-1917.5723195795363, 184.69562945601717], "enthalpy_vibrational": 43.98, "shear_5nN_qq": [-2195.860961801759, 221.1473549473831], "tilt": {"5nN": 32.27179085262174, "25nN": 37.12257487679444, "15nN": 35.32337358140449}, "intercept": 3.1214772242562274, "shear_25nN_lj": [-1524.8089497194244, 47.914623233909396], "entropy_rotational": 49.42, "shear_5nN_lj": [-1346.2994079240607, 51.54530954780198], "shear_25nN_qq": [-1689.7854873421263, 178.1025211417301], "nonpolar_solvation_energy": 9.82, "total_solvation_energy": -8.13, "shear_15nN_lj": [-1463.7462005219825, 45.11846732879737], "shear_5nN_Etotal": [-3542.160369725819, 245.66698528294089], "interdigitation": {"5nN": 0.15313870821717604, "25nN": 0.12287186887229043, "15nN": 0.13580492587136853}, "entropy_vibrational": 1.39, "heat_capacity_vibrational": 4.71, "entropy_translational": 149.86, "roughness": {"5nN": 0.05472723617935274, "25nN": 0.049303370719664404, "15nN": 0.05075739850123843}, "S2": {"5nN": 0.9112785385005086, "25nN": 0.8857657346984138, "15nN": 0.89812963819981}, "dipole_moment": 3.41, "COF": 0.08851425501751974, "status": {"9dcf489ea450c095c09d2e9bf94e992b-calc_roughness": 1, "9dcf489ea450c095c09d2e9bf94e992b-log_cof": 1, "9dcf489ea450c095c09d2e9bf94e992b-calc_interdigitation": 1, "9dcf489ea450c095c09d2e9bf94e992b-shear_5nN_extend": 1, "9dcf489ea450c095c09d2e9bf94e992b-log_interaction_energy_25nN": 1, "9dcf489ea450c095c09d2e9bf94e992b-fix_overlaps": 1, "9dcf489ea450c095c09d2e9bf94e992b-shear_25nN_grompp": 1, "9dcf489ea450c095c09d2e9bf94e992b-shear_5nN_rerun": 1, "9dcf489ea450c095c09d2e9bf94e992b-shear_15nN_rerun_grompp": 1, "9dcf489ea450c095c09d2e9bf94e992b-minimize_grompp": 1, "9dcf489ea450c095c09d2e9bf94e992b-get_interaction_energy_5nN": 1, "9dcf489ea450c095c09d2e9bf94e992b-unwrap_shear_5nN": 1, "9dcf489ea450c095c09d2e9bf94e992b-compress": 1, "9dcf489ea450c095c09d2e9bf94e992b-unwrap_shear_25nN": 1, "9dcf489ea450c095c09d2e9bf94e992b-shear_25nN_extend": 1, "9dcf489ea450c095c09d2e9bf94e992b-shear_25nN_extend_grompp": 1, "9dcf489ea450c095c09d2e9bf94e992b-shear_5nN_extend_grompp": 1, "9dcf489ea450c095c09d2e9bf94e992b-shear_5nN_grompp": 1, "9dcf489ea450c095c09d2e9bf94e992b-shear_15nN_rerun": 1, "9dcf489ea450c095c09d2e9bf94e992b-calc_friction": 1, "9dcf489ea450c095c09d2e9bf94e992b-shear_15nN_grompp": 1, "9dcf489ea450c095c09d2e9bf94e992b-top_to_mol2": 1, "9dcf489ea450c095c09d2e9bf94e992b-log_interaction_energy_5nN": 1, "9dcf489ea450c095c09d2e9bf94e992b-shear_5nN_rerun_grompp": 1, "9dcf489ea450c095c09d2e9bf94e992b-unwrap_shear_15nN": 1, "9dcf489ea450c095c09d2e9bf94e992b-get_interaction_energy_15nN": 1, "9dcf489ea450c095c09d2e9bf94e992b-count_hydrogen_bonds": 1, "9dcf489ea450c095c09d2e9bf94e992b-get_interaction_energy_25nN": 1, "9dcf489ea450c095c09d2e9bf94e992b-equilibrate_grompp": 1, "9dcf489ea450c095c09d2e9bf94e992b-equilibrate": 1, "9dcf489ea450c095c09d2e9bf94e992b-compress_grompp": 1, "9dcf489ea450c095c09d2e9bf94e992b-shear_5nN": 1, "9dcf489ea450c095c09d2e9bf94e992b-log_tilt": 1, "9dcf489ea450c095c09d2e9bf94e992b-calc_S2_shear": 1, "9dcf489ea450c095c09d2e9bf94e992b-log_S2": 1, "9dcf489ea450c095c09d2e9bf94e992b-shear_15nN_extend_grompp": 1, "9dcf489ea450c095c09d2e9bf94e992b-shear_15nN_extend": 1, "9dcf489ea450c095c09d2e9bf94e992b-shear_25nN_rerun": 1, "9dcf489ea450c095c09d2e9bf94e992b-log_interaction_energy_15nN": 1, "9dcf489ea450c095c09d2e9bf94e992b-shear_25nN": 1, "9dcf489ea450c095c09d2e9bf94e992b-calc_tilt_shear": 1, "9dcf489ea450c095c09d2e9bf94e992b-minimize": 1, "9dcf489ea450c095c09d2e9bf94e992b-initialize": 1, "9dcf489ea450c095c09d2e9bf94e992b-shear_25nN_rerun_grompp": 1, "9dcf489ea450c095c09d2e9bf94e992b-lammps_to_gmx": 1, "9dcf489ea450c095c09d2e9bf94e992b-shear_15nN": 1}, "polar_solvation_energy": -17.95}