{"shear_25nN_qq": [399.7153303756994, 13.860899960788451], "shear_25nN_lj": [-1539.1004815283773, 44.79331487191637], "enthalpy_vibrational": 273.28, "surface_area": 70.99, "shear_5nN_qq": [302.200553968825, 9.337633172118618], "COF": 0.14348127402611424, "nonpolar_solvation_energy": 11.79, "shear_5nN_Etotal": [-894.9757274748202, 44.76839111133322], "status": {"639ac136e544d5bd51d5baa570731c77-get_interaction_energy_15nN": 1, "639ac136e544d5bd51d5baa570731c77-unwrap_shear_25nN": 1, "639ac136e544d5bd51d5baa570731c77-shear_5nN": 1, "639ac136e544d5bd51d5baa570731c77-fix_overlaps": 1, "639ac136e544d5bd51d5baa570731c77-get_interaction_energy_5nN": 1, "639ac136e544d5bd51d5baa570731c77-shear_25nN_rerun": 1, "639ac136e544d5bd51d5baa570731c77-equilibrate": 1, "639ac136e544d5bd51d5baa570731c77-shear_5nN_rerun_grompp": 1, "639ac136e544d5bd51d5baa570731c77-shear_5nN_extend": 1, "639ac136e544d5bd51d5baa570731c77-log_interaction_energy_15nN": 1, "639ac136e544d5bd51d5baa570731c77-equilibrate_grompp": 1, "639ac136e544d5bd51d5baa570731c77-calc_tilt_shear": 1, "639ac136e544d5bd51d5baa570731c77-shear_15nN_rerun_grompp": 1, "639ac136e544d5bd51d5baa570731c77-unwrap_shear_15nN": 1, "639ac136e544d5bd51d5baa570731c77-minimize_grompp": 1, "639ac136e544d5bd51d5baa570731c77-calc_S2_shear": 1, "639ac136e544d5bd51d5baa570731c77-log_interaction_energy_25nN": 1, "639ac136e544d5bd51d5baa570731c77-log_cof": 1, "639ac136e544d5bd51d5baa570731c77-unwrap_shear_5nN": 1, "639ac136e544d5bd51d5baa570731c77-count_hydrogen_bonds": 1, "639ac136e544d5bd51d5baa570731c77-shear_15nN_rerun": 1, "639ac136e544d5bd51d5baa570731c77-calc_friction": 1, "639ac136e544d5bd51d5baa570731c77-lammps_to_gmx": 1, "639ac136e544d5bd51d5baa570731c77-shear_15nN_extend": 1, "639ac136e544d5bd51d5baa570731c77-compress": 1, "639ac136e544d5bd51d5baa570731c77-shear_25nN_rerun_grompp": 1, "639ac136e544d5bd51d5baa570731c77-shear_25nN_extend": 1, "639ac136e544d5bd51d5baa570731c77-get_interaction_energy_25nN": 1, "639ac136e544d5bd51d5baa570731c77-log_S2": 1, "639ac136e544d5bd51d5baa570731c77-shear_15nN": 1, "639ac136e544d5bd51d5baa570731c77-minimize": 1, "639ac136e544d5bd51d5baa570731c77-shear_5nN_grompp": 1, "639ac136e544d5bd51d5baa570731c77-shear_5nN_rerun": 1, "639ac136e544d5bd51d5baa570731c77-initialize": 1, "639ac136e544d5bd51d5baa570731c77-shear_15nN_extend_grompp": 1, "639ac136e544d5bd51d5baa570731c77-calc_interdigitation": 3, "639ac136e544d5bd51d5baa570731c77-shear_15nN_grompp": 1, "639ac136e544d5bd51d5baa570731c77-top_to_mol2": 1, "639ac136e544d5bd51d5baa570731c77-log_tilt": 1, "639ac136e544d5bd51d5baa570731c77-shear_25nN_extend_grompp": 1, "639ac136e544d5bd51d5baa570731c77-compress_grompp": 1, "639ac136e544d5bd51d5baa570731c77-calc_roughness": 1, "639ac136e544d5bd51d5baa570731c77-shear_25nN_grompp": 1, "639ac136e544d5bd51d5baa570731c77-log_interaction_energy_5nN": 1, "639ac136e544d5bd51d5baa570731c77-shear_25nN": 1, "639ac136e544d5bd51d5baa570731c77-shear_5nN_extend_grompp": 1}, "shear_15nN_qq": [362.186699226219, 11.714178913683318], "total_solvation_energy": 11.37, "entropy_vibrational": 26.04, "roughness": {"15nN": 0.04766991345656023, "25nN": 0.04432662947774611, "5nN": 0.049038161382783586}, "S2": {"15nN": 0.83407550043535, "25nN": 0.8509583955175285, "5nN": 0.846892097709482}, "entropy_rotational": 94.72, "polar_solvation_energy": -0.4, "shear_5nN_lj": [-1197.1762814436452, 47.358291082092606], "entropy_translational": 155.96, "tilt": {"15nN": 28.091209830954696, "25nN": 30.287019347231816, "5nN": 23.82286016541107}, "dipole_moment": 0.01, "heat_capacity_vibrational": 37.37, "shear_25nN_Etotal": [-1139.3851511526777, 44.993661716208806], "intercept": 0.8481457791077234, "shear_15nN_lj": [-1429.2033049400482, 43.85558796752162], "molecular_weight": 43.0874, "shear_15nN_Etotal": [-1067.0166057138288, 42.31802273470902]}