{"enthalpy_vibrational": 248.15, "surface_area": 96.58, "COF": 0.12599917618392353, "total_solvation_energy": 6.28, "shear_15nN_qq": [-806.1064323485213, 44.92523242400112], "molecular_weight": 95.0942, "shear_5nN_qq": [-775.144004908873, 44.07175786811478], "entropy_rotational": 112.71, "shear_15nN_lj": [-1679.152224611511, 51.013573394233866], "shear_5nN_lj": [-1496.7502413077539, 53.045782427664385], "status": {"6d87527319efadd068bdd975a5683f2a-log_interaction_energy_25nN": 1, "6d87527319efadd068bdd975a5683f2a-shear_5nN_rerun": 1, "6d87527319efadd068bdd975a5683f2a-minimize": 1, "6d87527319efadd068bdd975a5683f2a-get_interaction_energy_5nN": 1, "6d87527319efadd068bdd975a5683f2a-shear_5nN_extend_grompp": 1, "6d87527319efadd068bdd975a5683f2a-count_hydrogen_bonds": 1, "6d87527319efadd068bdd975a5683f2a-unwrap_shear_15nN": 1, "6d87527319efadd068bdd975a5683f2a-compress_grompp": 1, "6d87527319efadd068bdd975a5683f2a-fix_overlaps": 1, "6d87527319efadd068bdd975a5683f2a-unwrap_shear_25nN": 1, "6d87527319efadd068bdd975a5683f2a-log_interaction_energy_5nN": 1, "6d87527319efadd068bdd975a5683f2a-shear_5nN_rerun_grompp": 1, "6d87527319efadd068bdd975a5683f2a-log_cof": 1, "6d87527319efadd068bdd975a5683f2a-get_interaction_energy_25nN": 1, "6d87527319efadd068bdd975a5683f2a-equilibrate_grompp": 1, "6d87527319efadd068bdd975a5683f2a-shear_15nN_extend": 1, "6d87527319efadd068bdd975a5683f2a-log_tilt": 1, "6d87527319efadd068bdd975a5683f2a-shear_15nN_grompp": 1, "6d87527319efadd068bdd975a5683f2a-log_interaction_energy_15nN": 1, "6d87527319efadd068bdd975a5683f2a-equilibrate": 1, "6d87527319efadd068bdd975a5683f2a-minimize_grompp": 1, "6d87527319efadd068bdd975a5683f2a-calc_interdigitation": 6, "6d87527319efadd068bdd975a5683f2a-shear_25nN_extend": 1, "6d87527319efadd068bdd975a5683f2a-shear_15nN_rerun": 1, "6d87527319efadd068bdd975a5683f2a-shear_25nN_grompp": 1, "6d87527319efadd068bdd975a5683f2a-unwrap_shear_5nN": 1, "6d87527319efadd068bdd975a5683f2a-lammps_to_gmx": 1, "6d87527319efadd068bdd975a5683f2a-calc_tilt_shear": 1, "6d87527319efadd068bdd975a5683f2a-shear_5nN_extend": 1, "6d87527319efadd068bdd975a5683f2a-log_S2": 1, "6d87527319efadd068bdd975a5683f2a-shear_25nN_rerun_grompp": 1, "6d87527319efadd068bdd975a5683f2a-shear_25nN_extend_grompp": 1, "6d87527319efadd068bdd975a5683f2a-calc_roughness": 1, "6d87527319efadd068bdd975a5683f2a-shear_15nN": 1, "6d87527319efadd068bdd975a5683f2a-calc_S2_shear": 1, "6d87527319efadd068bdd975a5683f2a-shear_15nN_rerun_grompp": 1, "6d87527319efadd068bdd975a5683f2a-shear_5nN_grompp": 1, "6d87527319efadd068bdd975a5683f2a-calc_friction": 1, "6d87527319efadd068bdd975a5683f2a-top_to_mol2": 1, "6d87527319efadd068bdd975a5683f2a-shear_25nN_rerun": 1, "6d87527319efadd068bdd975a5683f2a-shear_5nN": 1, "6d87527319efadd068bdd975a5683f2a-shear_15nN_extend_grompp": 1, "6d87527319efadd068bdd975a5683f2a-shear_25nN": 1, "6d87527319efadd068bdd975a5683f2a-compress": 1, "6d87527319efadd068bdd975a5683f2a-initialize": 1, "6d87527319efadd068bdd975a5683f2a-get_interaction_energy_15nN": 1}, "entropy_vibrational": 30.51, "shear_25nN_Etotal": [-2574.915949386091, 76.47699697718863], "tilt": {"5nN": 27.50600183486253, "25nN": 33.5136941954129, "15nN": 31.210118375656858}, "entropy_translational": 165.68, "intercept": 1.8530631737319383, "roughness": {"5nN": 0.05458445035560312, "25nN": 0.05416828074756267, "15nN": 0.05300144490181242}, "dipole_moment": 2.03, "polar_solvation_energy": -7.83, "heat_capacity_vibrational": 58.87, "interdigitation": {"5nN": 0.17205526438159374, "25nN": 0.16617024080734683, "15nN": 0.17016789012837807}, "shear_15nN_Etotal": [-2485.258656960032, 77.32021054883579], "S2": {"5nN": 0.8319585785195603, "25nN": 0.8056046326882749, "15nN": 0.8121846937679461}, "shear_25nN_qq": [-819.3470011159072, 47.52747273620078], "shear_25nN_lj": [-1755.568948270184, 49.48144432781828], "shear_5nN_Etotal": [-2271.8942462166265, 84.07236176477781], "nonpolar_solvation_energy": 14.09}