{"roughness": {"15nN": 0.060998029804440745, "25nN": 0.05896733104434011, "5nN": 0.06264012302419429}, "entropy_rotational": 90.7, "entropy_vibrational": 5.04, "COF": 0.17018959700006117, "heat_capacity_vibrational": 19.47, "enthalpy_vibrational": 214.06, "shear_25nN_qq": [384.5566535803357, 14.09605671876143], "molecular_weight": 41.0716, "S2": {"15nN": 0.8415865083589825, "25nN": 0.8442679032442781, "5nN": 0.8295566756053896}, "shear_15nN_Etotal": [-1165.805145594724, 48.87136905225506], "shear_15nN_qq": [358.5763262789768, 12.50940885094519], "shear_25nN_Etotal": [-1233.3714117745803, 51.329093016320726], "interdigitation": {"15nN": 0.1108516225055024, "25nN": 0.10929622759281461, "5nN": 0.10625014277139053}, "tilt": {"15nN": 32.21821419484364, "25nN": 34.99982467263635, "5nN": 27.322660988565865}, "shear_5nN_lj": [-1281.100415771383, 47.812869614474295], "shear_5nN_Etotal": [-985.9853641127099, 45.85109546163212], "surface_area": 65.5, "dipole_moment": 0.0, "shear_25nN_lj": [-1617.928065354916, 50.24620731861215], "total_solvation_energy": 7.89, "entropy_translational": 155.37, "nonpolar_solvation_energy": 9.15, "status": {"01d651b761c45ba5af984ae7438ad936-initialize": 1, "01d651b761c45ba5af984ae7438ad936-shear_15nN": 1, "01d651b761c45ba5af984ae7438ad936-minimize_grompp": 1, "01d651b761c45ba5af984ae7438ad936-top_to_mol2": 1, "01d651b761c45ba5af984ae7438ad936-shear_15nN_extend_grompp": 1, "01d651b761c45ba5af984ae7438ad936-shear_15nN_extend": 1, "01d651b761c45ba5af984ae7438ad936-calc_friction": 1, "01d651b761c45ba5af984ae7438ad936-shear_25nN_extend_grompp": 1, "01d651b761c45ba5af984ae7438ad936-shear_25nN_rerun": 1, "01d651b761c45ba5af984ae7438ad936-log_interaction_energy_5nN": 1, "01d651b761c45ba5af984ae7438ad936-calc_roughness": 1, "01d651b761c45ba5af984ae7438ad936-shear_25nN_extend": 1, "01d651b761c45ba5af984ae7438ad936-equilibrate_grompp": 1, "01d651b761c45ba5af984ae7438ad936-calc_S2_shear": 1, "01d651b761c45ba5af984ae7438ad936-unwrap_shear_15nN": 1, "01d651b761c45ba5af984ae7438ad936-get_interaction_energy_5nN": 1, "01d651b761c45ba5af984ae7438ad936-fix_overlaps": 1, "01d651b761c45ba5af984ae7438ad936-unwrap_shear_5nN": 1, "01d651b761c45ba5af984ae7438ad936-equilibrate": 1, "01d651b761c45ba5af984ae7438ad936-get_interaction_energy_25nN": 1, "01d651b761c45ba5af984ae7438ad936-shear_25nN_rerun_grompp": 1, "01d651b761c45ba5af984ae7438ad936-log_interaction_energy_25nN": 1, "01d651b761c45ba5af984ae7438ad936-shear_25nN_grompp": 1, "01d651b761c45ba5af984ae7438ad936-log_tilt": 1, "01d651b761c45ba5af984ae7438ad936-log_S2": 1, "01d651b761c45ba5af984ae7438ad936-count_hydrogen_bonds": 1, "01d651b761c45ba5af984ae7438ad936-log_interaction_energy_15nN": 1, "01d651b761c45ba5af984ae7438ad936-shear_5nN": 1, "01d651b761c45ba5af984ae7438ad936-lammps_to_gmx": 1, "01d651b761c45ba5af984ae7438ad936-get_interaction_energy_15nN": 1, "01d651b761c45ba5af984ae7438ad936-shear_5nN_rerun": 1, "01d651b761c45ba5af984ae7438ad936-unwrap_shear_25nN": 1, "01d651b761c45ba5af984ae7438ad936-minimize": 1, "01d651b761c45ba5af984ae7438ad936-shear_5nN_rerun_grompp": 1, "01d651b761c45ba5af984ae7438ad936-shear_15nN_rerun_grompp": 1, "01d651b761c45ba5af984ae7438ad936-shear_15nN_grompp": 1, "01d651b761c45ba5af984ae7438ad936-compress_grompp": 1, "01d651b761c45ba5af984ae7438ad936-shear_5nN_extend_grompp": 1, "01d651b761c45ba5af984ae7438ad936-calc_interdigitation": 6, "01d651b761c45ba5af984ae7438ad936-shear_5nN_extend": 1, "01d651b761c45ba5af984ae7438ad936-shear_25nN": 1, "01d651b761c45ba5af984ae7438ad936-compress": 1, "01d651b761c45ba5af984ae7438ad936-calc_tilt_shear": 1, "01d651b761c45ba5af984ae7438ad936-log_cof": 1, "01d651b761c45ba5af984ae7438ad936-shear_5nN_grompp": 1, "01d651b761c45ba5af984ae7438ad936-shear_15nN_rerun": 1}, "shear_15nN_lj": [-1524.381471873701, 48.1675796575708], "shear_5nN_qq": [295.11505165867305, 10.227926456740855], "intercept": 0.9094819228372684, "polar_solvation_energy": -1.28}