{"shear_15nN_Etotal": [-4159.219667039968, 177.81129217086007], "molecular_weight": 45.0174, "shear_25nN_Etotal": [-4230.674714916867, 185.96016235464728], "surface_area": 64.71, "shear_15nN_qq": [-2079.2731702294163, 174.91343567826308], "enthalpy_vibrational": 87.35, "shear_5nN_qq": [-2197.3775620071942, 185.7791782801993], "tilt": {"5nN": 36.23448532161719, "25nN": 40.593187611357216, "15nN": 38.80057921176739}, "intercept": 6.45125584158324, "shear_25nN_lj": [-2147.76919303757, 64.63777408376656], "entropy_rotational": 87.93, "shear_5nN_lj": [-1928.864857627498, 70.9207543548768], "shear_25nN_qq": [-2082.9055218792964, 190.337030535583], "nonpolar_solvation_energy": 3.72, "total_solvation_energy": -32.72, "shear_15nN_lj": [-2079.9464968105517, 66.14227002107297], "shear_5nN_Etotal": [-4126.242419634692, 192.69776402118572], "interdigitation": {"5nN": 0.1341134275044039, "25nN": 0.13473580912624783, "15nN": 0.13821051307524024}, "entropy_vibrational": 7.1, "heat_capacity_vibrational": 15.26, "entropy_translational": 156.5, "status": {"32ba96afc3e66dd63be8b99a6384df8a-calc_roughness": 1, "32ba96afc3e66dd63be8b99a6384df8a-equilibrate": 1, "32ba96afc3e66dd63be8b99a6384df8a-unwrap_shear_25nN": 1, "32ba96afc3e66dd63be8b99a6384df8a-minimize": 1, "32ba96afc3e66dd63be8b99a6384df8a-get_interaction_energy_25nN": 1, "32ba96afc3e66dd63be8b99a6384df8a-shear_5nN_extend": 1, "32ba96afc3e66dd63be8b99a6384df8a-shear_5nN_rerun_grompp": 1, "32ba96afc3e66dd63be8b99a6384df8a-shear_25nN_extend": 1, "32ba96afc3e66dd63be8b99a6384df8a-shear_15nN": 1, "32ba96afc3e66dd63be8b99a6384df8a-compress_grompp": 1, "32ba96afc3e66dd63be8b99a6384df8a-unwrap_shear_5nN": 1, "32ba96afc3e66dd63be8b99a6384df8a-fix_overlaps": 1, "32ba96afc3e66dd63be8b99a6384df8a-shear_25nN_rerun": 1, "32ba96afc3e66dd63be8b99a6384df8a-shear_25nN_extend_grompp": 1, "32ba96afc3e66dd63be8b99a6384df8a-shear_5nN_rerun": 1, "32ba96afc3e66dd63be8b99a6384df8a-equilibrate_grompp": 1, "32ba96afc3e66dd63be8b99a6384df8a-log_interaction_energy_25nN": 1, "32ba96afc3e66dd63be8b99a6384df8a-log_cof": 1, "32ba96afc3e66dd63be8b99a6384df8a-log_interaction_energy_5nN": 1, "32ba96afc3e66dd63be8b99a6384df8a-count_hydrogen_bonds": 1, "32ba96afc3e66dd63be8b99a6384df8a-top_to_mol2": 1, "32ba96afc3e66dd63be8b99a6384df8a-shear_15nN_rerun_grompp": 1, "32ba96afc3e66dd63be8b99a6384df8a-unwrap_shear_15nN": 1, "32ba96afc3e66dd63be8b99a6384df8a-initialize": 1, "32ba96afc3e66dd63be8b99a6384df8a-shear_15nN_rerun": 1, "32ba96afc3e66dd63be8b99a6384df8a-log_S2": 1, "32ba96afc3e66dd63be8b99a6384df8a-shear_15nN_extend_grompp": 1, "32ba96afc3e66dd63be8b99a6384df8a-shear_5nN": 1, "32ba96afc3e66dd63be8b99a6384df8a-shear_5nN_extend_grompp": 1, "32ba96afc3e66dd63be8b99a6384df8a-compress": 1, "32ba96afc3e66dd63be8b99a6384df8a-get_interaction_energy_5nN": 1, "32ba96afc3e66dd63be8b99a6384df8a-log_tilt": 1, "32ba96afc3e66dd63be8b99a6384df8a-calc_friction": 1, "32ba96afc3e66dd63be8b99a6384df8a-get_interaction_energy_15nN": 1, "32ba96afc3e66dd63be8b99a6384df8a-shear_5nN_grompp": 1, "32ba96afc3e66dd63be8b99a6384df8a-calc_S2_shear": 1, "32ba96afc3e66dd63be8b99a6384df8a-shear_15nN_grompp": 1, "32ba96afc3e66dd63be8b99a6384df8a-lammps_to_gmx": 1, "32ba96afc3e66dd63be8b99a6384df8a-shear_25nN_grompp": 1, "32ba96afc3e66dd63be8b99a6384df8a-shear_25nN": 1, "32ba96afc3e66dd63be8b99a6384df8a-shear_15nN_extend": 1, "32ba96afc3e66dd63be8b99a6384df8a-calc_tilt_shear": 1, "32ba96afc3e66dd63be8b99a6384df8a-shear_25nN_rerun_grompp": 1, "32ba96afc3e66dd63be8b99a6384df8a-minimize_grompp": 1, "32ba96afc3e66dd63be8b99a6384df8a-log_interaction_energy_15nN": 1, "32ba96afc3e66dd63be8b99a6384df8a-calc_interdigitation": 1}, "S2": {"5nN": 0.9444444257454851, "25nN": 0.9338045940706569, "15nN": 0.9393174383379603}, "polar_solvation_energy": -36.43, "COF": 0.14974873786888165, "roughness": {"5nN": 0.06276436803044957, "25nN": 0.06178369098698241, "15nN": 0.06057041682507548}, "dipole_moment": 4.81}