{"shear_15nN_Etotal": [-4260.697096808153, 186.42968509823436], "molecular_weight": 45.0174, "shear_25nN_Etotal": [-4235.067113796163, 187.38738971172543], "surface_area": 64.71, "shear_15nN_qq": [-2203.764221831335, 182.13306423424405], "enthalpy_vibrational": 87.35, "shear_5nN_qq": [-2219.6557019080738, 181.5542786128796], "tilt": {"5nN": 38.15542977283434, "25nN": 41.88644647603032, "15nN": 40.55972056911013}, "intercept": 6.165185465241241, "shear_25nN_lj": [-2141.6112866538774, 69.01707903824125], "entropy_rotational": 87.93, "shear_5nN_lj": [-1915.546487421263, 67.94896530469983], "shear_25nN_qq": [-2093.455827142286, 184.08983082072], "nonpolar_solvation_energy": 3.72, "total_solvation_energy": -32.72, "shear_15nN_lj": [-2056.9328749768188, 67.8292426763678], "shear_5nN_Etotal": [-4135.202189329337, 182.6304250074977], "interdigitation": {"5nN": 0.11908065091923277, "25nN": 0.13568233101209437, "15nN": 0.13009552942317942}, "entropy_vibrational": 7.1, "heat_capacity_vibrational": 15.26, "entropy_translational": 156.5, "roughness": {"5nN": 0.05617468492236361, "25nN": 0.06041981809061769, "15nN": 0.05695410337287217}, "S2": {"5nN": 0.9623625326383275, "25nN": 0.9551316313709766, "15nN": 0.9611954259754187}, "dipole_moment": 4.81, "COF": 0.1284002182848279, "status": {"504a6a51e5760d579e1d0d0f6b174213-shear_25nN_rerun": 1, "504a6a51e5760d579e1d0d0f6b174213-calc_interdigitation": 1, "504a6a51e5760d579e1d0d0f6b174213-shear_5nN_extend": 1, "504a6a51e5760d579e1d0d0f6b174213-calc_tilt_shear": 1, "504a6a51e5760d579e1d0d0f6b174213-get_interaction_energy_25nN": 1, "504a6a51e5760d579e1d0d0f6b174213-initialize": 1, "504a6a51e5760d579e1d0d0f6b174213-shear_15nN_extend": 1, "504a6a51e5760d579e1d0d0f6b174213-log_S2": 1, "504a6a51e5760d579e1d0d0f6b174213-minimize_grompp": 1, "504a6a51e5760d579e1d0d0f6b174213-log_cof": 1, "504a6a51e5760d579e1d0d0f6b174213-compress": 1, "504a6a51e5760d579e1d0d0f6b174213-shear_25nN_grompp": 1, "504a6a51e5760d579e1d0d0f6b174213-log_interaction_energy_25nN": 1, "504a6a51e5760d579e1d0d0f6b174213-top_to_mol2": 1, "504a6a51e5760d579e1d0d0f6b174213-calc_friction": 1, "504a6a51e5760d579e1d0d0f6b174213-shear_5nN_grompp": 1, "504a6a51e5760d579e1d0d0f6b174213-log_tilt": 1, "504a6a51e5760d579e1d0d0f6b174213-equilibrate_grompp": 1, "504a6a51e5760d579e1d0d0f6b174213-log_interaction_energy_15nN": 1, "504a6a51e5760d579e1d0d0f6b174213-calc_roughness": 1, "504a6a51e5760d579e1d0d0f6b174213-shear_25nN": 1, "504a6a51e5760d579e1d0d0f6b174213-compress_grompp": 1, "504a6a51e5760d579e1d0d0f6b174213-log_interaction_energy_5nN": 1, "504a6a51e5760d579e1d0d0f6b174213-minimize": 1, "504a6a51e5760d579e1d0d0f6b174213-equilibrate": 1, "504a6a51e5760d579e1d0d0f6b174213-get_interaction_energy_15nN": 1, "504a6a51e5760d579e1d0d0f6b174213-count_hydrogen_bonds": 1, "504a6a51e5760d579e1d0d0f6b174213-shear_15nN_extend_grompp": 1, "504a6a51e5760d579e1d0d0f6b174213-shear_15nN_grompp": 1, "504a6a51e5760d579e1d0d0f6b174213-unwrap_shear_5nN": 1, "504a6a51e5760d579e1d0d0f6b174213-shear_5nN_rerun": 1, "504a6a51e5760d579e1d0d0f6b174213-shear_5nN_extend_grompp": 1, "504a6a51e5760d579e1d0d0f6b174213-shear_15nN_rerun": 1, "504a6a51e5760d579e1d0d0f6b174213-unwrap_shear_25nN": 1, "504a6a51e5760d579e1d0d0f6b174213-shear_25nN_extend": 1, "504a6a51e5760d579e1d0d0f6b174213-calc_S2_shear": 1, "504a6a51e5760d579e1d0d0f6b174213-shear_15nN_rerun_grompp": 1, "504a6a51e5760d579e1d0d0f6b174213-shear_15nN": 1, "504a6a51e5760d579e1d0d0f6b174213-lammps_to_gmx": 1, "504a6a51e5760d579e1d0d0f6b174213-unwrap_shear_15nN": 1, "504a6a51e5760d579e1d0d0f6b174213-shear_25nN_extend_grompp": 1, "504a6a51e5760d579e1d0d0f6b174213-shear_25nN_rerun_grompp": 1, "504a6a51e5760d579e1d0d0f6b174213-shear_5nN_rerun_grompp": 1, "504a6a51e5760d579e1d0d0f6b174213-fix_overlaps": 1, "504a6a51e5760d579e1d0d0f6b174213-get_interaction_energy_5nN": 1, "504a6a51e5760d579e1d0d0f6b174213-shear_5nN": 1}, "polar_solvation_energy": -36.43}