{"enthalpy_vibrational": 263.87, "shear_5nN_Etotal": [-1304.5546834940048, 54.8047582395413], "heat_capacity_vibrational": 48.68, "entropy_vibrational": 20.79, "interdigitation": {"25nN": 0.08466881007121627, "5nN": 0.08605296439313274, "15nN": 0.08881341892392444}, "polar_solvation_energy": -4.89, "shear_15nN_qq": [267.8768164388489, 21.858531473824048], "nonpolar_solvation_energy": 6.77, "molecular_weight": 77.1037, "shear_15nN_Etotal": [-1492.551792430056, 54.96346243511039], "roughness": {"25nN": 0.046892749605116406, "5nN": 0.049797669294186823, "15nN": 0.050115438753208}, "tilt": {"25nN": 33.3452389734514, "5nN": 26.913522688164868, "15nN": 31.14112715150637}, "shear_15nN_lj": [-1760.4286088689046, 50.215522770116195], "surface_area": 93.44, "total_solvation_energy": 1.89, "dipole_moment": 0.0, "entropy_rotational": 107.29, "shear_25nN_lj": [-1844.6515499416469, 48.1917753010464], "shear_25nN_qq": [287.2283723117506, 25.08629480731818], "ch3-smiles": "CC1=CC=CC=C1", "status": {"5fa890ebce224bfabcaa3d3481f46979-shear_15nN_rerun": 1, "5fa890ebce224bfabcaa3d3481f46979-shear_15nN_rerun_grompp": 1, "5fa890ebce224bfabcaa3d3481f46979-count_hydrogen_bonds": 1, "5fa890ebce224bfabcaa3d3481f46979-shear_15nN_grompp": 1, "5fa890ebce224bfabcaa3d3481f46979-shear_15nN": 1, "5fa890ebce224bfabcaa3d3481f46979-calc_S2_shear": 1, "5fa890ebce224bfabcaa3d3481f46979-equilibrate": 1, "5fa890ebce224bfabcaa3d3481f46979-initialize": 1, "5fa890ebce224bfabcaa3d3481f46979-log_cof": 1, "5fa890ebce224bfabcaa3d3481f46979-fix_overlaps": 1, "5fa890ebce224bfabcaa3d3481f46979-unwrap_shear_5nN": 1, "5fa890ebce224bfabcaa3d3481f46979-shear_25nN": 1, "5fa890ebce224bfabcaa3d3481f46979-calc_tilt_shear": 1, "5fa890ebce224bfabcaa3d3481f46979-shear_5nN_extend": 1, "5fa890ebce224bfabcaa3d3481f46979-shear_5nN_rerun_grompp": 1, "5fa890ebce224bfabcaa3d3481f46979-shear_5nN": 1, "5fa890ebce224bfabcaa3d3481f46979-calc_roughness": 1, "5fa890ebce224bfabcaa3d3481f46979-shear_15nN_extend_grompp": 1, "5fa890ebce224bfabcaa3d3481f46979-shear_25nN_rerun": 1, "5fa890ebce224bfabcaa3d3481f46979-minimize": 1, "5fa890ebce224bfabcaa3d3481f46979-log_S2": 1, "5fa890ebce224bfabcaa3d3481f46979-log_interaction_energy_25nN": 1, "5fa890ebce224bfabcaa3d3481f46979-log_tilt": 1, "5fa890ebce224bfabcaa3d3481f46979-calc_friction": 1, "5fa890ebce224bfabcaa3d3481f46979-shear_25nN_rerun_grompp": 1, "5fa890ebce224bfabcaa3d3481f46979-calc_interdigitation": 6, "5fa890ebce224bfabcaa3d3481f46979-lammps_to_gmx": 1, "5fa890ebce224bfabcaa3d3481f46979-compress": 1, "5fa890ebce224bfabcaa3d3481f46979-log_interaction_energy_5nN": 1, "5fa890ebce224bfabcaa3d3481f46979-get_interaction_energy_15nN": 1, "5fa890ebce224bfabcaa3d3481f46979-shear_5nN_rerun": 1, "5fa890ebce224bfabcaa3d3481f46979-log_interaction_energy_15nN": 1, "5fa890ebce224bfabcaa3d3481f46979-unwrap_shear_15nN": 1, "5fa890ebce224bfabcaa3d3481f46979-shear_5nN_grompp": 1, "5fa890ebce224bfabcaa3d3481f46979-minimize_grompp": 1, "5fa890ebce224bfabcaa3d3481f46979-shear_5nN_extend_grompp": 1, "5fa890ebce224bfabcaa3d3481f46979-top_to_mol2": 1, "5fa890ebce224bfabcaa3d3481f46979-get_interaction_energy_5nN": 1, "5fa890ebce224bfabcaa3d3481f46979-compress_grompp": 1, "5fa890ebce224bfabcaa3d3481f46979-equilibrate_grompp": 1, "5fa890ebce224bfabcaa3d3481f46979-shear_25nN_extend": 1, "5fa890ebce224bfabcaa3d3481f46979-shear_15nN_extend": 1, "5fa890ebce224bfabcaa3d3481f46979-shear_25nN_grompp": 1, "5fa890ebce224bfabcaa3d3481f46979-get_interaction_energy_25nN": 1, "5fa890ebce224bfabcaa3d3481f46979-unwrap_shear_25nN": 1, "5fa890ebce224bfabcaa3d3481f46979-shear_25nN_extend_grompp": 1}, "shear_25nN_Etotal": [-1557.4231776298961, 53.31189969997499], "intercept": 1.393565104339808, "shear_5nN_qq": [263.23946341806555, 18.93948634791212], "COF": 0.1313575365589763, "chain-smiles": "CCCCCCCCCCCCCCCCCC1=CC=CC=C1", "shear_5nN_lj": [-1567.7941469120703, 50.575043532666484], "h-smiles": "C1=CC=CC=C1", "entropy_translational": 163.09, "S2": {"25nN": 0.8192861575808399, "5nN": 0.8245891728024499, "15nN": 0.8072310379316137}}