{"shear_25nN_qq": [-1727.6848537761791, 178.29384549573012], "shear_25nN_lj": [-2134.3060410023977, 68.13335431704039], "enthalpy_vibrational": 87.35, "surface_area": 64.71, "shear_5nN_qq": [-1918.4061740927255, 202.76609807984383], "COF": 0.15655220890544397, "nonpolar_solvation_energy": 3.72, "shear_5nN_Etotal": [-3827.050109804956, 202.84133680064198], "status": {"9af8105f50d4d77f9f62c8a3447734b2-compress_grompp": 1, "9af8105f50d4d77f9f62c8a3447734b2-shear_25nN": 1, "9af8105f50d4d77f9f62c8a3447734b2-equilibrate": 1, "9af8105f50d4d77f9f62c8a3447734b2-shear_25nN_extend": 1, "9af8105f50d4d77f9f62c8a3447734b2-log_interaction_energy_15nN": 1, "9af8105f50d4d77f9f62c8a3447734b2-shear_25nN_rerun_grompp": 1, "9af8105f50d4d77f9f62c8a3447734b2-initialize": 1, "9af8105f50d4d77f9f62c8a3447734b2-minimize_grompp": 1, "9af8105f50d4d77f9f62c8a3447734b2-shear_25nN_extend_grompp": 1, "9af8105f50d4d77f9f62c8a3447734b2-unwrap_shear_25nN": 1, "9af8105f50d4d77f9f62c8a3447734b2-count_hydrogen_bonds": 1, "9af8105f50d4d77f9f62c8a3447734b2-get_interaction_energy_5nN": 1, "9af8105f50d4d77f9f62c8a3447734b2-shear_25nN_rerun": 1, "9af8105f50d4d77f9f62c8a3447734b2-shear_15nN_grompp": 1, "9af8105f50d4d77f9f62c8a3447734b2-shear_25nN_grompp": 1, "9af8105f50d4d77f9f62c8a3447734b2-log_S2": 1, "9af8105f50d4d77f9f62c8a3447734b2-shear_5nN": 1, "9af8105f50d4d77f9f62c8a3447734b2-log_interaction_energy_25nN": 1, "9af8105f50d4d77f9f62c8a3447734b2-fix_overlaps": 1, "9af8105f50d4d77f9f62c8a3447734b2-get_interaction_energy_15nN": 1, "9af8105f50d4d77f9f62c8a3447734b2-unwrap_shear_5nN": 1, "9af8105f50d4d77f9f62c8a3447734b2-top_to_mol2": 1, "9af8105f50d4d77f9f62c8a3447734b2-shear_15nN_rerun_grompp": 1, "9af8105f50d4d77f9f62c8a3447734b2-shear_5nN_extend_grompp": 1, "9af8105f50d4d77f9f62c8a3447734b2-equilibrate_grompp": 1, "9af8105f50d4d77f9f62c8a3447734b2-calc_S2_shear": 1, "9af8105f50d4d77f9f62c8a3447734b2-compress": 1, "9af8105f50d4d77f9f62c8a3447734b2-log_tilt": 1, "9af8105f50d4d77f9f62c8a3447734b2-shear_15nN_rerun": 1, "9af8105f50d4d77f9f62c8a3447734b2-shear_5nN_grompp": 1, "9af8105f50d4d77f9f62c8a3447734b2-shear_15nN_extend_grompp": 1, "9af8105f50d4d77f9f62c8a3447734b2-shear_15nN": 1, "9af8105f50d4d77f9f62c8a3447734b2-calc_roughness": 1, "9af8105f50d4d77f9f62c8a3447734b2-calc_tilt_shear": 1, "9af8105f50d4d77f9f62c8a3447734b2-shear_5nN_rerun_grompp": 1, "9af8105f50d4d77f9f62c8a3447734b2-shear_5nN_rerun": 1, "9af8105f50d4d77f9f62c8a3447734b2-log_cof": 1, "9af8105f50d4d77f9f62c8a3447734b2-log_interaction_energy_5nN": 1, "9af8105f50d4d77f9f62c8a3447734b2-calc_friction": 1, "9af8105f50d4d77f9f62c8a3447734b2-get_interaction_energy_25nN": 1, "9af8105f50d4d77f9f62c8a3447734b2-lammps_to_gmx": 1, "9af8105f50d4d77f9f62c8a3447734b2-shear_5nN_extend": 1, "9af8105f50d4d77f9f62c8a3447734b2-calc_interdigitation": 1, "9af8105f50d4d77f9f62c8a3447734b2-shear_15nN_extend": 1, "9af8105f50d4d77f9f62c8a3447734b2-unwrap_shear_15nN": 1, "9af8105f50d4d77f9f62c8a3447734b2-minimize": 1}, "shear_15nN_qq": [-1792.1923108928856, 193.376973911037], "interdigitation": {"15nN": 0.11383314875636175, "25nN": 0.11224132111616866, "5nN": 0.11435612319368112}, "total_solvation_energy": -32.72, "entropy_vibrational": 7.1, "roughness": {"15nN": 0.04910547679232034, "25nN": 0.04864261743723072, "5nN": 0.05250590280118609}, "S2": {"15nN": 0.8649873658715141, "25nN": 0.8795484253065613, "5nN": 0.885295457171481}, "entropy_rotational": 87.93, "polar_solvation_energy": -36.43, "shear_5nN_lj": [-1908.6439357122301, 65.64151681833867], "entropy_translational": 156.5, "tilt": {"15nN": 35.48917617494352, "25nN": 36.613211837417566, "5nN": 31.06767838771229}, "dipole_moment": 4.81, "heat_capacity_vibrational": 15.26, "shear_25nN_Etotal": [-3861.990894778577, 178.71583117009936], "intercept": 6.508357393455187, "shear_15nN_lj": [-2059.464755729017, 65.43723098478738], "molecular_weight": 45.0174, "shear_15nN_Etotal": [-3851.6570666219027, 200.68033353348218]}