{"total_solvation_energy": -32.72, "shear_5nN_Etotal": [-4064.158928132694, 187.3868699476639], "surface_area": 64.71, "entropy_rotational": 87.93, "roughness": {"25nN": 0.04401633403515399, "5nN": 0.046266060045742255, "15nN": 0.04889678019124638}, "shear_25nN_lj": [-2154.6024108393285, 63.46370963065569], "shear_25nN_qq": [-2023.430464618705, 169.8147161576864], "enthalpy_vibrational": 87.35, "intercept": 6.248980253155456, "polar_solvation_energy": -36.43, "entropy_vibrational": 7.1, "shear_5nN_qq": [-2118.2168337490007, 181.38829438066094], "tilt": {"25nN": 41.17159357399557, "5nN": 37.48723831567375, "15nN": 39.45562801367458}, "molecular_weight": 45.0174, "S2": {"25nN": 0.9618580035046589, "5nN": 0.9656979955695273, "15nN": 0.9596144743763878}, "nonpolar_solvation_energy": 3.72, "shear_15nN_Etotal": [-4132.817106655475, 186.73130544206617], "shear_5nN_lj": [-1945.942094383693, 67.16550390100213], "dipole_moment": 4.81, "shear_15nN_lj": [-2084.8561279744204, 65.24734244174239], "shear_15nN_qq": [-2047.9609786810552, 185.42726145528482], "interdigitation": {"25nN": 0.10836941576649091, "5nN": 0.10447549828847555, "15nN": 0.11754127171690906}, "status": {"ad99f85f22c58c9730b277bff6619d9e-get_interaction_energy_15nN": 1, "ad99f85f22c58c9730b277bff6619d9e-calc_tilt_shear": 1, "ad99f85f22c58c9730b277bff6619d9e-shear_15nN": 1, "ad99f85f22c58c9730b277bff6619d9e-calc_roughness": 1, "ad99f85f22c58c9730b277bff6619d9e-shear_15nN_grompp": 1, "ad99f85f22c58c9730b277bff6619d9e-unwrap_shear_15nN": 1, "ad99f85f22c58c9730b277bff6619d9e-fix_overlaps": 1, "ad99f85f22c58c9730b277bff6619d9e-log_interaction_energy_25nN": 1, "ad99f85f22c58c9730b277bff6619d9e-shear_5nN_rerun": 1, "ad99f85f22c58c9730b277bff6619d9e-calc_S2_shear": 1, "ad99f85f22c58c9730b277bff6619d9e-compress": 1, "ad99f85f22c58c9730b277bff6619d9e-shear_5nN_extend": 1, "ad99f85f22c58c9730b277bff6619d9e-shear_25nN": 1, "ad99f85f22c58c9730b277bff6619d9e-log_interaction_energy_5nN": 1, "ad99f85f22c58c9730b277bff6619d9e-top_to_mol2": 1, "ad99f85f22c58c9730b277bff6619d9e-calc_friction": 1, "ad99f85f22c58c9730b277bff6619d9e-compress_grompp": 1, "ad99f85f22c58c9730b277bff6619d9e-log_interaction_energy_15nN": 1, "ad99f85f22c58c9730b277bff6619d9e-shear_15nN_extend_grompp": 1, "ad99f85f22c58c9730b277bff6619d9e-shear_25nN_extend_grompp": 1, "ad99f85f22c58c9730b277bff6619d9e-shear_5nN": 1, "ad99f85f22c58c9730b277bff6619d9e-shear_5nN_rerun_grompp": 1, "ad99f85f22c58c9730b277bff6619d9e-shear_15nN_rerun_grompp": 1, "ad99f85f22c58c9730b277bff6619d9e-calc_interdigitation": 6, "ad99f85f22c58c9730b277bff6619d9e-unwrap_shear_25nN": 1, "ad99f85f22c58c9730b277bff6619d9e-log_S2": 1, "ad99f85f22c58c9730b277bff6619d9e-minimize": 1, "ad99f85f22c58c9730b277bff6619d9e-get_interaction_energy_5nN": 1, "ad99f85f22c58c9730b277bff6619d9e-log_cof": 1, "ad99f85f22c58c9730b277bff6619d9e-shear_15nN_extend": 1, "ad99f85f22c58c9730b277bff6619d9e-log_tilt": 1, "ad99f85f22c58c9730b277bff6619d9e-shear_25nN_extend": 1, "ad99f85f22c58c9730b277bff6619d9e-equilibrate": 1, "ad99f85f22c58c9730b277bff6619d9e-lammps_to_gmx": 1, "ad99f85f22c58c9730b277bff6619d9e-initialize": 1, "ad99f85f22c58c9730b277bff6619d9e-count_hydrogen_bonds": 1, "ad99f85f22c58c9730b277bff6619d9e-shear_5nN_extend_grompp": 1, "ad99f85f22c58c9730b277bff6619d9e-minimize_grompp": 1, "ad99f85f22c58c9730b277bff6619d9e-shear_25nN_grompp": 1, "ad99f85f22c58c9730b277bff6619d9e-shear_15nN_rerun": 1, "ad99f85f22c58c9730b277bff6619d9e-shear_25nN_rerun_grompp": 1, "ad99f85f22c58c9730b277bff6619d9e-shear_5nN_grompp": 1, "ad99f85f22c58c9730b277bff6619d9e-get_interaction_energy_25nN": 1, "ad99f85f22c58c9730b277bff6619d9e-unwrap_shear_5nN": 1, "ad99f85f22c58c9730b277bff6619d9e-shear_25nN_rerun": 1, "ad99f85f22c58c9730b277bff6619d9e-equilibrate_grompp": 1}, "shear_25nN_Etotal": [-4178.032875458033, 169.7180226820098], "heat_capacity_vibrational": 15.26, "entropy_translational": 156.5, "COF": 0.12584782669722855}