{"enthalpy_vibrational": 119.27, "shear_5nN_Etotal": [-1051.5814739848122, 42.77806667008983], "heat_capacity_vibrational": 2.25, "entropy_vibrational": 0.39, "interdigitation": {"25nN": 0.10311807297899699, "5nN": 0.10440549890059643, "15nN": 0.11356477488533417}, "polar_solvation_energy": -0.12, "shear_15nN_qq": [185.22911810471624, 11.349292752181514], "nonpolar_solvation_energy": 4.81, "molecular_weight": 15.0344, "shear_15nN_Etotal": [-1217.8857905627497, 43.62913308846403], "roughness": {"25nN": 0.052871670797394264, "5nN": 0.06353920684068542, "15nN": 0.059130341109407014}, "tilt": {"25nN": 39.71272568918102, "5nN": 33.850627590210095, "15nN": 37.14956081883791}, "shear_15nN_lj": [-1403.1149086674661, 44.47084294816777], "surface_area": 48.83, "total_solvation_energy": 4.69, "dipole_moment": 0.0, "entropy_rotational": 62.93, "shear_25nN_lj": [-1498.932664722622, 51.528497606919], "shear_25nN_qq": [216.29557633253398, 13.652644111627495], "ch3-smiles": "CC", "status": {"67092ecb77f775d5b6cc5e2b52a69773-shear_15nN_rerun_grompp": 1, "67092ecb77f775d5b6cc5e2b52a69773-log_S2": 1, "67092ecb77f775d5b6cc5e2b52a69773-shear_15nN_grompp": 1, "67092ecb77f775d5b6cc5e2b52a69773-shear_5nN_rerun_grompp": 1, "67092ecb77f775d5b6cc5e2b52a69773-calc_tilt_shear": 1, "67092ecb77f775d5b6cc5e2b52a69773-log_interaction_energy_5nN": 1, "67092ecb77f775d5b6cc5e2b52a69773-shear_15nN_rerun": 1, "67092ecb77f775d5b6cc5e2b52a69773-calc_interdigitation": 6, "67092ecb77f775d5b6cc5e2b52a69773-count_hydrogen_bonds": 1, "67092ecb77f775d5b6cc5e2b52a69773-shear_25nN": 1, "67092ecb77f775d5b6cc5e2b52a69773-shear_25nN_extend_grompp": 1, "67092ecb77f775d5b6cc5e2b52a69773-minimize_grompp": 1, "67092ecb77f775d5b6cc5e2b52a69773-unwrap_shear_25nN": 1, "67092ecb77f775d5b6cc5e2b52a69773-top_to_mol2": 1, "67092ecb77f775d5b6cc5e2b52a69773-get_interaction_energy_15nN": 1, "67092ecb77f775d5b6cc5e2b52a69773-unwrap_shear_5nN": 1, "67092ecb77f775d5b6cc5e2b52a69773-shear_15nN_extend": 1, "67092ecb77f775d5b6cc5e2b52a69773-get_interaction_energy_5nN": 1, "67092ecb77f775d5b6cc5e2b52a69773-get_interaction_energy_25nN": 1, "67092ecb77f775d5b6cc5e2b52a69773-minimize": 1, "67092ecb77f775d5b6cc5e2b52a69773-log_tilt": 1, "67092ecb77f775d5b6cc5e2b52a69773-shear_5nN": 1, "67092ecb77f775d5b6cc5e2b52a69773-calc_friction": 1, "67092ecb77f775d5b6cc5e2b52a69773-shear_5nN_extend": 1, "67092ecb77f775d5b6cc5e2b52a69773-shear_25nN_extend": 1, "67092ecb77f775d5b6cc5e2b52a69773-compress_grompp": 1, "67092ecb77f775d5b6cc5e2b52a69773-shear_5nN_rerun": 1, "67092ecb77f775d5b6cc5e2b52a69773-equilibrate_grompp": 1, "67092ecb77f775d5b6cc5e2b52a69773-shear_25nN_grompp": 1, "67092ecb77f775d5b6cc5e2b52a69773-calc_roughness": 1, "67092ecb77f775d5b6cc5e2b52a69773-shear_25nN_rerun_grompp": 1, "67092ecb77f775d5b6cc5e2b52a69773-unwrap_shear_15nN": 1, "67092ecb77f775d5b6cc5e2b52a69773-calc_S2_shear": 1, "67092ecb77f775d5b6cc5e2b52a69773-shear_25nN_rerun": 1, "67092ecb77f775d5b6cc5e2b52a69773-log_interaction_energy_25nN": 1, "67092ecb77f775d5b6cc5e2b52a69773-compress": 1, "67092ecb77f775d5b6cc5e2b52a69773-initialize": 1, "67092ecb77f775d5b6cc5e2b52a69773-equilibrate": 1, "67092ecb77f775d5b6cc5e2b52a69773-shear_15nN_extend_grompp": 1, "67092ecb77f775d5b6cc5e2b52a69773-log_interaction_energy_15nN": 1, "67092ecb77f775d5b6cc5e2b52a69773-log_cof": 1, "67092ecb77f775d5b6cc5e2b52a69773-shear_5nN_extend_grompp": 1, "67092ecb77f775d5b6cc5e2b52a69773-lammps_to_gmx": 1, "67092ecb77f775d5b6cc5e2b52a69773-fix_overlaps": 1, "67092ecb77f775d5b6cc5e2b52a69773-shear_15nN": 1, "67092ecb77f775d5b6cc5e2b52a69773-shear_5nN_grompp": 1}, "shear_25nN_Etotal": [-1282.637088390088, 47.83394989912917], "intercept": 0.6598772794115675, "shear_5nN_qq": [131.93768998321343, 10.200260907572689], "COF": 0.1612015267197402, "chain-smiles": "CCCCCCCCCCCCCCCCCC", "shear_5nN_lj": [-1183.5191639680256, 45.624274919987656], "h-smiles": "C", "entropy_translational": 143.35, "S2": {"25nN": 0.9611491092231229, "5nN": 0.9577206275069893, "15nN": 0.951847473359151}}