{"enthalpy_vibrational": 248.15, "shear_5nN_Etotal": [-2962.239690869704, 97.85746802308705], "heat_capacity_vibrational": 58.87, "entropy_vibrational": 30.51, "interdigitation": {"25nN": 0.18018071323176954, "5nN": 0.18643771826000544, "15nN": 0.18571976505981588}, "polar_solvation_energy": -7.83, "shear_15nN_qq": [-1571.0936426746603, 55.034024328533484], "nonpolar_solvation_energy": 14.09, "molecular_weight": 95.0942, "shear_15nN_Etotal": [-3162.0793320423663, 83.93619515817787], "roughness": {"25nN": 0.052446176912290914, "5nN": 0.055195880486753945, "15nN": 0.053424149219568125}, "tilt": {"25nN": 32.23882023080641, "5nN": 25.813954372997372, "15nN": 29.89835289387691}, "shear_15nN_lj": [-1590.9856893677058, 50.32345226530743], "surface_area": 96.58, "total_solvation_energy": 6.28, "dipole_moment": 2.03, "entropy_rotational": 112.71, "shear_25nN_lj": [-1662.2678064620302, 51.75634015010808], "shear_25nN_qq": [-1597.5553943597122, 57.96742431522469], "ch3-smiles": "CC1=CC=C(F)C=C1", "status": {"e93491307045f7ed024184786a0941ab-calc_tilt_shear": 1, "e93491307045f7ed024184786a0941ab-equilibrate_grompp": 1, "e93491307045f7ed024184786a0941ab-shear_25nN_grompp": 1, "e93491307045f7ed024184786a0941ab-shear_15nN_rerun": 1, "e93491307045f7ed024184786a0941ab-log_tilt": 1, "e93491307045f7ed024184786a0941ab-shear_25nN_rerun_grompp": 1, "e93491307045f7ed024184786a0941ab-compress_grompp": 1, "e93491307045f7ed024184786a0941ab-unwrap_shear_15nN": 1, "e93491307045f7ed024184786a0941ab-log_interaction_energy_25nN": 1, "e93491307045f7ed024184786a0941ab-unwrap_shear_5nN": 1, "e93491307045f7ed024184786a0941ab-shear_5nN": 1, "e93491307045f7ed024184786a0941ab-shear_15nN_extend_grompp": 1, "e93491307045f7ed024184786a0941ab-unwrap_shear_25nN": 1, "e93491307045f7ed024184786a0941ab-get_interaction_energy_25nN": 1, "e93491307045f7ed024184786a0941ab-count_hydrogen_bonds": 1, "e93491307045f7ed024184786a0941ab-shear_25nN": 1, "e93491307045f7ed024184786a0941ab-get_interaction_energy_15nN": 1, "e93491307045f7ed024184786a0941ab-shear_5nN_rerun_grompp": 1, "e93491307045f7ed024184786a0941ab-shear_15nN_rerun_grompp": 1, "e93491307045f7ed024184786a0941ab-top_to_mol2": 1, "e93491307045f7ed024184786a0941ab-shear_5nN_extend_grompp": 1, "e93491307045f7ed024184786a0941ab-minimize": 1, "e93491307045f7ed024184786a0941ab-shear_5nN_rerun": 1, "e93491307045f7ed024184786a0941ab-shear_15nN_grompp": 1, "e93491307045f7ed024184786a0941ab-log_S2": 1, "e93491307045f7ed024184786a0941ab-shear_25nN_extend": 1, "e93491307045f7ed024184786a0941ab-equilibrate": 1, "e93491307045f7ed024184786a0941ab-shear_5nN_extend": 1, "e93491307045f7ed024184786a0941ab-log_cof": 1, "e93491307045f7ed024184786a0941ab-calc_roughness": 1, "e93491307045f7ed024184786a0941ab-shear_15nN_extend": 1, "e93491307045f7ed024184786a0941ab-log_interaction_energy_5nN": 1, "e93491307045f7ed024184786a0941ab-compress": 1, "e93491307045f7ed024184786a0941ab-shear_25nN_rerun": 1, "e93491307045f7ed024184786a0941ab-calc_interdigitation": 6, "e93491307045f7ed024184786a0941ab-calc_friction": 1, "e93491307045f7ed024184786a0941ab-fix_overlaps": 1, "e93491307045f7ed024184786a0941ab-log_interaction_energy_15nN": 1, "e93491307045f7ed024184786a0941ab-shear_15nN": 1, "e93491307045f7ed024184786a0941ab-shear_5nN_grompp": 1, "e93491307045f7ed024184786a0941ab-shear_25nN_extend_grompp": 1, "e93491307045f7ed024184786a0941ab-initialize": 1, "e93491307045f7ed024184786a0941ab-get_interaction_energy_5nN": 1, "e93491307045f7ed024184786a0941ab-lammps_to_gmx": 1, "e93491307045f7ed024184786a0941ab-minimize_grompp": 1, "e93491307045f7ed024184786a0941ab-calc_S2_shear": 1}, "shear_25nN_Etotal": [-3259.8232008217424, 85.70883406845775], "intercept": 2.300715779850032, "shear_5nN_qq": [-1545.9269254476417, 56.15247161483857], "COF": 0.1480488224586693, "chain-smiles": "CCCCCCCCCCCCCCCCCC1=CC=C(F)C=C1", "shear_5nN_lj": [-1416.3127654220623, 53.900472418014175], "h-smiles": "C1=CC=C(F)C=C1", "entropy_translational": 165.68, "S2": {"25nN": 0.7731814418856222, "5nN": 0.7735508568416888, "15nN": 0.7772513082218502}}