{"enthalpy_vibrational": 43.98, "shear_5nN_Etotal": [-2497.2083817913667, 157.96723120356046], "heat_capacity_vibrational": 4.71, "entropy_vibrational": 1.39, "interdigitation": {"25nN": 0.12155314880951504, "5nN": 0.13069902212009807, "15nN": 0.11725849536824157}, "polar_solvation_energy": -17.95, "shear_15nN_qq": [-1029.519607119904, 119.46140131810384], "nonpolar_solvation_energy": 9.82, "molecular_weight": 26.0174, "shear_15nN_Etotal": [-2471.378205596323, 133.66609768406167], "roughness": {"25nN": 0.05471337523485133, "5nN": 0.060081904059778, "15nN": 0.06067806027374259}, "tilt": {"25nN": 40.239927286467356, "5nN": 35.632920937631965, "15nN": 38.29902613114389}, "shear_15nN_lj": [-1441.8585984764188, 44.93611906141617], "surface_area": 55.12, "total_solvation_energy": -8.13, "dipole_moment": 3.41, "entropy_rotational": 49.42, "shear_25nN_lj": [-1509.3845273341326, 47.0480841591667], "shear_5nN_lj": [-1341.0497310279775, 47.45544923486815], "status": {"a1abdd6effcdfdce3b2c87b6007773f0-minimize_grompp": 1, "a1abdd6effcdfdce3b2c87b6007773f0-shear_25nN_extend_grompp": 1, "a1abdd6effcdfdce3b2c87b6007773f0-calc_interdigitation": 6, "a1abdd6effcdfdce3b2c87b6007773f0-shear_15nN_rerun": 1, "a1abdd6effcdfdce3b2c87b6007773f0-calc_friction": 1, "a1abdd6effcdfdce3b2c87b6007773f0-shear_25nN_grompp": 1, "a1abdd6effcdfdce3b2c87b6007773f0-shear_15nN_grompp": 1, "a1abdd6effcdfdce3b2c87b6007773f0-log_interaction_energy_25nN": 1, "a1abdd6effcdfdce3b2c87b6007773f0-log_interaction_energy_15nN": 1, "a1abdd6effcdfdce3b2c87b6007773f0-fix_overlaps": 1, "a1abdd6effcdfdce3b2c87b6007773f0-unwrap_shear_25nN": 1, "a1abdd6effcdfdce3b2c87b6007773f0-log_cof": 1, "a1abdd6effcdfdce3b2c87b6007773f0-shear_25nN_extend": 1, "a1abdd6effcdfdce3b2c87b6007773f0-shear_15nN_rerun_grompp": 1, "a1abdd6effcdfdce3b2c87b6007773f0-log_S2": 1, "a1abdd6effcdfdce3b2c87b6007773f0-top_to_mol2": 1, "a1abdd6effcdfdce3b2c87b6007773f0-compress_grompp": 1, "a1abdd6effcdfdce3b2c87b6007773f0-calc_roughness": 1, "a1abdd6effcdfdce3b2c87b6007773f0-minimize": 1, "a1abdd6effcdfdce3b2c87b6007773f0-lammps_to_gmx": 1, "a1abdd6effcdfdce3b2c87b6007773f0-shear_5nN_extend_grompp": 1, "a1abdd6effcdfdce3b2c87b6007773f0-shear_5nN_rerun": 1, "a1abdd6effcdfdce3b2c87b6007773f0-shear_25nN_rerun": 1, "a1abdd6effcdfdce3b2c87b6007773f0-equilibrate": 1, "a1abdd6effcdfdce3b2c87b6007773f0-shear_5nN": 1, "a1abdd6effcdfdce3b2c87b6007773f0-get_interaction_energy_15nN": 1, "a1abdd6effcdfdce3b2c87b6007773f0-calc_tilt_shear": 1, "a1abdd6effcdfdce3b2c87b6007773f0-shear_15nN_extend_grompp": 1, "a1abdd6effcdfdce3b2c87b6007773f0-shear_15nN": 1, "a1abdd6effcdfdce3b2c87b6007773f0-count_hydrogen_bonds": 1, "a1abdd6effcdfdce3b2c87b6007773f0-shear_5nN_grompp": 1, "a1abdd6effcdfdce3b2c87b6007773f0-shear_15nN_extend": 1, "a1abdd6effcdfdce3b2c87b6007773f0-log_tilt": 1, "a1abdd6effcdfdce3b2c87b6007773f0-shear_5nN_extend": 1, "a1abdd6effcdfdce3b2c87b6007773f0-shear_5nN_rerun_grompp": 1, "a1abdd6effcdfdce3b2c87b6007773f0-compress": 1, "a1abdd6effcdfdce3b2c87b6007773f0-initialize": 1, "a1abdd6effcdfdce3b2c87b6007773f0-unwrap_shear_15nN": 1, "a1abdd6effcdfdce3b2c87b6007773f0-shear_25nN": 1, "a1abdd6effcdfdce3b2c87b6007773f0-get_interaction_energy_25nN": 1, "a1abdd6effcdfdce3b2c87b6007773f0-equilibrate_grompp": 1, "a1abdd6effcdfdce3b2c87b6007773f0-shear_25nN_rerun_grompp": 1, "a1abdd6effcdfdce3b2c87b6007773f0-calc_S2_shear": 1, "a1abdd6effcdfdce3b2c87b6007773f0-unwrap_shear_5nN": 1, "a1abdd6effcdfdce3b2c87b6007773f0-get_interaction_energy_5nN": 1, "a1abdd6effcdfdce3b2c87b6007773f0-log_interaction_energy_5nN": 1}, "shear_25nN_Etotal": [-2702.518078270983, 147.13351565908678], "shear_25nN_qq": [-1193.1335509368505, 137.38892368660078], "ch3-smiles": "CC#N", "intercept": 2.0277773831670136, "shear_5nN_qq": [-1156.1586507633895, 136.02015638349917], "COF": 0.10678479492934437, "chain-smiles": "CCCCCCCCCCCCCCCCCC#N", "h-smiles": "C#N", "entropy_translational": 149.86, "S2": {"25nN": 0.9588589600772295, "5nN": 0.9664118515223976, "15nN": 0.9651524177652973}}