{"MR":31.179,"asphericity":0.349168,"balabanj":3.680736,"bertzct":375.426816,"chi0":11.964102,"chi0n":11.5,"chi0v":3.5,"chi1":6.675426,"chi1n":5.75,"chi1v":1.75,"chi2n":1.0,"chi2v":1.0,"chi3n":0.5,"chi3v":0.5,"chi4n":0.25,"chi4v":0.25,"e-valence":36.0,"eccentricity":0.949028,"hk-alpha":-0.78,"hk-kappa1":0.83817,"hk-kappa2":1.783286,"hk-kappa3":1.038264,"ipc":1235.837423,"isf":0.007843,"labuteASA":55.036109,"logP":1.99502,"molwt":92.0626,"molwt-hvy":84.077,"nheavy":7.0,"npr1":0.315193,"npr2":0.696394,"pbf":0.141107,"pc+":0.395819,"pc-":-0.395819,"pmi1":88.790391,"pmi2":196.175071,"pmi3":281.701442,"rbonds":1.0,"rg":1.753567,"rpc+":0.158026,"rpc-":0.157266,"spherocity":0.062038,"tpsa":0.0,"vsa+":10.966069,"vsa-":42.627437,"vsa-fhyd":1.0,"vsa-fneg":0.795384,"vsa-fpneg":0.0,"vsa-fpos":0.204616,"vsa-fppos":0.0,"vsa-hyd":53.593506,"vsa-polar":0.0,"vsa-polar+":0.0,"vsa-polar-":0.0,"hbonds":0.0}