{"shear_15nN_Etotal": [-1712.1675993205436, 53.644601231122095], "molecular_weight": 77.1037, "shear_25nN_Etotal": [-1749.4512298880898, 54.02659539912183], "surface_area": 93.44, "shear_15nN_qq": [70.70345686570744, 21.392673845103374], "enthalpy_vibrational": 263.87, "shear_5nN_qq": [-23.044572581934453, 19.509048005877244], "tilt": {"5nN": 31.392197221792443, "15nN": 35.62433196074328, "25nN": 37.03338241922584}, "intercept": 1.1596157483553426, "shear_25nN_lj": [-1870.0631616842527, 52.2358504674158], "entropy_rotational": 107.29, "shear_5nN_lj": [-1579.0048526514788, 53.94549211456259], "shear_25nN_qq": [120.61193179616306, 24.308221746012048], "nonpolar_solvation_energy": 6.77, "total_solvation_energy": 1.89, "shear_15nN_lj": [-1782.8710561862513, 50.64961651518202], "shear_5nN_Etotal": [-1602.0494252334133, 56.45117846207774], "interdigitation": {"5nN": 0.12187191226930565, "15nN": 0.15834790462271495, "25nN": 0.12334997812975719}, "entropy_vibrational": 20.79, "heat_capacity_vibrational": 48.68, "entropy_translational": 163.09, "roughness": {"5nN": 0.06509847218617805, "15nN": 0.08219435179972788, "25nN": 0.06449112665142925}, "S2": {"5nN": 0.9192385813313042, "15nN": 0.897645092382449, "25nN": 0.8908538815837895}, "dipole_moment": 0.0, "COF": 0.14585582396973149, "status": {"282ab4700ed8fc74ca74a9627dae9f14-shear_5nN_extend_grompp": 1, "282ab4700ed8fc74ca74a9627dae9f14-lammps_to_gmx": 1, "282ab4700ed8fc74ca74a9627dae9f14-shear_25nN_grompp": 1, "282ab4700ed8fc74ca74a9627dae9f14-equilibrate_grompp": 1, "282ab4700ed8fc74ca74a9627dae9f14-shear_5nN_rerun": 1, "282ab4700ed8fc74ca74a9627dae9f14-log_tilt": 1, "282ab4700ed8fc74ca74a9627dae9f14-shear_5nN_grompp": 1, "282ab4700ed8fc74ca74a9627dae9f14-get_interaction_energy_25nN": 1, "282ab4700ed8fc74ca74a9627dae9f14-compress_grompp": 1, "282ab4700ed8fc74ca74a9627dae9f14-get_interaction_energy_5nN": 1, "282ab4700ed8fc74ca74a9627dae9f14-log_interaction_energy_15nN": 1, "282ab4700ed8fc74ca74a9627dae9f14-calc_friction": 1, "282ab4700ed8fc74ca74a9627dae9f14-shear_5nN_rerun_grompp": 1, "282ab4700ed8fc74ca74a9627dae9f14-unwrap_shear_25nN": 1, "282ab4700ed8fc74ca74a9627dae9f14-get_interaction_energy_15nN": 1, "282ab4700ed8fc74ca74a9627dae9f14-minimize": 1, "282ab4700ed8fc74ca74a9627dae9f14-calc_interdigitation": 1, "282ab4700ed8fc74ca74a9627dae9f14-shear_25nN_rerun": 1, "282ab4700ed8fc74ca74a9627dae9f14-log_cof": 1, "282ab4700ed8fc74ca74a9627dae9f14-shear_5nN": 1, "282ab4700ed8fc74ca74a9627dae9f14-log_interaction_energy_5nN": 1, "282ab4700ed8fc74ca74a9627dae9f14-unwrap_shear_15nN": 1, "282ab4700ed8fc74ca74a9627dae9f14-log_interaction_energy_25nN": 1, "282ab4700ed8fc74ca74a9627dae9f14-shear_15nN_rerun_grompp": 1, "282ab4700ed8fc74ca74a9627dae9f14-fix_overlaps": 1, "282ab4700ed8fc74ca74a9627dae9f14-top_to_mol2": 1, "282ab4700ed8fc74ca74a9627dae9f14-shear_25nN_extend_grompp": 1, "282ab4700ed8fc74ca74a9627dae9f14-shear_15nN_extend": 1, "282ab4700ed8fc74ca74a9627dae9f14-equilibrate": 1, "282ab4700ed8fc74ca74a9627dae9f14-shear_15nN_rerun": 1, "282ab4700ed8fc74ca74a9627dae9f14-count_hydrogen_bonds": 1, "282ab4700ed8fc74ca74a9627dae9f14-calc_roughness": 1, "282ab4700ed8fc74ca74a9627dae9f14-compress": 1, "282ab4700ed8fc74ca74a9627dae9f14-log_S2": 1, "282ab4700ed8fc74ca74a9627dae9f14-shear_15nN_extend_grompp": 1, "282ab4700ed8fc74ca74a9627dae9f14-shear_15nN_grompp": 1, "282ab4700ed8fc74ca74a9627dae9f14-minimize_grompp": 1, "282ab4700ed8fc74ca74a9627dae9f14-shear_25nN_extend": 1, "282ab4700ed8fc74ca74a9627dae9f14-calc_S2_shear": 1, "282ab4700ed8fc74ca74a9627dae9f14-shear_5nN_extend": 1, "282ab4700ed8fc74ca74a9627dae9f14-shear_15nN": 1, "282ab4700ed8fc74ca74a9627dae9f14-unwrap_shear_5nN": 1, "282ab4700ed8fc74ca74a9627dae9f14-calc_tilt_shear": 1, "282ab4700ed8fc74ca74a9627dae9f14-shear_25nN_rerun_grompp": 1, "282ab4700ed8fc74ca74a9627dae9f14-initialize": 1, "282ab4700ed8fc74ca74a9627dae9f14-shear_25nN": 1}, "polar_solvation_energy": -4.89}