{"surface_area": 64.71, "tilt": {"5nN": 31.81141267705385, "15nN": 34.74632798452498, "25nN": 36.77581435829107}, "entropy_translational": 156.5, "shear_15nN_qq": [-1762.8698705171862, 183.07705378575687], "total_solvation_energy": -32.72, "S2": {"5nN": 0.8305389259064453, "15nN": 0.8350676669051112, "25nN": 0.8149427563192488}, "polar_solvation_energy": -36.43, "shear_25nN_lj": [-2123.145424192646, 65.96878582884733], "interdigitation": {"5nN": 0.1208833954044156, "15nN": 0.1242361756752546, "25nN": 0.12451810669612656}, "shear_5nN_qq": [-1740.977974057554, 175.50266353660078], "dipole_moment": 4.81, "enthalpy_vibrational": 87.35, "intercept": 6.44046219799386, "molecular_weight": 45.0174, "shear_25nN_qq": [-1663.7532616458832, 191.94382246903078], "nonpolar_solvation_energy": 3.72, "COF": 0.14682812378356497, "roughness": {"5nN": 0.052950397360839084, "15nN": 0.05203873111270808, "25nN": 0.052805565059695525}, "shear_15nN_Etotal": [-3808.6701024116705, 182.20527919312661], "shear_5nN_Etotal": [-3608.4385424212633, 184.83249821146788], "status": {"192360d97bccb0cca633302e0ebed569-shear_25nN": 1, "192360d97bccb0cca633302e0ebed569-minimize": 1, "192360d97bccb0cca633302e0ebed569-shear_5nN_rerun": 1, "192360d97bccb0cca633302e0ebed569-calc_tilt_shear": 1, "192360d97bccb0cca633302e0ebed569-get_interaction_energy_15nN": 1, "192360d97bccb0cca633302e0ebed569-calc_S2_shear": 1, "192360d97bccb0cca633302e0ebed569-shear_15nN": 1, "192360d97bccb0cca633302e0ebed569-shear_25nN_extend": 1, "192360d97bccb0cca633302e0ebed569-shear_25nN_grompp": 1, "192360d97bccb0cca633302e0ebed569-shear_15nN_extend": 1, "192360d97bccb0cca633302e0ebed569-equilibrate_grompp": 1, "192360d97bccb0cca633302e0ebed569-shear_25nN_rerun": 1, "192360d97bccb0cca633302e0ebed569-shear_15nN_rerun": 1, "192360d97bccb0cca633302e0ebed569-compress": 1, "192360d97bccb0cca633302e0ebed569-lammps_to_gmx": 1, "192360d97bccb0cca633302e0ebed569-initialize": 1, "192360d97bccb0cca633302e0ebed569-shear_15nN_extend_grompp": 1, "192360d97bccb0cca633302e0ebed569-shear_5nN_extend_grompp": 1, "192360d97bccb0cca633302e0ebed569-shear_5nN": 1, "192360d97bccb0cca633302e0ebed569-log_interaction_energy_5nN": 1, "192360d97bccb0cca633302e0ebed569-log_cof": 1, "192360d97bccb0cca633302e0ebed569-unwrap_shear_5nN": 1, "192360d97bccb0cca633302e0ebed569-shear_5nN_rerun_grompp": 1, "192360d97bccb0cca633302e0ebed569-fix_overlaps": 1, "192360d97bccb0cca633302e0ebed569-shear_15nN_rerun_grompp": 1, "192360d97bccb0cca633302e0ebed569-shear_25nN_extend_grompp": 1, "192360d97bccb0cca633302e0ebed569-shear_25nN_rerun_grompp": 1, "192360d97bccb0cca633302e0ebed569-compress_grompp": 1, "192360d97bccb0cca633302e0ebed569-unwrap_shear_25nN": 1, "192360d97bccb0cca633302e0ebed569-log_tilt": 1, "192360d97bccb0cca633302e0ebed569-equilibrate": 1, "192360d97bccb0cca633302e0ebed569-count_hydrogen_bonds": 1, "192360d97bccb0cca633302e0ebed569-top_to_mol2": 1, "192360d97bccb0cca633302e0ebed569-get_interaction_energy_25nN": 1, "192360d97bccb0cca633302e0ebed569-calc_roughness": 1, "192360d97bccb0cca633302e0ebed569-minimize_grompp": 1, "192360d97bccb0cca633302e0ebed569-log_S2": 1, "192360d97bccb0cca633302e0ebed569-shear_5nN_extend": 1, "192360d97bccb0cca633302e0ebed569-get_interaction_energy_5nN": 1, "192360d97bccb0cca633302e0ebed569-calc_interdigitation": 6, "192360d97bccb0cca633302e0ebed569-log_interaction_energy_25nN": 1, "192360d97bccb0cca633302e0ebed569-calc_friction": 1, "192360d97bccb0cca633302e0ebed569-shear_5nN_grompp": 1, "192360d97bccb0cca633302e0ebed569-shear_15nN_grompp": 1, "192360d97bccb0cca633302e0ebed569-unwrap_shear_15nN": 1, "192360d97bccb0cca633302e0ebed569-log_interaction_energy_15nN": 1}, "entropy_rotational": 87.93, "shear_15nN_lj": [-2045.8002318944846, 66.06763783736774], "shear_5nN_lj": [-1867.4605683637092, 66.76008388502973], "entropy_vibrational": 7.1, "shear_25nN_Etotal": [-3786.898685838529, 193.26057881464558], "heat_capacity_vibrational": 15.26}