{"entropy_vibrational": 1.77, "shear_5nN_lj": [-1890.3958241534774, 58.57193465768884], "interdigitation": {"15nN": 0.17839730328245865, "25nN": 0.17348002957599784, "5nN": 0.17397854634385454}, "dipole_moment": 3.81, "shear_25nN_Etotal": [-3783.5525268329343, 182.7504361864897], "surface_area": 59.09, "intercept": 2.45275498240938, "entropy_translational": 156.76, "enthalpy_vibrational": 62.86, "COF": 0.1570600382273824, "shear_15nN_lj": [-2111.4753270647484, 58.425386873468504], "shear_5nN_Etotal": [-3545.0457130431655, 186.06159108789313], "heat_capacity_vibrational": 5.42, "polar_solvation_energy": -48.71, "shear_25nN_lj": [-2194.763360503597, 56.95118796328841], "roughness": {"15nN": 0.06437181558908053, "5nN": 0.06273736637729657, "25nN": 0.06485451263391552}, "status": {"097832141e7cee6d1aa7f55ff9455509-shear_25nN_grompp": 1, "097832141e7cee6d1aa7f55ff9455509-shear_5nN_extend_grompp": 1, "097832141e7cee6d1aa7f55ff9455509-shear_5nN_rerun_grompp": 1, "097832141e7cee6d1aa7f55ff9455509-shear_25nN_extend": 1, "097832141e7cee6d1aa7f55ff9455509-calc_friction": 1, "097832141e7cee6d1aa7f55ff9455509-shear_5nN_grompp": 1, "097832141e7cee6d1aa7f55ff9455509-initialize": 1, "097832141e7cee6d1aa7f55ff9455509-shear_15nN_rerun": 1, "097832141e7cee6d1aa7f55ff9455509-equilibrate": 1, "097832141e7cee6d1aa7f55ff9455509-log_interaction_energy_5nN": 1, "097832141e7cee6d1aa7f55ff9455509-log_interaction_energy_15nN": 1, "097832141e7cee6d1aa7f55ff9455509-shear_15nN_extend": 1, "097832141e7cee6d1aa7f55ff9455509-equilibrate_grompp": 1, "097832141e7cee6d1aa7f55ff9455509-shear_15nN": 1, "097832141e7cee6d1aa7f55ff9455509-count_hydrogen_bonds": 1, "097832141e7cee6d1aa7f55ff9455509-log_S2": 1, "097832141e7cee6d1aa7f55ff9455509-minimize": 1, "097832141e7cee6d1aa7f55ff9455509-shear_5nN_extend": 1, "097832141e7cee6d1aa7f55ff9455509-top_to_mol2": 1, "097832141e7cee6d1aa7f55ff9455509-log_cof": 1, "097832141e7cee6d1aa7f55ff9455509-shear_25nN_extend_grompp": 1, "097832141e7cee6d1aa7f55ff9455509-shear_5nN_rerun": 1, "097832141e7cee6d1aa7f55ff9455509-shear_15nN_grompp": 1, "097832141e7cee6d1aa7f55ff9455509-log_interaction_energy_25nN": 1, "097832141e7cee6d1aa7f55ff9455509-compress_grompp": 1, "097832141e7cee6d1aa7f55ff9455509-fix_overlaps": 1, "097832141e7cee6d1aa7f55ff9455509-shear_15nN_rerun_grompp": 1, "097832141e7cee6d1aa7f55ff9455509-shear_5nN": 1, "097832141e7cee6d1aa7f55ff9455509-shear_15nN_extend_grompp": 1, "097832141e7cee6d1aa7f55ff9455509-shear_25nN": 1, "097832141e7cee6d1aa7f55ff9455509-calc_interdigitation": 6, "097832141e7cee6d1aa7f55ff9455509-calc_S2_shear": 1, "097832141e7cee6d1aa7f55ff9455509-lammps_to_gmx": 1, "097832141e7cee6d1aa7f55ff9455509-calc_roughness": 1, "097832141e7cee6d1aa7f55ff9455509-minimize_grompp": 1, "097832141e7cee6d1aa7f55ff9455509-unwrap_shear_5nN": 1, "097832141e7cee6d1aa7f55ff9455509-log_tilt": 1, "097832141e7cee6d1aa7f55ff9455509-get_interaction_energy_15nN": 1, "097832141e7cee6d1aa7f55ff9455509-shear_25nN_rerun_grompp": 1, "097832141e7cee6d1aa7f55ff9455509-compress": 1, "097832141e7cee6d1aa7f55ff9455509-shear_25nN_rerun": 1, "097832141e7cee6d1aa7f55ff9455509-calc_tilt_shear": 1, "097832141e7cee6d1aa7f55ff9455509-get_interaction_energy_25nN": 1, "097832141e7cee6d1aa7f55ff9455509-unwrap_shear_15nN": 1, "097832141e7cee6d1aa7f55ff9455509-get_interaction_energy_5nN": 1, "097832141e7cee6d1aa7f55ff9455509-unwrap_shear_25nN": 1}, "shear_5nN_qq": [-1654.6498888896883, 153.22905124134945], "total_solvation_energy": -43.93, "shear_25nN_qq": [-1588.7891663293367, 158.0614019344208], "entropy_rotational": 85.69, "S2": {"15nN": 0.7358943690874569, "5nN": 0.7371715945637684, "25nN": 0.7455024552115675}, "shear_15nN_qq": [-1641.1224648241407, 153.32935609469126], "shear_15nN_Etotal": [-3752.597791888889, 182.20925618974158], "molecular_weight": 46.0055, "nonpolar_solvation_energy": 4.77, "tilt": {"15nN": 33.13674553038528, "5nN": 29.720891864212884, "25nN": 36.15153964617208}}