{"shear_15nN_Etotal": [-1461.8776238041567, 57.27751329008438], "molecular_weight": 77.1037, "shear_25nN_Etotal": [-1572.3656753948842, 58.683980165277205], "surface_area": 93.44, "shear_15nN_qq": [225.01268320383693, 24.997765224100753], "enthalpy_vibrational": 263.87, "shear_5nN_qq": [253.79356388009595, 21.457078598645197], "tilt": {"5nN": 24.20057507710996, "15nN": 28.729148886691394, "25nN": 31.316890811185264}, "intercept": 1.4013517433091556, "shear_25nN_lj": [-1776.3182119232615, 52.30107897224296], "entropy_rotational": 107.29, "shear_5nN_lj": [-1485.6066367657875, 55.86006111938861], "shear_25nN_qq": [203.9525365283773, 30.07546483031363], "nonpolar_solvation_energy": 6.77, "total_solvation_energy": 1.89, "shear_15nN_lj": [-1686.8903070079932, 52.135866404107624], "shear_5nN_Etotal": [-1231.8130728856916, 63.14226803415837], "interdigitation": {"5nN": 0.09119700604487647, "25nN": 0.09052202295009248, "15nN": 0.08761943994202208}, "entropy_vibrational": 20.79, "heat_capacity_vibrational": 48.68, "entropy_translational": 163.09, "status": {"67596f63a4f3f8e313acfe1fb29440e8-initialize": 1, "67596f63a4f3f8e313acfe1fb29440e8-calc_tilt_shear": 1, "67596f63a4f3f8e313acfe1fb29440e8-calc_S2_shear": 1, "67596f63a4f3f8e313acfe1fb29440e8-log_interaction_energy_25nN": 1, "67596f63a4f3f8e313acfe1fb29440e8-top_to_mol2": 1, "67596f63a4f3f8e313acfe1fb29440e8-shear_5nN": 1, "67596f63a4f3f8e313acfe1fb29440e8-shear_5nN_grompp": 1, "67596f63a4f3f8e313acfe1fb29440e8-shear_25nN_extend_grompp": 1, "67596f63a4f3f8e313acfe1fb29440e8-unwrap_shear_5nN": 1, "67596f63a4f3f8e313acfe1fb29440e8-minimize_grompp": 1, "67596f63a4f3f8e313acfe1fb29440e8-log_interaction_energy_15nN": 1, "67596f63a4f3f8e313acfe1fb29440e8-unwrap_shear_25nN": 1, "67596f63a4f3f8e313acfe1fb29440e8-compress_grompp": 1, "67596f63a4f3f8e313acfe1fb29440e8-shear_25nN_grompp": 1, "67596f63a4f3f8e313acfe1fb29440e8-get_interaction_energy_5nN": 1, "67596f63a4f3f8e313acfe1fb29440e8-lammps_to_gmx": 1, "67596f63a4f3f8e313acfe1fb29440e8-log_tilt": 1, "67596f63a4f3f8e313acfe1fb29440e8-log_cof": 1, "67596f63a4f3f8e313acfe1fb29440e8-shear_15nN": 1, "67596f63a4f3f8e313acfe1fb29440e8-count_hydrogen_bonds": 1, "67596f63a4f3f8e313acfe1fb29440e8-fix_overlaps": 1, "67596f63a4f3f8e313acfe1fb29440e8-shear_5nN_rerun": 1, "67596f63a4f3f8e313acfe1fb29440e8-get_interaction_energy_25nN": 1, "67596f63a4f3f8e313acfe1fb29440e8-equilibrate_grompp": 1, "67596f63a4f3f8e313acfe1fb29440e8-shear_15nN_rerun_grompp": 1, "67596f63a4f3f8e313acfe1fb29440e8-shear_15nN_rerun": 1, "67596f63a4f3f8e313acfe1fb29440e8-shear_25nN_rerun": 1, "67596f63a4f3f8e313acfe1fb29440e8-shear_15nN_extend_grompp": 1, "67596f63a4f3f8e313acfe1fb29440e8-compress": 1, "67596f63a4f3f8e313acfe1fb29440e8-shear_15nN_grompp": 1, "67596f63a4f3f8e313acfe1fb29440e8-shear_25nN_rerun_grompp": 1, "67596f63a4f3f8e313acfe1fb29440e8-calc_friction": 1, "67596f63a4f3f8e313acfe1fb29440e8-calc_roughness": 1, "67596f63a4f3f8e313acfe1fb29440e8-equilibrate": 1, "67596f63a4f3f8e313acfe1fb29440e8-shear_25nN_extend": 1, "67596f63a4f3f8e313acfe1fb29440e8-shear_15nN_extend": 1, "67596f63a4f3f8e313acfe1fb29440e8-unwrap_shear_15nN": 1, "67596f63a4f3f8e313acfe1fb29440e8-shear_5nN_extend": 1, "67596f63a4f3f8e313acfe1fb29440e8-log_interaction_energy_5nN": 1, "67596f63a4f3f8e313acfe1fb29440e8-log_S2": 1, "67596f63a4f3f8e313acfe1fb29440e8-shear_25nN": 1, "67596f63a4f3f8e313acfe1fb29440e8-shear_5nN_rerun_grompp": 1, "67596f63a4f3f8e313acfe1fb29440e8-shear_5nN_extend_grompp": 1, "67596f63a4f3f8e313acfe1fb29440e8-get_interaction_energy_15nN": 1, "67596f63a4f3f8e313acfe1fb29440e8-minimize": 1, "67596f63a4f3f8e313acfe1fb29440e8-calc_interdigitation": 1}, "S2": {"5nN": 0.7902921070854324, "25nN": 0.7994168624967295, "15nN": 0.7853294148779038}, "dipole_moment": 0.0, "COF": 0.1538248270050415, "roughness": {"5nN": 0.05239322120796629, "25nN": 0.048281104008185215, "15nN": 0.04894642513795586}, "polar_solvation_energy": -4.89}