{"shear_15nN_Etotal": [-2725.207173528377, 122.84266383505596], "molecular_weight": 16.0225, "shear_25nN_Etotal": [-2731.9335261558754, 135.46856617108892], "surface_area": 42.91, "shear_15nN_qq": [-1472.3537548904874, 121.94459899540479], "enthalpy_vibrational": 92.73, "shear_5nN_qq": [-1420.7394540031974, 126.50196889722714], "tilt": {"5nN": 33.83784001033616, "15nN": 37.24501691762665, "25nN": 39.187604815206825}, "intercept": 3.3196701753385764, "shear_25nN_lj": [-1318.3949028321342, 59.14060499463234], "entropy_rotational": 56.63, "shear_5nN_lj": [-1153.108391804956, 56.36493633469656], "shear_25nN_qq": [-1413.5386233237411, 135.8011155022808], "nonpolar_solvation_energy": 5.48, "total_solvation_energy": -4.92, "shear_15nN_lj": [-1252.8534186378897, 59.644312667036104], "shear_5nN_Etotal": [-2573.8478458081536, 133.58762678994876], "interdigitation": {"5nN": 0.16377035127814993, "15nN": 0.14559803931516624, "25nN": 0.15970453334717905}, "entropy_vibrational": 0.11, "heat_capacity_vibrational": 0.69, "entropy_translational": 144.1, "status": {"9d6a31c37858dc35ee310066599bed12-equilibrate_grompp": 1, "9d6a31c37858dc35ee310066599bed12-shear_25nN_extend": 1, "9d6a31c37858dc35ee310066599bed12-shear_25nN_rerun": 1, "9d6a31c37858dc35ee310066599bed12-shear_15nN_extend_grompp": 1, "9d6a31c37858dc35ee310066599bed12-unwrap_shear_5nN": 1, "9d6a31c37858dc35ee310066599bed12-unwrap_shear_15nN": 1, "9d6a31c37858dc35ee310066599bed12-shear_5nN_rerun_grompp": 1, "9d6a31c37858dc35ee310066599bed12-calc_S2_shear": 1, "9d6a31c37858dc35ee310066599bed12-calc_friction": 1, "9d6a31c37858dc35ee310066599bed12-shear_15nN": 1, "9d6a31c37858dc35ee310066599bed12-calc_tilt_shear": 1, "9d6a31c37858dc35ee310066599bed12-shear_5nN_extend_grompp": 1, "9d6a31c37858dc35ee310066599bed12-top_to_mol2": 1, "9d6a31c37858dc35ee310066599bed12-shear_25nN_extend_grompp": 1, "9d6a31c37858dc35ee310066599bed12-minimize": 1, "9d6a31c37858dc35ee310066599bed12-log_interaction_energy_25nN": 1, "9d6a31c37858dc35ee310066599bed12-get_interaction_energy_15nN": 1, "9d6a31c37858dc35ee310066599bed12-shear_25nN_grompp": 1, "9d6a31c37858dc35ee310066599bed12-shear_15nN_grompp": 1, "9d6a31c37858dc35ee310066599bed12-log_cof": 1, "9d6a31c37858dc35ee310066599bed12-shear_5nN": 1, "9d6a31c37858dc35ee310066599bed12-shear_5nN_grompp": 1, "9d6a31c37858dc35ee310066599bed12-compress": 1, "9d6a31c37858dc35ee310066599bed12-shear_15nN_extend": 1, "9d6a31c37858dc35ee310066599bed12-log_S2": 1, "9d6a31c37858dc35ee310066599bed12-shear_15nN_rerun": 1, "9d6a31c37858dc35ee310066599bed12-initialize": 1, "9d6a31c37858dc35ee310066599bed12-calc_interdigitation": 1, "9d6a31c37858dc35ee310066599bed12-compress_grompp": 1, "9d6a31c37858dc35ee310066599bed12-minimize_grompp": 1, "9d6a31c37858dc35ee310066599bed12-log_interaction_energy_5nN": 1, "9d6a31c37858dc35ee310066599bed12-equilibrate": 1, "9d6a31c37858dc35ee310066599bed12-shear_5nN_extend": 1, "9d6a31c37858dc35ee310066599bed12-get_interaction_energy_5nN": 1, "9d6a31c37858dc35ee310066599bed12-calc_roughness": 1, "9d6a31c37858dc35ee310066599bed12-lammps_to_gmx": 1, "9d6a31c37858dc35ee310066599bed12-shear_15nN_rerun_grompp": 1, "9d6a31c37858dc35ee310066599bed12-unwrap_shear_25nN": 1, "9d6a31c37858dc35ee310066599bed12-shear_25nN_rerun_grompp": 1, "9d6a31c37858dc35ee310066599bed12-fix_overlaps": 1, "9d6a31c37858dc35ee310066599bed12-shear_25nN": 1, "9d6a31c37858dc35ee310066599bed12-count_hydrogen_bonds": 1, "9d6a31c37858dc35ee310066599bed12-shear_5nN_rerun": 1, "9d6a31c37858dc35ee310066599bed12-log_interaction_energy_15nN": 1, "9d6a31c37858dc35ee310066599bed12-log_tilt": 1, "9d6a31c37858dc35ee310066599bed12-get_interaction_energy_25nN": 1}, "S2": {"5nN": 0.9389072346241141, "15nN": 0.9360065070689051, "25nN": 0.9211214443239258}, "polar_solvation_energy": -10.38, "COF": 0.16422657930936255, "roughness": {"5nN": 0.07336494765118705, "15nN": 0.06545895843102771, "25nN": 0.07118070722727156}, "dipole_moment": 1.63}