{"shear_15nN_Etotal": [-1224.3034784452439, 44.80378215505017], "roughness": {"5nN": 0.05776449158711615, "15nN": 0.05196993666927117, "25nN": 0.042717331500279204}, "S2": {"5nN": 0.8862220849725796, "15nN": 0.8975852508445183, "25nN": 0.8702020138604488}, "polar_solvation_energy": -0.4, "status": {"e4b43bbd68cc8711338862b13affb533-shear_15nN": 1, "e4b43bbd68cc8711338862b13affb533-shear_25nN_grompp": 1, "e4b43bbd68cc8711338862b13affb533-unwrap_shear_5nN": 1, "e4b43bbd68cc8711338862b13affb533-shear_15nN_rerun": 1, "e4b43bbd68cc8711338862b13affb533-minimize_grompp": 1, "e4b43bbd68cc8711338862b13affb533-shear_25nN": 1, "e4b43bbd68cc8711338862b13affb533-calc_tilt_shear": 1, "e4b43bbd68cc8711338862b13affb533-shear_15nN_extend_grompp": 1, "e4b43bbd68cc8711338862b13affb533-unwrap_shear_25nN": 1, "e4b43bbd68cc8711338862b13affb533-top_to_mol2": 1, "e4b43bbd68cc8711338862b13affb533-log_interaction_energy_15nN": 1, "e4b43bbd68cc8711338862b13affb533-initialize": 1, "e4b43bbd68cc8711338862b13affb533-log_cof": 1, "e4b43bbd68cc8711338862b13affb533-shear_5nN": 1, "e4b43bbd68cc8711338862b13affb533-get_interaction_energy_15nN": 1, "e4b43bbd68cc8711338862b13affb533-shear_5nN_extend": 1, "e4b43bbd68cc8711338862b13affb533-unwrap_shear_15nN": 1, "e4b43bbd68cc8711338862b13affb533-get_interaction_energy_5nN": 1, "e4b43bbd68cc8711338862b13affb533-shear_25nN_rerun": 1, "e4b43bbd68cc8711338862b13affb533-log_S2": 1, "e4b43bbd68cc8711338862b13affb533-shear_15nN_rerun_grompp": 1, "e4b43bbd68cc8711338862b13affb533-log_interaction_energy_5nN": 1, "e4b43bbd68cc8711338862b13affb533-shear_15nN_extend": 1, "e4b43bbd68cc8711338862b13affb533-calc_S2_shear": 1, "e4b43bbd68cc8711338862b13affb533-fix_overlaps": 1, "e4b43bbd68cc8711338862b13affb533-calc_interdigitation": 6, "e4b43bbd68cc8711338862b13affb533-get_interaction_energy_25nN": 1, "e4b43bbd68cc8711338862b13affb533-equilibrate": 1, "e4b43bbd68cc8711338862b13affb533-equilibrate_grompp": 1, "e4b43bbd68cc8711338862b13affb533-shear_5nN_rerun": 1, "e4b43bbd68cc8711338862b13affb533-lammps_to_gmx": 1, "e4b43bbd68cc8711338862b13affb533-shear_25nN_extend": 1, "e4b43bbd68cc8711338862b13affb533-log_interaction_energy_25nN": 1, "e4b43bbd68cc8711338862b13affb533-shear_15nN_grompp": 1, "e4b43bbd68cc8711338862b13affb533-shear_25nN_extend_grompp": 1, "e4b43bbd68cc8711338862b13affb533-shear_25nN_rerun_grompp": 1, "e4b43bbd68cc8711338862b13affb533-shear_5nN_grompp": 1, "e4b43bbd68cc8711338862b13affb533-calc_friction": 1, "e4b43bbd68cc8711338862b13affb533-compress": 1, "e4b43bbd68cc8711338862b13affb533-calc_roughness": 1, "e4b43bbd68cc8711338862b13affb533-shear_5nN_rerun_grompp": 1, "e4b43bbd68cc8711338862b13affb533-count_hydrogen_bonds": 1, "e4b43bbd68cc8711338862b13affb533-log_tilt": 1, "e4b43bbd68cc8711338862b13affb533-shear_5nN_extend_grompp": 1, "e4b43bbd68cc8711338862b13affb533-minimize": 1, "e4b43bbd68cc8711338862b13affb533-compress_grompp": 1}, "heat_capacity_vibrational": 37.37, "shear_5nN_lj": [-1226.3723111270983, 48.44350850669659], "shear_25nN_qq": [254.3165927426059, 9.912718033505856], "dipole_moment": 0.01, "entropy_translational": 155.96, "total_solvation_energy": 11.37, "intercept": 0.9821839956845673, "interdigitation": {"5nN": 0.0951390153372625, "15nN": 0.09956144785701047, "25nN": 0.08278815450464681}, "shear_5nN_qq": [167.21037778816947, 8.988882837940082], "enthalpy_vibrational": 273.28, "surface_area": 70.99, "shear_25nN_Etotal": [-1282.0605079280574, 42.09512183076535], "shear_15nN_qq": [223.0344245643485, 10.91716419274585], "entropy_vibrational": 26.04, "molecular_weight": 43.0874, "entropy_rotational": 94.72, "nonpolar_solvation_energy": 11.79, "shear_5nN_Etotal": [-1059.1619333389287, 45.96277875267536], "tilt": {"5nN": 28.90509174491653, "15nN": 33.1492235864544, "25nN": 35.1782169700971}, "COF": 0.11767450869968962, "shear_15nN_lj": [-1447.3379030095925, 45.11812531983266], "shear_25nN_lj": [-1536.3771006706636, 42.89906339328639]}