{"MR":20.7927,"asphericity":0.250708,"balabanj":3.436146,"bertzct":184.797706,"chi0":7.886751,"chi0n":7.447214,"chi0v":2.447214,"chi1":4.553418,"chi1n":3.644427,"chi1v":1.197214,"chi2n":0.58541,"chi2v":0.58541,"chi3n":0.286107,"chi3v":0.286107,"chi4n":0.139754,"chi4v":0.139754,"e-valence":26.0,"eccentricity":0.874714,"hk-alpha":-0.72,"hk-kappa1":0.534682,"hk-kappa2":0.930799,"hk-kappa3":0.293364,"ipc":174.102666,"isf":0.009855,"labuteASA":37.723473,"logP":1.0147,"molwt":67.042199,"molwt-hvy":62.051,"nheavy":5.0,"npr1":0.484639,"npr2":0.515361,"pbf":0.000009,"pc+":0.457093,"pc-":-0.457093,"pmi1":52.294083,"pmi2":55.609067,"pmi3":107.90315,"rbonds":0.0,"rg":1.268192,"rpc+":0.361656,"rpc-":0.804293,"spherocity":0.0,"tpsa":15.79,"vsa+":19.240666,"vsa-":17.06184,"vsa-fhyd":0.862902,"vsa-fneg":0.469991,"vsa-fpneg":0.137098,"vsa-fpos":0.530009,"vsa-fppos":0.0,"vsa-hyd":31.325503,"vsa-polar":0.137098,"vsa-polar+":0.0,"vsa-polar-":4.977003,"hbonds":0.0}