{"shear_15nN_Etotal": [-2230.44494241247, 100.77777171576454], "molecular_weight": 66.0811, "shear_25nN_Etotal": [-2296.750748131095, 89.53237469610255], "surface_area": 76.02, "shear_15nN_qq": [-342.7486277753797, 66.12209880482365], "enthalpy_vibrational": 216.45, "shear_5nN_qq": [-286.45487125899285, 49.90183291208176], "tilt": {"5nN": 34.994495197936395, "25nN": 40.54790326786203, "15nN": 38.04880698795229}, "intercept": 1.7759540370410183, "shear_25nN_lj": [-1983.7746809472424, 56.93080861877112], "entropy_rotational": 101.75, "shear_5nN_lj": [-1664.97125521263, 65.59841250552591], "shear_25nN_qq": [-312.9760671838529, 66.47521706796337], "nonpolar_solvation_energy": 11.08, "total_solvation_energy": -3.05, "shear_15nN_lj": [-1887.6963146370906, 61.17122864673634], "shear_5nN_Etotal": [-1951.4261264716226, 95.25928881011096], "interdigitation": {"5nN": 0.11859178447230724, "15nN": 0.11407820281023748, "25nN": 0.11496500267511868}, "entropy_vibrational": 16.0, "heat_capacity_vibrational": 38.72, "entropy_translational": 161.19, "roughness": {"5nN": 0.06785380314708, "15nN": 0.06125324585510926, "25nN": 0.05735603398225639}, "S2": {"5nN": 0.9722835419194114, "15nN": 0.9533554610689666, "25nN": 0.9586801373818545}, "dipole_moment": 2.89, "COF": 0.13235710338527745, "status": {"8eaf7b28d74688291f79d19f454f8522-fix_overlaps": 1, "8eaf7b28d74688291f79d19f454f8522-shear_5nN_extend_grompp": 1, "8eaf7b28d74688291f79d19f454f8522-shear_15nN_extend": 1, "8eaf7b28d74688291f79d19f454f8522-shear_25nN_rerun": 1, "8eaf7b28d74688291f79d19f454f8522-log_interaction_energy_25nN": 1, "8eaf7b28d74688291f79d19f454f8522-log_interaction_energy_5nN": 1, "8eaf7b28d74688291f79d19f454f8522-lammps_to_gmx": 1, "8eaf7b28d74688291f79d19f454f8522-unwrap_shear_15nN": 1, "8eaf7b28d74688291f79d19f454f8522-top_to_mol2": 1, "8eaf7b28d74688291f79d19f454f8522-shear_15nN_rerun": 1, "8eaf7b28d74688291f79d19f454f8522-calc_friction": 1, "8eaf7b28d74688291f79d19f454f8522-unwrap_shear_25nN": 1, "8eaf7b28d74688291f79d19f454f8522-shear_15nN_extend_grompp": 1, "8eaf7b28d74688291f79d19f454f8522-calc_tilt_shear": 1, "8eaf7b28d74688291f79d19f454f8522-compress_grompp": 1, "8eaf7b28d74688291f79d19f454f8522-calc_S2_shear": 1, "8eaf7b28d74688291f79d19f454f8522-shear_25nN": 1, "8eaf7b28d74688291f79d19f454f8522-minimize": 1, "8eaf7b28d74688291f79d19f454f8522-log_cof": 1, "8eaf7b28d74688291f79d19f454f8522-shear_25nN_rerun_grompp": 1, "8eaf7b28d74688291f79d19f454f8522-log_tilt": 1, "8eaf7b28d74688291f79d19f454f8522-shear_5nN_rerun_grompp": 1, "8eaf7b28d74688291f79d19f454f8522-shear_15nN": 1, "8eaf7b28d74688291f79d19f454f8522-shear_5nN": 1, "8eaf7b28d74688291f79d19f454f8522-shear_25nN_extend": 1, "8eaf7b28d74688291f79d19f454f8522-shear_15nN_grompp": 1, "8eaf7b28d74688291f79d19f454f8522-log_S2": 1, "8eaf7b28d74688291f79d19f454f8522-count_hydrogen_bonds": 1, "8eaf7b28d74688291f79d19f454f8522-calc_interdigitation": 1, "8eaf7b28d74688291f79d19f454f8522-equilibrate_grompp": 1, "8eaf7b28d74688291f79d19f454f8522-compress": 1, "8eaf7b28d74688291f79d19f454f8522-shear_15nN_rerun_grompp": 1, "8eaf7b28d74688291f79d19f454f8522-get_interaction_energy_25nN": 1, "8eaf7b28d74688291f79d19f454f8522-unwrap_shear_5nN": 1, "8eaf7b28d74688291f79d19f454f8522-get_interaction_energy_5nN": 1, "8eaf7b28d74688291f79d19f454f8522-shear_5nN_extend": 1, "8eaf7b28d74688291f79d19f454f8522-calc_roughness": 1, "8eaf7b28d74688291f79d19f454f8522-shear_25nN_grompp": 1, "8eaf7b28d74688291f79d19f454f8522-minimize_grompp": 1, "8eaf7b28d74688291f79d19f454f8522-get_interaction_energy_15nN": 1, "8eaf7b28d74688291f79d19f454f8522-log_interaction_energy_15nN": 1, "8eaf7b28d74688291f79d19f454f8522-shear_5nN_grompp": 1, "8eaf7b28d74688291f79d19f454f8522-shear_5nN_rerun": 1, "8eaf7b28d74688291f79d19f454f8522-shear_25nN_extend_grompp": 1, "8eaf7b28d74688291f79d19f454f8522-initialize": 1, "8eaf7b28d74688291f79d19f454f8522-equilibrate": 1}, "polar_solvation_energy": -14.13}