{"shear_15nN_Etotal": [-4306.778237080735, 185.17355373155104], "molecular_weight": 45.0174, "shear_25nN_Etotal": [-4277.489675900879, 170.53290145643444], "surface_area": 64.71, "shear_15nN_qq": [-2237.5103349864107, 187.68648694045277], "enthalpy_vibrational": 87.35, "shear_5nN_qq": [-2356.529171478817, 193.26750430521997], "tilt": {"5nN": 38.092960216218735, "15nN": 40.643873512583035, "25nN": 41.970012471068}, "intercept": 5.9393545935929, "shear_25nN_lj": [-2135.930076825739, 66.46773225283246], "entropy_rotational": 87.93, "shear_5nN_lj": [-1920.3521041598724, 70.35194458307642], "shear_25nN_qq": [-2141.55959907514, 176.6076454811945], "nonpolar_solvation_energy": 3.72, "total_solvation_energy": -32.72, "shear_15nN_lj": [-2069.267902094324, 64.94906360418872], "shear_5nN_Etotal": [-4276.88127563869, 196.7489019032116], "interdigitation": {"5nN": 0.10346954414094152, "15nN": 0.11942973361284487, "25nN": 0.11665465256547859}, "entropy_vibrational": 7.1, "heat_capacity_vibrational": 15.26, "entropy_translational": 156.5, "roughness": {"5nN": 0.051356202149825794, "15nN": 0.056213885518957014, "25nN": 0.04663339567886084}, "S2": {"5nN": 0.9756953922819347, "15nN": 0.974145596618845, "25nN": 0.9680727166961348}, "dipole_moment": 4.81, "COF": 0.1363713915105585, "status": {"be3ffea4188d4cb00b1ee381fe783c55-shear_5nN_extend_grompp": 1, "be3ffea4188d4cb00b1ee381fe783c55-log_interaction_energy_5nN": 1, "be3ffea4188d4cb00b1ee381fe783c55-log_cof": 1, "be3ffea4188d4cb00b1ee381fe783c55-count_hydrogen_bonds": 1, "be3ffea4188d4cb00b1ee381fe783c55-shear_15nN": 1, "be3ffea4188d4cb00b1ee381fe783c55-get_interaction_energy_5nN": 1, "be3ffea4188d4cb00b1ee381fe783c55-compress": 1, "be3ffea4188d4cb00b1ee381fe783c55-shear_15nN_extend": 1, "be3ffea4188d4cb00b1ee381fe783c55-shear_25nN_extend": 1, "be3ffea4188d4cb00b1ee381fe783c55-calc_tilt_shear": 1, "be3ffea4188d4cb00b1ee381fe783c55-log_S2": 1, "be3ffea4188d4cb00b1ee381fe783c55-shear_15nN_rerun": 1, "be3ffea4188d4cb00b1ee381fe783c55-equilibrate_grompp": 1, "be3ffea4188d4cb00b1ee381fe783c55-calc_S2_shear": 1, "be3ffea4188d4cb00b1ee381fe783c55-shear_5nN_extend": 1, "be3ffea4188d4cb00b1ee381fe783c55-calc_friction": 1, "be3ffea4188d4cb00b1ee381fe783c55-fix_overlaps": 1, "be3ffea4188d4cb00b1ee381fe783c55-unwrap_shear_5nN": 1, "be3ffea4188d4cb00b1ee381fe783c55-shear_15nN_rerun_grompp": 1, "be3ffea4188d4cb00b1ee381fe783c55-get_interaction_energy_25nN": 1, "be3ffea4188d4cb00b1ee381fe783c55-shear_25nN_grompp": 1, "be3ffea4188d4cb00b1ee381fe783c55-unwrap_shear_15nN": 1, "be3ffea4188d4cb00b1ee381fe783c55-calc_roughness": 1, "be3ffea4188d4cb00b1ee381fe783c55-shear_5nN_rerun": 1, "be3ffea4188d4cb00b1ee381fe783c55-get_interaction_energy_15nN": 1, "be3ffea4188d4cb00b1ee381fe783c55-shear_25nN_extend_grompp": 1, "be3ffea4188d4cb00b1ee381fe783c55-log_tilt": 1, "be3ffea4188d4cb00b1ee381fe783c55-shear_25nN": 1, "be3ffea4188d4cb00b1ee381fe783c55-shear_25nN_rerun_grompp": 1, "be3ffea4188d4cb00b1ee381fe783c55-calc_interdigitation": 1, "be3ffea4188d4cb00b1ee381fe783c55-unwrap_shear_25nN": 1, "be3ffea4188d4cb00b1ee381fe783c55-log_interaction_energy_25nN": 1, "be3ffea4188d4cb00b1ee381fe783c55-top_to_mol2": 1, "be3ffea4188d4cb00b1ee381fe783c55-shear_5nN": 1, "be3ffea4188d4cb00b1ee381fe783c55-shear_15nN_grompp": 1, "be3ffea4188d4cb00b1ee381fe783c55-shear_25nN_rerun": 1, "be3ffea4188d4cb00b1ee381fe783c55-minimize": 1, "be3ffea4188d4cb00b1ee381fe783c55-shear_5nN_grompp": 1, "be3ffea4188d4cb00b1ee381fe783c55-initialize": 1, "be3ffea4188d4cb00b1ee381fe783c55-minimize_grompp": 1, "be3ffea4188d4cb00b1ee381fe783c55-log_interaction_energy_15nN": 1, "be3ffea4188d4cb00b1ee381fe783c55-compress_grompp": 1, "be3ffea4188d4cb00b1ee381fe783c55-shear_5nN_rerun_grompp": 1, "be3ffea4188d4cb00b1ee381fe783c55-equilibrate": 1, "be3ffea4188d4cb00b1ee381fe783c55-lammps_to_gmx": 1, "be3ffea4188d4cb00b1ee381fe783c55-shear_15nN_extend_grompp": 1}, "polar_solvation_energy": -36.43}