{"enthalpy_vibrational": 87.35, "shear_5nN_Etotal": [-4276.88127563869, 196.7489019032116], "heat_capacity_vibrational": 15.26, "entropy_vibrational": 7.1, "interdigitation": {"25nN": 0.11599506756745048, "5nN": 0.10356358814980718, "15nN": 0.11967051309002873}, "polar_solvation_energy": -36.43, "shear_15nN_qq": [-2237.5103349864107, 187.68648694045277], "nonpolar_solvation_energy": 3.72, "molecular_weight": 45.0174, "shear_15nN_Etotal": [-4306.778237080735, 185.17355373155104], "roughness": {"25nN": 0.04663339567886084, "5nN": 0.051356202149825794, "15nN": 0.056213885518957014}, "tilt": {"25nN": 41.970012471068, "5nN": 38.092960216218735, "15nN": 40.643873512583035}, "shear_15nN_lj": [-2069.267902094324, 64.94906360418872], "surface_area": 64.71, "total_solvation_energy": -32.72, "dipole_moment": 4.81, "entropy_rotational": 87.93, "shear_25nN_lj": [-2135.930076825739, 66.46773225283246], "shear_25nN_qq": [-2141.55959907514, 176.6076454811945], "ch3-smiles": "CC(=O)O", "status": {"be3ffea4188d4cb00b1ee381fe783c55-initialize": 1, "be3ffea4188d4cb00b1ee381fe783c55-shear_5nN_rerun_grompp": 1, "be3ffea4188d4cb00b1ee381fe783c55-unwrap_shear_15nN": 1, "be3ffea4188d4cb00b1ee381fe783c55-shear_5nN_grompp": 1, "be3ffea4188d4cb00b1ee381fe783c55-shear_25nN_extend_grompp": 1, "be3ffea4188d4cb00b1ee381fe783c55-log_cof": 1, "be3ffea4188d4cb00b1ee381fe783c55-calc_S2_shear": 1, "be3ffea4188d4cb00b1ee381fe783c55-minimize": 1, "be3ffea4188d4cb00b1ee381fe783c55-calc_tilt_shear": 1, "be3ffea4188d4cb00b1ee381fe783c55-get_interaction_energy_5nN": 1, "be3ffea4188d4cb00b1ee381fe783c55-shear_5nN_rerun": 1, "be3ffea4188d4cb00b1ee381fe783c55-log_interaction_energy_25nN": 1, "be3ffea4188d4cb00b1ee381fe783c55-top_to_mol2": 1, "be3ffea4188d4cb00b1ee381fe783c55-shear_25nN_grompp": 1, "be3ffea4188d4cb00b1ee381fe783c55-calc_friction": 1, "be3ffea4188d4cb00b1ee381fe783c55-shear_15nN_grompp": 1, "be3ffea4188d4cb00b1ee381fe783c55-shear_5nN_extend_grompp": 1, "be3ffea4188d4cb00b1ee381fe783c55-calc_roughness": 1, "be3ffea4188d4cb00b1ee381fe783c55-shear_15nN_extend": 1, "be3ffea4188d4cb00b1ee381fe783c55-log_interaction_energy_15nN": 1, "be3ffea4188d4cb00b1ee381fe783c55-shear_15nN_rerun_grompp": 1, "be3ffea4188d4cb00b1ee381fe783c55-shear_5nN_extend": 1, "be3ffea4188d4cb00b1ee381fe783c55-equilibrate_grompp": 1, "be3ffea4188d4cb00b1ee381fe783c55-shear_15nN": 1, "be3ffea4188d4cb00b1ee381fe783c55-log_interaction_energy_5nN": 1, "be3ffea4188d4cb00b1ee381fe783c55-compress_grompp": 1, "be3ffea4188d4cb00b1ee381fe783c55-calc_interdigitation": 6, "be3ffea4188d4cb00b1ee381fe783c55-shear_25nN_extend": 1, "be3ffea4188d4cb00b1ee381fe783c55-minimize_grompp": 1, "be3ffea4188d4cb00b1ee381fe783c55-get_interaction_energy_15nN": 1, "be3ffea4188d4cb00b1ee381fe783c55-shear_5nN": 1, "be3ffea4188d4cb00b1ee381fe783c55-lammps_to_gmx": 1, "be3ffea4188d4cb00b1ee381fe783c55-shear_15nN_extend_grompp": 1, "be3ffea4188d4cb00b1ee381fe783c55-fix_overlaps": 1, "be3ffea4188d4cb00b1ee381fe783c55-shear_15nN_rerun": 1, "be3ffea4188d4cb00b1ee381fe783c55-shear_25nN": 1, "be3ffea4188d4cb00b1ee381fe783c55-equilibrate": 1, "be3ffea4188d4cb00b1ee381fe783c55-unwrap_shear_25nN": 1, "be3ffea4188d4cb00b1ee381fe783c55-log_tilt": 1, "be3ffea4188d4cb00b1ee381fe783c55-get_interaction_energy_25nN": 1, "be3ffea4188d4cb00b1ee381fe783c55-compress": 1, "be3ffea4188d4cb00b1ee381fe783c55-count_hydrogen_bonds": 1, "be3ffea4188d4cb00b1ee381fe783c55-shear_25nN_rerun": 1, "be3ffea4188d4cb00b1ee381fe783c55-log_S2": 1, "be3ffea4188d4cb00b1ee381fe783c55-shear_25nN_rerun_grompp": 1, "be3ffea4188d4cb00b1ee381fe783c55-unwrap_shear_5nN": 1}, "shear_25nN_Etotal": [-4277.489675900879, 170.53290145643444], "intercept": 5.9393545935929, "shear_5nN_qq": [-2356.529171478817, 193.26750430521997], "COF": 0.1363713915105585, "chain-smiles": "CCCCCCCCCCCCCCCCCC(=O)O", "shear_5nN_lj": [-1920.3521041598724, 70.35194458307642], "h-smiles": "C(=O)O", "entropy_translational": 156.5, "S2": {"25nN": 0.9680727166961348, "5nN": 0.9756953922819347, "15nN": 0.974145596618845}}