{"shear_15nN_lj": [-1344.356721656275, 63.74878234223128], "dipole_moment": 1.88, "COF": 0.16544907495565347, "shear_5nN_Etotal": [-3536.0701132398085, 163.30998759982424], "enthalpy_vibrational": 57.43, "intercept": 5.068903317055716, "polar_solvation_energy": -15.61, "shear_5nN_lj": [-1244.9262072765787, 63.10957376943893], "nonpolar_solvation_energy": 2.8, "status": {"299f23e044484d07ec95472b04eca440-shear_25nN": 1, "299f23e044484d07ec95472b04eca440-shear_25nN_rerun_grompp": 1, "299f23e044484d07ec95472b04eca440-shear_15nN_rerun_grompp": 1, "299f23e044484d07ec95472b04eca440-calc_roughness": 1, "299f23e044484d07ec95472b04eca440-shear_15nN": 1, "299f23e044484d07ec95472b04eca440-initialize": 1, "299f23e044484d07ec95472b04eca440-log_tilt": 1, "299f23e044484d07ec95472b04eca440-shear_25nN_grompp": 1, "299f23e044484d07ec95472b04eca440-get_interaction_energy_25nN": 1, "299f23e044484d07ec95472b04eca440-fix_overlaps": 1, "299f23e044484d07ec95472b04eca440-shear_15nN_extend_grompp": 1, "299f23e044484d07ec95472b04eca440-shear_15nN_rerun": 1, "299f23e044484d07ec95472b04eca440-shear_15nN_extend": 1, "299f23e044484d07ec95472b04eca440-count_hydrogen_bonds": 1, "299f23e044484d07ec95472b04eca440-unwrap_shear_15nN": 1, "299f23e044484d07ec95472b04eca440-calc_tilt_shear": 1, "299f23e044484d07ec95472b04eca440-get_interaction_energy_15nN": 1, "299f23e044484d07ec95472b04eca440-shear_5nN_grompp": 1, "299f23e044484d07ec95472b04eca440-shear_5nN_rerun_grompp": 1, "299f23e044484d07ec95472b04eca440-lammps_to_gmx": 1, "299f23e044484d07ec95472b04eca440-minimize_grompp": 1, "299f23e044484d07ec95472b04eca440-unwrap_shear_25nN": 1, "299f23e044484d07ec95472b04eca440-shear_5nN": 1, "299f23e044484d07ec95472b04eca440-top_to_mol2": 1, "299f23e044484d07ec95472b04eca440-equilibrate_grompp": 1, "299f23e044484d07ec95472b04eca440-get_interaction_energy_5nN": 1, "299f23e044484d07ec95472b04eca440-shear_15nN_grompp": 1, "299f23e044484d07ec95472b04eca440-shear_25nN_extend": 1, "299f23e044484d07ec95472b04eca440-compress_grompp": 1, "299f23e044484d07ec95472b04eca440-equilibrate": 1, "299f23e044484d07ec95472b04eca440-shear_5nN_extend": 1, "299f23e044484d07ec95472b04eca440-log_S2": 1, "299f23e044484d07ec95472b04eca440-calc_friction": 1, "299f23e044484d07ec95472b04eca440-calc_interdigitation": 6, "299f23e044484d07ec95472b04eca440-shear_5nN_extend_grompp": 1, "299f23e044484d07ec95472b04eca440-calc_S2_shear": 1, "299f23e044484d07ec95472b04eca440-log_interaction_energy_5nN": 1, "299f23e044484d07ec95472b04eca440-shear_25nN_rerun": 1, "299f23e044484d07ec95472b04eca440-minimize": 1, "299f23e044484d07ec95472b04eca440-log_interaction_energy_25nN": 1, "299f23e044484d07ec95472b04eca440-log_cof": 1, "299f23e044484d07ec95472b04eca440-log_interaction_energy_15nN": 1, "299f23e044484d07ec95472b04eca440-shear_5nN_rerun": 1, "299f23e044484d07ec95472b04eca440-compress": 1, "299f23e044484d07ec95472b04eca440-unwrap_shear_5nN": 1, "299f23e044484d07ec95472b04eca440-shear_25nN_extend_grompp": 1}, "entropy_translational": 144.8, "molecular_weight": 17.0073, "total_solvation_energy": -12.83, "shear_25nN_Etotal": [-3716.4769738177456, 150.53847876685657], "shear_25nN_lj": [-1411.6154718976818, 61.57780450817637], "roughness": {"25nN": 0.06428050345281994, "15nN": 0.06675284055645339, "5nN": 0.06761718063060426}, "entropy_rotational": 49.19, "entropy_vibrational": 0.02, "interdigitation": {"25nN": 0.1549189889371768, "15nN": 0.1505666868969672, "5nN": 0.14865365821539064}, "shear_25nN_qq": [-2304.8615019200643, 154.47374905285034], "heat_capacity_vibrational": 0.13, "shear_5nN_qq": [-2291.1439059632294, 164.97188709555962], "surface_area": 42.49, "tilt": {"25nN": 41.15719187777888, "15nN": 39.545116583093154, "5nN": 37.07832884771815}, "S2": {"25nN": 0.9442841276153163, "15nN": 0.9458912755769165, "5nN": 0.9555274500445302}, "shear_15nN_Etotal": [-3740.35789142526, 162.3346052969084], "shear_15nN_qq": [-2396.0011697689847, 164.305667005811]}