{"enthalpy_vibrational": 57.43, "shear_5nN_Etotal": [-3625.839637780976, 182.14156059514508], "heat_capacity_vibrational": 0.13, "entropy_vibrational": 0.02, "interdigitation": {"25nN": 0.1247876040043915, "5nN": 0.13211029857272896, "15nN": 0.13071784654884475}, "polar_solvation_energy": -15.61, "shear_15nN_qq": [-2490.4681175963224, 179.6570116961385], "nonpolar_solvation_energy": 2.8, "molecular_weight": 17.0073, "shear_15nN_Etotal": [-3833.1583637498, 179.0009503836134], "roughness": {"25nN": 0.05384764090121382, "5nN": 0.05860168268720291, "15nN": 0.05470246425910333}, "tilt": {"25nN": 40.84579446401642, "5nN": 36.56612080303924, "15nN": 39.142159450672935}, "shear_15nN_lj": [-1342.6902461534771, 62.47904158002884], "surface_area": 42.49, "total_solvation_energy": -12.83, "dipole_moment": 1.88, "entropy_rotational": 49.19, "shear_25nN_lj": [-1396.2239496482814, 65.88414387873465], "shear_25nN_qq": [-2441.9518112030373, 175.54766974812117], "ch3-smiles": "CO", "status": {"46f0daa7e7b739c7c1d53d864366cf55-log_tilt": 1, "46f0daa7e7b739c7c1d53d864366cf55-shear_25nN_extend": 1, "46f0daa7e7b739c7c1d53d864366cf55-minimize": 1, "46f0daa7e7b739c7c1d53d864366cf55-log_interaction_energy_5nN": 1, "46f0daa7e7b739c7c1d53d864366cf55-shear_15nN_rerun": 1, "46f0daa7e7b739c7c1d53d864366cf55-shear_15nN_rerun_grompp": 1, "46f0daa7e7b739c7c1d53d864366cf55-shear_15nN_extend": 1, "46f0daa7e7b739c7c1d53d864366cf55-shear_25nN_rerun_grompp": 1, "46f0daa7e7b739c7c1d53d864366cf55-get_interaction_energy_25nN": 1, "46f0daa7e7b739c7c1d53d864366cf55-compress_grompp": 1, "46f0daa7e7b739c7c1d53d864366cf55-calc_tilt_shear": 1, "46f0daa7e7b739c7c1d53d864366cf55-log_cof": 1, "46f0daa7e7b739c7c1d53d864366cf55-equilibrate": 1, "46f0daa7e7b739c7c1d53d864366cf55-equilibrate_grompp": 1, "46f0daa7e7b739c7c1d53d864366cf55-lammps_to_gmx": 1, "46f0daa7e7b739c7c1d53d864366cf55-shear_15nN": 1, "46f0daa7e7b739c7c1d53d864366cf55-log_interaction_energy_15nN": 1, "46f0daa7e7b739c7c1d53d864366cf55-calc_S2_shear": 1, "46f0daa7e7b739c7c1d53d864366cf55-log_S2": 1, "46f0daa7e7b739c7c1d53d864366cf55-unwrap_shear_15nN": 1, "46f0daa7e7b739c7c1d53d864366cf55-minimize_grompp": 1, "46f0daa7e7b739c7c1d53d864366cf55-shear_15nN_grompp": 1, "46f0daa7e7b739c7c1d53d864366cf55-shear_5nN": 1, "46f0daa7e7b739c7c1d53d864366cf55-shear_15nN_extend_grompp": 1, "46f0daa7e7b739c7c1d53d864366cf55-calc_roughness": 1, "46f0daa7e7b739c7c1d53d864366cf55-shear_5nN_extend": 1, "46f0daa7e7b739c7c1d53d864366cf55-get_interaction_energy_5nN": 1, "46f0daa7e7b739c7c1d53d864366cf55-top_to_mol2": 1, "46f0daa7e7b739c7c1d53d864366cf55-shear_5nN_grompp": 1, "46f0daa7e7b739c7c1d53d864366cf55-initialize": 1, "46f0daa7e7b739c7c1d53d864366cf55-unwrap_shear_5nN": 1, "46f0daa7e7b739c7c1d53d864366cf55-calc_friction": 1, "46f0daa7e7b739c7c1d53d864366cf55-shear_25nN_rerun": 1, "46f0daa7e7b739c7c1d53d864366cf55-shear_5nN_rerun_grompp": 1, "46f0daa7e7b739c7c1d53d864366cf55-shear_25nN_extend_grompp": 1, "46f0daa7e7b739c7c1d53d864366cf55-shear_5nN_rerun": 1, "46f0daa7e7b739c7c1d53d864366cf55-shear_25nN_grompp": 1, "46f0daa7e7b739c7c1d53d864366cf55-calc_interdigitation": 6, "46f0daa7e7b739c7c1d53d864366cf55-shear_25nN": 1, "46f0daa7e7b739c7c1d53d864366cf55-get_interaction_energy_15nN": 1, "46f0daa7e7b739c7c1d53d864366cf55-fix_overlaps": 1, "46f0daa7e7b739c7c1d53d864366cf55-log_interaction_energy_25nN": 1, "46f0daa7e7b739c7c1d53d864366cf55-unwrap_shear_25nN": 1, "46f0daa7e7b739c7c1d53d864366cf55-compress": 1, "46f0daa7e7b739c7c1d53d864366cf55-shear_5nN_extend_grompp": 1, "46f0daa7e7b739c7c1d53d864366cf55-count_hydrogen_bonds": 1}, "shear_25nN_Etotal": [-3838.1757608513185, 170.02728105683494], "intercept": 5.019632280012974, "shear_5nN_qq": [-2373.7365634932053, 178.46996649973957], "COF": 0.17703423213108926, "chain-smiles": "CCCCCCCCCCCCCCCCCO", "shear_5nN_lj": [-1252.1030742877697, 62.40665043581187], "h-smiles": "O", "entropy_translational": 144.8, "S2": {"25nN": 0.953973951874318, "5nN": 0.9552078967983304, "15nN": 0.9453073539223359}}