{"enthalpy_vibrational": 62.86, "shear_5nN_Etotal": [-3181.437312017586, 194.42330569810224], "heat_capacity_vibrational": 5.42, "entropy_vibrational": 1.77, "interdigitation": {"25nN": 0.13783743812397564, "5nN": 0.13976388256192637, "15nN": 0.14522075224270053}, "polar_solvation_energy": -48.71, "shear_15nN_qq": [-1311.3959215443642, 187.91161994245883], "nonpolar_solvation_energy": 4.77, "molecular_weight": 46.0055, "shear_15nN_Etotal": [-3308.3685348681056, 212.80946918183702], "roughness": {"25nN": 0.04739319215791149, "5nN": 0.05125298559050608, "15nN": 0.05122185624919711}, "tilt": {"25nN": 35.59013008230705, "5nN": 30.48220379132267, "15nN": 33.06587884760881}, "shear_15nN_lj": [-1996.9726133237411, 61.64689993316217], "surface_area": 59.09, "total_solvation_energy": -43.93, "dipole_moment": 3.81, "entropy_rotational": 85.69, "shear_25nN_lj": [-2099.7752281638686, 57.14553919783611], "shear_5nN_lj": [-1773.3917927210234, 66.30275563685345], "status": {"4fa06dec7138fcb6ae354a1946684e00-unwrap_shear_25nN": 1, "4fa06dec7138fcb6ae354a1946684e00-shear_15nN_rerun_grompp": 1, "4fa06dec7138fcb6ae354a1946684e00-shear_5nN_grompp": 1, "4fa06dec7138fcb6ae354a1946684e00-get_interaction_energy_25nN": 1, "4fa06dec7138fcb6ae354a1946684e00-shear_15nN_rerun": 1, "4fa06dec7138fcb6ae354a1946684e00-get_interaction_energy_5nN": 1, "4fa06dec7138fcb6ae354a1946684e00-equilibrate": 1, "4fa06dec7138fcb6ae354a1946684e00-shear_5nN_rerun_grompp": 1, "4fa06dec7138fcb6ae354a1946684e00-shear_15nN_extend_grompp": 1, "4fa06dec7138fcb6ae354a1946684e00-shear_15nN_grompp": 1, "4fa06dec7138fcb6ae354a1946684e00-log_tilt": 1, "4fa06dec7138fcb6ae354a1946684e00-lammps_to_gmx": 1, "4fa06dec7138fcb6ae354a1946684e00-log_S2": 1, "4fa06dec7138fcb6ae354a1946684e00-log_interaction_energy_5nN": 1, "4fa06dec7138fcb6ae354a1946684e00-shear_5nN_extend": 1, "4fa06dec7138fcb6ae354a1946684e00-calc_roughness": 1, "4fa06dec7138fcb6ae354a1946684e00-top_to_mol2": 1, "4fa06dec7138fcb6ae354a1946684e00-shear_25nN_rerun": 1, "4fa06dec7138fcb6ae354a1946684e00-log_cof": 1, "4fa06dec7138fcb6ae354a1946684e00-shear_25nN_rerun_grompp": 1, "4fa06dec7138fcb6ae354a1946684e00-get_interaction_energy_15nN": 1, "4fa06dec7138fcb6ae354a1946684e00-minimize": 1, "4fa06dec7138fcb6ae354a1946684e00-count_hydrogen_bonds": 1, "4fa06dec7138fcb6ae354a1946684e00-initialize": 1, "4fa06dec7138fcb6ae354a1946684e00-calc_tilt_shear": 1, "4fa06dec7138fcb6ae354a1946684e00-unwrap_shear_15nN": 1, "4fa06dec7138fcb6ae354a1946684e00-minimize_grompp": 1, "4fa06dec7138fcb6ae354a1946684e00-calc_interdigitation": 3, "4fa06dec7138fcb6ae354a1946684e00-shear_25nN_grompp": 1, "4fa06dec7138fcb6ae354a1946684e00-shear_25nN_extend_grompp": 1, "4fa06dec7138fcb6ae354a1946684e00-calc_friction": 1, "4fa06dec7138fcb6ae354a1946684e00-shear_15nN_extend": 1, "4fa06dec7138fcb6ae354a1946684e00-shear_25nN_extend": 1, "4fa06dec7138fcb6ae354a1946684e00-log_interaction_energy_25nN": 1, "4fa06dec7138fcb6ae354a1946684e00-log_interaction_energy_15nN": 1, "4fa06dec7138fcb6ae354a1946684e00-shear_5nN_extend_grompp": 1, "4fa06dec7138fcb6ae354a1946684e00-shear_25nN": 1, "4fa06dec7138fcb6ae354a1946684e00-shear_5nN_rerun": 1, "4fa06dec7138fcb6ae354a1946684e00-equilibrate_grompp": 1, "4fa06dec7138fcb6ae354a1946684e00-shear_5nN": 1, "4fa06dec7138fcb6ae354a1946684e00-fix_overlaps": 1, "4fa06dec7138fcb6ae354a1946684e00-calc_S2_shear": 1, "4fa06dec7138fcb6ae354a1946684e00-compress": 1, "4fa06dec7138fcb6ae354a1946684e00-compress_grompp": 1, "4fa06dec7138fcb6ae354a1946684e00-shear_15nN": 1, "4fa06dec7138fcb6ae354a1946684e00-unwrap_shear_5nN": 1}, "shear_25nN_Etotal": [-3232.027279627498, 200.80003631423634], "shear_25nN_qq": [-1132.2520514636292, 181.22522530127995], "ch3-smiles": "C[N+](=O)[O-]", "intercept": 2.3564931606623, "shear_5nN_qq": [-1408.0455192965626, 166.49105946682903], "COF": 0.16045023115152374, "chain-smiles": "CCCCCCCCCCCCCCCCC[N+](=O)[O-]", "h-smiles": "[N+](=O)[O-]", "entropy_translational": 156.76, "S2": {"25nN": 0.677756947636219, "5nN": 0.6728842428609311, "15nN": 0.689295158244393}}