{"shear_15nN_Etotal": [-1486.2665340103918, 53.900461598090935], "molecular_weight": 77.1037, "shear_25nN_Etotal": [-1550.6265004852119, 57.237818057963636], "surface_area": 93.44, "shear_15nN_qq": [272.99067702557954, 21.778389399733232], "enthalpy_vibrational": 263.87, "shear_5nN_qq": [268.438538851319, 18.801418954500722], "tilt": {"5nN": 26.1578578386567, "15nN": 30.06968520313499, "25nN": 32.98544490658711}, "intercept": 1.5633436201260076, "shear_25nN_lj": [-1837.1227681894484, 51.5165212162019], "entropy_rotational": 107.29, "shear_5nN_lj": [-1553.0638429768185, 56.100466111819216], "shear_25nN_qq": [286.49626770423663, 25.507028324364054], "nonpolar_solvation_energy": 6.77, "total_solvation_energy": 1.89, "shear_15nN_lj": [-1759.257211035971, 48.89415578978975], "shear_5nN_Etotal": [-1284.6253041254995, 60.45940108527238], "interdigitation": {"5nN": 0.10361790825014312, "15nN": 0.09890595248036685, "25nN": 0.10347666354022834}, "entropy_vibrational": 20.79, "heat_capacity_vibrational": 48.68, "entropy_translational": 163.09, "roughness": {"5nN": 0.05833256796254815, "15nN": 0.05547776718558052, "25nN": 0.055029164849705936}, "S2": {"5nN": 0.8012540683379507, "15nN": 0.7996877992308433, "25nN": 0.785869257309245}, "dipole_moment": 0.0, "COF": 0.13197205999658307, "status": {"0aabdb08aa5649ea5884610ea9dad3c2-shear_25nN": 1, "0aabdb08aa5649ea5884610ea9dad3c2-shear_15nN_extend": 1, "0aabdb08aa5649ea5884610ea9dad3c2-compress": 1, "0aabdb08aa5649ea5884610ea9dad3c2-calc_roughness": 1, "0aabdb08aa5649ea5884610ea9dad3c2-initialize": 1, "0aabdb08aa5649ea5884610ea9dad3c2-top_to_mol2": 1, "0aabdb08aa5649ea5884610ea9dad3c2-shear_25nN_extend_grompp": 1, "0aabdb08aa5649ea5884610ea9dad3c2-shear_25nN_extend": 1, "0aabdb08aa5649ea5884610ea9dad3c2-log_interaction_energy_15nN": 1, "0aabdb08aa5649ea5884610ea9dad3c2-compress_grompp": 1, "0aabdb08aa5649ea5884610ea9dad3c2-shear_15nN": 1, "0aabdb08aa5649ea5884610ea9dad3c2-calc_friction": 1, "0aabdb08aa5649ea5884610ea9dad3c2-count_hydrogen_bonds": 1, "0aabdb08aa5649ea5884610ea9dad3c2-fix_overlaps": 1, "0aabdb08aa5649ea5884610ea9dad3c2-lammps_to_gmx": 1, "0aabdb08aa5649ea5884610ea9dad3c2-shear_25nN_rerun_grompp": 1, "0aabdb08aa5649ea5884610ea9dad3c2-minimize_grompp": 1, "0aabdb08aa5649ea5884610ea9dad3c2-shear_5nN": 1, "0aabdb08aa5649ea5884610ea9dad3c2-unwrap_shear_25nN": 1, "0aabdb08aa5649ea5884610ea9dad3c2-calc_interdigitation": 1, "0aabdb08aa5649ea5884610ea9dad3c2-shear_5nN_extend_grompp": 1, "0aabdb08aa5649ea5884610ea9dad3c2-unwrap_shear_5nN": 1, "0aabdb08aa5649ea5884610ea9dad3c2-shear_25nN_rerun": 1, "0aabdb08aa5649ea5884610ea9dad3c2-get_interaction_energy_25nN": 1, "0aabdb08aa5649ea5884610ea9dad3c2-calc_S2_shear": 1, "0aabdb08aa5649ea5884610ea9dad3c2-equilibrate_grompp": 1, "0aabdb08aa5649ea5884610ea9dad3c2-shear_5nN_grompp": 1, "0aabdb08aa5649ea5884610ea9dad3c2-shear_25nN_grompp": 1, "0aabdb08aa5649ea5884610ea9dad3c2-log_tilt": 1, "0aabdb08aa5649ea5884610ea9dad3c2-shear_5nN_extend": 1, "0aabdb08aa5649ea5884610ea9dad3c2-shear_15nN_rerun_grompp": 1, "0aabdb08aa5649ea5884610ea9dad3c2-log_interaction_energy_25nN": 1, "0aabdb08aa5649ea5884610ea9dad3c2-minimize": 1, "0aabdb08aa5649ea5884610ea9dad3c2-get_interaction_energy_15nN": 1, "0aabdb08aa5649ea5884610ea9dad3c2-log_interaction_energy_5nN": 1, "0aabdb08aa5649ea5884610ea9dad3c2-unwrap_shear_15nN": 1, "0aabdb08aa5649ea5884610ea9dad3c2-shear_15nN_extend_grompp": 1, "0aabdb08aa5649ea5884610ea9dad3c2-log_S2": 1, "0aabdb08aa5649ea5884610ea9dad3c2-shear_5nN_rerun": 1, "0aabdb08aa5649ea5884610ea9dad3c2-shear_15nN_rerun": 1, "0aabdb08aa5649ea5884610ea9dad3c2-equilibrate": 1, "0aabdb08aa5649ea5884610ea9dad3c2-get_interaction_energy_5nN": 1, "0aabdb08aa5649ea5884610ea9dad3c2-calc_tilt_shear": 1, "0aabdb08aa5649ea5884610ea9dad3c2-shear_15nN_grompp": 1, "0aabdb08aa5649ea5884610ea9dad3c2-log_cof": 1, "0aabdb08aa5649ea5884610ea9dad3c2-shear_5nN_rerun_grompp": 1}, "polar_solvation_energy": -4.89}