{"MR":11.348,"asphericity":0.428048,"balabanj":4.020392,"bertzct":61.509775,"chi0":7.0,"chi0n":7.0,"chi0v":1.0,"chi1":3.25,"chi1n":3.25,"chi1v":0.25,"chi2n":0.0,"chi2v":0.0,"chi3n":0.0,"chi3v":0.0,"chi4n":0.0,"chi4v":0.0,"e-valence":14.0,"eccentricity":0.965784,"hk-alpha":0.0,"hk-kappa1":0.040816,"hk-kappa2":0.0,"hk-kappa3":0.0,"ipc":21.306059,"isf":0.151005,"labuteASA":23.534016,"logP":1.0262,"molwt":30.04695,"molwt-hvy":24.022,"nheavy":2.0,"npr1":0.259349,"npr2":0.990736,"pbf":0.500775,"pc+":0.136525,"pc-":-0.136525,"pmi1":6.560969,"pmi2":25.063518,"pmi3":25.297876,"rbonds":1.0,"rg":0.972881,"rpc+":0.166667,"rpc-":0.5,"spherocity":0.604582,"tpsa":0.0,"vsa+":8.224551,"vsa-":13.703784,"vsa-fhyd":1.0,"vsa-fneg":0.624935,"vsa-fpneg":0.0,"vsa-fpos":0.375065,"vsa-fppos":0.0,"vsa-hyd":21.928335,"vsa-polar":0.0,"vsa-polar+":0.0,"vsa-polar-":0.0,"hbonds":0.0}