{"enthalpy_vibrational": 119.27, "shear_5nN_Etotal": [-410.47686853876894, 47.41943076859992], "heat_capacity_vibrational": 2.25, "entropy_vibrational": 0.39, "interdigitation": {"25nN": 0.10593017541764396, "5nN": 0.11120392693511033, "15nN": 0.10779704486038716}, "polar_solvation_energy": -0.12, "shear_15nN_qq": [968.8330853772983, 45.267490341100206], "nonpolar_solvation_energy": 4.81, "molecular_weight": 15.0344, "shear_15nN_Etotal": [-368.8774710743405, 53.22543563092062], "roughness": {"25nN": 0.05464402688303923, "5nN": 0.06089346085882092, "15nN": 0.05585336212182468}, "tilt": {"25nN": 32.663338434287624, "5nN": 26.45342674923499, "15nN": 30.490824974113284}, "shear_15nN_lj": [-1337.710556451639, 46.643330159801884], "surface_area": 48.83, "total_solvation_energy": 4.69, "dipole_moment": 0.0, "entropy_rotational": 62.93, "shear_25nN_lj": [-1447.3968806434852, 47.20830611951972], "shear_25nN_qq": [1173.4094953541166, 44.556643216911645], "ch3-smiles": "CC", "status": {"f3ff1e5c8936694e76da242a29cadc6f-shear_25nN_grompp": 1, "f3ff1e5c8936694e76da242a29cadc6f-unwrap_shear_25nN": 1, "f3ff1e5c8936694e76da242a29cadc6f-shear_5nN_extend_grompp": 1, "f3ff1e5c8936694e76da242a29cadc6f-shear_5nN_extend": 1, "f3ff1e5c8936694e76da242a29cadc6f-get_interaction_energy_5nN": 1, "f3ff1e5c8936694e76da242a29cadc6f-fix_overlaps": 1, "f3ff1e5c8936694e76da242a29cadc6f-minimize_grompp": 1, "f3ff1e5c8936694e76da242a29cadc6f-calc_tilt_shear": 1, "f3ff1e5c8936694e76da242a29cadc6f-shear_5nN": 1, "f3ff1e5c8936694e76da242a29cadc6f-compress_grompp": 1, "f3ff1e5c8936694e76da242a29cadc6f-calc_S2_shear": 1, "f3ff1e5c8936694e76da242a29cadc6f-lammps_to_gmx": 1, "f3ff1e5c8936694e76da242a29cadc6f-log_tilt": 1, "f3ff1e5c8936694e76da242a29cadc6f-shear_15nN_extend": 1, "f3ff1e5c8936694e76da242a29cadc6f-shear_25nN_rerun_grompp": 1, "f3ff1e5c8936694e76da242a29cadc6f-shear_15nN_grompp": 1, "f3ff1e5c8936694e76da242a29cadc6f-get_interaction_energy_25nN": 1, "f3ff1e5c8936694e76da242a29cadc6f-unwrap_shear_15nN": 1, "f3ff1e5c8936694e76da242a29cadc6f-shear_25nN_extend_grompp": 1, "f3ff1e5c8936694e76da242a29cadc6f-shear_5nN_rerun": 1, "f3ff1e5c8936694e76da242a29cadc6f-log_interaction_energy_25nN": 1, "f3ff1e5c8936694e76da242a29cadc6f-initialize": 1, "f3ff1e5c8936694e76da242a29cadc6f-shear_15nN_rerun": 1, "f3ff1e5c8936694e76da242a29cadc6f-top_to_mol2": 1, "f3ff1e5c8936694e76da242a29cadc6f-shear_5nN_rerun_grompp": 1, "f3ff1e5c8936694e76da242a29cadc6f-shear_25nN_rerun": 1, "f3ff1e5c8936694e76da242a29cadc6f-get_interaction_energy_15nN": 1, "f3ff1e5c8936694e76da242a29cadc6f-shear_25nN": 1, "f3ff1e5c8936694e76da242a29cadc6f-equilibrate": 1, "f3ff1e5c8936694e76da242a29cadc6f-compress": 1, "f3ff1e5c8936694e76da242a29cadc6f-calc_roughness": 1, "f3ff1e5c8936694e76da242a29cadc6f-calc_friction": 1, "f3ff1e5c8936694e76da242a29cadc6f-unwrap_shear_5nN": 1, "f3ff1e5c8936694e76da242a29cadc6f-equilibrate_grompp": 1, "f3ff1e5c8936694e76da242a29cadc6f-shear_25nN_extend": 1, "f3ff1e5c8936694e76da242a29cadc6f-log_interaction_energy_15nN": 1, "f3ff1e5c8936694e76da242a29cadc6f-calc_interdigitation": 6, "f3ff1e5c8936694e76da242a29cadc6f-count_hydrogen_bonds": 1, "f3ff1e5c8936694e76da242a29cadc6f-shear_15nN_rerun_grompp": 1, "f3ff1e5c8936694e76da242a29cadc6f-shear_15nN": 1, "f3ff1e5c8936694e76da242a29cadc6f-minimize": 1, "f3ff1e5c8936694e76da242a29cadc6f-shear_15nN_extend_grompp": 1, "f3ff1e5c8936694e76da242a29cadc6f-log_cof": 1, "f3ff1e5c8936694e76da242a29cadc6f-log_S2": 1, "f3ff1e5c8936694e76da242a29cadc6f-shear_5nN_grompp": 1, "f3ff1e5c8936694e76da242a29cadc6f-log_interaction_energy_5nN": 1}, "shear_25nN_Etotal": [-273.98738528936855, 56.22104796156132], "intercept": 0.6580570665020962, "shear_5nN_qq": [676.7138764588329, 42.33182026417308], "COF": 0.18463241756237234, "chain-smiles": "CCCCCCCCCCCCCCCCCC", "shear_5nN_lj": [-1087.1907449976018, 47.635507604452485], "h-smiles": "C", "entropy_translational": 143.35, "S2": {"25nN": 0.6714485418237884, "5nN": 0.7004501856459686, "15nN": 0.6783958706408704}}