{"shear_15nN_Etotal": [-2983.8659816306954, 119.23091795873651], "molecular_weight": 122.1013, "shear_25nN_Etotal": [-3104.305877263789, 111.06871669590144], "surface_area": 118.23, "shear_15nN_qq": [-491.62485715107914, 68.22691046008168], "enthalpy_vibrational": 280.86, "shear_5nN_qq": [-467.68869185051955, 62.97707716716034], "tilt": {"5nN": 31.063116769768044, "15nN": 35.52205800443333, "25nN": 36.829534342496586}, "intercept": 2.5673055136565957, "shear_25nN_lj": [-2569.4182671446843, 66.54587321648684], "entropy_rotational": 119.66, "shear_5nN_lj": [-2327.443265119904, 78.11214544926749], "shear_25nN_qq": [-534.8876101191047, 66.59490039645773], "nonpolar_solvation_energy": 8.49, "total_solvation_energy": -24.48, "shear_15nN_lj": [-2492.2411244796162, 72.68336872753487], "shear_5nN_Etotal": [-2795.1319569704233, 120.88811431744577], "interdigitation": {"5nN": 0.23033088711520638, "25nN": 0.21468156314349832, "15nN": 0.20843934168472814}, "entropy_vibrational": 69.31, "heat_capacity_vibrational": 83.45, "entropy_translational": 168.76, "roughness": {"5nN": 0.06691162823061604, "25nN": 0.0680957233314304, "15nN": 0.05920964217413485}, "S2": {"5nN": 0.9071476481370433, "25nN": 0.9133376781144097, "15nN": 0.9058879687424221}, "dipole_moment": 6.22, "COF": 0.14773853213002516, "status": {"283241ac2e459ddc0fb0960c024b03e8-shear_15nN": 1, "283241ac2e459ddc0fb0960c024b03e8-shear_15nN_extend": 1, "283241ac2e459ddc0fb0960c024b03e8-shear_15nN_extend_grompp": 1, "283241ac2e459ddc0fb0960c024b03e8-shear_5nN": 1, "283241ac2e459ddc0fb0960c024b03e8-shear_25nN_extend": 1, "283241ac2e459ddc0fb0960c024b03e8-compress": 1, "283241ac2e459ddc0fb0960c024b03e8-log_interaction_energy_25nN": 1, "283241ac2e459ddc0fb0960c024b03e8-log_cof": 1, "283241ac2e459ddc0fb0960c024b03e8-shear_15nN_rerun_grompp": 1, "283241ac2e459ddc0fb0960c024b03e8-shear_5nN_rerun": 1, "283241ac2e459ddc0fb0960c024b03e8-log_tilt": 1, "283241ac2e459ddc0fb0960c024b03e8-get_interaction_energy_25nN": 1, "283241ac2e459ddc0fb0960c024b03e8-equilibrate": 1, "283241ac2e459ddc0fb0960c024b03e8-shear_25nN_rerun": 1, "283241ac2e459ddc0fb0960c024b03e8-shear_25nN_extend_grompp": 1, "283241ac2e459ddc0fb0960c024b03e8-shear_5nN_extend": 1, "283241ac2e459ddc0fb0960c024b03e8-shear_5nN_extend_grompp": 1, "283241ac2e459ddc0fb0960c024b03e8-shear_25nN_rerun_grompp": 1, "283241ac2e459ddc0fb0960c024b03e8-count_hydrogen_bonds": 1, "283241ac2e459ddc0fb0960c024b03e8-calc_interdigitation": 1, "283241ac2e459ddc0fb0960c024b03e8-shear_15nN_grompp": 1, "283241ac2e459ddc0fb0960c024b03e8-calc_tilt_shear": 1, "283241ac2e459ddc0fb0960c024b03e8-log_S2": 1, "283241ac2e459ddc0fb0960c024b03e8-unwrap_shear_15nN": 1, "283241ac2e459ddc0fb0960c024b03e8-shear_5nN_grompp": 1, "283241ac2e459ddc0fb0960c024b03e8-get_interaction_energy_5nN": 1, "283241ac2e459ddc0fb0960c024b03e8-minimize": 1, "283241ac2e459ddc0fb0960c024b03e8-fix_overlaps": 1, "283241ac2e459ddc0fb0960c024b03e8-log_interaction_energy_5nN": 1, "283241ac2e459ddc0fb0960c024b03e8-shear_5nN_rerun_grompp": 1, "283241ac2e459ddc0fb0960c024b03e8-unwrap_shear_25nN": 1, "283241ac2e459ddc0fb0960c024b03e8-unwrap_shear_5nN": 1, "283241ac2e459ddc0fb0960c024b03e8-top_to_mol2": 1, "283241ac2e459ddc0fb0960c024b03e8-get_interaction_energy_15nN": 1, "283241ac2e459ddc0fb0960c024b03e8-calc_roughness": 1, "283241ac2e459ddc0fb0960c024b03e8-calc_friction": 1, "283241ac2e459ddc0fb0960c024b03e8-log_interaction_energy_15nN": 1, "283241ac2e459ddc0fb0960c024b03e8-equilibrate_grompp": 1, "283241ac2e459ddc0fb0960c024b03e8-compress_grompp": 1, "283241ac2e459ddc0fb0960c024b03e8-shear_25nN_grompp": 1, "283241ac2e459ddc0fb0960c024b03e8-shear_15nN_rerun": 1, "283241ac2e459ddc0fb0960c024b03e8-calc_S2_shear": 1, "283241ac2e459ddc0fb0960c024b03e8-shear_25nN": 1, "283241ac2e459ddc0fb0960c024b03e8-minimize_grompp": 1, "283241ac2e459ddc0fb0960c024b03e8-lammps_to_gmx": 1, "283241ac2e459ddc0fb0960c024b03e8-initialize": 1}, "polar_solvation_energy": -32.99}