{"enthalpy_vibrational": 248.15, "shear_5nN_Etotal": [-2297.4723097553956, 90.7527283404622], "heat_capacity_vibrational": 58.87, "entropy_vibrational": 30.51, "interdigitation": {"25nN": 0.1752406746406823, "5nN": 0.1789964528910652, "15nN": 0.17295462795516162}, "polar_solvation_energy": -7.83, "shear_15nN_qq": [-853.4986680511591, 49.95228477815731], "nonpolar_solvation_energy": 14.09, "molecular_weight": 95.0942, "shear_15nN_Etotal": [-2526.1607378065546, 81.69660472111246], "roughness": {"25nN": 0.056809303037500244, "5nN": 0.06068053912670257, "15nN": 0.05573113772163802}, "tilt": {"25nN": 33.51510676644607, "5nN": 26.44557288436302, "15nN": 30.94540865751673}, "shear_15nN_lj": [-1672.6620697553956, 48.94129180079345], "surface_area": 96.58, "total_solvation_energy": 6.28, "dipole_moment": 2.03, "entropy_rotational": 112.71, "shear_25nN_lj": [-1747.9456106970424, 50.65526572434907], "shear_25nN_qq": [-887.6347706418866, 58.05877726226944], "ch3-smiles": "CC1=CC=C(F)C=C1", "status": {"3f0d0243346c0284932dc7ea1558df3e-minimize": 1, "3f0d0243346c0284932dc7ea1558df3e-shear_5nN_extend": 1, "3f0d0243346c0284932dc7ea1558df3e-get_interaction_energy_25nN": 1, "3f0d0243346c0284932dc7ea1558df3e-shear_15nN_grompp": 1, "3f0d0243346c0284932dc7ea1558df3e-shear_25nN": 1, "3f0d0243346c0284932dc7ea1558df3e-unwrap_shear_5nN": 1, "3f0d0243346c0284932dc7ea1558df3e-equilibrate_grompp": 1, "3f0d0243346c0284932dc7ea1558df3e-lammps_to_gmx": 1, "3f0d0243346c0284932dc7ea1558df3e-fix_overlaps": 1, "3f0d0243346c0284932dc7ea1558df3e-shear_25nN_extend_grompp": 1, "3f0d0243346c0284932dc7ea1558df3e-log_tilt": 1, "3f0d0243346c0284932dc7ea1558df3e-shear_25nN_rerun": 1, "3f0d0243346c0284932dc7ea1558df3e-top_to_mol2": 1, "3f0d0243346c0284932dc7ea1558df3e-calc_interdigitation": 6, "3f0d0243346c0284932dc7ea1558df3e-log_interaction_energy_15nN": 1, "3f0d0243346c0284932dc7ea1558df3e-log_interaction_energy_25nN": 1, "3f0d0243346c0284932dc7ea1558df3e-shear_5nN_extend_grompp": 1, "3f0d0243346c0284932dc7ea1558df3e-log_cof": 1, "3f0d0243346c0284932dc7ea1558df3e-shear_15nN_extend_grompp": 1, "3f0d0243346c0284932dc7ea1558df3e-get_interaction_energy_15nN": 1, "3f0d0243346c0284932dc7ea1558df3e-compress_grompp": 1, "3f0d0243346c0284932dc7ea1558df3e-count_hydrogen_bonds": 1, "3f0d0243346c0284932dc7ea1558df3e-shear_5nN_rerun_grompp": 1, "3f0d0243346c0284932dc7ea1558df3e-shear_15nN_rerun": 1, "3f0d0243346c0284932dc7ea1558df3e-unwrap_shear_15nN": 1, "3f0d0243346c0284932dc7ea1558df3e-calc_tilt_shear": 1, "3f0d0243346c0284932dc7ea1558df3e-compress": 1, "3f0d0243346c0284932dc7ea1558df3e-unwrap_shear_25nN": 1, "3f0d0243346c0284932dc7ea1558df3e-shear_5nN_grompp": 1, "3f0d0243346c0284932dc7ea1558df3e-shear_5nN": 1, "3f0d0243346c0284932dc7ea1558df3e-calc_friction": 1, "3f0d0243346c0284932dc7ea1558df3e-calc_S2_shear": 1, "3f0d0243346c0284932dc7ea1558df3e-calc_roughness": 1, "3f0d0243346c0284932dc7ea1558df3e-shear_25nN_rerun_grompp": 1, "3f0d0243346c0284932dc7ea1558df3e-shear_15nN": 1, "3f0d0243346c0284932dc7ea1558df3e-shear_5nN_rerun": 1, "3f0d0243346c0284932dc7ea1558df3e-log_S2": 1, "3f0d0243346c0284932dc7ea1558df3e-shear_25nN_grompp": 1, "3f0d0243346c0284932dc7ea1558df3e-shear_25nN_extend": 1, "3f0d0243346c0284932dc7ea1558df3e-shear_15nN_rerun_grompp": 1, "3f0d0243346c0284932dc7ea1558df3e-shear_15nN_extend": 1, "3f0d0243346c0284932dc7ea1558df3e-log_interaction_energy_5nN": 1, "3f0d0243346c0284932dc7ea1558df3e-get_interaction_energy_5nN": 1, "3f0d0243346c0284932dc7ea1558df3e-initialize": 1, "3f0d0243346c0284932dc7ea1558df3e-minimize_grompp": 1, "3f0d0243346c0284932dc7ea1558df3e-equilibrate": 1}, "shear_25nN_Etotal": [-2635.580381338929, 86.06202943670249], "intercept": 1.9106267270427677, "shear_5nN_qq": [-801.9064068145484, 46.00369645748778], "COF": 0.13001420413060152, "chain-smiles": "CCCCCCCCCCCCCCCCCC1=CC=C(F)C=C1", "shear_5nN_lj": [-1495.5659029408473, 56.31416103367981], "h-smiles": "C1=CC=C(F)C=C1", "entropy_translational": 165.68, "S2": {"25nN": 0.8399283174012205, "5nN": 0.8292391635224965, "15nN": 0.8356130856819713}}