{"shear_15nN_Etotal": [-1351.0425716954437, 48.86267367034307], "molecular_weight": 69.0059, "shear_25nN_Etotal": [-1435.4506780399681, 50.50285763681958], "surface_area": 60.34, "shear_15nN_qq": [-188.80454038369305, 13.682520212269392], "enthalpy_vibrational": 66.5, "shear_5nN_qq": [-140.95328248601118, 11.54522837789052], "tilt": {"5nN": 33.69811999545419, "15nN": 37.44192190618395, "25nN": 39.063652478395205}, "intercept": 0.9431187773094467, "shear_25nN_lj": [-1240.664342350919, 47.15972304495515], "entropy_rotational": 99.44, "shear_5nN_lj": [-975.3122034652279, 40.600184051310826], "shear_25nN_qq": [-194.78633568904877, 16.164120809640536], "nonpolar_solvation_energy": 23.24, "total_solvation_energy": 10.13, "shear_15nN_lj": [-1162.2380313117505, 44.67839375776578], "shear_5nN_Etotal": [-1116.265485951239, 46.74137996047899], "interdigitation": {"5nN": 0.13239394365652563, "15nN": 0.1514829235460038, "25nN": 0.13841238044209853}, "entropy_vibrational": 8.9, "heat_capacity_vibrational": 19.38, "entropy_translational": 161.73, "status": {"9993a33d8459e920afd70d59fb569eba-top_to_mol2": 1, "9993a33d8459e920afd70d59fb569eba-unwrap_shear_15nN": 1, "9993a33d8459e920afd70d59fb569eba-shear_15nN_rerun_grompp": 1, "9993a33d8459e920afd70d59fb569eba-compress": 1, "9993a33d8459e920afd70d59fb569eba-unwrap_shear_5nN": 1, "9993a33d8459e920afd70d59fb569eba-fix_overlaps": 1, "9993a33d8459e920afd70d59fb569eba-unwrap_shear_25nN": 1, "9993a33d8459e920afd70d59fb569eba-log_interaction_energy_25nN": 1, "9993a33d8459e920afd70d59fb569eba-log_interaction_energy_15nN": 1, "9993a33d8459e920afd70d59fb569eba-shear_25nN_grompp": 1, "9993a33d8459e920afd70d59fb569eba-equilibrate": 1, "9993a33d8459e920afd70d59fb569eba-calc_friction": 1, "9993a33d8459e920afd70d59fb569eba-shear_5nN": 1, "9993a33d8459e920afd70d59fb569eba-get_interaction_energy_5nN": 1, "9993a33d8459e920afd70d59fb569eba-shear_25nN_extend_grompp": 1, "9993a33d8459e920afd70d59fb569eba-shear_15nN_rerun": 1, "9993a33d8459e920afd70d59fb569eba-calc_interdigitation": 1, "9993a33d8459e920afd70d59fb569eba-calc_tilt_shear": 1, "9993a33d8459e920afd70d59fb569eba-shear_5nN_extend_grompp": 1, "9993a33d8459e920afd70d59fb569eba-minimize": 1, "9993a33d8459e920afd70d59fb569eba-shear_25nN": 1, "9993a33d8459e920afd70d59fb569eba-shear_5nN_rerun": 1, "9993a33d8459e920afd70d59fb569eba-shear_5nN_grompp": 1, "9993a33d8459e920afd70d59fb569eba-shear_15nN_grompp": 1, "9993a33d8459e920afd70d59fb569eba-shear_25nN_rerun_grompp": 1, "9993a33d8459e920afd70d59fb569eba-shear_15nN_extend": 1, "9993a33d8459e920afd70d59fb569eba-log_interaction_energy_5nN": 1, "9993a33d8459e920afd70d59fb569eba-minimize_grompp": 1, "9993a33d8459e920afd70d59fb569eba-shear_15nN": 1, "9993a33d8459e920afd70d59fb569eba-calc_S2_shear": 1, "9993a33d8459e920afd70d59fb569eba-equilibrate_grompp": 1, "9993a33d8459e920afd70d59fb569eba-get_interaction_energy_25nN": 1, "9993a33d8459e920afd70d59fb569eba-lammps_to_gmx": 1, "9993a33d8459e920afd70d59fb569eba-log_cof": 1, "9993a33d8459e920afd70d59fb569eba-count_hydrogen_bonds": 1, "9993a33d8459e920afd70d59fb569eba-log_tilt": 1, "9993a33d8459e920afd70d59fb569eba-shear_5nN_extend": 1, "9993a33d8459e920afd70d59fb569eba-shear_25nN_extend": 1, "9993a33d8459e920afd70d59fb569eba-log_S2": 1, "9993a33d8459e920afd70d59fb569eba-shear_25nN_rerun": 1, "9993a33d8459e920afd70d59fb569eba-compress_grompp": 1, "9993a33d8459e920afd70d59fb569eba-initialize": 1, "9993a33d8459e920afd70d59fb569eba-shear_5nN_rerun_grompp": 1, "9993a33d8459e920afd70d59fb569eba-get_interaction_energy_15nN": 1, "9993a33d8459e920afd70d59fb569eba-shear_15nN_extend_grompp": 1, "9993a33d8459e920afd70d59fb569eba-calc_roughness": 1}, "S2": {"5nN": 0.9346258203124291, "15nN": 0.9309000029960631, "25nN": 0.9236401129976933}, "polar_solvation_energy": -13.1, "COF": 0.14853694947165566, "roughness": {"5nN": 0.05567963101379727, "15nN": 0.059583774264680166, "25nN": 0.04846409589494976}, "dipole_moment": 2.09}