{"enthalpy_vibrational": 66.5, "shear_5nN_Etotal": [-1116.265485951239, 46.74137996047899], "heat_capacity_vibrational": 19.38, "entropy_vibrational": 8.9, "interdigitation": {"25nN": 0.1381794600595367, "5nN": 0.13227808295492952, "15nN": 0.15172496262266197}, "polar_solvation_energy": -13.1, "shear_15nN_qq": [-188.80454038369305, 13.682520212269392], "nonpolar_solvation_energy": 23.24, "molecular_weight": 69.0059, "shear_15nN_Etotal": [-1351.0425716954437, 48.86267367034307], "roughness": {"25nN": 0.04846409589494976, "5nN": 0.05567963101379727, "15nN": 0.059583774264680166}, "tilt": {"25nN": 39.063652478395205, "5nN": 33.69811999545419, "15nN": 37.44192190618395}, "shear_15nN_lj": [-1162.2380313117505, 44.67839375776578], "surface_area": 60.34, "total_solvation_energy": 10.13, "dipole_moment": 2.09, "entropy_rotational": 99.44, "shear_25nN_lj": [-1240.664342350919, 47.15972304495515], "shear_5nN_lj": [-975.3122034652279, 40.600184051310826], "status": {"9993a33d8459e920afd70d59fb569eba-get_interaction_energy_25nN": 1, "9993a33d8459e920afd70d59fb569eba-shear_25nN_rerun": 1, "9993a33d8459e920afd70d59fb569eba-unwrap_shear_5nN": 1, "9993a33d8459e920afd70d59fb569eba-shear_5nN_rerun": 1, "9993a33d8459e920afd70d59fb569eba-calc_interdigitation": 6, "9993a33d8459e920afd70d59fb569eba-shear_15nN_rerun_grompp": 1, "9993a33d8459e920afd70d59fb569eba-log_interaction_energy_15nN": 1, "9993a33d8459e920afd70d59fb569eba-fix_overlaps": 1, "9993a33d8459e920afd70d59fb569eba-unwrap_shear_25nN": 1, "9993a33d8459e920afd70d59fb569eba-shear_25nN_extend_grompp": 1, "9993a33d8459e920afd70d59fb569eba-shear_25nN_rerun_grompp": 1, "9993a33d8459e920afd70d59fb569eba-compress": 1, "9993a33d8459e920afd70d59fb569eba-count_hydrogen_bonds": 1, "9993a33d8459e920afd70d59fb569eba-calc_roughness": 1, "9993a33d8459e920afd70d59fb569eba-log_interaction_energy_5nN": 1, "9993a33d8459e920afd70d59fb569eba-minimize_grompp": 1, "9993a33d8459e920afd70d59fb569eba-shear_5nN_rerun_grompp": 1, "9993a33d8459e920afd70d59fb569eba-calc_tilt_shear": 1, "9993a33d8459e920afd70d59fb569eba-minimize": 1, "9993a33d8459e920afd70d59fb569eba-shear_15nN_grompp": 1, "9993a33d8459e920afd70d59fb569eba-get_interaction_energy_5nN": 1, "9993a33d8459e920afd70d59fb569eba-log_interaction_energy_25nN": 1, "9993a33d8459e920afd70d59fb569eba-shear_5nN_extend_grompp": 1, "9993a33d8459e920afd70d59fb569eba-shear_15nN_rerun": 1, "9993a33d8459e920afd70d59fb569eba-shear_25nN": 1, "9993a33d8459e920afd70d59fb569eba-shear_25nN_grompp": 1, "9993a33d8459e920afd70d59fb569eba-shear_25nN_extend": 1, "9993a33d8459e920afd70d59fb569eba-log_cof": 1, "9993a33d8459e920afd70d59fb569eba-shear_15nN_extend_grompp": 1, "9993a33d8459e920afd70d59fb569eba-shear_5nN_grompp": 1, "9993a33d8459e920afd70d59fb569eba-unwrap_shear_15nN": 1, "9993a33d8459e920afd70d59fb569eba-shear_15nN_extend": 1, "9993a33d8459e920afd70d59fb569eba-lammps_to_gmx": 1, "9993a33d8459e920afd70d59fb569eba-equilibrate_grompp": 1, "9993a33d8459e920afd70d59fb569eba-log_S2": 1, "9993a33d8459e920afd70d59fb569eba-top_to_mol2": 1, "9993a33d8459e920afd70d59fb569eba-shear_15nN": 1, "9993a33d8459e920afd70d59fb569eba-equilibrate": 1, "9993a33d8459e920afd70d59fb569eba-compress_grompp": 1, "9993a33d8459e920afd70d59fb569eba-shear_5nN": 1, "9993a33d8459e920afd70d59fb569eba-initialize": 1, "9993a33d8459e920afd70d59fb569eba-calc_friction": 1, "9993a33d8459e920afd70d59fb569eba-calc_S2_shear": 1, "9993a33d8459e920afd70d59fb569eba-shear_5nN_extend": 1, "9993a33d8459e920afd70d59fb569eba-log_tilt": 1, "9993a33d8459e920afd70d59fb569eba-get_interaction_energy_15nN": 1}, "shear_25nN_Etotal": [-1435.4506780399681, 50.50285763681958], "shear_25nN_qq": [-194.78633568904877, 16.164120809640536], "ch3-smiles": "CC(F)(F)F", "intercept": 0.9431187773094467, "shear_5nN_qq": [-140.95328248601118, 11.54522837789052], "COF": 0.14853694947165566, "chain-smiles": "CCCCCCCCCCCCCCCCCC(F)(F)F", "h-smiles": "C(F)(F)F", "entropy_translational": 161.73, "S2": {"25nN": 0.9236401129976933, "5nN": 0.9346258203124291, "15nN": 0.9309000029960631}}