{"shear_15nN_Etotal": [-2650.119584568345, 135.54594707990717], "molecular_weight": 16.0225, "shear_25nN_Etotal": [-2648.9803980471625, 139.7693291394817], "surface_area": 42.91, "shear_15nN_qq": [-1364.4932211079138, 135.14488963687657], "enthalpy_vibrational": 92.73, "shear_5nN_qq": [-1418.8174434652278, 129.4638334728653], "tilt": {"5nN": 32.91488304491928, "25nN": 38.51786698219201, "15nN": 35.853890641266105}, "intercept": 3.5623143629787366, "shear_25nN_lj": [-1334.795614383693, 58.91820886588585], "entropy_rotational": 56.63, "shear_5nN_lj": [-1166.3604826554756, 53.67651661850836], "shear_25nN_qq": [-1314.1847836634693, 139.63068658085606], "nonpolar_solvation_energy": 5.48, "total_solvation_energy": -4.92, "shear_15nN_lj": [-1285.6263634604315, 56.02617246646002], "shear_5nN_Etotal": [-2585.1779261207034, 134.31636156013232], "interdigitation": {"5nN": 0.14117356842678191, "25nN": 0.13121067238585968, "15nN": 0.15085355246133822}, "entropy_vibrational": 0.11, "heat_capacity_vibrational": 0.69, "entropy_translational": 144.1, "roughness": {"5nN": 0.057237251325411305, "25nN": 0.05036248457645522, "15nN": 0.059244220352501}, "S2": {"5nN": 0.8717218956772363, "25nN": 0.8652429007215241, "15nN": 0.8648387491831788}, "dipole_moment": 1.63, "COF": 0.15794664001099, "status": {"7a8ef417de4ff47db7e5790b0ec51872-equilibrate_grompp": 1, "7a8ef417de4ff47db7e5790b0ec51872-compress": 1, "7a8ef417de4ff47db7e5790b0ec51872-calc_friction": 1, "7a8ef417de4ff47db7e5790b0ec51872-shear_5nN_extend_grompp": 1, "7a8ef417de4ff47db7e5790b0ec51872-log_interaction_energy_15nN": 1, "7a8ef417de4ff47db7e5790b0ec51872-shear_25nN_rerun": 1, "7a8ef417de4ff47db7e5790b0ec51872-unwrap_shear_5nN": 1, "7a8ef417de4ff47db7e5790b0ec51872-shear_15nN_grompp": 1, "7a8ef417de4ff47db7e5790b0ec51872-fix_overlaps": 1, "7a8ef417de4ff47db7e5790b0ec51872-unwrap_shear_15nN": 1, "7a8ef417de4ff47db7e5790b0ec51872-log_interaction_energy_5nN": 1, "7a8ef417de4ff47db7e5790b0ec51872-shear_25nN_extend": 1, "7a8ef417de4ff47db7e5790b0ec51872-calc_interdigitation": 1, "7a8ef417de4ff47db7e5790b0ec51872-shear_5nN": 1, "7a8ef417de4ff47db7e5790b0ec51872-shear_15nN": 1, "7a8ef417de4ff47db7e5790b0ec51872-shear_25nN_extend_grompp": 1, "7a8ef417de4ff47db7e5790b0ec51872-log_cof": 1, "7a8ef417de4ff47db7e5790b0ec51872-unwrap_shear_25nN": 1, "7a8ef417de4ff47db7e5790b0ec51872-get_interaction_energy_25nN": 1, "7a8ef417de4ff47db7e5790b0ec51872-log_S2": 1, "7a8ef417de4ff47db7e5790b0ec51872-shear_5nN_extend": 1, "7a8ef417de4ff47db7e5790b0ec51872-top_to_mol2": 1, "7a8ef417de4ff47db7e5790b0ec51872-calc_tilt_shear": 1, "7a8ef417de4ff47db7e5790b0ec51872-shear_25nN_grompp": 1, "7a8ef417de4ff47db7e5790b0ec51872-shear_25nN_rerun_grompp": 1, "7a8ef417de4ff47db7e5790b0ec51872-get_interaction_energy_5nN": 1, "7a8ef417de4ff47db7e5790b0ec51872-log_interaction_energy_25nN": 1, "7a8ef417de4ff47db7e5790b0ec51872-get_interaction_energy_15nN": 1, "7a8ef417de4ff47db7e5790b0ec51872-lammps_to_gmx": 1, "7a8ef417de4ff47db7e5790b0ec51872-log_tilt": 1, "7a8ef417de4ff47db7e5790b0ec51872-shear_15nN_rerun_grompp": 1, "7a8ef417de4ff47db7e5790b0ec51872-initialize": 1, "7a8ef417de4ff47db7e5790b0ec51872-calc_S2_shear": 1, "7a8ef417de4ff47db7e5790b0ec51872-equilibrate": 1, "7a8ef417de4ff47db7e5790b0ec51872-shear_15nN_extend_grompp": 1, "7a8ef417de4ff47db7e5790b0ec51872-shear_5nN_rerun_grompp": 1, "7a8ef417de4ff47db7e5790b0ec51872-minimize_grompp": 1, "7a8ef417de4ff47db7e5790b0ec51872-shear_5nN_rerun": 1, "7a8ef417de4ff47db7e5790b0ec51872-shear_25nN": 1, "7a8ef417de4ff47db7e5790b0ec51872-shear_15nN_rerun": 1, "7a8ef417de4ff47db7e5790b0ec51872-minimize": 1, "7a8ef417de4ff47db7e5790b0ec51872-count_hydrogen_bonds": 1, "7a8ef417de4ff47db7e5790b0ec51872-compress_grompp": 1, "7a8ef417de4ff47db7e5790b0ec51872-calc_roughness": 1, "7a8ef417de4ff47db7e5790b0ec51872-shear_5nN_grompp": 1, "7a8ef417de4ff47db7e5790b0ec51872-shear_15nN_extend": 1}, "polar_solvation_energy": -10.38}