{"shear_15nN_Etotal": [-1017.147688711431, 48.032134946230514], "molecular_weight": 27.0451, "shear_25nN_Etotal": [-1105.7923853884893, 50.69213460111056], "surface_area": 61.0, "shear_15nN_qq": [552.3046297130296, 19.696437614761994], "enthalpy_vibrational": 131.44, "shear_5nN_qq": [517.3385316730615, 16.02944303385805], "tilt": {"5nN": 27.350687180547755, "15nN": 32.37040264475415, "25nN": 34.406519623322744}, "intercept": 0.9772123121509932, "shear_25nN_lj": [-1659.1343282853718, 46.23319565423494], "entropy_rotational": 77.76, "shear_5nN_lj": [-1323.8705154916067, 45.91336924170214], "shear_25nN_qq": [553.3419428968824, 20.237505263667078], "nonpolar_solvation_energy": 8.4, "total_solvation_energy": 7.34, "shear_15nN_lj": [-1569.4523184244606, 45.81047902188764], "shear_5nN_Etotal": [-806.5319838185452, 46.174665941848545], "interdigitation": {"5nN": 0.14040385447223483, "15nN": 0.1291593794205841, "25nN": 0.12588687039027957}, "entropy_vibrational": 2.65, "heat_capacity_vibrational": 10.23, "entropy_translational": 150.32, "status": {"79d9fdd4a62ec69d52ebda02483f70a3-log_tilt": 1, "79d9fdd4a62ec69d52ebda02483f70a3-shear_25nN": 1, "79d9fdd4a62ec69d52ebda02483f70a3-unwrap_shear_5nN": 1, "79d9fdd4a62ec69d52ebda02483f70a3-log_cof": 1, "79d9fdd4a62ec69d52ebda02483f70a3-shear_25nN_grompp": 1, "79d9fdd4a62ec69d52ebda02483f70a3-fix_overlaps": 1, "79d9fdd4a62ec69d52ebda02483f70a3-shear_5nN_rerun_grompp": 1, "79d9fdd4a62ec69d52ebda02483f70a3-compress_grompp": 1, "79d9fdd4a62ec69d52ebda02483f70a3-equilibrate_grompp": 1, "79d9fdd4a62ec69d52ebda02483f70a3-shear_15nN_extend": 1, "79d9fdd4a62ec69d52ebda02483f70a3-shear_5nN_rerun": 1, "79d9fdd4a62ec69d52ebda02483f70a3-shear_5nN": 1, "79d9fdd4a62ec69d52ebda02483f70a3-get_interaction_energy_25nN": 1, "79d9fdd4a62ec69d52ebda02483f70a3-shear_15nN": 1, "79d9fdd4a62ec69d52ebda02483f70a3-calc_roughness": 1, "79d9fdd4a62ec69d52ebda02483f70a3-unwrap_shear_25nN": 1, "79d9fdd4a62ec69d52ebda02483f70a3-shear_15nN_rerun": 1, "79d9fdd4a62ec69d52ebda02483f70a3-equilibrate": 1, "79d9fdd4a62ec69d52ebda02483f70a3-shear_25nN_extend": 1, "79d9fdd4a62ec69d52ebda02483f70a3-shear_25nN_extend_grompp": 1, "79d9fdd4a62ec69d52ebda02483f70a3-shear_25nN_rerun_grompp": 1, "79d9fdd4a62ec69d52ebda02483f70a3-lammps_to_gmx": 1, "79d9fdd4a62ec69d52ebda02483f70a3-count_hydrogen_bonds": 1, "79d9fdd4a62ec69d52ebda02483f70a3-minimize": 1, "79d9fdd4a62ec69d52ebda02483f70a3-calc_S2_shear": 1, "79d9fdd4a62ec69d52ebda02483f70a3-shear_5nN_extend_grompp": 1, "79d9fdd4a62ec69d52ebda02483f70a3-unwrap_shear_15nN": 1, "79d9fdd4a62ec69d52ebda02483f70a3-shear_5nN_extend": 1, "79d9fdd4a62ec69d52ebda02483f70a3-log_interaction_energy_15nN": 1, "79d9fdd4a62ec69d52ebda02483f70a3-calc_friction": 1, "79d9fdd4a62ec69d52ebda02483f70a3-calc_interdigitation": 1, "79d9fdd4a62ec69d52ebda02483f70a3-shear_15nN_rerun_grompp": 1, "79d9fdd4a62ec69d52ebda02483f70a3-log_interaction_energy_5nN": 1, "79d9fdd4a62ec69d52ebda02483f70a3-shear_25nN_rerun": 1, "79d9fdd4a62ec69d52ebda02483f70a3-log_interaction_energy_25nN": 1, "79d9fdd4a62ec69d52ebda02483f70a3-minimize_grompp": 1, "79d9fdd4a62ec69d52ebda02483f70a3-top_to_mol2": 1, "79d9fdd4a62ec69d52ebda02483f70a3-shear_5nN_grompp": 1, "79d9fdd4a62ec69d52ebda02483f70a3-calc_tilt_shear": 1, "79d9fdd4a62ec69d52ebda02483f70a3-get_interaction_energy_15nN": 1, "79d9fdd4a62ec69d52ebda02483f70a3-shear_15nN_grompp": 1, "79d9fdd4a62ec69d52ebda02483f70a3-shear_15nN_extend_grompp": 1, "79d9fdd4a62ec69d52ebda02483f70a3-get_interaction_energy_5nN": 1, "79d9fdd4a62ec69d52ebda02483f70a3-initialize": 1, "79d9fdd4a62ec69d52ebda02483f70a3-log_S2": 1, "79d9fdd4a62ec69d52ebda02483f70a3-compress": 1}, "S2": {"5nN": 0.804251431941001, "15nN": 0.7832337530347994, "25nN": 0.7947291664140529}, "dipole_moment": 0.0, "COF": 0.14267956459693265, "roughness": {"5nN": 0.06228077253248243, "15nN": 0.054460578427714526, "25nN": 0.058164161656052725}, "polar_solvation_energy": -1.05}