{"heat_capacity_vibrational": 15.26, "shear_5nN_Etotal": [-3674.7180527098326, 178.36633440893976], "shear_25nN_qq": [-1648.574243634692, 197.64160804019247], "entropy_rotational": 87.93, "polar_solvation_energy": -36.43, "surface_area": 64.71, "shear_5nN_lj": [-1906.3079484604316, 64.51199864912414], "interdigitation": {"25nN": 0.12344284828339204, "15nN": 0.11602606315538685, "5nN": 0.11232863712211236}, "shear_15nN_qq": [-1763.489383981615, 182.06566848140687], "nonpolar_solvation_energy": 3.72, "S2": {"25nN": 0.8473590234355503, "15nN": 0.8693880284040904, "5nN": 0.8779684489721888}, "shear_15nN_Etotal": [-3830.1583933141483, 181.08952166587744], "enthalpy_vibrational": 87.35, "COF": 0.167654027897609, "intercept": 6.251814218741513, "shear_25nN_Etotal": [-3795.507956721822, 197.7491525705375], "molecular_weight": 45.0174, "status": {"cdcd7987aeb63001c1d8a9213aecc314-initialize": 1, "cdcd7987aeb63001c1d8a9213aecc314-count_hydrogen_bonds": 1, "cdcd7987aeb63001c1d8a9213aecc314-shear_5nN_grompp": 1, "cdcd7987aeb63001c1d8a9213aecc314-shear_5nN_extend_grompp": 1, "cdcd7987aeb63001c1d8a9213aecc314-log_S2": 1, "cdcd7987aeb63001c1d8a9213aecc314-shear_25nN_extend_grompp": 1, "cdcd7987aeb63001c1d8a9213aecc314-shear_25nN": 1, "cdcd7987aeb63001c1d8a9213aecc314-unwrap_shear_25nN": 1, "cdcd7987aeb63001c1d8a9213aecc314-calc_friction": 1, "cdcd7987aeb63001c1d8a9213aecc314-shear_15nN": 1, "cdcd7987aeb63001c1d8a9213aecc314-top_to_mol2": 1, "cdcd7987aeb63001c1d8a9213aecc314-equilibrate_grompp": 1, "cdcd7987aeb63001c1d8a9213aecc314-shear_25nN_rerun_grompp": 1, "cdcd7987aeb63001c1d8a9213aecc314-get_interaction_energy_25nN": 1, "cdcd7987aeb63001c1d8a9213aecc314-minimize": 1, "cdcd7987aeb63001c1d8a9213aecc314-shear_15nN_extend": 1, "cdcd7987aeb63001c1d8a9213aecc314-shear_5nN_rerun_grompp": 1, "cdcd7987aeb63001c1d8a9213aecc314-shear_25nN_grompp": 1, "cdcd7987aeb63001c1d8a9213aecc314-get_interaction_energy_15nN": 1, "cdcd7987aeb63001c1d8a9213aecc314-log_interaction_energy_5nN": 1, "cdcd7987aeb63001c1d8a9213aecc314-unwrap_shear_15nN": 1, "cdcd7987aeb63001c1d8a9213aecc314-lammps_to_gmx": 1, "cdcd7987aeb63001c1d8a9213aecc314-equilibrate": 1, "cdcd7987aeb63001c1d8a9213aecc314-calc_S2_shear": 1, "cdcd7987aeb63001c1d8a9213aecc314-shear_5nN_rerun": 1, "cdcd7987aeb63001c1d8a9213aecc314-compress": 1, "cdcd7987aeb63001c1d8a9213aecc314-get_interaction_energy_5nN": 1, "cdcd7987aeb63001c1d8a9213aecc314-shear_15nN_rerun": 1, "cdcd7987aeb63001c1d8a9213aecc314-shear_25nN_rerun": 1, "cdcd7987aeb63001c1d8a9213aecc314-log_interaction_energy_25nN": 1, "cdcd7987aeb63001c1d8a9213aecc314-calc_tilt_shear": 1, "cdcd7987aeb63001c1d8a9213aecc314-compress_grompp": 1, "cdcd7987aeb63001c1d8a9213aecc314-calc_interdigitation": 6, "cdcd7987aeb63001c1d8a9213aecc314-log_tilt": 1, "cdcd7987aeb63001c1d8a9213aecc314-shear_15nN_extend_grompp": 1, "cdcd7987aeb63001c1d8a9213aecc314-unwrap_shear_5nN": 1, "cdcd7987aeb63001c1d8a9213aecc314-shear_25nN_extend": 1, "cdcd7987aeb63001c1d8a9213aecc314-shear_15nN_rerun_grompp": 1, "cdcd7987aeb63001c1d8a9213aecc314-shear_15nN_grompp": 1, "cdcd7987aeb63001c1d8a9213aecc314-calc_roughness": 1, "cdcd7987aeb63001c1d8a9213aecc314-shear_5nN_extend": 1, "cdcd7987aeb63001c1d8a9213aecc314-shear_5nN": 1, "cdcd7987aeb63001c1d8a9213aecc314-minimize_grompp": 1, "cdcd7987aeb63001c1d8a9213aecc314-log_interaction_energy_15nN": 1, "cdcd7987aeb63001c1d8a9213aecc314-log_cof": 1, "cdcd7987aeb63001c1d8a9213aecc314-fix_overlaps": 1}, "shear_15nN_lj": [-2066.6690093325337, 63.581372187318664], "shear_5nN_qq": [-1768.4101042494005, 171.1987786260478], "tilt": {"25nN": 36.77447308535148, "15nN": 33.965380049382986, "5nN": 31.16331441423293}, "entropy_vibrational": 7.1, "entropy_translational": 156.5, "dipole_moment": 4.81, "shear_25nN_lj": [-2146.93371308713, 63.80860428533128], "roughness": {"25nN": 0.05071639539710683, "15nN": 0.04987339555111958, "5nN": 0.05046228095432499}, "total_solvation_energy": -32.72}