{"enthalpy_vibrational": 119.27, "shear_5nN_Etotal": [-839.5663189104716, 59.15616263629032], "heat_capacity_vibrational": 2.25, "entropy_vibrational": 0.39, "interdigitation": {"25nN": 0.12050504847331896, "5nN": 0.13865718254925438, "15nN": 0.1308923815244949}, "polar_solvation_energy": -0.12, "shear_15nN_qq": [380.62564234692246, 17.84618106039828], "nonpolar_solvation_energy": 4.81, "molecular_weight": 15.0344, "shear_15nN_Etotal": [-1051.8519890279777, 52.89028929773127], "roughness": {"25nN": 0.05754955664253326, "5nN": 0.06513861619366439, "15nN": 0.06269562030131619}, "tilt": {"25nN": 34.165204261920316, "5nN": 26.31143963652562, "15nN": 31.755212835428036}, "shear_15nN_lj": [-1432.4776313749, 51.145308799003494], "surface_area": 48.83, "total_solvation_energy": 4.69, "dipole_moment": 0.0, "entropy_rotational": 62.93, "shear_25nN_lj": [-1530.39072502478, 49.27653009390262], "shear_25nN_qq": [366.27925509752197, 19.496438399626104], "ch3-smiles": "CC", "status": {"fc7701cbd905c5d7250c16af948ff255-get_interaction_energy_15nN": 1, "fc7701cbd905c5d7250c16af948ff255-shear_25nN_extend_grompp": 1, "fc7701cbd905c5d7250c16af948ff255-log_S2": 1, "fc7701cbd905c5d7250c16af948ff255-log_cof": 1, "fc7701cbd905c5d7250c16af948ff255-count_hydrogen_bonds": 1, "fc7701cbd905c5d7250c16af948ff255-get_interaction_energy_5nN": 1, "fc7701cbd905c5d7250c16af948ff255-compress": 1, "fc7701cbd905c5d7250c16af948ff255-shear_25nN_rerun": 1, "fc7701cbd905c5d7250c16af948ff255-log_interaction_energy_5nN": 1, "fc7701cbd905c5d7250c16af948ff255-shear_5nN_rerun_grompp": 1, "fc7701cbd905c5d7250c16af948ff255-shear_5nN_extend": 1, "fc7701cbd905c5d7250c16af948ff255-shear_15nN": 1, "fc7701cbd905c5d7250c16af948ff255-calc_interdigitation": 6, "fc7701cbd905c5d7250c16af948ff255-initialize": 1, "fc7701cbd905c5d7250c16af948ff255-unwrap_shear_25nN": 1, "fc7701cbd905c5d7250c16af948ff255-get_interaction_energy_25nN": 1, "fc7701cbd905c5d7250c16af948ff255-shear_15nN_extend_grompp": 1, "fc7701cbd905c5d7250c16af948ff255-shear_15nN_rerun": 1, "fc7701cbd905c5d7250c16af948ff255-log_tilt": 1, "fc7701cbd905c5d7250c16af948ff255-calc_friction": 1, "fc7701cbd905c5d7250c16af948ff255-compress_grompp": 1, "fc7701cbd905c5d7250c16af948ff255-fix_overlaps": 1, "fc7701cbd905c5d7250c16af948ff255-shear_5nN_rerun": 1, "fc7701cbd905c5d7250c16af948ff255-shear_25nN_rerun_grompp": 1, "fc7701cbd905c5d7250c16af948ff255-lammps_to_gmx": 1, "fc7701cbd905c5d7250c16af948ff255-calc_roughness": 1, "fc7701cbd905c5d7250c16af948ff255-log_interaction_energy_15nN": 1, "fc7701cbd905c5d7250c16af948ff255-minimize_grompp": 1, "fc7701cbd905c5d7250c16af948ff255-shear_5nN_extend_grompp": 1, "fc7701cbd905c5d7250c16af948ff255-shear_5nN_grompp": 1, "fc7701cbd905c5d7250c16af948ff255-shear_25nN_grompp": 1, "fc7701cbd905c5d7250c16af948ff255-calc_S2_shear": 1, "fc7701cbd905c5d7250c16af948ff255-shear_25nN": 1, "fc7701cbd905c5d7250c16af948ff255-shear_15nN_grompp": 1, "fc7701cbd905c5d7250c16af948ff255-equilibrate_grompp": 1, "fc7701cbd905c5d7250c16af948ff255-shear_15nN_rerun_grompp": 1, "fc7701cbd905c5d7250c16af948ff255-shear_5nN": 1, "fc7701cbd905c5d7250c16af948ff255-top_to_mol2": 1, "fc7701cbd905c5d7250c16af948ff255-unwrap_shear_5nN": 1, "fc7701cbd905c5d7250c16af948ff255-minimize": 1, "fc7701cbd905c5d7250c16af948ff255-unwrap_shear_15nN": 1, "fc7701cbd905c5d7250c16af948ff255-calc_tilt_shear": 1, "fc7701cbd905c5d7250c16af948ff255-shear_15nN_extend": 1, "fc7701cbd905c5d7250c16af948ff255-log_interaction_energy_25nN": 1, "fc7701cbd905c5d7250c16af948ff255-equilibrate": 1, "fc7701cbd905c5d7250c16af948ff255-shear_25nN_extend": 1}, "shear_25nN_Etotal": [-1164.1114699272582, 54.022316649839254], "intercept": 0.7115182079696281, "shear_5nN_qq": [371.0467438689049, 14.680921801125391], "COF": 0.18785086219040661, "chain-smiles": "CCCCCCCCCCCCCCCCCC", "shear_5nN_lj": [-1210.6130627793766, 58.38437321175487], "h-smiles": "C", "entropy_translational": 143.35, "S2": {"25nN": 0.7906606195689421, "5nN": 0.7665621569903115, "15nN": 0.7938850416842484}}