{"shear_15nN_Etotal": [-1051.8519890279777, 52.89028929773127], "molecular_weight": 15.0344, "shear_25nN_Etotal": [-1164.1114699272582, 54.022316649839254], "surface_area": 48.83, "shear_15nN_qq": [380.62564234692246, 17.84618106039828], "enthalpy_vibrational": 119.27, "shear_5nN_qq": [371.0467438689049, 14.680921801125391], "tilt": {"5nN": 26.31143963652562, "15nN": 31.755212835428036, "25nN": 34.165204261920316}, "intercept": 0.7115182079696281, "shear_25nN_lj": [-1530.39072502478, 49.27653009390262], "entropy_rotational": 62.93, "shear_5nN_lj": [-1210.6130627793766, 58.38437321175487], "shear_25nN_qq": [366.27925509752197, 19.496438399626104], "nonpolar_solvation_energy": 4.81, "total_solvation_energy": 4.69, "shear_15nN_lj": [-1432.4776313749, 51.145308799003494], "shear_5nN_Etotal": [-839.5663189104716, 59.15616263629032], "interdigitation": {"5nN": 0.13893251286225516, "15nN": 0.1307195238231597, "25nN": 0.12045144609254055}, "entropy_vibrational": 0.39, "heat_capacity_vibrational": 2.25, "entropy_translational": 143.35, "roughness": {"5nN": 0.06513861619366439, "15nN": 0.06269562030131619, "25nN": 0.05754955664253326}, "S2": {"5nN": 0.7665621569903115, "15nN": 0.7938850416842484, "25nN": 0.7906606195689421}, "dipole_moment": 0.0, "COF": 0.18785086219040661, "status": {"fc7701cbd905c5d7250c16af948ff255-shear_15nN_rerun_grompp": 1, "fc7701cbd905c5d7250c16af948ff255-compress_grompp": 1, "fc7701cbd905c5d7250c16af948ff255-shear_25nN_rerun_grompp": 1, "fc7701cbd905c5d7250c16af948ff255-shear_5nN_rerun": 1, "fc7701cbd905c5d7250c16af948ff255-get_interaction_energy_15nN": 1, "fc7701cbd905c5d7250c16af948ff255-get_interaction_energy_5nN": 1, "fc7701cbd905c5d7250c16af948ff255-initialize": 1, "fc7701cbd905c5d7250c16af948ff255-shear_5nN_extend": 1, "fc7701cbd905c5d7250c16af948ff255-shear_15nN_extend": 1, "fc7701cbd905c5d7250c16af948ff255-log_interaction_energy_25nN": 1, "fc7701cbd905c5d7250c16af948ff255-count_hydrogen_bonds": 1, "fc7701cbd905c5d7250c16af948ff255-log_interaction_energy_5nN": 1, "fc7701cbd905c5d7250c16af948ff255-fix_overlaps": 1, "fc7701cbd905c5d7250c16af948ff255-shear_15nN_grompp": 1, "fc7701cbd905c5d7250c16af948ff255-shear_25nN": 1, "fc7701cbd905c5d7250c16af948ff255-minimize_grompp": 1, "fc7701cbd905c5d7250c16af948ff255-unwrap_shear_25nN": 1, "fc7701cbd905c5d7250c16af948ff255-calc_tilt_shear": 1, "fc7701cbd905c5d7250c16af948ff255-shear_15nN_rerun": 1, "fc7701cbd905c5d7250c16af948ff255-shear_25nN_extend": 1, "fc7701cbd905c5d7250c16af948ff255-shear_15nN": 1, "fc7701cbd905c5d7250c16af948ff255-calc_roughness": 1, "fc7701cbd905c5d7250c16af948ff255-unwrap_shear_5nN": 1, "fc7701cbd905c5d7250c16af948ff255-shear_15nN_extend_grompp": 1, "fc7701cbd905c5d7250c16af948ff255-shear_5nN_rerun_grompp": 1, "fc7701cbd905c5d7250c16af948ff255-log_S2": 1, "fc7701cbd905c5d7250c16af948ff255-equilibrate_grompp": 1, "fc7701cbd905c5d7250c16af948ff255-log_tilt": 1, "fc7701cbd905c5d7250c16af948ff255-get_interaction_energy_25nN": 1, "fc7701cbd905c5d7250c16af948ff255-calc_interdigitation": 1, "fc7701cbd905c5d7250c16af948ff255-shear_5nN": 1, "fc7701cbd905c5d7250c16af948ff255-equilibrate": 1, "fc7701cbd905c5d7250c16af948ff255-shear_25nN_extend_grompp": 1, "fc7701cbd905c5d7250c16af948ff255-compress": 1, "fc7701cbd905c5d7250c16af948ff255-calc_S2_shear": 1, "fc7701cbd905c5d7250c16af948ff255-shear_25nN_rerun": 1, "fc7701cbd905c5d7250c16af948ff255-shear_5nN_grompp": 1, "fc7701cbd905c5d7250c16af948ff255-shear_25nN_grompp": 1, "fc7701cbd905c5d7250c16af948ff255-unwrap_shear_15nN": 1, "fc7701cbd905c5d7250c16af948ff255-shear_5nN_extend_grompp": 1, "fc7701cbd905c5d7250c16af948ff255-minimize": 1, "fc7701cbd905c5d7250c16af948ff255-top_to_mol2": 1, "fc7701cbd905c5d7250c16af948ff255-log_interaction_energy_15nN": 1, "fc7701cbd905c5d7250c16af948ff255-calc_friction": 1, "fc7701cbd905c5d7250c16af948ff255-lammps_to_gmx": 1, "fc7701cbd905c5d7250c16af948ff255-log_cof": 1}, "polar_solvation_energy": -0.12}