{"shear_15nN_Etotal": [-1231.2404781167065, 50.448725655550696], "molecular_weight": 15.0344, "shear_25nN_Etotal": [-1323.2402508944845, 50.42942837966482], "surface_area": 48.83, "shear_15nN_qq": [186.81630546522783, 10.802157167844259], "enthalpy_vibrational": 119.27, "shear_5nN_qq": [126.99897577378098, 9.964443232068968], "tilt": {"5nN": 32.032098005670555, "25nN": 37.80737203590848, "15nN": 35.92507606337206}, "intercept": 0.9173157680373012, "shear_25nN_lj": [-1538.028236685052, 52.68065157611355], "entropy_rotational": 62.93, "shear_5nN_lj": [-1194.1553629504394, 56.990551376151295], "shear_25nN_qq": [214.78798579056752, 11.244196735172437], "nonpolar_solvation_energy": 4.81, "total_solvation_energy": 4.69, "shear_15nN_lj": [-1418.0567835819345, 52.972888937838675], "shear_5nN_Etotal": [-1067.1563871766587, 53.380466970448715], "interdigitation": {"5nN": 0.14319530714056927, "25nN": 0.13404920966776263, "15nN": 0.13021847679609583}, "entropy_vibrational": 0.39, "heat_capacity_vibrational": 2.25, "entropy_translational": 143.35, "roughness": {"5nN": 0.07674682348491935, "25nN": 0.06894061957486887, "15nN": 0.06687003584179163}, "S2": {"5nN": 0.9162356076218434, "25nN": 0.8983571074112248, "15nN": 0.9126845850816483}, "dipole_moment": 0.0, "COF": 0.17068997166682195, "status": {"31808bc61d5aeb9a6b475b90afc2714a-shear_15nN_rerun": 1, "31808bc61d5aeb9a6b475b90afc2714a-calc_friction": 1, "31808bc61d5aeb9a6b475b90afc2714a-shear_5nN": 1, "31808bc61d5aeb9a6b475b90afc2714a-shear_5nN_extend": 1, "31808bc61d5aeb9a6b475b90afc2714a-shear_15nN": 1, "31808bc61d5aeb9a6b475b90afc2714a-minimize_grompp": 1, "31808bc61d5aeb9a6b475b90afc2714a-initialize": 1, "31808bc61d5aeb9a6b475b90afc2714a-equilibrate_grompp": 1, "31808bc61d5aeb9a6b475b90afc2714a-log_interaction_energy_15nN": 1, "31808bc61d5aeb9a6b475b90afc2714a-shear_15nN_rerun_grompp": 1, "31808bc61d5aeb9a6b475b90afc2714a-shear_15nN_grompp": 1, "31808bc61d5aeb9a6b475b90afc2714a-get_interaction_energy_5nN": 1, "31808bc61d5aeb9a6b475b90afc2714a-shear_15nN_extend_grompp": 1, "31808bc61d5aeb9a6b475b90afc2714a-shear_5nN_extend_grompp": 1, "31808bc61d5aeb9a6b475b90afc2714a-log_S2": 1, "31808bc61d5aeb9a6b475b90afc2714a-log_tilt": 1, "31808bc61d5aeb9a6b475b90afc2714a-log_interaction_energy_25nN": 1, "31808bc61d5aeb9a6b475b90afc2714a-log_cof": 1, "31808bc61d5aeb9a6b475b90afc2714a-shear_25nN_extend_grompp": 1, "31808bc61d5aeb9a6b475b90afc2714a-shear_25nN": 1, "31808bc61d5aeb9a6b475b90afc2714a-shear_5nN_grompp": 1, "31808bc61d5aeb9a6b475b90afc2714a-top_to_mol2": 1, "31808bc61d5aeb9a6b475b90afc2714a-shear_25nN_rerun": 1, "31808bc61d5aeb9a6b475b90afc2714a-shear_25nN_grompp": 1, "31808bc61d5aeb9a6b475b90afc2714a-calc_S2_shear": 1, "31808bc61d5aeb9a6b475b90afc2714a-log_interaction_energy_5nN": 1, "31808bc61d5aeb9a6b475b90afc2714a-calc_roughness": 1, "31808bc61d5aeb9a6b475b90afc2714a-get_interaction_energy_15nN": 1, "31808bc61d5aeb9a6b475b90afc2714a-shear_5nN_rerun": 1, "31808bc61d5aeb9a6b475b90afc2714a-lammps_to_gmx": 1, "31808bc61d5aeb9a6b475b90afc2714a-count_hydrogen_bonds": 1, "31808bc61d5aeb9a6b475b90afc2714a-fix_overlaps": 1, "31808bc61d5aeb9a6b475b90afc2714a-compress": 1, "31808bc61d5aeb9a6b475b90afc2714a-shear_15nN_extend": 1, "31808bc61d5aeb9a6b475b90afc2714a-shear_5nN_rerun_grompp": 1, "31808bc61d5aeb9a6b475b90afc2714a-calc_tilt_shear": 1, "31808bc61d5aeb9a6b475b90afc2714a-calc_interdigitation": 1, "31808bc61d5aeb9a6b475b90afc2714a-shear_25nN_rerun_grompp": 1, "31808bc61d5aeb9a6b475b90afc2714a-unwrap_shear_15nN": 1, "31808bc61d5aeb9a6b475b90afc2714a-unwrap_shear_5nN": 1, "31808bc61d5aeb9a6b475b90afc2714a-get_interaction_energy_25nN": 1, "31808bc61d5aeb9a6b475b90afc2714a-compress_grompp": 1, "31808bc61d5aeb9a6b475b90afc2714a-shear_25nN_extend": 1, "31808bc61d5aeb9a6b475b90afc2714a-minimize": 1, "31808bc61d5aeb9a6b475b90afc2714a-equilibrate": 1, "31808bc61d5aeb9a6b475b90afc2714a-unwrap_shear_25nN": 1}, "polar_solvation_energy": -0.12}