{"enthalpy_vibrational": 66.5, "shear_5nN_Etotal": [-1265.1104165883294, 50.881314830674576], "heat_capacity_vibrational": 19.38, "entropy_vibrational": 8.9, "interdigitation": {"25nN": 0.1535368438300531, "5nN": 0.1561351803023418, "15nN": 0.14655479844294636}, "polar_solvation_energy": -13.1, "shear_15nN_qq": [-308.69429849560356, 19.22732994956472], "nonpolar_solvation_energy": 23.24, "molecular_weight": 69.0059, "shear_15nN_Etotal": [-1475.2333550535573, 49.79380405464163], "roughness": {"25nN": 0.057838005307604495, "5nN": 0.06673412781356276, "15nN": 0.05661866163099777}, "tilt": {"25nN": 36.718374811775575, "5nN": 29.105593929972944, "15nN": 34.67723169103329}, "shear_15nN_lj": [-1166.5390565579535, 44.364174093943866], "surface_area": 60.34, "total_solvation_energy": 10.13, "dipole_moment": 2.09, "entropy_rotational": 99.44, "shear_25nN_lj": [-1250.1253894316546, 47.77819136112343], "shear_25nN_qq": [-297.0890706890488, 21.3220445381388], "ch3-smiles": "CC(F)(F)F", "status": {"ca9df43439206f993599e3aca5706b91-shear_15nN": 1, "ca9df43439206f993599e3aca5706b91-shear_5nN": 1, "ca9df43439206f993599e3aca5706b91-shear_25nN": 1, "ca9df43439206f993599e3aca5706b91-initialize": 1, "ca9df43439206f993599e3aca5706b91-log_tilt": 1, "ca9df43439206f993599e3aca5706b91-minimize": 1, "ca9df43439206f993599e3aca5706b91-equilibrate_grompp": 1, "ca9df43439206f993599e3aca5706b91-log_interaction_energy_5nN": 1, "ca9df43439206f993599e3aca5706b91-get_interaction_energy_25nN": 1, "ca9df43439206f993599e3aca5706b91-shear_15nN_rerun": 1, "ca9df43439206f993599e3aca5706b91-minimize_grompp": 1, "ca9df43439206f993599e3aca5706b91-fix_overlaps": 1, "ca9df43439206f993599e3aca5706b91-top_to_mol2": 1, "ca9df43439206f993599e3aca5706b91-shear_5nN_extend": 1, "ca9df43439206f993599e3aca5706b91-shear_25nN_extend": 1, "ca9df43439206f993599e3aca5706b91-shear_5nN_grompp": 1, "ca9df43439206f993599e3aca5706b91-shear_25nN_grompp": 1, "ca9df43439206f993599e3aca5706b91-calc_S2_shear": 1, "ca9df43439206f993599e3aca5706b91-shear_5nN_rerun_grompp": 1, "ca9df43439206f993599e3aca5706b91-log_cof": 1, "ca9df43439206f993599e3aca5706b91-shear_25nN_rerun_grompp": 1, "ca9df43439206f993599e3aca5706b91-shear_25nN_extend_grompp": 1, "ca9df43439206f993599e3aca5706b91-calc_roughness": 1, "ca9df43439206f993599e3aca5706b91-compress_grompp": 1, "ca9df43439206f993599e3aca5706b91-unwrap_shear_15nN": 1, "ca9df43439206f993599e3aca5706b91-unwrap_shear_25nN": 1, "ca9df43439206f993599e3aca5706b91-compress": 1, "ca9df43439206f993599e3aca5706b91-log_S2": 1, "ca9df43439206f993599e3aca5706b91-shear_15nN_grompp": 1, "ca9df43439206f993599e3aca5706b91-calc_interdigitation": 6, "ca9df43439206f993599e3aca5706b91-calc_friction": 1, "ca9df43439206f993599e3aca5706b91-shear_25nN_rerun": 1, "ca9df43439206f993599e3aca5706b91-lammps_to_gmx": 1, "ca9df43439206f993599e3aca5706b91-shear_15nN_extend_grompp": 1, "ca9df43439206f993599e3aca5706b91-unwrap_shear_5nN": 1, "ca9df43439206f993599e3aca5706b91-log_interaction_energy_25nN": 1, "ca9df43439206f993599e3aca5706b91-shear_5nN_rerun": 1, "ca9df43439206f993599e3aca5706b91-shear_5nN_extend_grompp": 1, "ca9df43439206f993599e3aca5706b91-equilibrate": 1, "ca9df43439206f993599e3aca5706b91-get_interaction_energy_15nN": 1, "ca9df43439206f993599e3aca5706b91-shear_15nN_extend": 1, "ca9df43439206f993599e3aca5706b91-count_hydrogen_bonds": 1, "ca9df43439206f993599e3aca5706b91-get_interaction_energy_5nN": 1, "ca9df43439206f993599e3aca5706b91-shear_15nN_rerun_grompp": 1, "ca9df43439206f993599e3aca5706b91-log_interaction_energy_15nN": 1, "ca9df43439206f993599e3aca5706b91-calc_tilt_shear": 1}, "shear_25nN_Etotal": [-1547.2144601207035, 51.11971524443214], "intercept": 0.8566190815593098, "shear_5nN_qq": [-287.96513106714633, 16.072330474496972], "COF": 0.16319534287916676, "chain-smiles": "CCCCCCCCCCCCCCCCCC(F)(F)F", "shear_5nN_lj": [-977.1452855211829, 43.18401765954333], "h-smiles": "C(F)(F)F", "entropy_translational": 161.73, "S2": {"25nN": 0.8888851889006928, "5nN": 0.883219822160114, "15nN": 0.8873215679131079}}