{"shear_15nN_Etotal": [-1492.0686186219023, 42.68468072460783], "molecular_weight": 27.0451, "shear_25nN_Etotal": [-1545.1705383149479, 43.887384745541745], "surface_area": 61.0, "shear_15nN_qq": [55.296370241406876, 13.944479546649164], "enthalpy_vibrational": 131.44, "shear_5nN_qq": [12.626069254996002, 10.39577396116607], "tilt": {"5nN": 35.531813443564275, "15nN": 38.12402471819466, "25nN": 39.80073912094122}, "intercept": 0.7851312578287035, "shear_25nN_lj": [-1636.3520758585132, 45.142172376782426], "entropy_rotational": 77.76, "shear_5nN_lj": [-1318.7934188808952, 45.048950836833875], "shear_25nN_qq": [91.18153754356516, 13.04068314170353], "nonpolar_solvation_energy": 8.4, "total_solvation_energy": 7.34, "shear_15nN_lj": [-1547.3649888633095, 42.91214105297637], "shear_5nN_Etotal": [-1306.1673496258993, 44.89811767044258], "interdigitation": {"5nN": 0.1670389642989352, "25nN": 0.13075656035554956, "15nN": 0.13465899863722147}, "entropy_vibrational": 2.65, "heat_capacity_vibrational": 10.23, "entropy_translational": 150.32, "status": {"bd05647cb8094175c8b794a25a4390b5-shear_25nN_extend_grompp": 1, "bd05647cb8094175c8b794a25a4390b5-get_interaction_energy_15nN": 1, "bd05647cb8094175c8b794a25a4390b5-log_interaction_energy_25nN": 1, "bd05647cb8094175c8b794a25a4390b5-minimize": 1, "bd05647cb8094175c8b794a25a4390b5-shear_5nN_rerun_grompp": 1, "bd05647cb8094175c8b794a25a4390b5-calc_roughness": 1, "bd05647cb8094175c8b794a25a4390b5-shear_5nN_grompp": 1, "bd05647cb8094175c8b794a25a4390b5-compress_grompp": 1, "bd05647cb8094175c8b794a25a4390b5-shear_15nN_rerun": 1, "bd05647cb8094175c8b794a25a4390b5-shear_15nN": 1, "bd05647cb8094175c8b794a25a4390b5-shear_25nN_extend": 1, "bd05647cb8094175c8b794a25a4390b5-unwrap_shear_15nN": 1, "bd05647cb8094175c8b794a25a4390b5-shear_25nN": 1, "bd05647cb8094175c8b794a25a4390b5-minimize_grompp": 1, "bd05647cb8094175c8b794a25a4390b5-shear_25nN_rerun_grompp": 1, "bd05647cb8094175c8b794a25a4390b5-calc_tilt_shear": 1, "bd05647cb8094175c8b794a25a4390b5-calc_friction": 1, "bd05647cb8094175c8b794a25a4390b5-log_tilt": 1, "bd05647cb8094175c8b794a25a4390b5-lammps_to_gmx": 1, "bd05647cb8094175c8b794a25a4390b5-shear_5nN_extend_grompp": 1, "bd05647cb8094175c8b794a25a4390b5-unwrap_shear_25nN": 1, "bd05647cb8094175c8b794a25a4390b5-shear_5nN_extend": 1, "bd05647cb8094175c8b794a25a4390b5-fix_overlaps": 1, "bd05647cb8094175c8b794a25a4390b5-unwrap_shear_5nN": 1, "bd05647cb8094175c8b794a25a4390b5-shear_15nN_extend_grompp": 1, "bd05647cb8094175c8b794a25a4390b5-shear_5nN_rerun": 1, "bd05647cb8094175c8b794a25a4390b5-shear_25nN_grompp": 1, "bd05647cb8094175c8b794a25a4390b5-calc_S2_shear": 1, "bd05647cb8094175c8b794a25a4390b5-shear_5nN": 1, "bd05647cb8094175c8b794a25a4390b5-log_interaction_energy_5nN": 1, "bd05647cb8094175c8b794a25a4390b5-initialize": 1, "bd05647cb8094175c8b794a25a4390b5-top_to_mol2": 1, "bd05647cb8094175c8b794a25a4390b5-count_hydrogen_bonds": 1, "bd05647cb8094175c8b794a25a4390b5-get_interaction_energy_5nN": 1, "bd05647cb8094175c8b794a25a4390b5-log_S2": 1, "bd05647cb8094175c8b794a25a4390b5-compress": 1, "bd05647cb8094175c8b794a25a4390b5-calc_interdigitation": 1, "bd05647cb8094175c8b794a25a4390b5-equilibrate_grompp": 1, "bd05647cb8094175c8b794a25a4390b5-shear_15nN_grompp": 1, "bd05647cb8094175c8b794a25a4390b5-log_interaction_energy_15nN": 1, "bd05647cb8094175c8b794a25a4390b5-shear_15nN_extend": 1, "bd05647cb8094175c8b794a25a4390b5-log_cof": 1, "bd05647cb8094175c8b794a25a4390b5-shear_15nN_rerun_grompp": 1, "bd05647cb8094175c8b794a25a4390b5-get_interaction_energy_25nN": 1, "bd05647cb8094175c8b794a25a4390b5-shear_25nN_rerun": 1, "bd05647cb8094175c8b794a25a4390b5-equilibrate": 1}, "S2": {"5nN": 0.9513710952265687, "25nN": 0.9449170147999459, "15nN": 0.9430087446347385}, "dipole_moment": 0.0, "COF": 0.11180968290368996, "roughness": {"5nN": 0.08661052211925653, "25nN": 0.07090777223385154, "15nN": 0.06836139085907059}, "polar_solvation_energy": -1.05}