{"enthalpy_vibrational": 273.28, "shear_5nN_Etotal": [-1218.6434046658671, 44.7275807969756], "heat_capacity_vibrational": 37.37, "entropy_vibrational": 26.04, "interdigitation": {"25nN": 0.1255829898273255, "5nN": 0.09168543532764735, "15nN": 0.11409140745129769}, "polar_solvation_energy": -0.4, "shear_15nN_qq": [-3.7427301750599518, 7.8244502200267645], "nonpolar_solvation_energy": 11.79, "molecular_weight": 43.0874, "shear_15nN_Etotal": [-1447.2376954348522, 40.87645315059356], "roughness": {"25nN": 0.06656923359073322, "5nN": 0.054026607127263294, "15nN": 0.06618281492736798}, "tilt": {"25nN": 37.83014690367886, "5nN": 32.14676212036168, "15nN": 35.819977847837706}, "shear_15nN_lj": [-1443.4949652597923, 40.75671246510201], "surface_area": 70.99, "total_solvation_energy": 11.37, "dipole_moment": 0.01, "entropy_rotational": 94.72, "shear_25nN_lj": [-1544.3421980055957, 49.164060730660786], "shear_5nN_lj": [-1210.7050314948042, 43.3798259921557], "status": {"aab73ebf30c653d3af91931f17f4d372-compress_grompp": 1, "aab73ebf30c653d3af91931f17f4d372-shear_5nN_rerun": 1, "aab73ebf30c653d3af91931f17f4d372-get_interaction_energy_25nN": 1, "aab73ebf30c653d3af91931f17f4d372-shear_25nN_rerun_grompp": 1, "aab73ebf30c653d3af91931f17f4d372-shear_15nN_rerun_grompp": 1, "aab73ebf30c653d3af91931f17f4d372-shear_5nN_extend": 1, "aab73ebf30c653d3af91931f17f4d372-fix_overlaps": 1, "aab73ebf30c653d3af91931f17f4d372-shear_25nN_grompp": 1, "aab73ebf30c653d3af91931f17f4d372-calc_friction": 1, "aab73ebf30c653d3af91931f17f4d372-shear_15nN": 1, "aab73ebf30c653d3af91931f17f4d372-calc_interdigitation": 1, "aab73ebf30c653d3af91931f17f4d372-shear_25nN": 1, "aab73ebf30c653d3af91931f17f4d372-top_to_mol2": 1, "aab73ebf30c653d3af91931f17f4d372-log_interaction_energy_5nN": 1, "aab73ebf30c653d3af91931f17f4d372-log_interaction_energy_25nN": 1, "aab73ebf30c653d3af91931f17f4d372-shear_15nN_rerun": 1, "aab73ebf30c653d3af91931f17f4d372-log_interaction_energy_15nN": 1, "aab73ebf30c653d3af91931f17f4d372-shear_15nN_extend_grompp": 1, "aab73ebf30c653d3af91931f17f4d372-equilibrate_grompp": 1, "aab73ebf30c653d3af91931f17f4d372-equilibrate": 1, "aab73ebf30c653d3af91931f17f4d372-get_interaction_energy_15nN": 1, "aab73ebf30c653d3af91931f17f4d372-shear_5nN_grompp": 1, "aab73ebf30c653d3af91931f17f4d372-minimize": 1, "aab73ebf30c653d3af91931f17f4d372-log_cof": 1, "aab73ebf30c653d3af91931f17f4d372-log_tilt": 1, "aab73ebf30c653d3af91931f17f4d372-unwrap_shear_25nN": 1, "aab73ebf30c653d3af91931f17f4d372-shear_5nN_rerun_grompp": 1, "aab73ebf30c653d3af91931f17f4d372-shear_25nN_extend_grompp": 1, "aab73ebf30c653d3af91931f17f4d372-unwrap_shear_15nN": 1, "aab73ebf30c653d3af91931f17f4d372-lammps_to_gmx": 1, "aab73ebf30c653d3af91931f17f4d372-shear_25nN_extend": 1, "aab73ebf30c653d3af91931f17f4d372-initialize": 1, "aab73ebf30c653d3af91931f17f4d372-shear_15nN_extend": 1, "aab73ebf30c653d3af91931f17f4d372-shear_5nN_extend_grompp": 1, "aab73ebf30c653d3af91931f17f4d372-compress": 1, "aab73ebf30c653d3af91931f17f4d372-calc_S2_shear": 1, "aab73ebf30c653d3af91931f17f4d372-calc_roughness": 1, "aab73ebf30c653d3af91931f17f4d372-calc_tilt_shear": 1, "aab73ebf30c653d3af91931f17f4d372-shear_5nN": 1, "aab73ebf30c653d3af91931f17f4d372-minimize_grompp": 1, "aab73ebf30c653d3af91931f17f4d372-log_S2": 1, "aab73ebf30c653d3af91931f17f4d372-count_hydrogen_bonds": 1, "aab73ebf30c653d3af91931f17f4d372-unwrap_shear_5nN": 1, "aab73ebf30c653d3af91931f17f4d372-shear_25nN_rerun": 1, "aab73ebf30c653d3af91931f17f4d372-shear_15nN_grompp": 1, "aab73ebf30c653d3af91931f17f4d372-get_interaction_energy_5nN": 1}, "shear_25nN_Etotal": [-1528.0986774900082, 51.61897717103878], "shear_25nN_qq": [16.243520515587527, 10.815420238301447], "ch3-smiles": "CC(C)C", "intercept": 0.48137828371979774, "shear_5nN_qq": [-7.93837317106315, 6.701296993303917], "COF": 0.14259370253483847, "chain-smiles": "CCCCCCCCCCCCCCCCCC(C)C", "h-smiles": "C(C)C", "entropy_translational": 155.96, "S2": {"25nN": 0.9571047738987251, "5nN": 0.958847747581309, "15nN": 0.950142845401746}}