{"shear_15nN_Etotal": [-3786.0437766043165, 154.74655870223523], "molecular_weight": 17.0073, "shear_25nN_Etotal": [-3782.457877356515, 156.84559655198566], "surface_area": 42.49, "shear_15nN_qq": [-2458.2548852446043, 157.5703234032165], "enthalpy_vibrational": 57.43, "shear_5nN_qq": [-2351.6337602781773, 164.87036896156008], "tilt": {"5nN": 37.51544447839065, "25nN": 41.85873734804171, "15nN": 39.97294271587822}, "intercept": 4.912047946673585, "shear_25nN_lj": [-1384.483260757794, 67.06023538120816], "entropy_rotational": 49.19, "shear_5nN_lj": [-1234.5609865755396, 59.96993305142153], "shear_25nN_qq": [-2397.9746165987212, 157.52390974985337], "nonpolar_solvation_energy": 2.8, "total_solvation_energy": -12.83, "shear_15nN_lj": [-1327.7888913597121, 62.77238659322882], "shear_5nN_Etotal": [-3586.194746853717, 164.8285839159436], "interdigitation": {"5nN": 0.12320895206563248, "25nN": 0.1171084241204283, "15nN": 0.12470304901901362}, "entropy_vibrational": 0.02, "heat_capacity_vibrational": 0.13, "entropy_translational": 144.8, "status": {"c65dd4166552b460beb573266076565f-log_interaction_energy_15nN": 1, "c65dd4166552b460beb573266076565f-compress": 1, "c65dd4166552b460beb573266076565f-shear_25nN": 1, "c65dd4166552b460beb573266076565f-shear_15nN_extend_grompp": 1, "c65dd4166552b460beb573266076565f-shear_25nN_rerun": 1, "c65dd4166552b460beb573266076565f-calc_interdigitation": 1, "c65dd4166552b460beb573266076565f-calc_tilt_shear": 1, "c65dd4166552b460beb573266076565f-shear_15nN_rerun_grompp": 1, "c65dd4166552b460beb573266076565f-get_interaction_energy_5nN": 1, "c65dd4166552b460beb573266076565f-get_interaction_energy_15nN": 1, "c65dd4166552b460beb573266076565f-shear_15nN_rerun": 1, "c65dd4166552b460beb573266076565f-calc_friction": 1, "c65dd4166552b460beb573266076565f-log_interaction_energy_25nN": 1, "c65dd4166552b460beb573266076565f-count_hydrogen_bonds": 1, "c65dd4166552b460beb573266076565f-top_to_mol2": 1, "c65dd4166552b460beb573266076565f-shear_25nN_rerun_grompp": 1, "c65dd4166552b460beb573266076565f-unwrap_shear_15nN": 1, "c65dd4166552b460beb573266076565f-shear_15nN_extend": 1, "c65dd4166552b460beb573266076565f-shear_15nN_grompp": 1, "c65dd4166552b460beb573266076565f-log_S2": 1, "c65dd4166552b460beb573266076565f-equilibrate_grompp": 1, "c65dd4166552b460beb573266076565f-shear_5nN_rerun": 1, "c65dd4166552b460beb573266076565f-calc_roughness": 1, "c65dd4166552b460beb573266076565f-unwrap_shear_25nN": 1, "c65dd4166552b460beb573266076565f-unwrap_shear_5nN": 1, "c65dd4166552b460beb573266076565f-get_interaction_energy_25nN": 1, "c65dd4166552b460beb573266076565f-log_interaction_energy_5nN": 1, "c65dd4166552b460beb573266076565f-shear_5nN": 1, "c65dd4166552b460beb573266076565f-compress_grompp": 1, "c65dd4166552b460beb573266076565f-equilibrate": 1, "c65dd4166552b460beb573266076565f-shear_25nN_grompp": 1, "c65dd4166552b460beb573266076565f-initialize": 1, "c65dd4166552b460beb573266076565f-minimize": 1, "c65dd4166552b460beb573266076565f-shear_5nN_rerun_grompp": 1, "c65dd4166552b460beb573266076565f-shear_5nN_grompp": 1, "c65dd4166552b460beb573266076565f-log_cof": 1, "c65dd4166552b460beb573266076565f-shear_25nN_extend": 1, "c65dd4166552b460beb573266076565f-shear_5nN_extend": 1, "c65dd4166552b460beb573266076565f-shear_5nN_extend_grompp": 1, "c65dd4166552b460beb573266076565f-fix_overlaps": 1, "c65dd4166552b460beb573266076565f-shear_15nN": 1, "c65dd4166552b460beb573266076565f-minimize_grompp": 1, "c65dd4166552b460beb573266076565f-shear_25nN_extend_grompp": 1, "c65dd4166552b460beb573266076565f-lammps_to_gmx": 1, "c65dd4166552b460beb573266076565f-calc_S2_shear": 1, "c65dd4166552b460beb573266076565f-log_tilt": 1}, "S2": {"5nN": 0.9719378533297272, "25nN": 0.9675484125351925, "15nN": 0.9696725289830802}, "polar_solvation_energy": -15.61, "COF": 0.15272927161674993, "roughness": {"5nN": 0.05695069723829643, "25nN": 0.04632037301751472, "15nN": 0.05430462606438543}, "dipole_moment": 1.88}