{"shear_15nN_Etotal": [-775.8772884172663, 85.53499920466984], "molecular_weight": 31.0338, "shear_25nN_Etotal": [-759.2932162046363, 97.08089375057114], "surface_area": 54.24, "shear_15nN_qq": [759.1710315155875, 78.17092469832698], "enthalpy_vibrational": 133.72, "shear_5nN_qq": [546.8435260271783, 72.14023047739957], "tilt": {"5nN": 29.96215837361743, "25nN": 36.31987888176605, "15nN": 33.55977094976581}, "intercept": 1.4543619633885796, "shear_25nN_lj": [-1626.6522683133494, 48.32402520619496], "entropy_rotational": 79.18, "shear_5nN_lj": [-1301.2055125443644, 50.81911851263076], "shear_25nN_qq": [867.3590521087132, 86.53845600153485], "nonpolar_solvation_energy": 5.64, "total_solvation_energy": -5.11, "shear_15nN_lj": [-1535.0483199328535, 47.65733452555074], "shear_5nN_Etotal": [-754.3619865171863, 80.88090968555275], "interdigitation": {"5nN": 0.11227646927565751, "25nN": 0.10370980314489261, "15nN": 0.10819475200214451}, "entropy_vibrational": 7.17, "heat_capacity_vibrational": 12.98, "entropy_translational": 151.98, "status": {"90e894b854530381fa40ced304245ac7-shear_5nN": 1, "90e894b854530381fa40ced304245ac7-compress": 1, "90e894b854530381fa40ced304245ac7-unwrap_shear_25nN": 1, "90e894b854530381fa40ced304245ac7-minimize": 1, "90e894b854530381fa40ced304245ac7-log_tilt": 1, "90e894b854530381fa40ced304245ac7-shear_25nN_extend": 1, "90e894b854530381fa40ced304245ac7-minimize_grompp": 1, "90e894b854530381fa40ced304245ac7-shear_15nN_rerun": 1, "90e894b854530381fa40ced304245ac7-calc_tilt_shear": 1, "90e894b854530381fa40ced304245ac7-log_interaction_energy_5nN": 1, "90e894b854530381fa40ced304245ac7-shear_15nN_grompp": 1, "90e894b854530381fa40ced304245ac7-shear_15nN_rerun_grompp": 1, "90e894b854530381fa40ced304245ac7-calc_interdigitation": 1, "90e894b854530381fa40ced304245ac7-log_cof": 1, "90e894b854530381fa40ced304245ac7-calc_S2_shear": 1, "90e894b854530381fa40ced304245ac7-shear_5nN_rerun": 1, "90e894b854530381fa40ced304245ac7-get_interaction_energy_25nN": 1, "90e894b854530381fa40ced304245ac7-equilibrate_grompp": 1, "90e894b854530381fa40ced304245ac7-get_interaction_energy_15nN": 1, "90e894b854530381fa40ced304245ac7-calc_friction": 1, "90e894b854530381fa40ced304245ac7-shear_15nN": 1, "90e894b854530381fa40ced304245ac7-top_to_mol2": 1, "90e894b854530381fa40ced304245ac7-lammps_to_gmx": 1, "90e894b854530381fa40ced304245ac7-shear_25nN": 1, "90e894b854530381fa40ced304245ac7-count_hydrogen_bonds": 1, "90e894b854530381fa40ced304245ac7-shear_5nN_extend_grompp": 1, "90e894b854530381fa40ced304245ac7-compress_grompp": 1, "90e894b854530381fa40ced304245ac7-log_interaction_energy_25nN": 1, "90e894b854530381fa40ced304245ac7-unwrap_shear_15nN": 1, "90e894b854530381fa40ced304245ac7-shear_15nN_extend": 1, "90e894b854530381fa40ced304245ac7-shear_25nN_grompp": 1, "90e894b854530381fa40ced304245ac7-unwrap_shear_5nN": 1, "90e894b854530381fa40ced304245ac7-shear_25nN_extend_grompp": 1, "90e894b854530381fa40ced304245ac7-get_interaction_energy_5nN": 1, "90e894b854530381fa40ced304245ac7-initialize": 1, "90e894b854530381fa40ced304245ac7-log_S2": 1, "90e894b854530381fa40ced304245ac7-equilibrate": 1, "90e894b854530381fa40ced304245ac7-shear_25nN_rerun_grompp": 1, "90e894b854530381fa40ced304245ac7-shear_5nN_grompp": 1, "90e894b854530381fa40ced304245ac7-log_interaction_energy_15nN": 1, "90e894b854530381fa40ced304245ac7-calc_roughness": 1, "90e894b854530381fa40ced304245ac7-shear_5nN_extend": 1, "90e894b854530381fa40ced304245ac7-shear_25nN_rerun": 1, "90e894b854530381fa40ced304245ac7-fix_overlaps": 1, "90e894b854530381fa40ced304245ac7-shear_15nN_extend_grompp": 1, "90e894b854530381fa40ced304245ac7-shear_5nN_rerun_grompp": 1}, "S2": {"5nN": 0.7151937222413153, "25nN": 0.7511724401462456, "15nN": 0.7248457258633918}, "dipole_moment": 1.68, "COF": 0.1558287422376818, "roughness": {"5nN": 0.05883486129082805, "25nN": 0.052586635744525906, "15nN": 0.05441695905997611}, "polar_solvation_energy": -10.78}