{"shear_25nN_qq": [99.79481966666667, 12.434498331188806], "shear_25nN_lj": [-1492.636511773781, 46.1398526601255], "enthalpy_vibrational": 119.27, "surface_area": 48.83, "shear_5nN_qq": [39.989399841726616, 24.638214496673672], "COF": 0.1364590727198827, "nonpolar_solvation_energy": 4.81, "shear_5nN_Etotal": [-1140.9475511910473, 53.91569795202871], "status": {"631fa3497b32e6e164b361abe140eb4d-shear_25nN_extend_grompp": 1, "631fa3497b32e6e164b361abe140eb4d-lammps_to_gmx": 1, "631fa3497b32e6e164b361abe140eb4d-calc_roughness": 1, "631fa3497b32e6e164b361abe140eb4d-calc_interdigitation": 7, "631fa3497b32e6e164b361abe140eb4d-log_cof": 1, "631fa3497b32e6e164b361abe140eb4d-log_S2": 1, "631fa3497b32e6e164b361abe140eb4d-shear_5nN_extend_grompp": 1, "631fa3497b32e6e164b361abe140eb4d-calc_friction": 1, "631fa3497b32e6e164b361abe140eb4d-fix_overlaps": 1, "631fa3497b32e6e164b361abe140eb4d-shear_5nN_extend": 1, "631fa3497b32e6e164b361abe140eb4d-shear_15nN_rerun_grompp": 1, "631fa3497b32e6e164b361abe140eb4d-shear_25nN_extend": 1, "631fa3497b32e6e164b361abe140eb4d-shear_15nN": 1, "631fa3497b32e6e164b361abe140eb4d-unwrap_shear_25nN": 1, "631fa3497b32e6e164b361abe140eb4d-shear_5nN_grompp": 1, "631fa3497b32e6e164b361abe140eb4d-get_interaction_energy_25nN": 1, "631fa3497b32e6e164b361abe140eb4d-unwrap_shear_15nN": 1, "631fa3497b32e6e164b361abe140eb4d-calc_tilt_shear": 1, "631fa3497b32e6e164b361abe140eb4d-shear_15nN_rerun": 1, "631fa3497b32e6e164b361abe140eb4d-get_interaction_energy_5nN": 1, "631fa3497b32e6e164b361abe140eb4d-equilibrate_grompp": 1, "631fa3497b32e6e164b361abe140eb4d-get_interaction_energy_15nN": 1, "631fa3497b32e6e164b361abe140eb4d-shear_15nN_extend": 1, "631fa3497b32e6e164b361abe140eb4d-shear_25nN_rerun_grompp": 1, "631fa3497b32e6e164b361abe140eb4d-compress_grompp": 1, "631fa3497b32e6e164b361abe140eb4d-minimize_grompp": 1, "631fa3497b32e6e164b361abe140eb4d-count_hydrogen_bonds": 1, "631fa3497b32e6e164b361abe140eb4d-shear_25nN_rerun": 1, "631fa3497b32e6e164b361abe140eb4d-shear_5nN": 1, "631fa3497b32e6e164b361abe140eb4d-shear_25nN_grompp": 1, "631fa3497b32e6e164b361abe140eb4d-unwrap_shear_5nN": 1, "631fa3497b32e6e164b361abe140eb4d-calc_S2_shear": 1, "631fa3497b32e6e164b361abe140eb4d-log_interaction_energy_15nN": 1, "631fa3497b32e6e164b361abe140eb4d-shear_5nN_rerun_grompp": 1, "631fa3497b32e6e164b361abe140eb4d-log_interaction_energy_5nN": 1, "631fa3497b32e6e164b361abe140eb4d-shear_15nN_extend_grompp": 1, "631fa3497b32e6e164b361abe140eb4d-shear_25nN": 1, "631fa3497b32e6e164b361abe140eb4d-log_tilt": 1, "631fa3497b32e6e164b361abe140eb4d-minimize": 1, "631fa3497b32e6e164b361abe140eb4d-equilibrate": 1, "631fa3497b32e6e164b361abe140eb4d-compress": 1, "631fa3497b32e6e164b361abe140eb4d-top_to_mol2": 1, "631fa3497b32e6e164b361abe140eb4d-shear_5nN_rerun": 1, "631fa3497b32e6e164b361abe140eb4d-log_interaction_energy_25nN": 1, "631fa3497b32e6e164b361abe140eb4d-initialize": 1, "631fa3497b32e6e164b361abe140eb4d-shear_15nN_grompp": 1}, "shear_15nN_qq": [68.34292078737012, 12.568705047973753], "interdigitation": {"15nN": 0.1021846333949047, "5nN": 0.09361371423130761, "25nN": 0.11027243426878436}, "total_solvation_energy": 4.69, "entropy_vibrational": 0.39, "roughness": {"15nN": 0.05640815063886358, "5nN": 0.054810405687320235, "25nN": 0.06137635909892965}, "S2": {"15nN": 0.9599985055449244, "5nN": 0.9657815180681634, "25nN": 0.9499570613335465}, "entropy_rotational": 62.93, "polar_solvation_energy": -0.12, "shear_5nN_lj": [-1180.9369510327738, 52.26220204704738], "entropy_translational": 143.35, "tilt": {"15nN": 38.528640882680584, "5nN": 34.8215244756036, "25nN": 39.336699591184015}, "dipole_moment": 0.0, "heat_capacity_vibrational": 2.25, "shear_25nN_Etotal": [-1392.8416921071143, 44.632504960839675], "intercept": 0.6558470111512831, "shear_15nN_lj": [-1394.6652086570746, 45.52012275119063], "molecular_weight": 15.0344, "shear_15nN_Etotal": [-1326.3222878697043, 43.94471559903878]}