{"shear_15nN_Etotal": [-1297.8893721143086, 46.77301519501156], "molecular_weight": 41.0716, "shear_25nN_Etotal": [-1364.9155168521183, 50.79292336405003], "surface_area": 65.5, "shear_15nN_qq": [225.29944109352516, 9.425900596974314], "enthalpy_vibrational": 214.06, "shear_5nN_qq": [167.20029620063949, 8.81084234182182], "tilt": {"5nN": 29.396567936581583, "25nN": 35.695384687229755, "15nN": 33.716140247427276}, "intercept": 0.7416676611689148, "shear_25nN_lj": [-1625.1266689736212, 51.02238856956955], "entropy_rotational": 90.7, "shear_5nN_lj": [-1276.2789381870502, 50.9005193765994], "shear_25nN_qq": [260.2111521215028, 11.054689491977417], "nonpolar_solvation_energy": 9.15, "total_solvation_energy": 7.89, "shear_15nN_lj": [-1523.1888132078336, 47.25130189640108], "shear_5nN_Etotal": [-1109.0786419864107, 49.090199939941506], "interdigitation": {"5nN": 0.1068137451708878, "25nN": 0.12518106774726093, "15nN": 0.10732652583047736}, "entropy_vibrational": 5.04, "heat_capacity_vibrational": 19.47, "entropy_translational": 155.37, "status": {"6278dd84271b1f213cb667605cf198ad-minimize_grompp": 1, "6278dd84271b1f213cb667605cf198ad-shear_5nN": 1, "6278dd84271b1f213cb667605cf198ad-log_interaction_energy_25nN": 1, "6278dd84271b1f213cb667605cf198ad-get_interaction_energy_15nN": 1, "6278dd84271b1f213cb667605cf198ad-shear_15nN_grompp": 1, "6278dd84271b1f213cb667605cf198ad-minimize": 1, "6278dd84271b1f213cb667605cf198ad-calc_roughness": 1, "6278dd84271b1f213cb667605cf198ad-shear_5nN_extend": 1, "6278dd84271b1f213cb667605cf198ad-log_interaction_energy_5nN": 1, "6278dd84271b1f213cb667605cf198ad-log_S2": 1, "6278dd84271b1f213cb667605cf198ad-shear_5nN_rerun_grompp": 1, "6278dd84271b1f213cb667605cf198ad-unwrap_shear_5nN": 1, "6278dd84271b1f213cb667605cf198ad-shear_15nN_extend_grompp": 1, "6278dd84271b1f213cb667605cf198ad-shear_25nN_rerun_grompp": 1, "6278dd84271b1f213cb667605cf198ad-get_interaction_energy_5nN": 1, "6278dd84271b1f213cb667605cf198ad-compress_grompp": 1, "6278dd84271b1f213cb667605cf198ad-unwrap_shear_15nN": 1, "6278dd84271b1f213cb667605cf198ad-calc_friction": 1, "6278dd84271b1f213cb667605cf198ad-top_to_mol2": 1, "6278dd84271b1f213cb667605cf198ad-log_interaction_energy_15nN": 1, "6278dd84271b1f213cb667605cf198ad-count_hydrogen_bonds": 1, "6278dd84271b1f213cb667605cf198ad-log_cof": 1, "6278dd84271b1f213cb667605cf198ad-equilibrate": 1, "6278dd84271b1f213cb667605cf198ad-shear_15nN_rerun": 1, "6278dd84271b1f213cb667605cf198ad-get_interaction_energy_25nN": 1, "6278dd84271b1f213cb667605cf198ad-shear_5nN_rerun": 1, "6278dd84271b1f213cb667605cf198ad-shear_15nN_extend": 1, "6278dd84271b1f213cb667605cf198ad-shear_25nN_extend": 1, "6278dd84271b1f213cb667605cf198ad-calc_tilt_shear": 1, "6278dd84271b1f213cb667605cf198ad-compress": 1, "6278dd84271b1f213cb667605cf198ad-lammps_to_gmx": 1, "6278dd84271b1f213cb667605cf198ad-calc_interdigitation": 1, "6278dd84271b1f213cb667605cf198ad-shear_15nN_rerun_grompp": 1, "6278dd84271b1f213cb667605cf198ad-fix_overlaps": 1, "6278dd84271b1f213cb667605cf198ad-unwrap_shear_25nN": 1, "6278dd84271b1f213cb667605cf198ad-initialize": 1, "6278dd84271b1f213cb667605cf198ad-calc_S2_shear": 1, "6278dd84271b1f213cb667605cf198ad-shear_25nN_rerun": 1, "6278dd84271b1f213cb667605cf198ad-equilibrate_grompp": 1, "6278dd84271b1f213cb667605cf198ad-shear_25nN_extend_grompp": 1, "6278dd84271b1f213cb667605cf198ad-shear_5nN_grompp": 1, "6278dd84271b1f213cb667605cf198ad-shear_25nN_grompp": 1, "6278dd84271b1f213cb667605cf198ad-shear_25nN": 1, "6278dd84271b1f213cb667605cf198ad-shear_5nN_extend_grompp": 1, "6278dd84271b1f213cb667605cf198ad-log_tilt": 1, "6278dd84271b1f213cb667605cf198ad-shear_15nN": 1}, "S2": {"5nN": 0.8901062999779307, "25nN": 0.8840891884475192, "15nN": 0.8909897416022065}, "polar_solvation_energy": -1.28, "COF": 0.17233895385826026, "roughness": {"5nN": 0.06266724288934217, "25nN": 0.06818460490242863, "15nN": 0.055731515708421615}, "dipole_moment": 0.0}