{"shear_15nN_Etotal": [-1164.4445116011193, 42.82617349838281], "molecular_weight": 27.0451, "shear_25nN_Etotal": [-1220.019579246203, 44.63934657112994], "surface_area": 61.0, "shear_15nN_qq": [396.6916743597122, 14.485919221915], "enthalpy_vibrational": 131.44, "shear_5nN_qq": [341.6418335283773, 14.117668889290874], "tilt": {"5nN": 31.998981278113064, "25nN": 38.05235130761308, "15nN": 35.52602246574588}, "intercept": 0.9988011230062253, "shear_25nN_lj": [-1653.6462085107914, 45.00231948623263], "entropy_rotational": 77.76, "shear_5nN_lj": [-1335.2856371135092, 48.75495239215716], "shear_25nN_qq": [433.62662926458836, 15.98090443991503], "nonpolar_solvation_energy": 8.4, "total_solvation_energy": 7.34, "shear_15nN_lj": [-1561.1361859608314, 44.0675728149727], "shear_5nN_Etotal": [-993.643803585132, 47.2827729439294], "interdigitation": {"5nN": 0.1368064864178924, "25nN": 0.11688378742895043, "15nN": 0.12120628815663322}, "entropy_vibrational": 2.65, "heat_capacity_vibrational": 10.23, "entropy_translational": 150.32, "status": {"ef43fb6ede172a91bb1e191136b0021c-shear_5nN_extend": 1, "ef43fb6ede172a91bb1e191136b0021c-equilibrate_grompp": 1, "ef43fb6ede172a91bb1e191136b0021c-compress": 1, "ef43fb6ede172a91bb1e191136b0021c-top_to_mol2": 1, "ef43fb6ede172a91bb1e191136b0021c-count_hydrogen_bonds": 1, "ef43fb6ede172a91bb1e191136b0021c-unwrap_shear_5nN": 1, "ef43fb6ede172a91bb1e191136b0021c-shear_25nN_grompp": 1, "ef43fb6ede172a91bb1e191136b0021c-shear_5nN_rerun_grompp": 1, "ef43fb6ede172a91bb1e191136b0021c-calc_tilt_shear": 1, "ef43fb6ede172a91bb1e191136b0021c-shear_25nN_extend_grompp": 1, "ef43fb6ede172a91bb1e191136b0021c-shear_15nN": 1, "ef43fb6ede172a91bb1e191136b0021c-shear_15nN_grompp": 1, "ef43fb6ede172a91bb1e191136b0021c-equilibrate": 1, "ef43fb6ede172a91bb1e191136b0021c-calc_interdigitation": 1, "ef43fb6ede172a91bb1e191136b0021c-unwrap_shear_25nN": 1, "ef43fb6ede172a91bb1e191136b0021c-unwrap_shear_15nN": 1, "ef43fb6ede172a91bb1e191136b0021c-shear_25nN_rerun": 1, "ef43fb6ede172a91bb1e191136b0021c-shear_5nN_grompp": 1, "ef43fb6ede172a91bb1e191136b0021c-calc_S2_shear": 1, "ef43fb6ede172a91bb1e191136b0021c-get_interaction_energy_5nN": 1, "ef43fb6ede172a91bb1e191136b0021c-log_interaction_energy_5nN": 1, "ef43fb6ede172a91bb1e191136b0021c-get_interaction_energy_15nN": 1, "ef43fb6ede172a91bb1e191136b0021c-shear_5nN": 1, "ef43fb6ede172a91bb1e191136b0021c-log_S2": 1, "ef43fb6ede172a91bb1e191136b0021c-calc_friction": 1, "ef43fb6ede172a91bb1e191136b0021c-calc_roughness": 1, "ef43fb6ede172a91bb1e191136b0021c-shear_5nN_rerun": 1, "ef43fb6ede172a91bb1e191136b0021c-log_interaction_energy_25nN": 1, "ef43fb6ede172a91bb1e191136b0021c-shear_15nN_rerun_grompp": 1, "ef43fb6ede172a91bb1e191136b0021c-log_tilt": 1, "ef43fb6ede172a91bb1e191136b0021c-shear_15nN_rerun": 1, "ef43fb6ede172a91bb1e191136b0021c-shear_25nN_extend": 1, "ef43fb6ede172a91bb1e191136b0021c-lammps_to_gmx": 1, "ef43fb6ede172a91bb1e191136b0021c-shear_15nN_extend_grompp": 1, "ef43fb6ede172a91bb1e191136b0021c-shear_25nN_rerun_grompp": 1, "ef43fb6ede172a91bb1e191136b0021c-initialize": 1, "ef43fb6ede172a91bb1e191136b0021c-minimize_grompp": 1, "ef43fb6ede172a91bb1e191136b0021c-shear_5nN_extend_grompp": 1, "ef43fb6ede172a91bb1e191136b0021c-shear_25nN": 1, "ef43fb6ede172a91bb1e191136b0021c-fix_overlaps": 1, "ef43fb6ede172a91bb1e191136b0021c-compress_grompp": 1, "ef43fb6ede172a91bb1e191136b0021c-shear_15nN_extend": 1, "ef43fb6ede172a91bb1e191136b0021c-get_interaction_energy_25nN": 1, "ef43fb6ede172a91bb1e191136b0021c-log_cof": 1, "ef43fb6ede172a91bb1e191136b0021c-log_interaction_energy_15nN": 1, "ef43fb6ede172a91bb1e191136b0021c-minimize": 1}, "S2": {"5nN": 0.9286629646139545, "25nN": 0.9205831218760748, "15nN": 0.9246956861782959}, "polar_solvation_energy": -1.05, "COF": 0.12965082126095342, "roughness": {"5nN": 0.062063102507569315, "25nN": 0.05186528727549368, "15nN": 0.053724330062792335}, "dipole_moment": 0.0}