{"shear_15nN_Etotal": [-1545.093451168665, 54.23862516934466], "molecular_weight": 77.1037, "shear_25nN_Etotal": [-1614.2214442661873, 56.49138234725724], "surface_area": 93.44, "shear_15nN_qq": [236.42843727657873, 21.407533314380352], "enthalpy_vibrational": 263.87, "shear_5nN_qq": [203.2126972829736, 18.410211534457417], "tilt": {"5nN": 28.107188292682636, "15nN": 32.98094193412614, "25nN": 34.797339034455185}, "intercept": 1.6256132977928042, "shear_25nN_lj": [-1861.6268054684251, 51.51281382601944], "entropy_rotational": 107.29, "shear_5nN_lj": [-1592.58232672502, 55.304916158165966], "shear_25nN_qq": [247.4053612022382, 23.20347916746303], "nonpolar_solvation_energy": 6.77, "total_solvation_energy": 1.89, "shear_15nN_lj": [-1781.5218884452438, 51.58583619932761], "shear_5nN_Etotal": [-1389.3696294420463, 56.18000451807164], "interdigitation": {"5nN": 0.1180407970130976, "15nN": 0.11241928904765927, "25nN": 0.10595472330258757}, "entropy_vibrational": 20.79, "heat_capacity_vibrational": 48.68, "entropy_translational": 163.09, "status": {"a2c0cc9c227c3fffcb9bf9dd3fb12434-unwrap_shear_15nN": 1, "a2c0cc9c227c3fffcb9bf9dd3fb12434-shear_25nN_rerun_grompp": 1, "a2c0cc9c227c3fffcb9bf9dd3fb12434-shear_15nN_rerun": 1, "a2c0cc9c227c3fffcb9bf9dd3fb12434-compress_grompp": 1, "a2c0cc9c227c3fffcb9bf9dd3fb12434-calc_friction": 1, "a2c0cc9c227c3fffcb9bf9dd3fb12434-initialize": 1, "a2c0cc9c227c3fffcb9bf9dd3fb12434-equilibrate_grompp": 1, "a2c0cc9c227c3fffcb9bf9dd3fb12434-shear_25nN_grompp": 1, "a2c0cc9c227c3fffcb9bf9dd3fb12434-shear_25nN_rerun": 1, "a2c0cc9c227c3fffcb9bf9dd3fb12434-log_S2": 1, "a2c0cc9c227c3fffcb9bf9dd3fb12434-fix_overlaps": 1, "a2c0cc9c227c3fffcb9bf9dd3fb12434-shear_15nN_extend_grompp": 1, "a2c0cc9c227c3fffcb9bf9dd3fb12434-get_interaction_energy_25nN": 1, "a2c0cc9c227c3fffcb9bf9dd3fb12434-log_interaction_energy_15nN": 1, "a2c0cc9c227c3fffcb9bf9dd3fb12434-count_hydrogen_bonds": 1, "a2c0cc9c227c3fffcb9bf9dd3fb12434-shear_15nN": 1, "a2c0cc9c227c3fffcb9bf9dd3fb12434-unwrap_shear_25nN": 1, "a2c0cc9c227c3fffcb9bf9dd3fb12434-calc_interdigitation": 1, "a2c0cc9c227c3fffcb9bf9dd3fb12434-minimize_grompp": 1, "a2c0cc9c227c3fffcb9bf9dd3fb12434-equilibrate": 1, "a2c0cc9c227c3fffcb9bf9dd3fb12434-log_cof": 1, "a2c0cc9c227c3fffcb9bf9dd3fb12434-minimize": 1, "a2c0cc9c227c3fffcb9bf9dd3fb12434-unwrap_shear_5nN": 1, "a2c0cc9c227c3fffcb9bf9dd3fb12434-log_interaction_energy_5nN": 1, "a2c0cc9c227c3fffcb9bf9dd3fb12434-shear_5nN_extend_grompp": 1, "a2c0cc9c227c3fffcb9bf9dd3fb12434-shear_15nN_grompp": 1, "a2c0cc9c227c3fffcb9bf9dd3fb12434-top_to_mol2": 1, "a2c0cc9c227c3fffcb9bf9dd3fb12434-log_tilt": 1, "a2c0cc9c227c3fffcb9bf9dd3fb12434-get_interaction_energy_15nN": 1, "a2c0cc9c227c3fffcb9bf9dd3fb12434-calc_S2_shear": 1, "a2c0cc9c227c3fffcb9bf9dd3fb12434-calc_roughness": 1, "a2c0cc9c227c3fffcb9bf9dd3fb12434-shear_5nN_rerun": 1, "a2c0cc9c227c3fffcb9bf9dd3fb12434-lammps_to_gmx": 1, "a2c0cc9c227c3fffcb9bf9dd3fb12434-get_interaction_energy_5nN": 1, "a2c0cc9c227c3fffcb9bf9dd3fb12434-shear_5nN_grompp": 1, "a2c0cc9c227c3fffcb9bf9dd3fb12434-shear_15nN_extend": 1, "a2c0cc9c227c3fffcb9bf9dd3fb12434-compress": 1, "a2c0cc9c227c3fffcb9bf9dd3fb12434-shear_5nN_rerun_grompp": 1, "a2c0cc9c227c3fffcb9bf9dd3fb12434-shear_25nN_extend": 1, "a2c0cc9c227c3fffcb9bf9dd3fb12434-shear_25nN": 1, "a2c0cc9c227c3fffcb9bf9dd3fb12434-calc_tilt_shear": 1, "a2c0cc9c227c3fffcb9bf9dd3fb12434-shear_5nN_extend": 1, "a2c0cc9c227c3fffcb9bf9dd3fb12434-shear_15nN_rerun_grompp": 1, "a2c0cc9c227c3fffcb9bf9dd3fb12434-shear_5nN": 1, "a2c0cc9c227c3fffcb9bf9dd3fb12434-log_interaction_energy_25nN": 1, "a2c0cc9c227c3fffcb9bf9dd3fb12434-shear_25nN_extend_grompp": 1}, "S2": {"5nN": 0.875432753794445, "15nN": 0.896115256212568, "25nN": 0.8575527513104323}, "polar_solvation_energy": -4.89, "COF": 0.11590498695030554, "roughness": {"5nN": 0.0617977738180858, "15nN": 0.055451120137967526, "25nN": 0.05632581262356724}, "dipole_moment": 0.0}