{"roughness": {"25nN": 0.053481126108266296, "5nN": 0.06644737040279287, "15nN": 0.06307614269462229}, "tilt": {"25nN": 40.22584961036046, "5nN": 35.467529425739144, "15nN": 37.97230178408147}, "nonpolar_solvation_energy": 9.82, "shear_5nN_qq": [-1184.6939884252597, 133.1375687036602], "entropy_vibrational": 1.39, "entropy_translational": 149.86, "shear_5nN_lj": [-1334.1466178641085, 47.0809824615537], "shear_25nN_Etotal": [-2681.688740820943, 132.21889952554304], "shear_15nN_lj": [-1475.0545797745804, 47.4840867803874], "molecular_weight": 26.0174, "shear_25nN_lj": [-1523.2382003685052, 45.89959068521998], "dipole_moment": 3.41, "polar_solvation_energy": -17.95, "intercept": 2.317229923642717, "shear_5nN_Etotal": [-2518.8406062893687, 154.17131406661497], "entropy_rotational": 49.42, "enthalpy_vibrational": 43.98, "shear_15nN_Etotal": [-2649.0201154036768, 156.15378967279514], "S2": {"25nN": 0.941553255929571, "5nN": 0.9436947045103722, "15nN": 0.9444080631201973}, "status": {"e92c85d906b74be23475fcda5ae684eb-shear_25nN_extend_grompp": 1, "e92c85d906b74be23475fcda5ae684eb-get_interaction_energy_5nN": 1, "e92c85d906b74be23475fcda5ae684eb-calc_roughness": 1, "e92c85d906b74be23475fcda5ae684eb-shear_5nN_grompp": 1, "e92c85d906b74be23475fcda5ae684eb-get_interaction_energy_25nN": 1, "e92c85d906b74be23475fcda5ae684eb-shear_15nN_rerun": 1, "e92c85d906b74be23475fcda5ae684eb-calc_interdigitation": 6, "e92c85d906b74be23475fcda5ae684eb-minimize": 1, "e92c85d906b74be23475fcda5ae684eb-shear_25nN_grompp": 1, "e92c85d906b74be23475fcda5ae684eb-equilibrate": 1, "e92c85d906b74be23475fcda5ae684eb-shear_5nN_extend": 1, "e92c85d906b74be23475fcda5ae684eb-calc_friction": 1, "e92c85d906b74be23475fcda5ae684eb-calc_tilt_shear": 1, "e92c85d906b74be23475fcda5ae684eb-initialize": 1, "e92c85d906b74be23475fcda5ae684eb-shear_5nN": 1, "e92c85d906b74be23475fcda5ae684eb-shear_15nN_rerun_grompp": 1, "e92c85d906b74be23475fcda5ae684eb-lammps_to_gmx": 1, "e92c85d906b74be23475fcda5ae684eb-log_cof": 1, "e92c85d906b74be23475fcda5ae684eb-minimize_grompp": 1, "e92c85d906b74be23475fcda5ae684eb-unwrap_shear_15nN": 1, "e92c85d906b74be23475fcda5ae684eb-log_tilt": 1, "e92c85d906b74be23475fcda5ae684eb-shear_25nN_rerun": 1, "e92c85d906b74be23475fcda5ae684eb-shear_5nN_extend_grompp": 1, "e92c85d906b74be23475fcda5ae684eb-fix_overlaps": 1, "e92c85d906b74be23475fcda5ae684eb-compress_grompp": 1, "e92c85d906b74be23475fcda5ae684eb-shear_15nN_extend_grompp": 1, "e92c85d906b74be23475fcda5ae684eb-top_to_mol2": 1, "e92c85d906b74be23475fcda5ae684eb-calc_S2_shear": 1, "e92c85d906b74be23475fcda5ae684eb-shear_25nN": 1, "e92c85d906b74be23475fcda5ae684eb-shear_25nN_rerun_grompp": 1, "e92c85d906b74be23475fcda5ae684eb-log_interaction_energy_15nN": 1, "e92c85d906b74be23475fcda5ae684eb-log_interaction_energy_5nN": 1, "e92c85d906b74be23475fcda5ae684eb-shear_5nN_rerun": 1, "e92c85d906b74be23475fcda5ae684eb-shear_15nN": 1, "e92c85d906b74be23475fcda5ae684eb-log_S2": 1, "e92c85d906b74be23475fcda5ae684eb-unwrap_shear_5nN": 1, "e92c85d906b74be23475fcda5ae684eb-shear_15nN_grompp": 1, "e92c85d906b74be23475fcda5ae684eb-shear_5nN_rerun_grompp": 1, "e92c85d906b74be23475fcda5ae684eb-shear_15nN_extend": 1, "e92c85d906b74be23475fcda5ae684eb-equilibrate_grompp": 1, "e92c85d906b74be23475fcda5ae684eb-log_interaction_energy_25nN": 1, "e92c85d906b74be23475fcda5ae684eb-get_interaction_energy_15nN": 1, "e92c85d906b74be23475fcda5ae684eb-unwrap_shear_25nN": 1, "e92c85d906b74be23475fcda5ae684eb-shear_25nN_extend": 1, "e92c85d906b74be23475fcda5ae684eb-count_hydrogen_bonds": 1, "e92c85d906b74be23475fcda5ae684eb-compress": 1}, "surface_area": 55.12, "total_solvation_energy": -8.13, "interdigitation": {"25nN": 0.12939494387794262, "5nN": 0.14357869211795846, "15nN": 0.1482577178398933}, "shear_25nN_qq": [-1158.450540452438, 120.44582972337545], "COF": 0.10563468456416936, "shear_15nN_qq": [-1173.9655356290968, 141.75279087934183], "heat_capacity_vibrational": 4.71}