{"MR":8.868,"asphericity":0.742496,"balabanj":2.187496,"bertzct":10.264663,"chi0":2.707107,"chi0n":1.26371,"chi0v":1.26371,"chi1":1.414214,"chi1n":0.365148,"chi1v":0.365148,"chi2n":0.074536,"chi2v":0.074536,"chi3n":0.0,"chi3v":0.0,"chi4n":0.0,"chi4v":0.0,"e-valence":17.0,"eccentricity":0.995494,"hk-alpha":-0.6,"hk-kappa1":2.4,"hk-kappa2":1.4,"hk-kappa3":1.4,"ipc":2.754888,"isf":0.212739,"labuteASA":16.817313,"logP":-0.4136,"molwt":45.992903,"molwt-hvy":46.005,"nheavy":3.0,"npr1":0.094827,"npr2":0.905173,"pbf":0.0,"pc+":0.387211,"pc-":-0.387211,"pmi1":4.254849,"pmi2":40.614761,"pmi3":44.869609,"rbonds":0.0,"rg":0.987583,"rpc+":1.0,"rpc-":0.5,"spherocity":0.0,"tpsa":54.23,"vsa+":5.34019,"vsa-":10.114318,"vsa-fhyd":0.654457,"vsa-fneg":0.654457,"vsa-fpneg":0.0,"vsa-fpos":0.345543,"vsa-fppos":0.345543,"vsa-hyd":10.114318,"vsa-polar":0.345543,"vsa-polar+":5.34019,"vsa-polar-":0.0,"hbonds":0.0}