{"shear_25nN_qq": [19.337844054356516, 12.756197799784191], "shear_25nN_lj": [-1525.8546352414069, 44.32401062630068], "enthalpy_vibrational": 273.28, "surface_area": 70.99, "shear_5nN_qq": [-5.706708243804956, 7.968334683633175], "COF": 0.10786302054482386, "nonpolar_solvation_energy": 11.79, "shear_5nN_Etotal": [-1193.9857711430855, 49.62083113261709], "status": {"eefe7d503dc4ff29f08e59449ecf60e0-calc_friction": 1, "eefe7d503dc4ff29f08e59449ecf60e0-shear_5nN": 1, "eefe7d503dc4ff29f08e59449ecf60e0-log_interaction_energy_25nN": 1, "eefe7d503dc4ff29f08e59449ecf60e0-log_interaction_energy_5nN": 1, "eefe7d503dc4ff29f08e59449ecf60e0-log_S2": 1, "eefe7d503dc4ff29f08e59449ecf60e0-shear_15nN_rerun": 1, "eefe7d503dc4ff29f08e59449ecf60e0-shear_25nN_extend_grompp": 1, "eefe7d503dc4ff29f08e59449ecf60e0-unwrap_shear_5nN": 1, "eefe7d503dc4ff29f08e59449ecf60e0-calc_roughness": 1, "eefe7d503dc4ff29f08e59449ecf60e0-minimize_grompp": 1, "eefe7d503dc4ff29f08e59449ecf60e0-shear_25nN": 1, "eefe7d503dc4ff29f08e59449ecf60e0-log_interaction_energy_15nN": 1, "eefe7d503dc4ff29f08e59449ecf60e0-equilibrate": 1, "eefe7d503dc4ff29f08e59449ecf60e0-compress_grompp": 1, "eefe7d503dc4ff29f08e59449ecf60e0-minimize": 1, "eefe7d503dc4ff29f08e59449ecf60e0-shear_5nN_extend": 1, "eefe7d503dc4ff29f08e59449ecf60e0-lammps_to_gmx": 1, "eefe7d503dc4ff29f08e59449ecf60e0-shear_5nN_extend_grompp": 1, "eefe7d503dc4ff29f08e59449ecf60e0-shear_25nN_grompp": 1, "eefe7d503dc4ff29f08e59449ecf60e0-shear_5nN_grompp": 1, "eefe7d503dc4ff29f08e59449ecf60e0-shear_25nN_rerun_grompp": 1, "eefe7d503dc4ff29f08e59449ecf60e0-shear_15nN": 1, "eefe7d503dc4ff29f08e59449ecf60e0-shear_5nN_rerun": 1, "eefe7d503dc4ff29f08e59449ecf60e0-initialize": 1, "eefe7d503dc4ff29f08e59449ecf60e0-calc_S2_shear": 1, "eefe7d503dc4ff29f08e59449ecf60e0-get_interaction_energy_25nN": 1, "eefe7d503dc4ff29f08e59449ecf60e0-log_cof": 1, "eefe7d503dc4ff29f08e59449ecf60e0-shear_15nN_rerun_grompp": 1, "eefe7d503dc4ff29f08e59449ecf60e0-log_tilt": 1, "eefe7d503dc4ff29f08e59449ecf60e0-equilibrate_grompp": 1, "eefe7d503dc4ff29f08e59449ecf60e0-calc_interdigitation": 1, "eefe7d503dc4ff29f08e59449ecf60e0-compress": 1, "eefe7d503dc4ff29f08e59449ecf60e0-shear_25nN_rerun": 1, "eefe7d503dc4ff29f08e59449ecf60e0-top_to_mol2": 1, "eefe7d503dc4ff29f08e59449ecf60e0-unwrap_shear_25nN": 1, "eefe7d503dc4ff29f08e59449ecf60e0-calc_tilt_shear": 1, "eefe7d503dc4ff29f08e59449ecf60e0-fix_overlaps": 1, "eefe7d503dc4ff29f08e59449ecf60e0-unwrap_shear_15nN": 1, "eefe7d503dc4ff29f08e59449ecf60e0-count_hydrogen_bonds": 1, "eefe7d503dc4ff29f08e59449ecf60e0-shear_15nN_extend": 1, "eefe7d503dc4ff29f08e59449ecf60e0-shear_15nN_extend_grompp": 1, "eefe7d503dc4ff29f08e59449ecf60e0-get_interaction_energy_15nN": 1, "eefe7d503dc4ff29f08e59449ecf60e0-shear_5nN_rerun_grompp": 1, "eefe7d503dc4ff29f08e59449ecf60e0-shear_15nN_grompp": 1, "eefe7d503dc4ff29f08e59449ecf60e0-shear_25nN_extend": 1, "eefe7d503dc4ff29f08e59449ecf60e0-get_interaction_energy_5nN": 1}, "shear_15nN_qq": [1.2036125627498002, 9.054748300437103], "interdigitation": {"15nN": 0.11871897961097527, "5nN": 0.09562662024072792, "25nN": 0.0965714622452037}, "total_solvation_energy": 11.37, "entropy_vibrational": 26.04, "roughness": {"15nN": 0.06831988713646947, "5nN": 0.06418895258029088, "25nN": 0.05902039548815466}, "S2": {"15nN": 0.9665502875198168, "5nN": 0.9695014070371076, "25nN": 0.9618933021550178}, "entropy_rotational": 94.72, "polar_solvation_energy": -0.4, "shear_5nN_lj": [-1188.2790628992807, 47.95162269957015], "entropy_translational": 155.96, "tilt": {"15nN": 37.24134513949039, "5nN": 33.90206929407531, "25nN": 39.34438271662795}, "dipole_moment": 0.01, "heat_capacity_vibrational": 37.37, "shear_25nN_Etotal": [-1506.5167911870503, 45.03732971815398], "intercept": 0.9270517581760587, "shear_15nN_lj": [-1431.7739441294964, 46.710545004603354], "molecular_weight": 43.0874, "shear_15nN_Etotal": [-1430.5703315667465, 48.44188243151705]}