{"shear_15nN_Etotal": [-2096.4826692533975, 72.91877038659612], "molecular_weight": 95.0942, "shear_25nN_Etotal": [-2239.9452585891286, 79.02056644143346], "surface_area": 96.58, "shear_15nN_qq": [-415.16755230055946, 39.30777231094967], "enthalpy_vibrational": 248.15, "shear_5nN_qq": [-373.06294180255793, 38.31161241964343], "tilt": {"5nN": 28.82643235569179, "25nN": 34.7844243494925, "15nN": 32.44732832451935}, "intercept": 2.198503174245671, "shear_25nN_lj": [-1769.2244784372504, 55.39014557622327], "entropy_rotational": 112.71, "shear_5nN_lj": [-1517.2545467529976, 56.86732741096811], "shear_25nN_qq": [-470.7207801518785, 43.4698621815489], "nonpolar_solvation_energy": 14.09, "total_solvation_energy": 6.28, "shear_15nN_lj": [-1681.3151169528376, 50.67576341032691], "shear_5nN_Etotal": [-1890.3174885555552, 82.75179115374591], "interdigitation": {"5nN": 0.199713375113511, "25nN": 0.17435527258582378, "15nN": 0.18482556293333557}, "entropy_vibrational": 30.51, "heat_capacity_vibrational": 58.87, "entropy_translational": 165.68, "status": {"f52e103c2135ab06a7bee84735cbb9de-shear_15nN": 1, "f52e103c2135ab06a7bee84735cbb9de-shear_5nN": 1, "f52e103c2135ab06a7bee84735cbb9de-calc_interdigitation": 1, "f52e103c2135ab06a7bee84735cbb9de-shear_25nN": 1, "f52e103c2135ab06a7bee84735cbb9de-equilibrate": 1, "f52e103c2135ab06a7bee84735cbb9de-unwrap_shear_15nN": 1, "f52e103c2135ab06a7bee84735cbb9de-log_interaction_energy_5nN": 1, "f52e103c2135ab06a7bee84735cbb9de-equilibrate_grompp": 1, "f52e103c2135ab06a7bee84735cbb9de-fix_overlaps": 1, "f52e103c2135ab06a7bee84735cbb9de-calc_S2_shear": 1, "f52e103c2135ab06a7bee84735cbb9de-log_S2": 1, "f52e103c2135ab06a7bee84735cbb9de-log_tilt": 1, "f52e103c2135ab06a7bee84735cbb9de-lammps_to_gmx": 1, "f52e103c2135ab06a7bee84735cbb9de-shear_15nN_extend_grompp": 1, "f52e103c2135ab06a7bee84735cbb9de-log_interaction_energy_15nN": 1, "f52e103c2135ab06a7bee84735cbb9de-get_interaction_energy_25nN": 1, "f52e103c2135ab06a7bee84735cbb9de-shear_25nN_rerun": 1, "f52e103c2135ab06a7bee84735cbb9de-shear_5nN_extend": 1, "f52e103c2135ab06a7bee84735cbb9de-shear_5nN_grompp": 1, "f52e103c2135ab06a7bee84735cbb9de-shear_5nN_rerun": 1, "f52e103c2135ab06a7bee84735cbb9de-minimize_grompp": 1, "f52e103c2135ab06a7bee84735cbb9de-calc_friction": 1, "f52e103c2135ab06a7bee84735cbb9de-shear_15nN_rerun_grompp": 1, "f52e103c2135ab06a7bee84735cbb9de-shear_25nN_grompp": 1, "f52e103c2135ab06a7bee84735cbb9de-log_interaction_energy_25nN": 1, "f52e103c2135ab06a7bee84735cbb9de-get_interaction_energy_15nN": 1, "f52e103c2135ab06a7bee84735cbb9de-shear_15nN_rerun": 1, "f52e103c2135ab06a7bee84735cbb9de-calc_tilt_shear": 1, "f52e103c2135ab06a7bee84735cbb9de-shear_5nN_extend_grompp": 1, "f52e103c2135ab06a7bee84735cbb9de-unwrap_shear_25nN": 1, "f52e103c2135ab06a7bee84735cbb9de-shear_15nN_grompp": 1, "f52e103c2135ab06a7bee84735cbb9de-top_to_mol2": 1, "f52e103c2135ab06a7bee84735cbb9de-shear_25nN_rerun_grompp": 1, "f52e103c2135ab06a7bee84735cbb9de-shear_25nN_extend_grompp": 1, "f52e103c2135ab06a7bee84735cbb9de-count_hydrogen_bonds": 1, "f52e103c2135ab06a7bee84735cbb9de-shear_15nN_extend": 1, "f52e103c2135ab06a7bee84735cbb9de-calc_roughness": 1, "f52e103c2135ab06a7bee84735cbb9de-get_interaction_energy_5nN": 1, "f52e103c2135ab06a7bee84735cbb9de-shear_25nN_extend": 1, "f52e103c2135ab06a7bee84735cbb9de-compress": 1, "f52e103c2135ab06a7bee84735cbb9de-initialize": 1, "f52e103c2135ab06a7bee84735cbb9de-shear_5nN_rerun_grompp": 1, "f52e103c2135ab06a7bee84735cbb9de-minimize": 1, "f52e103c2135ab06a7bee84735cbb9de-log_cof": 1, "f52e103c2135ab06a7bee84735cbb9de-unwrap_shear_5nN": 1, "f52e103c2135ab06a7bee84735cbb9de-compress_grompp": 1}, "S2": {"5nN": 0.8851324671413275, "25nN": 0.9004184196653159, "15nN": 0.9020785571597841}, "dipole_moment": 2.03, "COF": 0.10984761374131546, "roughness": {"5nN": 0.06542605975451558, "25nN": 0.05791897422064158, "15nN": 0.06289874113146014}, "polar_solvation_energy": -7.83}