{"shear_25nN_Etotal": [-4321.493333068745, 182.9244612168022], "shear_15nN_Etotal": [-4242.5514291590725, 185.90069342470002], "shear_15nN_qq": [-2179.5924274140684, 182.22408143579517], "roughness": {"15nN": 0.05453530355626003, "25nN": 0.05893874721823933, "5nN": 0.049183880223379245}, "entropy_rotational": 87.93, "enthalpy_vibrational": 87.35, "polar_solvation_energy": -36.43, "entropy_translational": 156.5, "interdigitation": {"15nN": 0.11402981210359862, "5nN": 0.10581736667494221, "25nN": 0.12935239278820163}, "shear_25nN_qq": [-2175.6409427242206, 184.48727574794236], "nonpolar_solvation_energy": 3.72, "intercept": 6.341289222784356, "heat_capacity_vibrational": 15.26, "S2": {"15nN": 0.9744509738824964, "25nN": 0.9731399906960464, "5nN": 0.9732641723023856}, "shear_5nN_lj": [-1929.882956428457, 65.8079282953783], "shear_5nN_qq": [-2350.075716278178, 175.6621106603694], "molecular_weight": 45.0174, "surface_area": 64.71, "COF": 0.12173562596064837, "shear_5nN_Etotal": [-4279.958672706634, 179.69609745259646], "status": {"21eae6721b5ffc45bc7e996d0e4fa615-minimize_grompp": 1, "21eae6721b5ffc45bc7e996d0e4fa615-get_interaction_energy_15nN": 1, "21eae6721b5ffc45bc7e996d0e4fa615-shear_25nN_extend_grompp": 1, "21eae6721b5ffc45bc7e996d0e4fa615-log_tilt": 1, "21eae6721b5ffc45bc7e996d0e4fa615-compress": 1, "21eae6721b5ffc45bc7e996d0e4fa615-calc_tilt_shear": 1, "21eae6721b5ffc45bc7e996d0e4fa615-initialize": 1, "21eae6721b5ffc45bc7e996d0e4fa615-calc_S2_shear": 1, "21eae6721b5ffc45bc7e996d0e4fa615-equilibrate": 1, "21eae6721b5ffc45bc7e996d0e4fa615-shear_25nN": 1, "21eae6721b5ffc45bc7e996d0e4fa615-shear_5nN_rerun": 1, "21eae6721b5ffc45bc7e996d0e4fa615-shear_5nN_extend_grompp": 1, "21eae6721b5ffc45bc7e996d0e4fa615-top_to_mol2": 1, "21eae6721b5ffc45bc7e996d0e4fa615-compress_grompp": 1, "21eae6721b5ffc45bc7e996d0e4fa615-shear_15nN_rerun_grompp": 1, "21eae6721b5ffc45bc7e996d0e4fa615-log_interaction_energy_5nN": 1, "21eae6721b5ffc45bc7e996d0e4fa615-calc_interdigitation": 6, "21eae6721b5ffc45bc7e996d0e4fa615-fix_overlaps": 1, "21eae6721b5ffc45bc7e996d0e4fa615-unwrap_shear_25nN": 1, "21eae6721b5ffc45bc7e996d0e4fa615-equilibrate_grompp": 1, "21eae6721b5ffc45bc7e996d0e4fa615-log_S2": 1, "21eae6721b5ffc45bc7e996d0e4fa615-unwrap_shear_15nN": 1, "21eae6721b5ffc45bc7e996d0e4fa615-count_hydrogen_bonds": 1, "21eae6721b5ffc45bc7e996d0e4fa615-get_interaction_energy_25nN": 1, "21eae6721b5ffc45bc7e996d0e4fa615-shear_5nN_grompp": 1, "21eae6721b5ffc45bc7e996d0e4fa615-shear_5nN_extend": 1, "21eae6721b5ffc45bc7e996d0e4fa615-shear_5nN": 1, "21eae6721b5ffc45bc7e996d0e4fa615-shear_25nN_rerun": 1, "21eae6721b5ffc45bc7e996d0e4fa615-shear_25nN_grompp": 1, "21eae6721b5ffc45bc7e996d0e4fa615-shear_15nN_extend_grompp": 1, "21eae6721b5ffc45bc7e996d0e4fa615-shear_15nN": 1, "21eae6721b5ffc45bc7e996d0e4fa615-log_cof": 1, "21eae6721b5ffc45bc7e996d0e4fa615-shear_25nN_extend": 1, "21eae6721b5ffc45bc7e996d0e4fa615-calc_friction": 1, "21eae6721b5ffc45bc7e996d0e4fa615-get_interaction_energy_5nN": 1, "21eae6721b5ffc45bc7e996d0e4fa615-calc_roughness": 1, "21eae6721b5ffc45bc7e996d0e4fa615-shear_5nN_rerun_grompp": 1, "21eae6721b5ffc45bc7e996d0e4fa615-shear_15nN_grompp": 1, "21eae6721b5ffc45bc7e996d0e4fa615-log_interaction_energy_15nN": 1, "21eae6721b5ffc45bc7e996d0e4fa615-shear_25nN_rerun_grompp": 1, "21eae6721b5ffc45bc7e996d0e4fa615-lammps_to_gmx": 1, "21eae6721b5ffc45bc7e996d0e4fa615-log_interaction_energy_25nN": 1, "21eae6721b5ffc45bc7e996d0e4fa615-shear_15nN_rerun": 1, "21eae6721b5ffc45bc7e996d0e4fa615-minimize": 1, "21eae6721b5ffc45bc7e996d0e4fa615-unwrap_shear_5nN": 1, "21eae6721b5ffc45bc7e996d0e4fa615-shear_15nN_extend": 1}, "dipole_moment": 4.81, "shear_15nN_lj": [-2062.959001745004, 65.81668334062296], "tilt": {"15nN": 41.13526988046695, "25nN": 42.109199390397904, "5nN": 38.148391057237625}, "total_solvation_energy": -32.72, "shear_25nN_lj": [-2145.8523903445243, 66.365604423566], "entropy_vibrational": 7.1}