{"shear_15nN_Etotal": [-2093.4472761366906, 72.34444981877485], "molecular_weight": 95.0942, "shear_25nN_Etotal": [-2242.257550379696, 71.18705002059282], "surface_area": 96.58, "shear_15nN_qq": [-417.6654184156675, 39.86119516438984], "enthalpy_vibrational": 248.15, "shear_5nN_qq": [-367.1084583013589, 39.75074811973643], "tilt": {"5nN": 28.55611471372491, "15nN": 33.97599845262345, "25nN": 36.10191284647698}, "intercept": 1.95435245743903, "shear_25nN_lj": [-1778.149121609912, 49.473689484902046], "entropy_rotational": 112.71, "shear_5nN_lj": [-1517.7347655099923, 51.97442768843973], "shear_25nN_qq": [-464.1084287697842, 41.679686726374825], "nonpolar_solvation_energy": 14.09, "total_solvation_energy": 6.28, "shear_15nN_lj": [-1675.7818577210232, 48.17365591561686], "shear_5nN_Etotal": [-1884.8432238113514, 79.07439612318095], "interdigitation": {"5nN": 0.17153940300075052, "15nN": 0.16723059506118726, "25nN": 0.1789775642867493}, "entropy_vibrational": 30.51, "heat_capacity_vibrational": 58.87, "entropy_translational": 165.68, "roughness": {"5nN": 0.053659692128008266, "15nN": 0.05713562744405984, "25nN": 0.05502122535288894}, "S2": {"5nN": 0.8973698083663513, "15nN": 0.9092521559800653, "25nN": 0.9086104947677168}, "dipole_moment": 2.03, "COF": 0.11358036663219286, "status": {"953b783fa71029ac54358c5839035303-get_interaction_energy_5nN": 1, "953b783fa71029ac54358c5839035303-shear_5nN_rerun": 1, "953b783fa71029ac54358c5839035303-equilibrate": 1, "953b783fa71029ac54358c5839035303-log_interaction_energy_5nN": 1, "953b783fa71029ac54358c5839035303-get_interaction_energy_15nN": 1, "953b783fa71029ac54358c5839035303-shear_5nN_extend_grompp": 1, "953b783fa71029ac54358c5839035303-minimize_grompp": 1, "953b783fa71029ac54358c5839035303-equilibrate_grompp": 1, "953b783fa71029ac54358c5839035303-calc_roughness": 1, "953b783fa71029ac54358c5839035303-shear_25nN_rerun": 1, "953b783fa71029ac54358c5839035303-calc_friction": 1, "953b783fa71029ac54358c5839035303-shear_25nN_extend": 1, "953b783fa71029ac54358c5839035303-unwrap_shear_5nN": 1, "953b783fa71029ac54358c5839035303-lammps_to_gmx": 1, "953b783fa71029ac54358c5839035303-log_tilt": 1, "953b783fa71029ac54358c5839035303-shear_15nN_extend_grompp": 1, "953b783fa71029ac54358c5839035303-shear_25nN_rerun_grompp": 1, "953b783fa71029ac54358c5839035303-log_interaction_energy_25nN": 1, "953b783fa71029ac54358c5839035303-shear_15nN_extend": 1, "953b783fa71029ac54358c5839035303-compress": 1, "953b783fa71029ac54358c5839035303-minimize": 1, "953b783fa71029ac54358c5839035303-shear_5nN_grompp": 1, "953b783fa71029ac54358c5839035303-top_to_mol2": 1, "953b783fa71029ac54358c5839035303-log_cof": 1, "953b783fa71029ac54358c5839035303-calc_tilt_shear": 1, "953b783fa71029ac54358c5839035303-shear_15nN_rerun": 1, "953b783fa71029ac54358c5839035303-calc_interdigitation": 1, "953b783fa71029ac54358c5839035303-compress_grompp": 1, "953b783fa71029ac54358c5839035303-count_hydrogen_bonds": 1, "953b783fa71029ac54358c5839035303-shear_15nN": 1, "953b783fa71029ac54358c5839035303-log_interaction_energy_15nN": 1, "953b783fa71029ac54358c5839035303-shear_25nN_extend_grompp": 1, "953b783fa71029ac54358c5839035303-shear_5nN_extend": 1, "953b783fa71029ac54358c5839035303-shear_15nN_rerun_grompp": 1, "953b783fa71029ac54358c5839035303-shear_5nN_rerun_grompp": 1, "953b783fa71029ac54358c5839035303-initialize": 1, "953b783fa71029ac54358c5839035303-calc_S2_shear": 1, "953b783fa71029ac54358c5839035303-shear_5nN": 1, "953b783fa71029ac54358c5839035303-unwrap_shear_15nN": 1, "953b783fa71029ac54358c5839035303-get_interaction_energy_25nN": 1, "953b783fa71029ac54358c5839035303-log_S2": 1, "953b783fa71029ac54358c5839035303-shear_25nN": 1, "953b783fa71029ac54358c5839035303-unwrap_shear_25nN": 1, "953b783fa71029ac54358c5839035303-shear_25nN_grompp": 1, "953b783fa71029ac54358c5839035303-fix_overlaps": 1, "953b783fa71029ac54358c5839035303-shear_15nN_grompp": 1}, "polar_solvation_energy": -7.83}