{"shear_25nN_qq": [-1393.6416081047164, 132.90580873081697], "polar_solvation_energy": -10.38, "shear_15nN_qq": [-1399.661841128697, 127.47502372714591], "shear_5nN_qq": [-1513.9922706314946, 132.82341604533718], "enthalpy_vibrational": 92.73, "interdigitation": {"15nN": 0.13272719050663587, "5nN": 0.1404440181031822, "25nN": 0.13475057923792344}, "dipole_moment": 1.63, "shear_25nN_lj": [-1318.9860937386093, 56.595390846722495], "molecular_weight": 16.0225, "intercept": 3.782590443987089, "nonpolar_solvation_energy": 5.48, "shear_15nN_lj": [-1265.5238954468425, 54.73729776551085], "roughness": {"15nN": 0.05244177010409755, "5nN": 0.05815676454725967, "25nN": 0.053004078222418774}, "total_solvation_energy": -4.92, "shear_5nN_lj": [-1146.8267422661872, 54.227588325803666], "entropy_translational": 144.1, "shear_15nN_Etotal": [-2665.18573657554, 131.3823595116286], "entropy_vibrational": 0.11, "status": {"29691fe277bfce6cec4ba9b6f10dfb7b-calc_roughness": 1, "29691fe277bfce6cec4ba9b6f10dfb7b-equilibrate": 1, "29691fe277bfce6cec4ba9b6f10dfb7b-get_interaction_energy_15nN": 1, "29691fe277bfce6cec4ba9b6f10dfb7b-shear_25nN_rerun_grompp": 1, "29691fe277bfce6cec4ba9b6f10dfb7b-minimize": 1, "29691fe277bfce6cec4ba9b6f10dfb7b-calc_friction": 1, "29691fe277bfce6cec4ba9b6f10dfb7b-compress_grompp": 1, "29691fe277bfce6cec4ba9b6f10dfb7b-unwrap_shear_15nN": 1, "29691fe277bfce6cec4ba9b6f10dfb7b-shear_15nN_extend": 1, "29691fe277bfce6cec4ba9b6f10dfb7b-get_interaction_energy_5nN": 1, "29691fe277bfce6cec4ba9b6f10dfb7b-unwrap_shear_25nN": 1, "29691fe277bfce6cec4ba9b6f10dfb7b-count_hydrogen_bonds": 1, "29691fe277bfce6cec4ba9b6f10dfb7b-shear_25nN_extend_grompp": 1, "29691fe277bfce6cec4ba9b6f10dfb7b-shear_25nN_rerun": 1, "29691fe277bfce6cec4ba9b6f10dfb7b-unwrap_shear_5nN": 1, "29691fe277bfce6cec4ba9b6f10dfb7b-initialize": 1, "29691fe277bfce6cec4ba9b6f10dfb7b-log_interaction_energy_5nN": 1, "29691fe277bfce6cec4ba9b6f10dfb7b-log_tilt": 1, "29691fe277bfce6cec4ba9b6f10dfb7b-shear_15nN": 1, "29691fe277bfce6cec4ba9b6f10dfb7b-log_S2": 1, "29691fe277bfce6cec4ba9b6f10dfb7b-fix_overlaps": 1, "29691fe277bfce6cec4ba9b6f10dfb7b-shear_5nN_extend_grompp": 1, "29691fe277bfce6cec4ba9b6f10dfb7b-shear_5nN_rerun_grompp": 1, "29691fe277bfce6cec4ba9b6f10dfb7b-top_to_mol2": 1, "29691fe277bfce6cec4ba9b6f10dfb7b-shear_25nN_extend": 1, "29691fe277bfce6cec4ba9b6f10dfb7b-calc_tilt_shear": 1, "29691fe277bfce6cec4ba9b6f10dfb7b-minimize_grompp": 1, "29691fe277bfce6cec4ba9b6f10dfb7b-shear_15nN_rerun": 1, "29691fe277bfce6cec4ba9b6f10dfb7b-get_interaction_energy_25nN": 1, "29691fe277bfce6cec4ba9b6f10dfb7b-calc_S2_shear": 1, "29691fe277bfce6cec4ba9b6f10dfb7b-log_cof": 1, "29691fe277bfce6cec4ba9b6f10dfb7b-shear_25nN": 1, "29691fe277bfce6cec4ba9b6f10dfb7b-shear_5nN_rerun": 1, "29691fe277bfce6cec4ba9b6f10dfb7b-shear_15nN_extend_grompp": 1, "29691fe277bfce6cec4ba9b6f10dfb7b-calc_interdigitation": 6, "29691fe277bfce6cec4ba9b6f10dfb7b-shear_5nN": 1, "29691fe277bfce6cec4ba9b6f10dfb7b-equilibrate_grompp": 1, "29691fe277bfce6cec4ba9b6f10dfb7b-log_interaction_energy_15nN": 1, "29691fe277bfce6cec4ba9b6f10dfb7b-shear_25nN_grompp": 1, "29691fe277bfce6cec4ba9b6f10dfb7b-shear_15nN_rerun_grompp": 1, "29691fe277bfce6cec4ba9b6f10dfb7b-lammps_to_gmx": 1, "29691fe277bfce6cec4ba9b6f10dfb7b-log_interaction_energy_25nN": 1, "29691fe277bfce6cec4ba9b6f10dfb7b-shear_5nN_extend": 1, "29691fe277bfce6cec4ba9b6f10dfb7b-shear_5nN_grompp": 1, "29691fe277bfce6cec4ba9b6f10dfb7b-shear_15nN_grompp": 1, "29691fe277bfce6cec4ba9b6f10dfb7b-compress": 1}, "S2": {"15nN": 0.9330968372565953, "5nN": 0.9367665066738771, "25nN": 0.9107859071441421}, "shear_5nN_Etotal": [-2660.8190128976817, 139.74771089948808], "shear_25nN_Etotal": [-2712.627701843325, 132.6709997466138], "entropy_rotational": 56.63, "heat_capacity_vibrational": 0.69, "tilt": {"15nN": 35.93309518856462, "5nN": 32.44791992572533, "25nN": 37.43605957168541}, "surface_area": 42.91, "COF": 0.14697584998124127}