{"enthalpy_vibrational": 66.5, "shear_5nN_Etotal": [-1105.2658732909672, 49.43817004196439], "heat_capacity_vibrational": 19.38, "entropy_vibrational": 8.9, "interdigitation": {"25nN": 0.1606753997201452, "5nN": 0.13893732054718708, "15nN": 0.15065018831795843}, "polar_solvation_energy": -13.1, "shear_15nN_qq": [-181.95687141886492, 14.78130579438106], "nonpolar_solvation_energy": 23.24, "molecular_weight": 69.0059, "shear_15nN_Etotal": [-1355.143809811351, 48.567640931046704], "roughness": {"25nN": 0.05571044743972765, "5nN": 0.05043994483985603, "15nN": 0.0524822970513596}, "tilt": {"25nN": 38.244988881318925, "5nN": 33.03269341744339, "15nN": 36.88351986138614}, "shear_15nN_lj": [-1173.1869383924861, 44.089563343712754], "surface_area": 60.34, "total_solvation_energy": 10.13, "dipole_moment": 2.09, "entropy_rotational": 99.44, "shear_25nN_lj": [-1252.97859368745, 46.48336171943266], "shear_25nN_qq": [-184.9984088377298, 15.759001419709158], "ch3-smiles": "CC(F)(F)F", "status": {"75a96c75a5fd6c652c8ea293af758cf3-shear_15nN_rerun_grompp": 1, "75a96c75a5fd6c652c8ea293af758cf3-equilibrate_grompp": 1, "75a96c75a5fd6c652c8ea293af758cf3-log_tilt": 1, "75a96c75a5fd6c652c8ea293af758cf3-initialize": 1, "75a96c75a5fd6c652c8ea293af758cf3-get_interaction_energy_25nN": 1, "75a96c75a5fd6c652c8ea293af758cf3-log_interaction_energy_15nN": 1, "75a96c75a5fd6c652c8ea293af758cf3-unwrap_shear_5nN": 1, "75a96c75a5fd6c652c8ea293af758cf3-equilibrate": 1, "75a96c75a5fd6c652c8ea293af758cf3-lammps_to_gmx": 1, "75a96c75a5fd6c652c8ea293af758cf3-top_to_mol2": 1, "75a96c75a5fd6c652c8ea293af758cf3-shear_5nN": 1, "75a96c75a5fd6c652c8ea293af758cf3-log_cof": 1, "75a96c75a5fd6c652c8ea293af758cf3-shear_5nN_rerun_grompp": 1, "75a96c75a5fd6c652c8ea293af758cf3-get_interaction_energy_15nN": 1, "75a96c75a5fd6c652c8ea293af758cf3-unwrap_shear_25nN": 1, "75a96c75a5fd6c652c8ea293af758cf3-calc_friction": 1, "75a96c75a5fd6c652c8ea293af758cf3-calc_roughness": 1, "75a96c75a5fd6c652c8ea293af758cf3-unwrap_shear_15nN": 1, "75a96c75a5fd6c652c8ea293af758cf3-compress_grompp": 1, "75a96c75a5fd6c652c8ea293af758cf3-log_S2": 1, "75a96c75a5fd6c652c8ea293af758cf3-shear_15nN_extend": 1, "75a96c75a5fd6c652c8ea293af758cf3-minimize_grompp": 1, "75a96c75a5fd6c652c8ea293af758cf3-shear_25nN_extend": 1, "75a96c75a5fd6c652c8ea293af758cf3-compress": 1, "75a96c75a5fd6c652c8ea293af758cf3-calc_interdigitation": 6, "75a96c75a5fd6c652c8ea293af758cf3-shear_25nN": 1, "75a96c75a5fd6c652c8ea293af758cf3-log_interaction_energy_5nN": 1, "75a96c75a5fd6c652c8ea293af758cf3-minimize": 1, "75a96c75a5fd6c652c8ea293af758cf3-shear_25nN_extend_grompp": 1, "75a96c75a5fd6c652c8ea293af758cf3-get_interaction_energy_5nN": 1, "75a96c75a5fd6c652c8ea293af758cf3-log_interaction_energy_25nN": 1, "75a96c75a5fd6c652c8ea293af758cf3-shear_5nN_grompp": 1, "75a96c75a5fd6c652c8ea293af758cf3-calc_S2_shear": 1, "75a96c75a5fd6c652c8ea293af758cf3-shear_15nN_extend_grompp": 1, "75a96c75a5fd6c652c8ea293af758cf3-shear_5nN_rerun": 1, "75a96c75a5fd6c652c8ea293af758cf3-shear_25nN_grompp": 1, "75a96c75a5fd6c652c8ea293af758cf3-fix_overlaps": 1, "75a96c75a5fd6c652c8ea293af758cf3-shear_5nN_extend": 1, "75a96c75a5fd6c652c8ea293af758cf3-count_hydrogen_bonds": 1, "75a96c75a5fd6c652c8ea293af758cf3-shear_5nN_extend_grompp": 1, "75a96c75a5fd6c652c8ea293af758cf3-shear_25nN_rerun_grompp": 1, "75a96c75a5fd6c652c8ea293af758cf3-shear_15nN_grompp": 1, "75a96c75a5fd6c652c8ea293af758cf3-calc_tilt_shear": 1, "75a96c75a5fd6c652c8ea293af758cf3-shear_15nN": 1, "75a96c75a5fd6c652c8ea293af758cf3-shear_25nN_rerun": 1, "75a96c75a5fd6c652c8ea293af758cf3-shear_15nN_rerun": 1}, "shear_25nN_Etotal": [-1437.9770025251798, 50.05601142694429], "intercept": 0.7058000116898935, "shear_5nN_qq": [-135.38552536690648, 12.352094205544416], "COF": 0.17463799443468828, "chain-smiles": "CCCCCCCCCCCCCCCCCC(F)(F)F", "shear_5nN_lj": [-969.8803479240607, 42.257345688567504], "h-smiles": "C(F)(F)F", "entropy_translational": 161.73, "S2": {"25nN": 0.9114582096304144, "5nN": 0.9209198468498697, "15nN": 0.907888700625066}}