{"COF": 0.15676935551905372, "shear_25nN_lj": [-1205.0368352773783, 48.98726444523575], "status": {"414ca2e9bd52fae578eed1681181e5a5-shear_5nN_extend": 1, "414ca2e9bd52fae578eed1681181e5a5-calc_friction": 1, "414ca2e9bd52fae578eed1681181e5a5-calc_S2_shear": 1, "414ca2e9bd52fae578eed1681181e5a5-get_interaction_energy_25nN": 1, "414ca2e9bd52fae578eed1681181e5a5-shear_15nN_rerun_grompp": 1, "414ca2e9bd52fae578eed1681181e5a5-equilibrate": 1, "414ca2e9bd52fae578eed1681181e5a5-log_tilt": 1, "414ca2e9bd52fae578eed1681181e5a5-unwrap_shear_5nN": 1, "414ca2e9bd52fae578eed1681181e5a5-log_S2": 1, "414ca2e9bd52fae578eed1681181e5a5-get_interaction_energy_15nN": 1, "414ca2e9bd52fae578eed1681181e5a5-shear_5nN_grompp": 1, "414ca2e9bd52fae578eed1681181e5a5-compress_grompp": 1, "414ca2e9bd52fae578eed1681181e5a5-shear_25nN_rerun": 1, "414ca2e9bd52fae578eed1681181e5a5-shear_15nN_extend": 1, "414ca2e9bd52fae578eed1681181e5a5-calc_interdigitation": 6, "414ca2e9bd52fae578eed1681181e5a5-log_interaction_energy_25nN": 1, "414ca2e9bd52fae578eed1681181e5a5-count_hydrogen_bonds": 1, "414ca2e9bd52fae578eed1681181e5a5-shear_25nN_extend": 1, "414ca2e9bd52fae578eed1681181e5a5-lammps_to_gmx": 1, "414ca2e9bd52fae578eed1681181e5a5-shear_5nN_rerun": 1, "414ca2e9bd52fae578eed1681181e5a5-unwrap_shear_15nN": 1, "414ca2e9bd52fae578eed1681181e5a5-shear_15nN": 1, "414ca2e9bd52fae578eed1681181e5a5-shear_15nN_grompp": 1, "414ca2e9bd52fae578eed1681181e5a5-calc_tilt_shear": 1, "414ca2e9bd52fae578eed1681181e5a5-shear_5nN_rerun_grompp": 1, "414ca2e9bd52fae578eed1681181e5a5-shear_5nN": 1, "414ca2e9bd52fae578eed1681181e5a5-shear_25nN": 1, "414ca2e9bd52fae578eed1681181e5a5-equilibrate_grompp": 1, "414ca2e9bd52fae578eed1681181e5a5-compress": 1, "414ca2e9bd52fae578eed1681181e5a5-shear_25nN_grompp": 1, "414ca2e9bd52fae578eed1681181e5a5-top_to_mol2": 1, "414ca2e9bd52fae578eed1681181e5a5-shear_5nN_extend_grompp": 1, "414ca2e9bd52fae578eed1681181e5a5-log_cof": 1, "414ca2e9bd52fae578eed1681181e5a5-minimize_grompp": 1, "414ca2e9bd52fae578eed1681181e5a5-unwrap_shear_25nN": 1, "414ca2e9bd52fae578eed1681181e5a5-shear_25nN_extend_grompp": 1, "414ca2e9bd52fae578eed1681181e5a5-log_interaction_energy_5nN": 1, "414ca2e9bd52fae578eed1681181e5a5-get_interaction_energy_5nN": 1, "414ca2e9bd52fae578eed1681181e5a5-shear_15nN_rerun": 1, "414ca2e9bd52fae578eed1681181e5a5-log_interaction_energy_15nN": 1, "414ca2e9bd52fae578eed1681181e5a5-minimize": 1, "414ca2e9bd52fae578eed1681181e5a5-calc_roughness": 1, "414ca2e9bd52fae578eed1681181e5a5-fix_overlaps": 1, "414ca2e9bd52fae578eed1681181e5a5-initialize": 1, "414ca2e9bd52fae578eed1681181e5a5-shear_15nN_extend_grompp": 1, "414ca2e9bd52fae578eed1681181e5a5-shear_25nN_rerun_grompp": 1}, "shear_15nN_qq": [-66.20658034292566, 11.712217549306109], "entropy_translational": 161.73, "shear_25nN_qq": [-102.95773049240609, 13.326110501053375], "interdigitation": {"15nN": 0.18198575482273127, "5nN": 0.20115631248087493, "25nN": 0.1846333185986476}, "surface_area": 60.34, "heat_capacity_vibrational": 19.38, "shear_5nN_qq": [-21.817439762589927, 9.279814471041377], "polar_solvation_energy": -13.1, "shear_5nN_lj": [-930.6587033573143, 42.854878200707375], "shear_15nN_Etotal": [-1201.023401884892, 46.36751892570622], "shear_5nN_Etotal": [-952.476143119904, 47.72363896558057], "total_solvation_energy": 10.13, "entropy_vibrational": 8.9, "shear_25nN_Etotal": [-1307.9945657697842, 53.82331379746664], "tilt": {"15nN": 38.73968789196309, "5nN": 35.29686522636895, "25nN": 40.7247303962594}, "roughness": {"15nN": 0.07472670486639015, "5nN": 0.09180248051360877, "25nN": 0.07773581284755113}, "enthalpy_vibrational": 66.5, "intercept": 0.49618692432242195, "nonpolar_solvation_energy": 23.24, "entropy_rotational": 99.44, "molecular_weight": 69.0059, "S2": {"15nN": 0.9440743057920025, "5nN": 0.9506068288369093, "25nN": 0.950441898869712}, "dipole_moment": 2.09, "shear_15nN_lj": [-1134.8168215419664, 41.82208461405419]}