{"MR":26.442,"asphericity":0.250492,"balabanj":3.603567,"bertzct":226.30309,"chi0":9.464102,"chi0n":9.0,"chi0v":3.0,"chi1":5.464102,"chi1n":4.5,"chi1v":1.5,"chi2n":0.75,"chi2v":0.75,"chi3n":0.375,"chi3v":0.375,"chi4n":0.1875,"chi4v":0.1875,"e-valence":30.0,"eccentricity":0.873296,"hk-alpha":-0.78,"hk-kappa1":0.738431,"hk-kappa2":1.605769,"hk-kappa3":0.582399,"ipc":416.314365,"isf":0.006028,"labuteASA":45.861226,"logP":1.6866,"molwt":78.04695,"molwt-hvy":72.066,"nheavy":6.0,"npr1":0.487189,"npr2":0.512811,"pbf":0.000003,"pc+":0.373611,"pc-":-0.373611,"pmi1":85.071402,"pmi2":89.545345,"pmi3":174.616747,"rbonds":0.0,"rg":1.495128,"rpc+":0.166667,"rpc-":0.166667,"spherocity":0.0,"tpsa":0.0,"vsa+":8.224551,"vsa-":36.254512,"vsa-fhyd":1.0,"vsa-fneg":0.815092,"vsa-fpneg":0.0,"vsa-fpos":0.184908,"vsa-fppos":0.0,"vsa-hyd":44.479063,"vsa-polar":0.0,"vsa-polar+":0.0,"vsa-polar-":0.0,"hbonds":0.0}