{"shear_15nN_Etotal": [-1724.000783915268, 53.63283793763978], "molecular_weight": 77.1037, "shear_25nN_Etotal": [-1765.3143869704238, 54.132148275473554], "surface_area": 93.44, "shear_15nN_qq": [56.31320424540367, 21.655124036211323], "enthalpy_vibrational": 263.87, "shear_5nN_qq": [-23.124303195843325, 19.580117313379688], "tilt": {"5nN": 31.694860496498983, "15nN": 35.594736575739894, "25nN": 37.62482770009484}, "intercept": 1.3759645373995766, "shear_25nN_lj": [-1872.2937147426057, 51.00526488259256], "entropy_rotational": 107.29, "shear_5nN_lj": [-1596.0373441582735, 56.67259870577489], "shear_25nN_qq": [106.97932777218226, 23.750992925305038], "nonpolar_solvation_energy": 6.77, "total_solvation_energy": 1.89, "shear_15nN_lj": [-1780.313988160671, 50.24987777611813], "shear_5nN_Etotal": [-1619.1616473541167, 57.20062753899507], "interdigitation": {"5nN": 0.12327199224775819, "25nN": 0.1291190400141516, "15nN": 0.11976492516740811}, "entropy_vibrational": 20.79, "heat_capacity_vibrational": 48.68, "entropy_translational": 163.09, "roughness": {"5nN": 0.06724631118356468, "25nN": 0.06584583007816111, "15nN": 0.06266810805116835}, "S2": {"5nN": 0.9159334172557467, "25nN": 0.9039766424897413, "15nN": 0.9033492020415662}, "dipole_moment": 0.0, "COF": 0.13045871934027584, "status": {"1c5802ab6726cc65bfefe6af041fc46d-log_interaction_energy_15nN": 1, "1c5802ab6726cc65bfefe6af041fc46d-shear_5nN_rerun": 1, "1c5802ab6726cc65bfefe6af041fc46d-shear_25nN_extend": 1, "1c5802ab6726cc65bfefe6af041fc46d-minimize": 1, "1c5802ab6726cc65bfefe6af041fc46d-get_interaction_energy_5nN": 1, "1c5802ab6726cc65bfefe6af041fc46d-log_cof": 1, "1c5802ab6726cc65bfefe6af041fc46d-shear_5nN_rerun_grompp": 1, "1c5802ab6726cc65bfefe6af041fc46d-lammps_to_gmx": 1, "1c5802ab6726cc65bfefe6af041fc46d-get_interaction_energy_15nN": 1, "1c5802ab6726cc65bfefe6af041fc46d-calc_interdigitation": 1, "1c5802ab6726cc65bfefe6af041fc46d-shear_25nN": 1, "1c5802ab6726cc65bfefe6af041fc46d-minimize_grompp": 1, "1c5802ab6726cc65bfefe6af041fc46d-shear_15nN_rerun_grompp": 1, "1c5802ab6726cc65bfefe6af041fc46d-log_interaction_energy_5nN": 1, "1c5802ab6726cc65bfefe6af041fc46d-shear_25nN_extend_grompp": 1, "1c5802ab6726cc65bfefe6af041fc46d-log_tilt": 1, "1c5802ab6726cc65bfefe6af041fc46d-compress_grompp": 1, "1c5802ab6726cc65bfefe6af041fc46d-shear_5nN_extend_grompp": 1, "1c5802ab6726cc65bfefe6af041fc46d-shear_25nN_rerun": 1, "1c5802ab6726cc65bfefe6af041fc46d-shear_5nN_grompp": 1, "1c5802ab6726cc65bfefe6af041fc46d-shear_25nN_grompp": 1, "1c5802ab6726cc65bfefe6af041fc46d-log_interaction_energy_25nN": 1, "1c5802ab6726cc65bfefe6af041fc46d-calc_roughness": 1, "1c5802ab6726cc65bfefe6af041fc46d-unwrap_shear_25nN": 1, "1c5802ab6726cc65bfefe6af041fc46d-fix_overlaps": 1, "1c5802ab6726cc65bfefe6af041fc46d-unwrap_shear_15nN": 1, "1c5802ab6726cc65bfefe6af041fc46d-shear_15nN": 1, "1c5802ab6726cc65bfefe6af041fc46d-top_to_mol2": 1, "1c5802ab6726cc65bfefe6af041fc46d-shear_15nN_grompp": 1, "1c5802ab6726cc65bfefe6af041fc46d-log_S2": 1, "1c5802ab6726cc65bfefe6af041fc46d-shear_15nN_extend_grompp": 1, "1c5802ab6726cc65bfefe6af041fc46d-compress": 1, "1c5802ab6726cc65bfefe6af041fc46d-count_hydrogen_bonds": 1, "1c5802ab6726cc65bfefe6af041fc46d-calc_friction": 1, "1c5802ab6726cc65bfefe6af041fc46d-initialize": 1, "1c5802ab6726cc65bfefe6af041fc46d-shear_15nN_rerun": 1, "1c5802ab6726cc65bfefe6af041fc46d-get_interaction_energy_25nN": 1, "1c5802ab6726cc65bfefe6af041fc46d-unwrap_shear_5nN": 1, "1c5802ab6726cc65bfefe6af041fc46d-shear_5nN_extend": 1, "1c5802ab6726cc65bfefe6af041fc46d-calc_S2_shear": 1, "1c5802ab6726cc65bfefe6af041fc46d-shear_15nN_extend": 1, "1c5802ab6726cc65bfefe6af041fc46d-equilibrate": 1, "1c5802ab6726cc65bfefe6af041fc46d-shear_5nN": 1, "1c5802ab6726cc65bfefe6af041fc46d-equilibrate_grompp": 1, "1c5802ab6726cc65bfefe6af041fc46d-shear_25nN_rerun_grompp": 1, "1c5802ab6726cc65bfefe6af041fc46d-calc_tilt_shear": 1}, "polar_solvation_energy": -4.89}