{"enthalpy_vibrational": 263.87, "shear_5nN_Etotal": [-1619.1616473541167, 57.20062753899507], "heat_capacity_vibrational": 48.68, "entropy_vibrational": 20.79, "interdigitation": {"25nN": 0.12949398806646473, "5nN": 0.12388217106873917, "15nN": 0.12024410193766419}, "polar_solvation_energy": -4.89, "shear_15nN_qq": [56.31320424540367, 21.655124036211323], "nonpolar_solvation_energy": 6.77, "molecular_weight": 77.1037, "shear_15nN_Etotal": [-1724.000783915268, 53.63283793763978], "roughness": {"25nN": 0.06584583007816111, "5nN": 0.06724631118356468, "15nN": 0.06266810805116835}, "tilt": {"25nN": 37.62482770009484, "5nN": 31.694860496498983, "15nN": 35.594736575739894}, "total_solvation_energy": 1.89, "surface_area": 93.44, "shear_15nN_lj": [-1780.313988160671, 50.24987777611813], "dipole_moment": 0.0, "entropy_rotational": 107.29, "shear_25nN_lj": [-1872.2937147426057, 51.00526488259256], "shear_25nN_qq": [106.97932777218226, 23.750992925305038], "status": {"1c5802ab6726cc65bfefe6af041fc46d-shear_25nN_extend_grompp": 1, "1c5802ab6726cc65bfefe6af041fc46d-shear_25nN_extend": 1, "1c5802ab6726cc65bfefe6af041fc46d-shear_5nN": 1, "1c5802ab6726cc65bfefe6af041fc46d-unwrap_shear_15nN": 1, "1c5802ab6726cc65bfefe6af041fc46d-get_interaction_energy_5nN": 1, "1c5802ab6726cc65bfefe6af041fc46d-get_interaction_energy_25nN": 1, "1c5802ab6726cc65bfefe6af041fc46d-calc_S2_shear": 1, "1c5802ab6726cc65bfefe6af041fc46d-compress": 1, "1c5802ab6726cc65bfefe6af041fc46d-shear_25nN": 1, "1c5802ab6726cc65bfefe6af041fc46d-lammps_to_gmx": 1, "1c5802ab6726cc65bfefe6af041fc46d-shear_5nN_rerun": 1, "1c5802ab6726cc65bfefe6af041fc46d-shear_15nN_rerun_grompp": 1, "1c5802ab6726cc65bfefe6af041fc46d-shear_15nN_extend": 1, "1c5802ab6726cc65bfefe6af041fc46d-unwrap_shear_25nN": 1, "1c5802ab6726cc65bfefe6af041fc46d-shear_25nN_rerun": 1, "1c5802ab6726cc65bfefe6af041fc46d-shear_15nN_rerun": 1, "1c5802ab6726cc65bfefe6af041fc46d-top_to_mol2": 1, "1c5802ab6726cc65bfefe6af041fc46d-fix_overlaps": 1, "1c5802ab6726cc65bfefe6af041fc46d-unwrap_shear_5nN": 1, "1c5802ab6726cc65bfefe6af041fc46d-shear_25nN_grompp": 1, "1c5802ab6726cc65bfefe6af041fc46d-shear_15nN_extend_grompp": 1, "1c5802ab6726cc65bfefe6af041fc46d-log_interaction_energy_25nN": 1, "1c5802ab6726cc65bfefe6af041fc46d-calc_interdigitation": 6, "1c5802ab6726cc65bfefe6af041fc46d-log_cof": 1, "1c5802ab6726cc65bfefe6af041fc46d-log_S2": 1, "1c5802ab6726cc65bfefe6af041fc46d-shear_15nN_grompp": 1, "1c5802ab6726cc65bfefe6af041fc46d-get_interaction_energy_15nN": 1, "1c5802ab6726cc65bfefe6af041fc46d-count_hydrogen_bonds": 1, "1c5802ab6726cc65bfefe6af041fc46d-equilibrate_grompp": 1, "1c5802ab6726cc65bfefe6af041fc46d-shear_5nN_grompp": 1, "1c5802ab6726cc65bfefe6af041fc46d-shear_25nN_rerun_grompp": 1, "1c5802ab6726cc65bfefe6af041fc46d-calc_tilt_shear": 1, "1c5802ab6726cc65bfefe6af041fc46d-equilibrate": 1, "1c5802ab6726cc65bfefe6af041fc46d-log_interaction_energy_5nN": 1, "1c5802ab6726cc65bfefe6af041fc46d-initialize": 1, "1c5802ab6726cc65bfefe6af041fc46d-calc_friction": 1, "1c5802ab6726cc65bfefe6af041fc46d-calc_roughness": 1, "1c5802ab6726cc65bfefe6af041fc46d-shear_5nN_extend": 1, "1c5802ab6726cc65bfefe6af041fc46d-compress_grompp": 1, "1c5802ab6726cc65bfefe6af041fc46d-shear_15nN": 1, "1c5802ab6726cc65bfefe6af041fc46d-log_tilt": 1, "1c5802ab6726cc65bfefe6af041fc46d-minimize": 1, "1c5802ab6726cc65bfefe6af041fc46d-shear_5nN_extend_grompp": 1, "1c5802ab6726cc65bfefe6af041fc46d-shear_5nN_rerun_grompp": 1, "1c5802ab6726cc65bfefe6af041fc46d-minimize_grompp": 1, "1c5802ab6726cc65bfefe6af041fc46d-log_interaction_energy_15nN": 1}, "shear_25nN_Etotal": [-1765.3143869704238, 54.132148275473554], "ch3-smiles": "CC1=CC=CC=C1", "intercept": 1.3759645373995766, "shear_5nN_qq": [-23.124303195843325, 19.580117313379688], "COF": 0.13045871934027584, "chain-smiles": "CCCCCCCCCCCCCCCCCC1=CC=CC=C1", "shear_5nN_lj": [-1596.0373441582735, 56.67259870577489], "h-smiles": "C1=CC=CC=C1", "entropy_translational": 163.09, "S2": {"25nN": 0.9039766424897413, "5nN": 0.9159334172557467, "15nN": 0.9033492020415662}}