{"enthalpy_vibrational": 263.87, "shear_5nN_Etotal": [-1602.9035384620304, 55.889024037306854], "heat_capacity_vibrational": 48.68, "entropy_vibrational": 20.79, "interdigitation": {"25nN": 0.11963791989651248, "5nN": 0.12171607796268846, "15nN": 0.11780414245406787}, "polar_solvation_energy": -4.89, "shear_15nN_qq": [55.84210976418865, 21.900877553085365], "nonpolar_solvation_energy": 6.77, "molecular_weight": 77.1037, "shear_15nN_Etotal": [-1743.0390790231816, 54.857066924746526], "roughness": {"25nN": 0.06186027236979844, "5nN": 0.06931196609151422, "15nN": 0.06271304736421626}, "tilt": {"25nN": 36.562988946094336, "5nN": 31.455440860861625, "15nN": 33.48879312103933}, "total_solvation_energy": 1.89, "surface_area": 93.44, "shear_15nN_lj": [-1798.8811887873699, 51.24953050258687], "dipole_moment": 0.0, "entropy_rotational": 107.29, "shear_25nN_lj": [-1872.3884264796163, 51.96799323299989], "shear_25nN_qq": [109.37494824540369, 23.831018040203745], "status": {"f6bd91d7bc4d5c983ac2a2e9429373b3-shear_25nN_rerun": 1, "f6bd91d7bc4d5c983ac2a2e9429373b3-log_interaction_energy_5nN": 1, "f6bd91d7bc4d5c983ac2a2e9429373b3-compress_grompp": 1, "f6bd91d7bc4d5c983ac2a2e9429373b3-shear_15nN_extend": 1, "f6bd91d7bc4d5c983ac2a2e9429373b3-shear_25nN_extend": 1, "f6bd91d7bc4d5c983ac2a2e9429373b3-calc_tilt_shear": 1, "f6bd91d7bc4d5c983ac2a2e9429373b3-initialize": 1, "f6bd91d7bc4d5c983ac2a2e9429373b3-equilibrate": 1, "f6bd91d7bc4d5c983ac2a2e9429373b3-calc_roughness": 1, "f6bd91d7bc4d5c983ac2a2e9429373b3-shear_5nN_extend": 1, "f6bd91d7bc4d5c983ac2a2e9429373b3-unwrap_shear_15nN": 1, "f6bd91d7bc4d5c983ac2a2e9429373b3-unwrap_shear_25nN": 1, "f6bd91d7bc4d5c983ac2a2e9429373b3-top_to_mol2": 1, "f6bd91d7bc4d5c983ac2a2e9429373b3-shear_15nN_extend_grompp": 1, "f6bd91d7bc4d5c983ac2a2e9429373b3-unwrap_shear_5nN": 1, "f6bd91d7bc4d5c983ac2a2e9429373b3-compress": 1, "f6bd91d7bc4d5c983ac2a2e9429373b3-shear_5nN": 1, "f6bd91d7bc4d5c983ac2a2e9429373b3-fix_overlaps": 1, "f6bd91d7bc4d5c983ac2a2e9429373b3-shear_25nN_grompp": 1, "f6bd91d7bc4d5c983ac2a2e9429373b3-calc_friction": 1, "f6bd91d7bc4d5c983ac2a2e9429373b3-shear_5nN_rerun_grompp": 1, "f6bd91d7bc4d5c983ac2a2e9429373b3-shear_25nN_rerun_grompp": 1, "f6bd91d7bc4d5c983ac2a2e9429373b3-minimize": 1, "f6bd91d7bc4d5c983ac2a2e9429373b3-log_S2": 1, "f6bd91d7bc4d5c983ac2a2e9429373b3-minimize_grompp": 1, "f6bd91d7bc4d5c983ac2a2e9429373b3-calc_S2_shear": 1, "f6bd91d7bc4d5c983ac2a2e9429373b3-get_interaction_energy_25nN": 1, "f6bd91d7bc4d5c983ac2a2e9429373b3-log_tilt": 1, "f6bd91d7bc4d5c983ac2a2e9429373b3-calc_interdigitation": 6, "f6bd91d7bc4d5c983ac2a2e9429373b3-shear_15nN_rerun_grompp": 1, "f6bd91d7bc4d5c983ac2a2e9429373b3-equilibrate_grompp": 1, "f6bd91d7bc4d5c983ac2a2e9429373b3-get_interaction_energy_15nN": 1, "f6bd91d7bc4d5c983ac2a2e9429373b3-shear_5nN_grompp": 1, "f6bd91d7bc4d5c983ac2a2e9429373b3-shear_25nN": 1, "f6bd91d7bc4d5c983ac2a2e9429373b3-get_interaction_energy_5nN": 1, "f6bd91d7bc4d5c983ac2a2e9429373b3-count_hydrogen_bonds": 1, "f6bd91d7bc4d5c983ac2a2e9429373b3-shear_25nN_extend_grompp": 1, "f6bd91d7bc4d5c983ac2a2e9429373b3-shear_15nN_rerun": 1, "f6bd91d7bc4d5c983ac2a2e9429373b3-shear_15nN": 1, "f6bd91d7bc4d5c983ac2a2e9429373b3-shear_5nN_extend_grompp": 1, "f6bd91d7bc4d5c983ac2a2e9429373b3-shear_15nN_grompp": 1, "f6bd91d7bc4d5c983ac2a2e9429373b3-log_cof": 1, "f6bd91d7bc4d5c983ac2a2e9429373b3-shear_5nN_rerun": 1, "f6bd91d7bc4d5c983ac2a2e9429373b3-log_interaction_energy_15nN": 1, "f6bd91d7bc4d5c983ac2a2e9429373b3-log_interaction_energy_25nN": 1, "f6bd91d7bc4d5c983ac2a2e9429373b3-lammps_to_gmx": 1}, "shear_25nN_Etotal": [-1763.013478234213, 54.043325275490446], "ch3-smiles": "CC1=CC=CC=C1", "intercept": 1.4353009163053996, "shear_5nN_qq": [-13.430099912869705, 17.57975015380941], "COF": 0.12230835352536559, "chain-smiles": "CCCCCCCCCCCCCCCCCC1=CC=CC=C1", "shear_5nN_lj": [-1589.4734385491606, 55.87779337987372], "h-smiles": "C1=CC=CC=C1", "entropy_translational": 163.09, "S2": {"25nN": 0.9162462282513705, "5nN": 0.9430290591706656, "15nN": 0.9098635999528202}}