{"shear_15nN_Etotal": [-3888.351740482014, 187.13894149424638], "molecular_weight": 46.0055, "shear_25nN_Etotal": [-3890.0618713021586, 175.16573091920105], "surface_area": 59.09, "shear_15nN_qq": [-1737.3577624180652, 160.60257484503921], "enthalpy_vibrational": 62.86, "shear_5nN_qq": [-1751.7561319168665, 150.88114481583187], "tilt": {"5nN": 28.258585043546645, "15nN": 31.938116806413884, "25nN": 34.64776402332043}, "intercept": 2.4463489865060732, "shear_25nN_lj": [-2227.651330881695, 52.401258639119064], "entropy_rotational": 85.69, "shear_5nN_lj": [-1957.2560536506794, 59.887628782760316], "shear_25nN_qq": [-1662.4105404204638, 154.343964763681], "nonpolar_solvation_energy": 4.77, "total_solvation_energy": -43.93, "shear_15nN_lj": [-2150.993978063949, 56.28382466712695], "shear_5nN_Etotal": [-3709.012185567546, 184.0228317050097], "interdigitation": {"5nN": 0.16067055101946665, "15nN": 0.1462757633076416, "25nN": 0.1444369487406019}, "entropy_vibrational": 1.77, "heat_capacity_vibrational": 5.42, "entropy_translational": 156.76, "status": {"95cfe34cbf68779685b343da33bca137-log_interaction_energy_5nN": 1, "95cfe34cbf68779685b343da33bca137-equilibrate_grompp": 1, "95cfe34cbf68779685b343da33bca137-fix_overlaps": 1, "95cfe34cbf68779685b343da33bca137-minimize": 1, "95cfe34cbf68779685b343da33bca137-unwrap_shear_15nN": 1, "95cfe34cbf68779685b343da33bca137-shear_15nN_extend": 1, "95cfe34cbf68779685b343da33bca137-calc_friction": 1, "95cfe34cbf68779685b343da33bca137-compress_grompp": 1, "95cfe34cbf68779685b343da33bca137-get_interaction_energy_15nN": 1, "95cfe34cbf68779685b343da33bca137-shear_25nN_extend_grompp": 1, "95cfe34cbf68779685b343da33bca137-get_interaction_energy_5nN": 1, "95cfe34cbf68779685b343da33bca137-calc_tilt_shear": 1, "95cfe34cbf68779685b343da33bca137-shear_15nN_extend_grompp": 1, "95cfe34cbf68779685b343da33bca137-shear_15nN_rerun": 1, "95cfe34cbf68779685b343da33bca137-shear_15nN": 1, "95cfe34cbf68779685b343da33bca137-log_cof": 1, "95cfe34cbf68779685b343da33bca137-shear_15nN_grompp": 1, "95cfe34cbf68779685b343da33bca137-calc_S2_shear": 1, "95cfe34cbf68779685b343da33bca137-shear_25nN_grompp": 1, "95cfe34cbf68779685b343da33bca137-shear_5nN_extend_grompp": 1, "95cfe34cbf68779685b343da33bca137-calc_interdigitation": 1, "95cfe34cbf68779685b343da33bca137-minimize_grompp": 1, "95cfe34cbf68779685b343da33bca137-unwrap_shear_5nN": 1, "95cfe34cbf68779685b343da33bca137-compress": 1, "95cfe34cbf68779685b343da33bca137-shear_5nN_extend": 1, "95cfe34cbf68779685b343da33bca137-shear_5nN_rerun": 1, "95cfe34cbf68779685b343da33bca137-shear_5nN_grompp": 1, "95cfe34cbf68779685b343da33bca137-unwrap_shear_25nN": 1, "95cfe34cbf68779685b343da33bca137-top_to_mol2": 1, "95cfe34cbf68779685b343da33bca137-get_interaction_energy_25nN": 1, "95cfe34cbf68779685b343da33bca137-log_tilt": 1, "95cfe34cbf68779685b343da33bca137-lammps_to_gmx": 1, "95cfe34cbf68779685b343da33bca137-shear_25nN": 1, "95cfe34cbf68779685b343da33bca137-calc_roughness": 1, "95cfe34cbf68779685b343da33bca137-shear_5nN_rerun_grompp": 1, "95cfe34cbf68779685b343da33bca137-shear_15nN_rerun_grompp": 1, "95cfe34cbf68779685b343da33bca137-log_interaction_energy_25nN": 1, "95cfe34cbf68779685b343da33bca137-equilibrate": 1, "95cfe34cbf68779685b343da33bca137-shear_25nN_rerun_grompp": 1, "95cfe34cbf68779685b343da33bca137-initialize": 1, "95cfe34cbf68779685b343da33bca137-shear_5nN": 1, "95cfe34cbf68779685b343da33bca137-log_interaction_energy_15nN": 1, "95cfe34cbf68779685b343da33bca137-shear_25nN_rerun": 1, "95cfe34cbf68779685b343da33bca137-shear_25nN_extend": 1, "95cfe34cbf68779685b343da33bca137-count_hydrogen_bonds": 1, "95cfe34cbf68779685b343da33bca137-log_S2": 1}, "S2": {"5nN": 0.805625296543006, "15nN": 0.8103649055705462, "25nN": 0.8145702069702088}, "dipole_moment": 3.81, "COF": 0.1454401357247946, "roughness": {"5nN": 0.05504295881524623, "15nN": 0.0500943405272155, "25nN": 0.04895118411085391}, "polar_solvation_energy": -48.71}