{"enthalpy_vibrational": 131.44, "shear_5nN_Etotal": [-542.4017528697042, 48.24954080119353], "heat_capacity_vibrational": 10.23, "entropy_vibrational": 2.65, "interdigitation": {"25nN": 0.1009349904582246, "5nN": 0.13058908979584097, "15nN": 0.1091236620091618}, "polar_solvation_energy": -1.05, "shear_15nN_qq": [940.0969674532373, 41.00560110541448], "nonpolar_solvation_energy": 8.4, "molecular_weight": 27.0451, "shear_15nN_Etotal": [-582.4281718185451, 52.44638345613875], "roughness": {"25nN": 0.04592905404600667, "5nN": 0.05466380670619537, "15nN": 0.04782205130384239}, "tilt": {"25nN": 32.90150844464526, "5nN": 26.012063472481994, "15nN": 29.93021173286605}, "shear_15nN_lj": [-1522.5251392717828, 41.48440727095434], "surface_area": 61.0, "total_solvation_energy": 7.34, "dipole_moment": 0.0, "entropy_rotational": 77.76, "shear_25nN_lj": [-1610.0221253645084, 42.62456636696748], "shear_5nN_lj": [-1289.2708864116705, 48.206549743865864], "status": {"2880c03ab8c78ae1b0548e7642f1c161-shear_15nN_extend_grompp": 1, "2880c03ab8c78ae1b0548e7642f1c161-log_S2": 1, "2880c03ab8c78ae1b0548e7642f1c161-compress": 1, "2880c03ab8c78ae1b0548e7642f1c161-log_tilt": 1, "2880c03ab8c78ae1b0548e7642f1c161-log_interaction_energy_5nN": 1, "2880c03ab8c78ae1b0548e7642f1c161-get_interaction_energy_25nN": 1, "2880c03ab8c78ae1b0548e7642f1c161-shear_5nN_rerun": 1, "2880c03ab8c78ae1b0548e7642f1c161-minimize_grompp": 1, "2880c03ab8c78ae1b0548e7642f1c161-shear_25nN": 1, "2880c03ab8c78ae1b0548e7642f1c161-shear_25nN_rerun_grompp": 1, "2880c03ab8c78ae1b0548e7642f1c161-shear_15nN_grompp": 1, "2880c03ab8c78ae1b0548e7642f1c161-unwrap_shear_5nN": 1, "2880c03ab8c78ae1b0548e7642f1c161-calc_interdigitation": 1, "2880c03ab8c78ae1b0548e7642f1c161-shear_5nN_rerun_grompp": 1, "2880c03ab8c78ae1b0548e7642f1c161-lammps_to_gmx": 1, "2880c03ab8c78ae1b0548e7642f1c161-calc_roughness": 1, "2880c03ab8c78ae1b0548e7642f1c161-shear_5nN_extend": 1, "2880c03ab8c78ae1b0548e7642f1c161-calc_friction": 1, "2880c03ab8c78ae1b0548e7642f1c161-top_to_mol2": 1, "2880c03ab8c78ae1b0548e7642f1c161-get_interaction_energy_5nN": 1, "2880c03ab8c78ae1b0548e7642f1c161-equilibrate": 1, "2880c03ab8c78ae1b0548e7642f1c161-shear_25nN_grompp": 1, "2880c03ab8c78ae1b0548e7642f1c161-shear_25nN_rerun": 1, "2880c03ab8c78ae1b0548e7642f1c161-shear_15nN_extend": 1, "2880c03ab8c78ae1b0548e7642f1c161-log_cof": 1, "2880c03ab8c78ae1b0548e7642f1c161-shear_15nN_rerun_grompp": 1, "2880c03ab8c78ae1b0548e7642f1c161-shear_5nN": 1, "2880c03ab8c78ae1b0548e7642f1c161-calc_S2_shear": 1, "2880c03ab8c78ae1b0548e7642f1c161-shear_25nN_extend": 1, "2880c03ab8c78ae1b0548e7642f1c161-equilibrate_grompp": 1, "2880c03ab8c78ae1b0548e7642f1c161-unwrap_shear_15nN": 1, "2880c03ab8c78ae1b0548e7642f1c161-log_interaction_energy_15nN": 1, "2880c03ab8c78ae1b0548e7642f1c161-shear_15nN_rerun": 1, "2880c03ab8c78ae1b0548e7642f1c161-unwrap_shear_25nN": 1, "2880c03ab8c78ae1b0548e7642f1c161-log_interaction_energy_25nN": 1, "2880c03ab8c78ae1b0548e7642f1c161-shear_5nN_extend_grompp": 1, "2880c03ab8c78ae1b0548e7642f1c161-get_interaction_energy_15nN": 1, "2880c03ab8c78ae1b0548e7642f1c161-compress_grompp": 1, "2880c03ab8c78ae1b0548e7642f1c161-shear_15nN": 1, "2880c03ab8c78ae1b0548e7642f1c161-count_hydrogen_bonds": 1, "2880c03ab8c78ae1b0548e7642f1c161-calc_tilt_shear": 1, "2880c03ab8c78ae1b0548e7642f1c161-minimize": 1, "2880c03ab8c78ae1b0548e7642f1c161-fix_overlaps": 1, "2880c03ab8c78ae1b0548e7642f1c161-initialize": 1, "2880c03ab8c78ae1b0548e7642f1c161-shear_5nN_grompp": 1, "2880c03ab8c78ae1b0548e7642f1c161-shear_25nN_extend_grompp": 1}, "shear_25nN_Etotal": [-527.7573297282174, 56.42105182166025], "shear_25nN_qq": [1082.264795636291, 43.996939794280195], "ch3-smiles": "CC=C", "intercept": 0.8471044412172755, "shear_5nN_qq": [746.8691335419664, 34.9548288174067], "COF": 0.15678204005764437, "chain-smiles": "CCCCCCCCCCCCCCCCCC=C", "h-smiles": "C=C", "entropy_translational": 150.32, "S2": {"25nN": 0.6699300871156869, "5nN": 0.687932725932482, "15nN": 0.6829219111540492}}