{"shear_15nN_Etotal": [-1477.447269266187, 57.66690498679422], "molecular_weight": 69.0059, "shear_25nN_Etotal": [-1324.8837851422861, 61.01425529897125], "surface_area": 60.34, "shear_15nN_qq": [-370.8406720751399, 50.99900269010889], "enthalpy_vibrational": 66.5, "shear_5nN_qq": [-584.8577123661072, 39.35782810906142], "tilt": {"5nN": 25.5432008968112, "25nN": 32.02901229646762, "15nN": 29.521005328426472}, "intercept": 0.656455084736316, "shear_25nN_lj": [-1190.0404493772983, 41.583752617985475], "entropy_rotational": 99.44, "shear_5nN_lj": [-885.3482678513188, 39.504189130128196], "shear_25nN_qq": [-134.843335764988, 50.24772201865724], "nonpolar_solvation_energy": 23.24, "total_solvation_energy": 10.13, "shear_15nN_lj": [-1106.606597191047, 39.83844478956837], "shear_5nN_Etotal": [-1470.205980217426, 51.71215401674225], "interdigitation": {"5nN": 0.11420086467375556, "25nN": 0.1265709731452481, "15nN": 0.12574884431056146}, "entropy_vibrational": 8.9, "heat_capacity_vibrational": 19.38, "entropy_translational": 161.73, "roughness": {"5nN": 0.052079014910093556, "25nN": 0.048909734825913445, "15nN": 0.05080049459010359}, "S2": {"5nN": 0.7209643469410489, "25nN": 0.6969732764319694, "15nN": 0.6990432518442469}, "dipole_moment": 2.09, "COF": 0.17820606887287668, "status": {"196a7dcb7b2a666e9c1b11ea452c9fb4-shear_5nN_rerun_grompp": 1, "196a7dcb7b2a666e9c1b11ea452c9fb4-shear_15nN": 1, "196a7dcb7b2a666e9c1b11ea452c9fb4-equilibrate": 1, "196a7dcb7b2a666e9c1b11ea452c9fb4-log_interaction_energy_25nN": 1, "196a7dcb7b2a666e9c1b11ea452c9fb4-shear_25nN_rerun": 1, "196a7dcb7b2a666e9c1b11ea452c9fb4-log_S2": 1, "196a7dcb7b2a666e9c1b11ea452c9fb4-calc_friction": 1, "196a7dcb7b2a666e9c1b11ea452c9fb4-shear_5nN_rerun": 1, "196a7dcb7b2a666e9c1b11ea452c9fb4-shear_25nN_grompp": 1, "196a7dcb7b2a666e9c1b11ea452c9fb4-shear_25nN_extend_grompp": 1, "196a7dcb7b2a666e9c1b11ea452c9fb4-shear_25nN": 1, "196a7dcb7b2a666e9c1b11ea452c9fb4-shear_15nN_rerun_grompp": 1, "196a7dcb7b2a666e9c1b11ea452c9fb4-shear_15nN_extend_grompp": 1, "196a7dcb7b2a666e9c1b11ea452c9fb4-equilibrate_grompp": 1, "196a7dcb7b2a666e9c1b11ea452c9fb4-lammps_to_gmx": 1, "196a7dcb7b2a666e9c1b11ea452c9fb4-get_interaction_energy_5nN": 1, "196a7dcb7b2a666e9c1b11ea452c9fb4-log_tilt": 1, "196a7dcb7b2a666e9c1b11ea452c9fb4-log_interaction_energy_15nN": 1, "196a7dcb7b2a666e9c1b11ea452c9fb4-shear_15nN_grompp": 1, "196a7dcb7b2a666e9c1b11ea452c9fb4-compress": 1, "196a7dcb7b2a666e9c1b11ea452c9fb4-get_interaction_energy_25nN": 1, "196a7dcb7b2a666e9c1b11ea452c9fb4-shear_5nN_grompp": 1, "196a7dcb7b2a666e9c1b11ea452c9fb4-shear_5nN_extend": 1, "196a7dcb7b2a666e9c1b11ea452c9fb4-calc_roughness": 1, "196a7dcb7b2a666e9c1b11ea452c9fb4-log_interaction_energy_5nN": 1, "196a7dcb7b2a666e9c1b11ea452c9fb4-shear_25nN_rerun_grompp": 1, "196a7dcb7b2a666e9c1b11ea452c9fb4-shear_15nN_extend": 1, "196a7dcb7b2a666e9c1b11ea452c9fb4-log_cof": 1, "196a7dcb7b2a666e9c1b11ea452c9fb4-minimize": 1, "196a7dcb7b2a666e9c1b11ea452c9fb4-get_interaction_energy_15nN": 1, "196a7dcb7b2a666e9c1b11ea452c9fb4-unwrap_shear_15nN": 1, "196a7dcb7b2a666e9c1b11ea452c9fb4-shear_15nN_rerun": 1, "196a7dcb7b2a666e9c1b11ea452c9fb4-count_hydrogen_bonds": 1, "196a7dcb7b2a666e9c1b11ea452c9fb4-initialize": 1, "196a7dcb7b2a666e9c1b11ea452c9fb4-fix_overlaps": 1, "196a7dcb7b2a666e9c1b11ea452c9fb4-shear_5nN": 1, "196a7dcb7b2a666e9c1b11ea452c9fb4-calc_S2_shear": 1, "196a7dcb7b2a666e9c1b11ea452c9fb4-unwrap_shear_25nN": 1, "196a7dcb7b2a666e9c1b11ea452c9fb4-calc_tilt_shear": 1, "196a7dcb7b2a666e9c1b11ea452c9fb4-shear_25nN_extend": 1, "196a7dcb7b2a666e9c1b11ea452c9fb4-top_to_mol2": 1, "196a7dcb7b2a666e9c1b11ea452c9fb4-shear_5nN_extend_grompp": 1, "196a7dcb7b2a666e9c1b11ea452c9fb4-unwrap_shear_5nN": 1, "196a7dcb7b2a666e9c1b11ea452c9fb4-minimize_grompp": 1, "196a7dcb7b2a666e9c1b11ea452c9fb4-compress_grompp": 1, "196a7dcb7b2a666e9c1b11ea452c9fb4-calc_interdigitation": 1}, "polar_solvation_energy": -13.1}