{"enthalpy_vibrational": 133.72, "shear_5nN_Etotal": [-595.975345685052, 83.00791522978244], "heat_capacity_vibrational": 12.98, "entropy_vibrational": 7.17, "interdigitation": {"25nN": 0.13683724989693669, "5nN": 0.13217198604741756, "15nN": 0.132040088250457}, "polar_solvation_energy": -10.78, "shear_15nN_qq": [854.8487439112711, 87.3064522868551], "nonpolar_solvation_energy": 5.64, "molecular_weight": 31.0338, "shear_15nN_Etotal": [-614.3454794252597, 102.63203951419956], "roughness": {"25nN": 0.0691205362427714, "5nN": 0.07204178392559417, "15nN": 0.0692670242535145}, "tilt": {"25nN": 34.72760813715459, "5nN": 29.54186215025111, "15nN": 32.34159249804114}, "total_solvation_energy": -5.11, "surface_area": 54.24, "shear_15nN_lj": [-1469.1942233365307, 51.992929545020914], "dipole_moment": 1.68, "entropy_rotational": 79.18, "shear_25nN_lj": [-1571.8456036970424, 54.55571765444189], "shear_25nN_qq": [973.159049718625, 93.80822915419677], "status": {"d96bb490e7685a6ae70c5ebd30194196-shear_25nN_grompp": 1, "d96bb490e7685a6ae70c5ebd30194196-log_tilt": 1, "d96bb490e7685a6ae70c5ebd30194196-log_interaction_energy_15nN": 1, "d96bb490e7685a6ae70c5ebd30194196-minimize": 1, "d96bb490e7685a6ae70c5ebd30194196-shear_25nN_rerun": 1, "d96bb490e7685a6ae70c5ebd30194196-shear_25nN": 1, "d96bb490e7685a6ae70c5ebd30194196-shear_5nN": 1, "d96bb490e7685a6ae70c5ebd30194196-shear_5nN_rerun": 1, "d96bb490e7685a6ae70c5ebd30194196-shear_25nN_extend": 1, "d96bb490e7685a6ae70c5ebd30194196-shear_5nN_extend_grompp": 1, "d96bb490e7685a6ae70c5ebd30194196-get_interaction_energy_5nN": 1, "d96bb490e7685a6ae70c5ebd30194196-unwrap_shear_5nN": 1, "d96bb490e7685a6ae70c5ebd30194196-shear_5nN_extend": 1, "d96bb490e7685a6ae70c5ebd30194196-top_to_mol2": 1, "d96bb490e7685a6ae70c5ebd30194196-initialize": 1, "d96bb490e7685a6ae70c5ebd30194196-compress_grompp": 1, "d96bb490e7685a6ae70c5ebd30194196-lammps_to_gmx": 1, "d96bb490e7685a6ae70c5ebd30194196-equilibrate_grompp": 1, "d96bb490e7685a6ae70c5ebd30194196-shear_15nN_extend": 1, "d96bb490e7685a6ae70c5ebd30194196-get_interaction_energy_25nN": 1, "d96bb490e7685a6ae70c5ebd30194196-shear_15nN_extend_grompp": 1, "d96bb490e7685a6ae70c5ebd30194196-calc_S2_shear": 1, "d96bb490e7685a6ae70c5ebd30194196-unwrap_shear_25nN": 1, "d96bb490e7685a6ae70c5ebd30194196-shear_15nN_rerun_grompp": 1, "d96bb490e7685a6ae70c5ebd30194196-calc_friction": 1, "d96bb490e7685a6ae70c5ebd30194196-shear_25nN_extend_grompp": 1, "d96bb490e7685a6ae70c5ebd30194196-shear_5nN_rerun_grompp": 1, "d96bb490e7685a6ae70c5ebd30194196-log_interaction_energy_5nN": 1, "d96bb490e7685a6ae70c5ebd30194196-shear_15nN_rerun": 1, "d96bb490e7685a6ae70c5ebd30194196-log_cof": 1, "d96bb490e7685a6ae70c5ebd30194196-shear_15nN": 1, "d96bb490e7685a6ae70c5ebd30194196-minimize_grompp": 1, "d96bb490e7685a6ae70c5ebd30194196-compress": 1, "d96bb490e7685a6ae70c5ebd30194196-calc_roughness": 1, "d96bb490e7685a6ae70c5ebd30194196-shear_25nN_rerun_grompp": 1, "d96bb490e7685a6ae70c5ebd30194196-fix_overlaps": 1, "d96bb490e7685a6ae70c5ebd30194196-calc_interdigitation": 6, "d96bb490e7685a6ae70c5ebd30194196-get_interaction_energy_15nN": 1, "d96bb490e7685a6ae70c5ebd30194196-log_S2": 1, "d96bb490e7685a6ae70c5ebd30194196-unwrap_shear_15nN": 1, "d96bb490e7685a6ae70c5ebd30194196-count_hydrogen_bonds": 1, "d96bb490e7685a6ae70c5ebd30194196-equilibrate": 1, "d96bb490e7685a6ae70c5ebd30194196-shear_15nN_grompp": 1, "d96bb490e7685a6ae70c5ebd30194196-calc_tilt_shear": 1, "d96bb490e7685a6ae70c5ebd30194196-log_interaction_energy_25nN": 1, "d96bb490e7685a6ae70c5ebd30194196-shear_5nN_grompp": 1}, "shear_25nN_Etotal": [-598.6865539784174, 107.11863844518624], "ch3-smiles": "COC", "intercept": 1.2301252290984204, "shear_5nN_qq": [624.4891747010391, 68.20537650050485], "COF": 0.18738116135962127, "chain-smiles": "CCCCCCCCCCCCCCCCCOC", "shear_5nN_lj": [-1220.4645203860912, 51.59967049308627], "h-smiles": "OC", "entropy_translational": 151.98, "S2": {"25nN": 0.6424623113332161, "5nN": 0.6517955242978934, "15nN": 0.6499641629884206}}