{"enthalpy_vibrational": 133.72, "shear_5nN_Etotal": [-1061.8362172078337, 78.76737080390681], "heat_capacity_vibrational": 12.98, "entropy_vibrational": 7.17, "interdigitation": {"25nN": 0.14161868153037724, "5nN": 0.15971038746017993, "15nN": 0.1454429024810419}, "polar_solvation_energy": -10.78, "shear_15nN_qq": [276.99749184332535, 60.28200515438291], "nonpolar_solvation_energy": 5.64, "molecular_weight": 31.0338, "shear_15nN_Etotal": [-1292.6477626634692, 79.39898219062384], "roughness": {"25nN": 0.07179236213228318, "5nN": 0.08143725514605095, "15nN": 0.07247902605383964}, "tilt": {"25nN": 35.8083938234736, "5nN": 28.83886256417772, "15nN": 33.37835579807626}, "shear_15nN_lj": [-1569.6452545067946, 49.45888421303529], "surface_area": 54.24, "total_solvation_energy": -5.11, "dipole_moment": 1.68, "entropy_rotational": 79.18, "shear_25nN_lj": [-1685.2281033493202, 49.400280409809305], "shear_25nN_qq": [255.4169748009592, 65.31747333639636], "ch3-smiles": "COC", "status": {"ed47ac217c4792aa925e2456beadf5d2-calc_interdigitation": 6, "ed47ac217c4792aa925e2456beadf5d2-shear_5nN_grompp": 1, "ed47ac217c4792aa925e2456beadf5d2-shear_25nN_extend": 1, "ed47ac217c4792aa925e2456beadf5d2-shear_25nN_rerun": 1, "ed47ac217c4792aa925e2456beadf5d2-count_hydrogen_bonds": 1, "ed47ac217c4792aa925e2456beadf5d2-minimize_grompp": 1, "ed47ac217c4792aa925e2456beadf5d2-shear_25nN_extend_grompp": 1, "ed47ac217c4792aa925e2456beadf5d2-compress": 1, "ed47ac217c4792aa925e2456beadf5d2-shear_5nN_rerun": 1, "ed47ac217c4792aa925e2456beadf5d2-shear_15nN_grompp": 1, "ed47ac217c4792aa925e2456beadf5d2-calc_roughness": 1, "ed47ac217c4792aa925e2456beadf5d2-get_interaction_energy_25nN": 1, "ed47ac217c4792aa925e2456beadf5d2-shear_25nN": 1, "ed47ac217c4792aa925e2456beadf5d2-log_interaction_energy_15nN": 1, "ed47ac217c4792aa925e2456beadf5d2-minimize": 1, "ed47ac217c4792aa925e2456beadf5d2-shear_5nN_extend_grompp": 1, "ed47ac217c4792aa925e2456beadf5d2-top_to_mol2": 1, "ed47ac217c4792aa925e2456beadf5d2-log_interaction_energy_5nN": 1, "ed47ac217c4792aa925e2456beadf5d2-log_tilt": 1, "ed47ac217c4792aa925e2456beadf5d2-shear_15nN_extend": 1, "ed47ac217c4792aa925e2456beadf5d2-log_S2": 1, "ed47ac217c4792aa925e2456beadf5d2-initialize": 1, "ed47ac217c4792aa925e2456beadf5d2-unwrap_shear_5nN": 1, "ed47ac217c4792aa925e2456beadf5d2-get_interaction_energy_5nN": 1, "ed47ac217c4792aa925e2456beadf5d2-shear_25nN_grompp": 1, "ed47ac217c4792aa925e2456beadf5d2-shear_25nN_rerun_grompp": 1, "ed47ac217c4792aa925e2456beadf5d2-shear_5nN": 1, "ed47ac217c4792aa925e2456beadf5d2-calc_tilt_shear": 1, "ed47ac217c4792aa925e2456beadf5d2-unwrap_shear_15nN": 1, "ed47ac217c4792aa925e2456beadf5d2-lammps_to_gmx": 1, "ed47ac217c4792aa925e2456beadf5d2-unwrap_shear_25nN": 1, "ed47ac217c4792aa925e2456beadf5d2-shear_15nN": 1, "ed47ac217c4792aa925e2456beadf5d2-shear_5nN_extend": 1, "ed47ac217c4792aa925e2456beadf5d2-equilibrate": 1, "ed47ac217c4792aa925e2456beadf5d2-equilibrate_grompp": 1, "ed47ac217c4792aa925e2456beadf5d2-calc_S2_shear": 1, "ed47ac217c4792aa925e2456beadf5d2-calc_friction": 1, "ed47ac217c4792aa925e2456beadf5d2-shear_5nN_rerun_grompp": 1, "ed47ac217c4792aa925e2456beadf5d2-shear_15nN_rerun": 1, "ed47ac217c4792aa925e2456beadf5d2-shear_15nN_extend_grompp": 1, "ed47ac217c4792aa925e2456beadf5d2-log_cof": 1, "ed47ac217c4792aa925e2456beadf5d2-fix_overlaps": 1, "ed47ac217c4792aa925e2456beadf5d2-compress_grompp": 1, "ed47ac217c4792aa925e2456beadf5d2-log_interaction_energy_25nN": 1, "ed47ac217c4792aa925e2456beadf5d2-get_interaction_energy_15nN": 1, "ed47ac217c4792aa925e2456beadf5d2-shear_15nN_rerun_grompp": 1}, "shear_25nN_Etotal": [-1429.8111285483612, 84.56365604721275], "intercept": 1.5485700475993176, "shear_5nN_qq": [280.41429623741004, 48.3291575002879], "COF": 0.16577267058129552, "chain-smiles": "CCCCCCCCCCCCCCCCCOC", "shear_5nN_lj": [-1342.250513445244, 58.453008319135655], "h-smiles": "OC", "entropy_translational": 151.98, "S2": {"25nN": 0.7603106131180465, "5nN": 0.7701344592534853, "15nN": 0.7690141938692154}}