{"enthalpy_vibrational": 87.35, "shear_5nN_Etotal": [-4099.536730000799, 196.06712765906587], "heat_capacity_vibrational": 15.26, "entropy_vibrational": 7.1, "interdigitation": {"25nN": 0.10507189082833322, "5nN": 0.10369434568415498, "15nN": 0.11435630101317859}, "polar_solvation_energy": -36.43, "shear_15nN_qq": [-2021.8468729792166, 172.80301393512735], "nonpolar_solvation_energy": 3.72, "molecular_weight": 45.0174, "shear_15nN_Etotal": [-4101.444659586731, 172.7128554570331], "roughness": {"25nN": 0.04242709305817534, "5nN": 0.046909447684923396, "15nN": 0.04901923623719953}, "tilt": {"25nN": 40.398454906352015, "5nN": 36.1901817031861, "15nN": 38.51333128793375}, "shear_15nN_lj": [-2079.597786607514, 62.822072361787626], "surface_area": 64.71, "total_solvation_energy": -32.72, "dipole_moment": 4.81, "entropy_rotational": 87.93, "shear_25nN_lj": [-2147.4022051822544, 66.9079562640902], "shear_5nN_lj": [-1944.2724426930456, 67.5450400492998], "status": {"c240379a840873e57fd6dbe7b56e0100-shear_25nN_rerun": 1, "c240379a840873e57fd6dbe7b56e0100-compress": 1, "c240379a840873e57fd6dbe7b56e0100-minimize_grompp": 1, "c240379a840873e57fd6dbe7b56e0100-shear_5nN_grompp": 1, "c240379a840873e57fd6dbe7b56e0100-initialize": 1, "c240379a840873e57fd6dbe7b56e0100-get_interaction_energy_5nN": 1, "c240379a840873e57fd6dbe7b56e0100-log_S2": 1, "c240379a840873e57fd6dbe7b56e0100-shear_15nN_extend": 1, "c240379a840873e57fd6dbe7b56e0100-calc_tilt_shear": 1, "c240379a840873e57fd6dbe7b56e0100-unwrap_shear_5nN": 1, "c240379a840873e57fd6dbe7b56e0100-equilibrate_grompp": 1, "c240379a840873e57fd6dbe7b56e0100-shear_25nN_extend": 1, "c240379a840873e57fd6dbe7b56e0100-top_to_mol2": 1, "c240379a840873e57fd6dbe7b56e0100-log_cof": 1, "c240379a840873e57fd6dbe7b56e0100-log_tilt": 1, "c240379a840873e57fd6dbe7b56e0100-get_interaction_energy_25nN": 1, "c240379a840873e57fd6dbe7b56e0100-shear_15nN_grompp": 1, "c240379a840873e57fd6dbe7b56e0100-shear_25nN_rerun_grompp": 1, "c240379a840873e57fd6dbe7b56e0100-unwrap_shear_15nN": 1, "c240379a840873e57fd6dbe7b56e0100-shear_15nN_rerun": 1, "c240379a840873e57fd6dbe7b56e0100-shear_25nN_grompp": 1, "c240379a840873e57fd6dbe7b56e0100-shear_25nN": 1, "c240379a840873e57fd6dbe7b56e0100-shear_25nN_extend_grompp": 1, "c240379a840873e57fd6dbe7b56e0100-calc_roughness": 1, "c240379a840873e57fd6dbe7b56e0100-shear_5nN_extend": 1, "c240379a840873e57fd6dbe7b56e0100-shear_5nN_rerun": 1, "c240379a840873e57fd6dbe7b56e0100-calc_interdigitation": 6, "c240379a840873e57fd6dbe7b56e0100-calc_friction": 1, "c240379a840873e57fd6dbe7b56e0100-fix_overlaps": 1, "c240379a840873e57fd6dbe7b56e0100-calc_S2_shear": 1, "c240379a840873e57fd6dbe7b56e0100-log_interaction_energy_15nN": 1, "c240379a840873e57fd6dbe7b56e0100-compress_grompp": 1, "c240379a840873e57fd6dbe7b56e0100-shear_5nN_extend_grompp": 1, "c240379a840873e57fd6dbe7b56e0100-get_interaction_energy_15nN": 1, "c240379a840873e57fd6dbe7b56e0100-shear_15nN": 1, "c240379a840873e57fd6dbe7b56e0100-shear_15nN_rerun_grompp": 1, "c240379a840873e57fd6dbe7b56e0100-shear_5nN_rerun_grompp": 1, "c240379a840873e57fd6dbe7b56e0100-log_interaction_energy_5nN": 1, "c240379a840873e57fd6dbe7b56e0100-shear_5nN": 1, "c240379a840873e57fd6dbe7b56e0100-count_hydrogen_bonds": 1, "c240379a840873e57fd6dbe7b56e0100-equilibrate": 1, "c240379a840873e57fd6dbe7b56e0100-shear_15nN_extend_grompp": 1, "c240379a840873e57fd6dbe7b56e0100-lammps_to_gmx": 1, "c240379a840873e57fd6dbe7b56e0100-log_interaction_energy_25nN": 1, "c240379a840873e57fd6dbe7b56e0100-unwrap_shear_25nN": 1, "c240379a840873e57fd6dbe7b56e0100-minimize": 1}, "shear_25nN_Etotal": [-4184.87566626219, 188.59965495955754], "shear_25nN_qq": [-2037.473461079936, 191.00062113874245], "ch3-smiles": "CC(=O)O", "intercept": 5.999954110486198, "shear_5nN_qq": [-2155.264287307754, 193.1901679625919], "COF": 0.13678324387884763, "chain-smiles": "CCCCCCCCCCCCCCCCCC(=O)O", "h-smiles": "C(=O)O", "entropy_translational": 156.5, "S2": {"25nN": 0.9506309333109392, "5nN": 0.955416333925633, "15nN": 0.9475536418421914}}