{"shear_25nN_qq": [217.6426061582734, 12.213566454304994], "shear_25nN_lj": [-1532.6253990799362, 50.71297876288032], "enthalpy_vibrational": 119.27, "surface_area": 48.83, "shear_5nN_qq": [132.20593886890487, 11.039015252152387], "COF": 0.1593724105121563, "nonpolar_solvation_energy": 4.81, "shear_5nN_Etotal": [-1072.024323713829, 47.3532089996164], "status": {"27c16480fa780dbad3c988cc23eafa2f-calc_friction": 1, "27c16480fa780dbad3c988cc23eafa2f-compress_grompp": 1, "27c16480fa780dbad3c988cc23eafa2f-top_to_mol2": 1, "27c16480fa780dbad3c988cc23eafa2f-equilibrate": 1, "27c16480fa780dbad3c988cc23eafa2f-count_hydrogen_bonds": 1, "27c16480fa780dbad3c988cc23eafa2f-compress": 1, "27c16480fa780dbad3c988cc23eafa2f-shear_15nN_rerun_grompp": 1, "27c16480fa780dbad3c988cc23eafa2f-log_interaction_energy_25nN": 1, "27c16480fa780dbad3c988cc23eafa2f-shear_25nN_extend": 1, "27c16480fa780dbad3c988cc23eafa2f-shear_25nN": 1, "27c16480fa780dbad3c988cc23eafa2f-unwrap_shear_15nN": 1, "27c16480fa780dbad3c988cc23eafa2f-shear_15nN_extend": 1, "27c16480fa780dbad3c988cc23eafa2f-minimize": 1, "27c16480fa780dbad3c988cc23eafa2f-get_interaction_energy_25nN": 1, "27c16480fa780dbad3c988cc23eafa2f-unwrap_shear_5nN": 1, "27c16480fa780dbad3c988cc23eafa2f-shear_15nN": 1, "27c16480fa780dbad3c988cc23eafa2f-log_tilt": 1, "27c16480fa780dbad3c988cc23eafa2f-get_interaction_energy_15nN": 1, "27c16480fa780dbad3c988cc23eafa2f-fix_overlaps": 1, "27c16480fa780dbad3c988cc23eafa2f-initialize": 1, "27c16480fa780dbad3c988cc23eafa2f-shear_5nN_extend_grompp": 1, "27c16480fa780dbad3c988cc23eafa2f-get_interaction_energy_5nN": 1, "27c16480fa780dbad3c988cc23eafa2f-log_cof": 1, "27c16480fa780dbad3c988cc23eafa2f-calc_interdigitation": 7, "27c16480fa780dbad3c988cc23eafa2f-shear_5nN_grompp": 1, "27c16480fa780dbad3c988cc23eafa2f-log_S2": 1, "27c16480fa780dbad3c988cc23eafa2f-shear_5nN_rerun": 1, "27c16480fa780dbad3c988cc23eafa2f-shear_15nN_rerun": 1, "27c16480fa780dbad3c988cc23eafa2f-calc_roughness": 1, "27c16480fa780dbad3c988cc23eafa2f-lammps_to_gmx": 1, "27c16480fa780dbad3c988cc23eafa2f-shear_25nN_rerun_grompp": 1, "27c16480fa780dbad3c988cc23eafa2f-shear_25nN_rerun": 1, "27c16480fa780dbad3c988cc23eafa2f-shear_25nN_extend_grompp": 1, "27c16480fa780dbad3c988cc23eafa2f-shear_5nN_rerun_grompp": 1, "27c16480fa780dbad3c988cc23eafa2f-log_interaction_energy_15nN": 1, "27c16480fa780dbad3c988cc23eafa2f-unwrap_shear_25nN": 1, "27c16480fa780dbad3c988cc23eafa2f-minimize_grompp": 1, "27c16480fa780dbad3c988cc23eafa2f-shear_5nN": 1, "27c16480fa780dbad3c988cc23eafa2f-log_interaction_energy_5nN": 1, "27c16480fa780dbad3c988cc23eafa2f-shear_25nN_grompp": 1, "27c16480fa780dbad3c988cc23eafa2f-shear_5nN_extend": 1, "27c16480fa780dbad3c988cc23eafa2f-calc_S2_shear": 1, "27c16480fa780dbad3c988cc23eafa2f-shear_15nN_grompp": 1, "27c16480fa780dbad3c988cc23eafa2f-shear_15nN_extend_grompp": 1, "27c16480fa780dbad3c988cc23eafa2f-equilibrate_grompp": 1, "27c16480fa780dbad3c988cc23eafa2f-calc_tilt_shear": 1}, "shear_15nN_qq": [183.993051656275, 10.631762571941794], "interdigitation": {"15nN": 0.12325936166688749, "5nN": 0.12519989619170135, "25nN": 0.134410750087942}, "total_solvation_energy": 4.69, "entropy_vibrational": 0.39, "roughness": {"15nN": 0.06382060948291354, "25nN": 0.0643940364377129, "5nN": 0.06732401269088827}, "S2": {"15nN": 0.9205444053564847, "25nN": 0.9157678628811823, "5nN": 0.9164875766844871}, "entropy_rotational": 62.93, "polar_solvation_energy": -0.12, "shear_5nN_lj": [-1204.2302625827338, 49.250990997915736], "entropy_translational": 143.35, "tilt": {"15nN": 35.174208408469354, "25nN": 37.19581589037197, "5nN": 32.540823890241334}, "dipole_moment": 0.0, "heat_capacity_vibrational": 2.25, "shear_25nN_Etotal": [-1314.9827929216626, 50.03317820839922], "intercept": 0.8937623047220518, "shear_15nN_lj": [-1422.1113150495603, 46.37633266437312], "molecular_weight": 15.0344, "shear_15nN_Etotal": [-1238.1182633932854, 44.513658334233256]}