{"shear_15nN_Etotal": [-2981.302159296563, 111.89711436968572], "shear_25nN_Etotal": [-3063.645985911271, 108.136012508309], "polar_solvation_energy": -32.99, "entropy_translational": 168.76, "shear_15nN_lj": [-2486.316683764988, 70.72508694143019], "shear_5nN_qq": [-505.37096120063956, 63.55438431636021], "entropy_rotational": 119.66, "shear_15nN_qq": [-494.9854755315747, 63.19880684774772], "entropy_vibrational": 69.31, "shear_25nN_qq": [-490.4409735531574, 65.93637984584228], "heat_capacity_vibrational": 83.45, "interdigitation": {"5nN": 0.22822000207325638, "25nN": 0.20348543555793508, "15nN": 0.21721518587737093}, "tilt": {"5nN": 31.30251002232948, "25nN": 37.15132486968953, "15nN": 34.33036389953799}, "molecular_weight": 122.1013, "COF": 0.12490528407162597, "total_solvation_energy": -24.48, "surface_area": 118.23, "intercept": 2.7149844148396416, "S2": {"5nN": 0.9168937530089445, "25nN": 0.9272532090016332, "15nN": 0.9106112917442957}, "shear_25nN_lj": [-2573.2050123581134, 66.88965627829377], "shear_5nN_Etotal": [-2826.9944875707433, 128.92665341728176], "status": {"68d3cc6d3a35a81d080fbc703c9a9231-shear_5nN_grompp": 1, "68d3cc6d3a35a81d080fbc703c9a9231-calc_tilt_shear": 1, "68d3cc6d3a35a81d080fbc703c9a9231-log_cof": 1, "68d3cc6d3a35a81d080fbc703c9a9231-equilibrate_grompp": 1, "68d3cc6d3a35a81d080fbc703c9a9231-shear_25nN_grompp": 1, "68d3cc6d3a35a81d080fbc703c9a9231-shear_15nN_extend": 1, "68d3cc6d3a35a81d080fbc703c9a9231-unwrap_shear_25nN": 1, "68d3cc6d3a35a81d080fbc703c9a9231-shear_15nN_rerun_grompp": 1, "68d3cc6d3a35a81d080fbc703c9a9231-get_interaction_energy_25nN": 1, "68d3cc6d3a35a81d080fbc703c9a9231-shear_5nN_rerun_grompp": 1, "68d3cc6d3a35a81d080fbc703c9a9231-log_interaction_energy_5nN": 1, "68d3cc6d3a35a81d080fbc703c9a9231-shear_25nN_rerun": 1, "68d3cc6d3a35a81d080fbc703c9a9231-shear_25nN_extend": 1, "68d3cc6d3a35a81d080fbc703c9a9231-count_hydrogen_bonds": 1, "68d3cc6d3a35a81d080fbc703c9a9231-shear_15nN": 1, "68d3cc6d3a35a81d080fbc703c9a9231-fix_overlaps": 1, "68d3cc6d3a35a81d080fbc703c9a9231-minimize_grompp": 1, "68d3cc6d3a35a81d080fbc703c9a9231-shear_25nN": 1, "68d3cc6d3a35a81d080fbc703c9a9231-shear_25nN_rerun_grompp": 1, "68d3cc6d3a35a81d080fbc703c9a9231-calc_roughness": 1, "68d3cc6d3a35a81d080fbc703c9a9231-log_interaction_energy_15nN": 1, "68d3cc6d3a35a81d080fbc703c9a9231-unwrap_shear_5nN": 1, "68d3cc6d3a35a81d080fbc703c9a9231-shear_5nN": 1, "68d3cc6d3a35a81d080fbc703c9a9231-log_interaction_energy_25nN": 1, "68d3cc6d3a35a81d080fbc703c9a9231-compress": 1, "68d3cc6d3a35a81d080fbc703c9a9231-calc_interdigitation": 6, "68d3cc6d3a35a81d080fbc703c9a9231-log_S2": 1, "68d3cc6d3a35a81d080fbc703c9a9231-shear_15nN_extend_grompp": 1, "68d3cc6d3a35a81d080fbc703c9a9231-shear_5nN_rerun": 1, "68d3cc6d3a35a81d080fbc703c9a9231-get_interaction_energy_5nN": 1, "68d3cc6d3a35a81d080fbc703c9a9231-top_to_mol2": 1, "68d3cc6d3a35a81d080fbc703c9a9231-compress_grompp": 1, "68d3cc6d3a35a81d080fbc703c9a9231-lammps_to_gmx": 1, "68d3cc6d3a35a81d080fbc703c9a9231-calc_S2_shear": 1, "68d3cc6d3a35a81d080fbc703c9a9231-shear_25nN_extend_grompp": 1, "68d3cc6d3a35a81d080fbc703c9a9231-initialize": 1, "68d3cc6d3a35a81d080fbc703c9a9231-minimize": 1, "68d3cc6d3a35a81d080fbc703c9a9231-get_interaction_energy_15nN": 1, "68d3cc6d3a35a81d080fbc703c9a9231-shear_15nN_rerun": 1, "68d3cc6d3a35a81d080fbc703c9a9231-shear_5nN_extend_grompp": 1, "68d3cc6d3a35a81d080fbc703c9a9231-calc_friction": 1, "68d3cc6d3a35a81d080fbc703c9a9231-equilibrate": 1, "68d3cc6d3a35a81d080fbc703c9a9231-shear_15nN_grompp": 1, "68d3cc6d3a35a81d080fbc703c9a9231-shear_5nN_extend": 1, "68d3cc6d3a35a81d080fbc703c9a9231-log_tilt": 1, "68d3cc6d3a35a81d080fbc703c9a9231-unwrap_shear_15nN": 1}, "roughness": {"5nN": 0.06834314620526533, "25nN": 0.06596241961550395, "15nN": 0.07351313480384308}, "dipole_moment": 6.22, "enthalpy_vibrational": 280.86, "shear_5nN_lj": [-2321.6235263701037, 82.10061460628741], "nonpolar_solvation_energy": 8.49}