{"MR":18.398,"asphericity":0.269205,"balabanj":3.090735,"bertzct":197.587975,"chi0":10.0,"chi0n":10.0,"chi0v":2.0,"chi1":5.0,"chi1n":5.0,"chi1v":1.0,"chi2n":0.625,"chi2v":0.625,"chi3n":0.25,"chi3v":0.25,"chi4n":0.03125,"chi4v":0.03125,"e-valence":24.0,"eccentricity":0.93031,"hk-alpha":0.0,"hk-kappa1":0.25,"hk-kappa2":0.48,"hk-kappa3":0.222222,"ipc":254.458072,"isf":0.027078,"labuteASA":38.06801,"logP":1.4163,"molwt":56.0626,"molwt-hvy":48.044,"nheavy":4.0,"npr1":0.366774,"npr2":0.883701,"pbf":0.655669,"pc+":0.207684,"pc-":-0.207684,"pmi1":32.635569,"pmi2":78.631702,"pmi3":88.97994,"rbonds":1.0,"rg":1.335844,"rpc+":0.144378,"rpc-":0.300983,"spherocity":0.592958,"tpsa":0.0,"vsa+":10.966068,"vsa-":25.4917,"vsa-fhyd":1.0,"vsa-fneg":0.699212,"vsa-fpneg":0.0,"vsa-fpos":0.300788,"vsa-fppos":0.0,"vsa-hyd":36.457768,"vsa-polar":0.0,"vsa-polar+":0.0,"vsa-polar-":0.0,"hbonds":0.0}