{"shear_15nN_Etotal": [-1063.86353388729, 49.908745292060864], "molecular_weight": 41.0716, "shear_25nN_Etotal": [-1097.2170044484412, 53.74091541728254], "surface_area": 65.5, "shear_15nN_qq": [406.67064033653077, 29.588182789926748], "enthalpy_vibrational": 214.06, "shear_5nN_qq": [313.6057782789768, 23.428328337026155], "tilt": {"5nN": 24.50999275389226, "25nN": 31.841733694771037, "15nN": 28.840985953487895}, "intercept": 0.7246147629889332, "shear_25nN_lj": [-1570.4316912581935, 50.119552042395554], "entropy_rotational": 90.7, "shear_5nN_lj": [-1211.958984278977, 48.30010271261817], "shear_25nN_qq": [473.21468680975215, 32.3273501624304], "nonpolar_solvation_energy": 9.15, "total_solvation_energy": 7.89, "shear_15nN_lj": [-1470.5341742238209, 47.28273764737459], "shear_5nN_Etotal": [-898.3532060000001, 51.75509371634902], "interdigitation": {"5nN": 0.09342891401445275, "15nN": 0.10101024673747307, "25nN": 0.10182242250309274}, "entropy_vibrational": 5.04, "heat_capacity_vibrational": 19.47, "entropy_translational": 155.37, "roughness": {"5nN": 0.055640601265918306, "15nN": 0.05370654764484107, "25nN": 0.049681745642697714}, "S2": {"5nN": 0.733808117524297, "15nN": 0.7349911867269066, "25nN": 0.7182736645192225}, "dipole_moment": 0.0, "COF": 0.19209897766616324, "status": {"205aa9d8fc821bb8b20399e15f373e44-calc_friction": 1, "205aa9d8fc821bb8b20399e15f373e44-shear_25nN_rerun_grompp": 1, "205aa9d8fc821bb8b20399e15f373e44-equilibrate_grompp": 1, "205aa9d8fc821bb8b20399e15f373e44-equilibrate": 1, "205aa9d8fc821bb8b20399e15f373e44-unwrap_shear_25nN": 1, "205aa9d8fc821bb8b20399e15f373e44-calc_tilt_shear": 1, "205aa9d8fc821bb8b20399e15f373e44-shear_5nN_extend_grompp": 1, "205aa9d8fc821bb8b20399e15f373e44-fix_overlaps": 1, "205aa9d8fc821bb8b20399e15f373e44-shear_15nN_extend": 1, "205aa9d8fc821bb8b20399e15f373e44-shear_15nN_rerun": 1, "205aa9d8fc821bb8b20399e15f373e44-log_interaction_energy_25nN": 1, "205aa9d8fc821bb8b20399e15f373e44-shear_5nN_grompp": 1, "205aa9d8fc821bb8b20399e15f373e44-shear_5nN_rerun_grompp": 1, "205aa9d8fc821bb8b20399e15f373e44-lammps_to_gmx": 1, "205aa9d8fc821bb8b20399e15f373e44-shear_5nN_extend": 1, "205aa9d8fc821bb8b20399e15f373e44-shear_25nN": 1, "205aa9d8fc821bb8b20399e15f373e44-calc_S2_shear": 1, "205aa9d8fc821bb8b20399e15f373e44-shear_15nN_extend_grompp": 1, "205aa9d8fc821bb8b20399e15f373e44-shear_15nN": 1, "205aa9d8fc821bb8b20399e15f373e44-initialize": 1, "205aa9d8fc821bb8b20399e15f373e44-minimize": 1, "205aa9d8fc821bb8b20399e15f373e44-log_interaction_energy_15nN": 1, "205aa9d8fc821bb8b20399e15f373e44-get_interaction_energy_25nN": 1, "205aa9d8fc821bb8b20399e15f373e44-minimize_grompp": 1, "205aa9d8fc821bb8b20399e15f373e44-compress": 1, "205aa9d8fc821bb8b20399e15f373e44-compress_grompp": 1, "205aa9d8fc821bb8b20399e15f373e44-shear_25nN_extend_grompp": 1, "205aa9d8fc821bb8b20399e15f373e44-shear_5nN_rerun": 1, "205aa9d8fc821bb8b20399e15f373e44-log_interaction_energy_5nN": 1, "205aa9d8fc821bb8b20399e15f373e44-count_hydrogen_bonds": 1, "205aa9d8fc821bb8b20399e15f373e44-calc_roughness": 1, "205aa9d8fc821bb8b20399e15f373e44-calc_interdigitation": 1, "205aa9d8fc821bb8b20399e15f373e44-top_to_mol2": 1, "205aa9d8fc821bb8b20399e15f373e44-shear_15nN_rerun_grompp": 1, "205aa9d8fc821bb8b20399e15f373e44-shear_15nN_grompp": 1, "205aa9d8fc821bb8b20399e15f373e44-log_tilt": 1, "205aa9d8fc821bb8b20399e15f373e44-log_cof": 1, "205aa9d8fc821bb8b20399e15f373e44-unwrap_shear_5nN": 1, "205aa9d8fc821bb8b20399e15f373e44-get_interaction_energy_15nN": 1, "205aa9d8fc821bb8b20399e15f373e44-log_S2": 1, "205aa9d8fc821bb8b20399e15f373e44-shear_25nN_extend": 1, "205aa9d8fc821bb8b20399e15f373e44-shear_5nN": 1, "205aa9d8fc821bb8b20399e15f373e44-get_interaction_energy_5nN": 1, "205aa9d8fc821bb8b20399e15f373e44-unwrap_shear_15nN": 1, "205aa9d8fc821bb8b20399e15f373e44-shear_25nN_grompp": 1, "205aa9d8fc821bb8b20399e15f373e44-shear_25nN_rerun": 1}, "polar_solvation_energy": -1.28}