{"shear_5nN_Etotal": [-1605.19802333733, 54.08444296087961], "COF": 0.11864400434320628, "enthalpy_vibrational": 263.87, "entropy_vibrational": 20.79, "dipole_moment": 0.0, "shear_15nN_lj": [-1771.2288824068746, 50.251934915538385], "shear_25nN_qq": [122.74118987130296, 21.71791757027591], "S2": {"25nN": 0.9372610444818832, "15nN": 0.9391349626813634, "5nN": 0.9305209068905852}, "intercept": 1.3609969078990005, "total_solvation_energy": 1.89, "shear_25nN_lj": [-1847.007838556355, 49.453831562410514], "interdigitation": {"25nN": 0.10273154467456487, "15nN": 0.11152365578806663, "5nN": 0.11513746801831361}, "polar_solvation_energy": -4.89, "tilt": {"25nN": 38.283173102967204, "15nN": 36.5856213569392, "5nN": 32.123657703253016}, "shear_15nN_qq": [70.98252290247801, 21.138901490588964], "shear_5nN_lj": [-1584.2466921846524, 53.79039217069688], "shear_15nN_Etotal": [-1700.2463595043964, 52.866844460369244], "surface_area": 93.44, "shear_5nN_qq": [-20.951331152677856, 17.333421649342483], "entropy_rotational": 107.29, "status": {"b673b6fc5c558aa59023db3aad33aa9f-top_to_mol2": 1, "b673b6fc5c558aa59023db3aad33aa9f-get_interaction_energy_5nN": 1, "b673b6fc5c558aa59023db3aad33aa9f-calc_friction": 1, "b673b6fc5c558aa59023db3aad33aa9f-compress_grompp": 1, "b673b6fc5c558aa59023db3aad33aa9f-shear_15nN_rerun_grompp": 1, "b673b6fc5c558aa59023db3aad33aa9f-unwrap_shear_15nN": 1, "b673b6fc5c558aa59023db3aad33aa9f-equilibrate": 1, "b673b6fc5c558aa59023db3aad33aa9f-shear_15nN": 1, "b673b6fc5c558aa59023db3aad33aa9f-log_cof": 1, "b673b6fc5c558aa59023db3aad33aa9f-log_S2": 1, "b673b6fc5c558aa59023db3aad33aa9f-equilibrate_grompp": 1, "b673b6fc5c558aa59023db3aad33aa9f-calc_roughness": 1, "b673b6fc5c558aa59023db3aad33aa9f-shear_5nN": 1, "b673b6fc5c558aa59023db3aad33aa9f-initialize": 1, "b673b6fc5c558aa59023db3aad33aa9f-compress": 1, "b673b6fc5c558aa59023db3aad33aa9f-log_tilt": 1, "b673b6fc5c558aa59023db3aad33aa9f-calc_S2_shear": 1, "b673b6fc5c558aa59023db3aad33aa9f-log_interaction_energy_5nN": 1, "b673b6fc5c558aa59023db3aad33aa9f-shear_5nN_rerun_grompp": 1, "b673b6fc5c558aa59023db3aad33aa9f-shear_15nN_rerun": 1, "b673b6fc5c558aa59023db3aad33aa9f-get_interaction_energy_25nN": 1, "b673b6fc5c558aa59023db3aad33aa9f-shear_25nN": 1, "b673b6fc5c558aa59023db3aad33aa9f-unwrap_shear_5nN": 1, "b673b6fc5c558aa59023db3aad33aa9f-shear_25nN_rerun": 1, "b673b6fc5c558aa59023db3aad33aa9f-calc_tilt_shear": 1, "b673b6fc5c558aa59023db3aad33aa9f-get_interaction_energy_15nN": 1, "b673b6fc5c558aa59023db3aad33aa9f-log_interaction_energy_25nN": 1, "b673b6fc5c558aa59023db3aad33aa9f-shear_25nN_extend_grompp": 1, "b673b6fc5c558aa59023db3aad33aa9f-unwrap_shear_25nN": 1, "b673b6fc5c558aa59023db3aad33aa9f-minimize_grompp": 1, "b673b6fc5c558aa59023db3aad33aa9f-fix_overlaps": 1, "b673b6fc5c558aa59023db3aad33aa9f-shear_25nN_rerun_grompp": 1, "b673b6fc5c558aa59023db3aad33aa9f-shear_15nN_extend_grompp": 1, "b673b6fc5c558aa59023db3aad33aa9f-log_interaction_energy_15nN": 1, "b673b6fc5c558aa59023db3aad33aa9f-shear_15nN_extend": 1, "b673b6fc5c558aa59023db3aad33aa9f-calc_interdigitation": 6, "b673b6fc5c558aa59023db3aad33aa9f-count_hydrogen_bonds": 1, "b673b6fc5c558aa59023db3aad33aa9f-shear_15nN_grompp": 1, "b673b6fc5c558aa59023db3aad33aa9f-minimize": 1, "b673b6fc5c558aa59023db3aad33aa9f-shear_5nN_extend": 1, "b673b6fc5c558aa59023db3aad33aa9f-shear_25nN_extend": 1, "b673b6fc5c558aa59023db3aad33aa9f-shear_5nN_rerun": 1, "b673b6fc5c558aa59023db3aad33aa9f-shear_5nN_extend_grompp": 1, "b673b6fc5c558aa59023db3aad33aa9f-lammps_to_gmx": 1, "b673b6fc5c558aa59023db3aad33aa9f-shear_5nN_grompp": 1, "b673b6fc5c558aa59023db3aad33aa9f-shear_25nN_grompp": 1}, "shear_25nN_Etotal": [-1724.266648685052, 52.53793912514076], "heat_capacity_vibrational": 48.68, "entropy_translational": 163.09, "nonpolar_solvation_energy": 6.77, "molecular_weight": 77.1037, "roughness": {"25nN": 0.05739419917027181, "15nN": 0.05691516375644633, "5nN": 0.06301839361357255}}