{"MR":3.6138,"asphericity":0.33231,"balabanj":1.632993,"bertzct":2.754888,"chi0":2.707107,"chi0n":2.408248,"chi0v":0.408248,"chi1":1.414214,"chi1n":0.816497,"chi1v":0.0,"chi2n":0.0,"chi2v":0.0,"chi3n":0.0,"chi3v":0.0,"chi4n":0.0,"chi4v":0.0,"e-valence":8.0,"eccentricity":0.942446,"hk-alpha":-0.04,"hk-kappa1":0.0004,"hk-kappa2":-27.04,"hk-kappa3":-104.04,"ipc":2.754888,"isf":1.04646,"labuteASA":9.832513,"logP":-0.8247,"molwt":18.010565,"molwt-hvy":15.999,"nheavy":1.0,"npr1":0.33436,"npr2":0.66564,"pbf":0.0,"pc+":0.41151,"pc-":-0.41151,"pmi1":0.636088,"pmi2":1.266319,"pmi3":1.902407,"rbonds":0.0,"rg":0.324964,"rpc+":0.5,"rpc-":1.0,"spherocity":0.0,"tpsa":31.5,"vsa+":2.862399,"vsa-":5.480753,"vsa-fhyd":0.0,"vsa-fneg":0.656916,"vsa-fpneg":0.656916,"vsa-fpos":0.343084,"vsa-fppos":0.343084,"vsa-hyd":0.0,"vsa-polar":1.0,"vsa-polar+":2.862399,"vsa-polar-":5.480753,"hbonds":2.0}