{"enthalpy_vibrational": 57.43, "shear_5nN_Etotal": [-3608.288121179057, 165.28876966555785], "heat_capacity_vibrational": 0.13, "entropy_vibrational": 0.02, "interdigitation": {"25nN": 0.13523667931187508, "5nN": 0.11930699481597434, "15nN": 0.11967458276173096}, "polar_solvation_energy": -15.61, "shear_15nN_qq": [-2433.381449922462, 158.78728763351242], "nonpolar_solvation_energy": 2.8, "molecular_weight": 17.0073, "shear_15nN_Etotal": [-3775.078814183853, 154.50379492138117], "roughness": {"25nN": 0.05924923696838681, "5nN": 0.05402800356698623, "15nN": 0.051674863278735605}, "tilt": {"25nN": 41.484988133964, "5nN": 37.210058986675165, "15nN": 39.848692071973566}, "shear_15nN_lj": [-1341.697364261391, 63.53993929840645], "surface_area": 42.49, "total_solvation_energy": -12.83, "dipole_moment": 1.88, "entropy_rotational": 49.19, "shear_25nN_lj": [-1409.788710254996, 65.68703954987035], "shear_5nN_lj": [-1246.9067797681855, 59.925788986285134], "status": {"f5459d7d9f3fb07a6279f22f7704a229-log_interaction_energy_5nN": 1, "f5459d7d9f3fb07a6279f22f7704a229-unwrap_shear_25nN": 1, "f5459d7d9f3fb07a6279f22f7704a229-shear_25nN_rerun_grompp": 1, "f5459d7d9f3fb07a6279f22f7704a229-get_interaction_energy_15nN": 1, "f5459d7d9f3fb07a6279f22f7704a229-get_interaction_energy_25nN": 1, "f5459d7d9f3fb07a6279f22f7704a229-log_cof": 1, "f5459d7d9f3fb07a6279f22f7704a229-shear_25nN_extend_grompp": 1, "f5459d7d9f3fb07a6279f22f7704a229-calc_tilt_shear": 1, "f5459d7d9f3fb07a6279f22f7704a229-initialize": 1, "f5459d7d9f3fb07a6279f22f7704a229-calc_interdigitation": 1, "f5459d7d9f3fb07a6279f22f7704a229-minimize": 1, "f5459d7d9f3fb07a6279f22f7704a229-shear_25nN_grompp": 1, "f5459d7d9f3fb07a6279f22f7704a229-shear_15nN_rerun": 1, "f5459d7d9f3fb07a6279f22f7704a229-count_hydrogen_bonds": 1, "f5459d7d9f3fb07a6279f22f7704a229-shear_25nN": 1, "f5459d7d9f3fb07a6279f22f7704a229-minimize_grompp": 1, "f5459d7d9f3fb07a6279f22f7704a229-shear_5nN": 1, "f5459d7d9f3fb07a6279f22f7704a229-log_interaction_energy_15nN": 1, "f5459d7d9f3fb07a6279f22f7704a229-shear_25nN_extend": 1, "f5459d7d9f3fb07a6279f22f7704a229-shear_15nN_extend": 1, "f5459d7d9f3fb07a6279f22f7704a229-shear_5nN_grompp": 1, "f5459d7d9f3fb07a6279f22f7704a229-log_interaction_energy_25nN": 1, "f5459d7d9f3fb07a6279f22f7704a229-compress": 1, "f5459d7d9f3fb07a6279f22f7704a229-shear_15nN_extend_grompp": 1, "f5459d7d9f3fb07a6279f22f7704a229-log_tilt": 1, "f5459d7d9f3fb07a6279f22f7704a229-shear_5nN_rerun": 1, "f5459d7d9f3fb07a6279f22f7704a229-get_interaction_energy_5nN": 1, "f5459d7d9f3fb07a6279f22f7704a229-shear_15nN": 1, "f5459d7d9f3fb07a6279f22f7704a229-unwrap_shear_5nN": 1, "f5459d7d9f3fb07a6279f22f7704a229-shear_5nN_extend_grompp": 1, "f5459d7d9f3fb07a6279f22f7704a229-shear_15nN_grompp": 1, "f5459d7d9f3fb07a6279f22f7704a229-calc_S2_shear": 1, "f5459d7d9f3fb07a6279f22f7704a229-unwrap_shear_15nN": 1, "f5459d7d9f3fb07a6279f22f7704a229-shear_5nN_rerun_grompp": 1, "f5459d7d9f3fb07a6279f22f7704a229-shear_25nN_rerun": 1, "f5459d7d9f3fb07a6279f22f7704a229-shear_5nN_extend": 1, "f5459d7d9f3fb07a6279f22f7704a229-top_to_mol2": 1, "f5459d7d9f3fb07a6279f22f7704a229-shear_15nN_rerun_grompp": 1, "f5459d7d9f3fb07a6279f22f7704a229-log_S2": 1, "f5459d7d9f3fb07a6279f22f7704a229-equilibrate_grompp": 1, "f5459d7d9f3fb07a6279f22f7704a229-equilibrate": 1, "f5459d7d9f3fb07a6279f22f7704a229-calc_friction": 1, "f5459d7d9f3fb07a6279f22f7704a229-fix_overlaps": 1, "f5459d7d9f3fb07a6279f22f7704a229-lammps_to_gmx": 1, "f5459d7d9f3fb07a6279f22f7704a229-compress_grompp": 1, "f5459d7d9f3fb07a6279f22f7704a229-calc_roughness": 1}, "shear_25nN_Etotal": [-3769.0379992917665, 153.20033780766641], "shear_25nN_qq": [-2359.2492890367707, 156.09153372227908], "ch3-smiles": "CO", "intercept": 5.183127435840069, "shear_5nN_qq": [-2361.3813414108718, 160.0357227098655], "COF": 0.14890402313583034, "chain-smiles": "CCCCCCCCCCCCCCCCCO", "h-smiles": "O", "entropy_translational": 144.8, "S2": {"25nN": 0.9588061842752056, "5nN": 0.968173132943723, "15nN": 0.9624000970816845}}