{"MR":10.1114,"asphericity":0.488312,"balabanj":3.541197,"bertzct":53.590719,"chi0":6.07735,"chi0n":5.947214,"chi0v":0.947214,"chi1":2.943376,"chi1n":2.618034,"chi1v":0.223607,"chi2n":0.0,"chi2v":0.0,"chi3n":0.0,"chi3v":0.0,"chi4n":0.0,"chi4v":0.0,"e-valence":14.0,"eccentricity":0.976004,"hk-alpha":-0.04,"hk-kappa1":0.050852,"hk-kappa2":0.96,"hk-kappa3":-27.04,"ipc":17.086166,"isf":0.188133,"labuteASA":21.220107,"logP":-0.4251,"molwt":31.042199,"molwt-hvy":26.018,"nheavy":2.0,"npr1":0.217754,"npr2":0.938584,"pbf":0.341063,"pc+":0.352771,"pc-":-0.352771,"pmi1":4.988946,"pmi2":21.503812,"pmi3":22.910898,"rbonds":1.0,"rg":0.891821,"rpc+":0.334771,"rpc-":0.944717,"spherocity":0.403815,"tpsa":26.02,"vsa+":6.93596,"vsa-":12.695544,"vsa-fhyd":0.708646,"vsa-fneg":0.646692,"vsa-fpneg":0.291354,"vsa-fpos":0.353308,"vsa-fppos":0.0,"vsa-hyd":13.911787,"vsa-polar":0.291354,"vsa-polar+":0.0,"vsa-polar-":5.719717,"hbonds":2.0}