{"enthalpy_vibrational": 92.73, "shear_5nN_Etotal": [-2535.9341645371705, 147.96123268229707], "heat_capacity_vibrational": 0.69, "entropy_vibrational": 0.11, "interdigitation": {"25nN": 0.12394640429735249, "5nN": 0.11864103580110803, "15nN": 0.12437167525169879}, "polar_solvation_energy": -10.38, "shear_15nN_qq": [-1332.775565035971, 146.22296874208004], "nonpolar_solvation_energy": 5.48, "molecular_weight": 16.0225, "shear_15nN_Etotal": [-2617.0449611430854, 146.97363650244455], "roughness": {"25nN": 0.05143424945694686, "5nN": 0.0524967279910763, "15nN": 0.05392719842677513}, "tilt": {"25nN": 34.575522172958664, "5nN": 28.432065004909955, "15nN": 32.595551659605746}, "shear_15nN_lj": [-1284.2693961071143, 52.41622980643921], "surface_area": 42.91, "total_solvation_energy": -4.92, "dipole_moment": 1.63, "entropy_rotational": 56.63, "shear_25nN_lj": [-1328.8761683996804, 56.73839269118819], "shear_5nN_lj": [-1143.4599680087929, 52.800138813733916], "status": {"2c99dc1b624062178fb7cb402cbd01bc-fix_overlaps": 1, "2c99dc1b624062178fb7cb402cbd01bc-shear_25nN_extend_grompp": 1, "2c99dc1b624062178fb7cb402cbd01bc-lammps_to_gmx": 1, "2c99dc1b624062178fb7cb402cbd01bc-minimize_grompp": 1, "2c99dc1b624062178fb7cb402cbd01bc-get_interaction_energy_25nN": 1, "2c99dc1b624062178fb7cb402cbd01bc-equilibrate": 1, "2c99dc1b624062178fb7cb402cbd01bc-shear_25nN_rerun": 1, "2c99dc1b624062178fb7cb402cbd01bc-log_interaction_energy_15nN": 1, "2c99dc1b624062178fb7cb402cbd01bc-top_to_mol2": 1, "2c99dc1b624062178fb7cb402cbd01bc-calc_S2_shear": 1, "2c99dc1b624062178fb7cb402cbd01bc-count_hydrogen_bonds": 1, "2c99dc1b624062178fb7cb402cbd01bc-shear_15nN": 1, "2c99dc1b624062178fb7cb402cbd01bc-shear_5nN_rerun_grompp": 1, "2c99dc1b624062178fb7cb402cbd01bc-log_interaction_energy_25nN": 1, "2c99dc1b624062178fb7cb402cbd01bc-unwrap_shear_5nN": 1, "2c99dc1b624062178fb7cb402cbd01bc-calc_friction": 1, "2c99dc1b624062178fb7cb402cbd01bc-shear_15nN_extend": 1, "2c99dc1b624062178fb7cb402cbd01bc-calc_roughness": 1, "2c99dc1b624062178fb7cb402cbd01bc-shear_5nN": 1, "2c99dc1b624062178fb7cb402cbd01bc-log_tilt": 1, "2c99dc1b624062178fb7cb402cbd01bc-shear_5nN_extend": 1, "2c99dc1b624062178fb7cb402cbd01bc-shear_5nN_grompp": 1, "2c99dc1b624062178fb7cb402cbd01bc-shear_15nN_rerun": 1, "2c99dc1b624062178fb7cb402cbd01bc-log_cof": 1, "2c99dc1b624062178fb7cb402cbd01bc-calc_tilt_shear": 1, "2c99dc1b624062178fb7cb402cbd01bc-initialize": 1, "2c99dc1b624062178fb7cb402cbd01bc-shear_15nN_rerun_grompp": 1, "2c99dc1b624062178fb7cb402cbd01bc-calc_interdigitation": 6, "2c99dc1b624062178fb7cb402cbd01bc-get_interaction_energy_15nN": 1, "2c99dc1b624062178fb7cb402cbd01bc-shear_25nN_rerun_grompp": 1, "2c99dc1b624062178fb7cb402cbd01bc-shear_15nN_grompp": 1, "2c99dc1b624062178fb7cb402cbd01bc-unwrap_shear_15nN": 1, "2c99dc1b624062178fb7cb402cbd01bc-shear_25nN_extend": 1, "2c99dc1b624062178fb7cb402cbd01bc-shear_25nN": 1, "2c99dc1b624062178fb7cb402cbd01bc-get_interaction_energy_5nN": 1, "2c99dc1b624062178fb7cb402cbd01bc-compress": 1, "2c99dc1b624062178fb7cb402cbd01bc-unwrap_shear_25nN": 1, "2c99dc1b624062178fb7cb402cbd01bc-log_interaction_energy_5nN": 1, "2c99dc1b624062178fb7cb402cbd01bc-shear_25nN_grompp": 1, "2c99dc1b624062178fb7cb402cbd01bc-shear_5nN_rerun": 1, "2c99dc1b624062178fb7cb402cbd01bc-log_S2": 1, "2c99dc1b624062178fb7cb402cbd01bc-shear_15nN_extend_grompp": 1, "2c99dc1b624062178fb7cb402cbd01bc-compress_grompp": 1, "2c99dc1b624062178fb7cb402cbd01bc-minimize": 1, "2c99dc1b624062178fb7cb402cbd01bc-equilibrate_grompp": 1, "2c99dc1b624062178fb7cb402cbd01bc-shear_5nN_extend_grompp": 1}, "shear_25nN_Etotal": [-2686.773812047162, 152.7283324622905], "shear_25nN_qq": [-1357.897643647482, 152.9440566593099], "ch3-smiles": "CN", "intercept": 3.12105316422126, "shear_5nN_qq": [-1392.4741965283774, 145.20710116521448], "COF": 0.17926987199133573, "chain-smiles": "CCCCCCCCCCCCCCCCCN", "h-smiles": "N", "entropy_translational": 144.1, "S2": {"25nN": 0.8144369288081665, "5nN": 0.8335949675180078, "15nN": 0.822463585627164}}