{"enthalpy_vibrational": 57.43, "roughness": {"15nN": 0.05170884278228888, "5nN": 0.054779860343119935, "25nN": 0.050214823955910794}, "polar_solvation_energy": -15.61, "shear_15nN_qq": [-2575.52827531255, 184.81114156040428], "total_solvation_energy": -12.83, "entropy_vibrational": 0.02, "status": {"df71116fb2d5aa19ba612eac149353d8-count_hydrogen_bonds": 1, "df71116fb2d5aa19ba612eac149353d8-unwrap_shear_15nN": 1, "df71116fb2d5aa19ba612eac149353d8-shear_5nN_grompp": 1, "df71116fb2d5aa19ba612eac149353d8-get_interaction_energy_5nN": 1, "df71116fb2d5aa19ba612eac149353d8-shear_25nN_extend_grompp": 1, "df71116fb2d5aa19ba612eac149353d8-get_interaction_energy_25nN": 1, "df71116fb2d5aa19ba612eac149353d8-calc_interdigitation": 6, "df71116fb2d5aa19ba612eac149353d8-initialize": 1, "df71116fb2d5aa19ba612eac149353d8-shear_25nN_rerun_grompp": 1, "df71116fb2d5aa19ba612eac149353d8-shear_15nN_grompp": 1, "df71116fb2d5aa19ba612eac149353d8-calc_S2_shear": 1, "df71116fb2d5aa19ba612eac149353d8-shear_25nN": 1, "df71116fb2d5aa19ba612eac149353d8-shear_15nN_extend_grompp": 1, "df71116fb2d5aa19ba612eac149353d8-shear_15nN": 1, "df71116fb2d5aa19ba612eac149353d8-shear_15nN_rerun": 1, "df71116fb2d5aa19ba612eac149353d8-get_interaction_energy_15nN": 1, "df71116fb2d5aa19ba612eac149353d8-minimize_grompp": 1, "df71116fb2d5aa19ba612eac149353d8-log_interaction_energy_5nN": 1, "df71116fb2d5aa19ba612eac149353d8-unwrap_shear_5nN": 1, "df71116fb2d5aa19ba612eac149353d8-equilibrate_grompp": 1, "df71116fb2d5aa19ba612eac149353d8-compress": 1, "df71116fb2d5aa19ba612eac149353d8-shear_5nN_extend_grompp": 1, "df71116fb2d5aa19ba612eac149353d8-compress_grompp": 1, "df71116fb2d5aa19ba612eac149353d8-log_tilt": 1, "df71116fb2d5aa19ba612eac149353d8-shear_25nN_grompp": 1, "df71116fb2d5aa19ba612eac149353d8-log_interaction_energy_25nN": 1, "df71116fb2d5aa19ba612eac149353d8-fix_overlaps": 1, "df71116fb2d5aa19ba612eac149353d8-minimize": 1, "df71116fb2d5aa19ba612eac149353d8-lammps_to_gmx": 1, "df71116fb2d5aa19ba612eac149353d8-shear_5nN_extend": 1, "df71116fb2d5aa19ba612eac149353d8-equilibrate": 1, "df71116fb2d5aa19ba612eac149353d8-shear_5nN_rerun_grompp": 1, "df71116fb2d5aa19ba612eac149353d8-shear_25nN_rerun": 1, "df71116fb2d5aa19ba612eac149353d8-calc_tilt_shear": 1, "df71116fb2d5aa19ba612eac149353d8-unwrap_shear_25nN": 1, "df71116fb2d5aa19ba612eac149353d8-shear_15nN_rerun_grompp": 1, "df71116fb2d5aa19ba612eac149353d8-calc_roughness": 1, "df71116fb2d5aa19ba612eac149353d8-shear_5nN_rerun": 1, "df71116fb2d5aa19ba612eac149353d8-log_S2": 1, "df71116fb2d5aa19ba612eac149353d8-log_interaction_energy_15nN": 1, "df71116fb2d5aa19ba612eac149353d8-shear_5nN": 1, "df71116fb2d5aa19ba612eac149353d8-calc_friction": 1, "df71116fb2d5aa19ba612eac149353d8-log_cof": 1, "df71116fb2d5aa19ba612eac149353d8-top_to_mol2": 1, "df71116fb2d5aa19ba612eac149353d8-shear_15nN_extend": 1, "df71116fb2d5aa19ba612eac149353d8-shear_25nN_extend": 1}, "shear_25nN_lj": [-1395.334702367706, 63.858091843257995], "shear_15nN_Etotal": [-3920.2555461294955, 178.0006891087236], "shear_15nN_lj": [-1344.7272708169464, 61.81243559548172], "tilt": {"15nN": 34.17891419821499, "5nN": 30.420427163795303, "25nN": 36.16622720861886}, "S2": {"15nN": 0.8725523028249982, "5nN": 0.8783430855647655, "25nN": 0.8794381668301967}, "COF": 0.18943109933096688, "entropy_translational": 144.8, "shear_25nN_Etotal": [-3930.0336916099127, 186.69124217758275], "interdigitation": {"15nN": 0.12063381991139208, "5nN": 0.11751620671454398, "25nN": 0.11729565321669905}, "shear_25nN_qq": [-2534.698989242206, 195.61134328950052], "heat_capacity_vibrational": 0.13, "molecular_weight": 17.0073, "entropy_rotational": 49.19, "dipole_moment": 1.88, "intercept": 5.299208369539803, "shear_5nN_Etotal": [-3718.077126488409, 175.14551208999126], "nonpolar_solvation_energy": 2.8, "shear_5nN_lj": [-1206.166096427658, 62.97276122094532], "shear_5nN_qq": [-2511.9110300607517, 176.37317580635883], "surface_area": 42.49}