{"shear_15nN_Etotal": [-1568.9719109760192, 52.99691156481652], "molecular_weight": 69.0059, "shear_25nN_Etotal": [-1658.9005342014389, 55.44285773338921], "surface_area": 60.34, "shear_15nN_qq": [-399.53183256754596, 27.42649693196945], "enthalpy_vibrational": 66.5, "shear_5nN_qq": [-400.26838467625896, 24.925630531240408], "tilt": {"5nN": 27.096226071223423, "25nN": 34.44019625902363, "15nN": 31.71330262717409}, "intercept": 0.9493213517975652, "shear_25nN_lj": [-1255.807582948841, 44.874176350136416], "entropy_rotational": 99.44, "shear_5nN_lj": [-966.7205536778578, 42.27737157847919], "shear_25nN_qq": [-403.0929512525979, 32.2205553783777], "nonpolar_solvation_energy": 23.24, "total_solvation_energy": 10.13, "shear_15nN_lj": [-1169.4400784084733, 43.51935127005552], "shear_5nN_Etotal": [-1366.9889383541167, 50.76699400830341], "interdigitation": {"5nN": 0.16888623159215224, "25nN": 0.17623812401818792, "15nN": 0.1654343429483637}, "entropy_vibrational": 8.9, "heat_capacity_vibrational": 19.38, "entropy_translational": 161.73, "roughness": {"5nN": 0.0673389743841649, "25nN": 0.06471448349147252, "15nN": 0.06314702281202103}, "S2": {"5nN": 0.7654640056125034, "25nN": 0.7748244473813933, "15nN": 0.7665616320056392}, "dipole_moment": 2.09, "COF": 0.1780362228422518, "status": {"1037d01ef027e9abfdd0abc640ca4a92-shear_25nN_grompp": 1, "1037d01ef027e9abfdd0abc640ca4a92-shear_25nN_extend_grompp": 1, "1037d01ef027e9abfdd0abc640ca4a92-shear_15nN": 1, "1037d01ef027e9abfdd0abc640ca4a92-shear_5nN_extend_grompp": 1, "1037d01ef027e9abfdd0abc640ca4a92-shear_5nN_rerun_grompp": 1, "1037d01ef027e9abfdd0abc640ca4a92-compress": 1, "1037d01ef027e9abfdd0abc640ca4a92-calc_friction": 1, "1037d01ef027e9abfdd0abc640ca4a92-log_interaction_energy_5nN": 1, "1037d01ef027e9abfdd0abc640ca4a92-log_tilt": 1, "1037d01ef027e9abfdd0abc640ca4a92-get_interaction_energy_5nN": 1, "1037d01ef027e9abfdd0abc640ca4a92-shear_5nN": 1, "1037d01ef027e9abfdd0abc640ca4a92-calc_roughness": 1, "1037d01ef027e9abfdd0abc640ca4a92-get_interaction_energy_25nN": 1, "1037d01ef027e9abfdd0abc640ca4a92-calc_interdigitation": 1, "1037d01ef027e9abfdd0abc640ca4a92-log_cof": 1, "1037d01ef027e9abfdd0abc640ca4a92-shear_5nN_extend": 1, "1037d01ef027e9abfdd0abc640ca4a92-shear_25nN_rerun_grompp": 1, "1037d01ef027e9abfdd0abc640ca4a92-initialize": 1, "1037d01ef027e9abfdd0abc640ca4a92-shear_5nN_grompp": 1, "1037d01ef027e9abfdd0abc640ca4a92-shear_15nN_extend": 1, "1037d01ef027e9abfdd0abc640ca4a92-shear_5nN_rerun": 1, "1037d01ef027e9abfdd0abc640ca4a92-unwrap_shear_15nN": 1, "1037d01ef027e9abfdd0abc640ca4a92-shear_25nN": 1, "1037d01ef027e9abfdd0abc640ca4a92-unwrap_shear_25nN": 1, "1037d01ef027e9abfdd0abc640ca4a92-shear_25nN_rerun": 1, "1037d01ef027e9abfdd0abc640ca4a92-shear_25nN_extend": 1, "1037d01ef027e9abfdd0abc640ca4a92-log_S2": 1, "1037d01ef027e9abfdd0abc640ca4a92-shear_15nN_extend_grompp": 1, "1037d01ef027e9abfdd0abc640ca4a92-lammps_to_gmx": 1, "1037d01ef027e9abfdd0abc640ca4a92-calc_S2_shear": 1, "1037d01ef027e9abfdd0abc640ca4a92-compress_grompp": 1, "1037d01ef027e9abfdd0abc640ca4a92-log_interaction_energy_25nN": 1, "1037d01ef027e9abfdd0abc640ca4a92-fix_overlaps": 1, "1037d01ef027e9abfdd0abc640ca4a92-top_to_mol2": 1, "1037d01ef027e9abfdd0abc640ca4a92-equilibrate_grompp": 1, "1037d01ef027e9abfdd0abc640ca4a92-calc_tilt_shear": 1, "1037d01ef027e9abfdd0abc640ca4a92-unwrap_shear_5nN": 1, "1037d01ef027e9abfdd0abc640ca4a92-log_interaction_energy_15nN": 1, "1037d01ef027e9abfdd0abc640ca4a92-equilibrate": 1, "1037d01ef027e9abfdd0abc640ca4a92-minimize": 1, "1037d01ef027e9abfdd0abc640ca4a92-shear_15nN_rerun": 1, "1037d01ef027e9abfdd0abc640ca4a92-get_interaction_energy_15nN": 1, "1037d01ef027e9abfdd0abc640ca4a92-count_hydrogen_bonds": 1, "1037d01ef027e9abfdd0abc640ca4a92-shear_15nN_rerun_grompp": 1, "1037d01ef027e9abfdd0abc640ca4a92-shear_15nN_grompp": 1, "1037d01ef027e9abfdd0abc640ca4a92-minimize_grompp": 1}, "polar_solvation_energy": -13.1}