{"surface_area": 118.23, "heat_capacity_vibrational": 83.45, "shear_5nN_lj": [-2357.4369377633893, 76.19996903589242], "roughness": {"25nN": 0.0570596757630832, "5nN": 0.05806731874110296, "15nN": 0.05952735476885287}, "interdigitation": {"25nN": 0.1908064328114922, "5nN": 0.19948449903606488, "15nN": 0.19946312253913004}, "COF": 0.14343141608132465, "entropy_rotational": 119.66, "shear_15nN_Etotal": [-4986.544005621104, 165.6744599016407], "intercept": 3.6816146860715273, "S2": {"25nN": 0.8418687433892129, "5nN": 0.8438819672738997, "15nN": 0.8416991293927758}, "dipole_moment": 6.22, "shear_15nN_lj": [-2488.946751585132, 74.14668595458035], "shear_25nN_lj": [-2574.445446366107, 71.98820854468546], "shear_5nN_qq": [-2455.057403685052, 114.30122477729556], "polar_solvation_energy": -32.99, "shear_15nN_qq": [-2497.597254035971, 115.28934176988335], "status": {"29575c686693a0b8474106028b3a737a-shear_25nN_grompp": 1, "29575c686693a0b8474106028b3a737a-lammps_to_gmx": 1, "29575c686693a0b8474106028b3a737a-unwrap_shear_25nN": 1, "29575c686693a0b8474106028b3a737a-count_hydrogen_bonds": 1, "29575c686693a0b8474106028b3a737a-shear_15nN_grompp": 1, "29575c686693a0b8474106028b3a737a-compress_grompp": 1, "29575c686693a0b8474106028b3a737a-shear_5nN_extend": 1, "29575c686693a0b8474106028b3a737a-top_to_mol2": 1, "29575c686693a0b8474106028b3a737a-calc_S2_shear": 1, "29575c686693a0b8474106028b3a737a-log_S2": 1, "29575c686693a0b8474106028b3a737a-minimize": 1, "29575c686693a0b8474106028b3a737a-shear_25nN": 1, "29575c686693a0b8474106028b3a737a-shear_25nN_extend": 1, "29575c686693a0b8474106028b3a737a-calc_roughness": 1, "29575c686693a0b8474106028b3a737a-unwrap_shear_5nN": 1, "29575c686693a0b8474106028b3a737a-shear_15nN_rerun": 1, "29575c686693a0b8474106028b3a737a-shear_15nN_extend": 1, "29575c686693a0b8474106028b3a737a-initialize": 1, "29575c686693a0b8474106028b3a737a-shear_25nN_extend_grompp": 1, "29575c686693a0b8474106028b3a737a-log_interaction_energy_25nN": 1, "29575c686693a0b8474106028b3a737a-calc_friction": 1, "29575c686693a0b8474106028b3a737a-fix_overlaps": 1, "29575c686693a0b8474106028b3a737a-compress": 1, "29575c686693a0b8474106028b3a737a-unwrap_shear_15nN": 1, "29575c686693a0b8474106028b3a737a-shear_5nN_rerun": 1, "29575c686693a0b8474106028b3a737a-log_cof": 1, "29575c686693a0b8474106028b3a737a-shear_5nN_rerun_grompp": 1, "29575c686693a0b8474106028b3a737a-calc_interdigitation": 6, "29575c686693a0b8474106028b3a737a-calc_tilt_shear": 1, "29575c686693a0b8474106028b3a737a-shear_5nN": 1, "29575c686693a0b8474106028b3a737a-get_interaction_energy_5nN": 1, "29575c686693a0b8474106028b3a737a-get_interaction_energy_25nN": 1, "29575c686693a0b8474106028b3a737a-equilibrate": 1, "29575c686693a0b8474106028b3a737a-log_tilt": 1, "29575c686693a0b8474106028b3a737a-log_interaction_energy_5nN": 1, "29575c686693a0b8474106028b3a737a-shear_25nN_rerun": 1, "29575c686693a0b8474106028b3a737a-shear_15nN_rerun_grompp": 1, "29575c686693a0b8474106028b3a737a-shear_25nN_rerun_grompp": 1, "29575c686693a0b8474106028b3a737a-shear_5nN_grompp": 1, "29575c686693a0b8474106028b3a737a-get_interaction_energy_15nN": 1, "29575c686693a0b8474106028b3a737a-shear_15nN_extend_grompp": 1, "29575c686693a0b8474106028b3a737a-equilibrate_grompp": 1, "29575c686693a0b8474106028b3a737a-minimize_grompp": 1, "29575c686693a0b8474106028b3a737a-log_interaction_energy_15nN": 1, "29575c686693a0b8474106028b3a737a-shear_15nN": 1, "29575c686693a0b8474106028b3a737a-shear_5nN_extend_grompp": 1}, "shear_5nN_Etotal": [-4812.494341448441, 172.89232526610712], "entropy_vibrational": 69.31, "shear_25nN_Etotal": [-5109.1345605051965, 165.11488231605642], "molecular_weight": 122.1013, "tilt": {"25nN": 33.14088479739065, "5nN": 27.9110753082468, "15nN": 30.824574041973985}, "total_solvation_energy": -24.48, "shear_25nN_qq": [-2534.6891141390884, 116.76504511846021], "nonpolar_solvation_energy": 8.49, "entropy_translational": 168.76, "enthalpy_vibrational": 280.86}