{"enthalpy_vibrational": 57.43, "shear_5nN_Etotal": [-3595.0651053741008, 207.59847040457112], "heat_capacity_vibrational": 0.13, "entropy_vibrational": 0.02, "interdigitation": {"25nN": 0.13352620461312317, "5nN": 0.13070466835898314, "15nN": 0.12906111381218183}, "polar_solvation_energy": -15.61, "shear_15nN_qq": [-2411.2217333605117, 194.74077934701558], "nonpolar_solvation_energy": 2.8, "molecular_weight": 17.0073, "shear_15nN_Etotal": [-3763.526262093525, 188.69998189962698], "roughness": {"25nN": 0.054547162218617704, "5nN": 0.05637272060155384, "15nN": 0.05319682912787979}, "tilt": {"25nN": 36.64646481361406, "5nN": 30.59234503458155, "15nN": 34.56175156752781}, "shear_15nN_lj": [-1352.3045287330135, 63.484043875165476], "surface_area": 42.49, "total_solvation_energy": -12.83, "dipole_moment": 1.88, "entropy_rotational": 49.19, "shear_25nN_lj": [-1420.8484986322942, 62.648444465930424], "shear_25nN_qq": [-2340.814084463629, 219.92720560062855], "ch3-smiles": "CO", "status": {"644c9c70384f341ea81d43dbd5f77d4d-equilibrate": 1, "644c9c70384f341ea81d43dbd5f77d4d-shear_15nN": 1, "644c9c70384f341ea81d43dbd5f77d4d-unwrap_shear_5nN": 1, "644c9c70384f341ea81d43dbd5f77d4d-shear_5nN_extend_grompp": 1, "644c9c70384f341ea81d43dbd5f77d4d-shear_25nN": 1, "644c9c70384f341ea81d43dbd5f77d4d-calc_tilt_shear": 1, "644c9c70384f341ea81d43dbd5f77d4d-lammps_to_gmx": 1, "644c9c70384f341ea81d43dbd5f77d4d-shear_5nN_extend": 1, "644c9c70384f341ea81d43dbd5f77d4d-unwrap_shear_15nN": 1, "644c9c70384f341ea81d43dbd5f77d4d-shear_25nN_grompp": 1, "644c9c70384f341ea81d43dbd5f77d4d-log_interaction_energy_15nN": 1, "644c9c70384f341ea81d43dbd5f77d4d-shear_25nN_extend_grompp": 1, "644c9c70384f341ea81d43dbd5f77d4d-initialize": 1, "644c9c70384f341ea81d43dbd5f77d4d-shear_5nN_grompp": 1, "644c9c70384f341ea81d43dbd5f77d4d-minimize": 1, "644c9c70384f341ea81d43dbd5f77d4d-log_tilt": 1, "644c9c70384f341ea81d43dbd5f77d4d-shear_15nN_extend": 1, "644c9c70384f341ea81d43dbd5f77d4d-shear_15nN_rerun_grompp": 1, "644c9c70384f341ea81d43dbd5f77d4d-minimize_grompp": 1, "644c9c70384f341ea81d43dbd5f77d4d-shear_5nN": 1, "644c9c70384f341ea81d43dbd5f77d4d-calc_roughness": 1, "644c9c70384f341ea81d43dbd5f77d4d-equilibrate_grompp": 1, "644c9c70384f341ea81d43dbd5f77d4d-count_hydrogen_bonds": 1, "644c9c70384f341ea81d43dbd5f77d4d-log_interaction_energy_25nN": 1, "644c9c70384f341ea81d43dbd5f77d4d-calc_interdigitation": 6, "644c9c70384f341ea81d43dbd5f77d4d-shear_15nN_rerun": 1, "644c9c70384f341ea81d43dbd5f77d4d-calc_S2_shear": 1, "644c9c70384f341ea81d43dbd5f77d4d-shear_25nN_extend": 1, "644c9c70384f341ea81d43dbd5f77d4d-shear_25nN_rerun": 1, "644c9c70384f341ea81d43dbd5f77d4d-log_S2": 1, "644c9c70384f341ea81d43dbd5f77d4d-get_interaction_energy_25nN": 1, "644c9c70384f341ea81d43dbd5f77d4d-top_to_mol2": 1, "644c9c70384f341ea81d43dbd5f77d4d-shear_15nN_grompp": 1, "644c9c70384f341ea81d43dbd5f77d4d-get_interaction_energy_15nN": 1, "644c9c70384f341ea81d43dbd5f77d4d-unwrap_shear_25nN": 1, "644c9c70384f341ea81d43dbd5f77d4d-log_cof": 1, "644c9c70384f341ea81d43dbd5f77d4d-log_interaction_energy_5nN": 1, "644c9c70384f341ea81d43dbd5f77d4d-get_interaction_energy_5nN": 1, "644c9c70384f341ea81d43dbd5f77d4d-fix_overlaps": 1, "644c9c70384f341ea81d43dbd5f77d4d-shear_5nN_rerun_grompp": 1, "644c9c70384f341ea81d43dbd5f77d4d-compress": 1, "644c9c70384f341ea81d43dbd5f77d4d-shear_25nN_rerun_grompp": 1, "644c9c70384f341ea81d43dbd5f77d4d-shear_5nN_rerun": 1, "644c9c70384f341ea81d43dbd5f77d4d-calc_friction": 1, "644c9c70384f341ea81d43dbd5f77d4d-shear_15nN_extend_grompp": 1, "644c9c70384f341ea81d43dbd5f77d4d-compress_grompp": 1}, "shear_25nN_Etotal": [-3761.6625830959233, 210.95049028068553], "intercept": 5.251438729595955, "shear_5nN_qq": [-2390.9832330415666, 200.01802343387524], "COF": 0.1750154186903489, "chain-smiles": "CCCCCCCCCCCCCCCCCO", "shear_5nN_lj": [-1204.081872332534, 67.26045950934287], "h-smiles": "O", "entropy_translational": 144.8, "S2": {"25nN": 0.8008608694468116, "5nN": 0.8316730128291769, "15nN": 0.8278381009991916}}