{"enthalpy_vibrational": 87.35, "shear_5nN_Etotal": [-4310.453980944045, 184.8930266992325], "heat_capacity_vibrational": 15.26, "entropy_vibrational": 7.1, "interdigitation": {"25nN": 0.12188494547139785, "5nN": 0.09801584631155119, "15nN": 0.14042778559752597}, "polar_solvation_energy": -36.43, "shear_15nN_qq": [-2187.8892659416465, 189.2313652528318], "nonpolar_solvation_energy": 3.72, "molecular_weight": 45.0174, "shear_15nN_Etotal": [-4249.478637119904, 186.99489620638752], "roughness": {"25nN": 0.0521680375075622, "5nN": 0.0429976153520783, "15nN": 0.06314093047793787}, "tilt": {"25nN": 42.61548742503025, "5nN": 39.168394936146555, "15nN": 40.58210129763788}, "shear_15nN_lj": [-2061.5893711782574, 63.624055402096026], "surface_area": 64.71, "total_solvation_energy": -32.72, "dipole_moment": 4.81, "entropy_rotational": 87.93, "shear_25nN_lj": [-2137.5129395555555, 67.7413618590345], "shear_25nN_qq": [-2165.445774135092, 170.11859786588133], "ch3-smiles": "CC(=O)O", "status": {"9809c00059e34abb19ca980c2be46f98-get_interaction_energy_25nN": 1, "9809c00059e34abb19ca980c2be46f98-shear_5nN_grompp": 1, "9809c00059e34abb19ca980c2be46f98-get_interaction_energy_5nN": 1, "9809c00059e34abb19ca980c2be46f98-calc_interdigitation": 6, "9809c00059e34abb19ca980c2be46f98-shear_25nN_extend_grompp": 1, "9809c00059e34abb19ca980c2be46f98-shear_15nN": 1, "9809c00059e34abb19ca980c2be46f98-get_interaction_energy_15nN": 1, "9809c00059e34abb19ca980c2be46f98-unwrap_shear_5nN": 1, "9809c00059e34abb19ca980c2be46f98-shear_25nN_rerun_grompp": 1, "9809c00059e34abb19ca980c2be46f98-equilibrate_grompp": 1, "9809c00059e34abb19ca980c2be46f98-initialize": 1, "9809c00059e34abb19ca980c2be46f98-calc_friction": 1, "9809c00059e34abb19ca980c2be46f98-shear_15nN_extend_grompp": 1, "9809c00059e34abb19ca980c2be46f98-calc_tilt_shear": 1, "9809c00059e34abb19ca980c2be46f98-shear_15nN_extend": 1, "9809c00059e34abb19ca980c2be46f98-shear_15nN_rerun": 1, "9809c00059e34abb19ca980c2be46f98-minimize_grompp": 1, "9809c00059e34abb19ca980c2be46f98-shear_5nN": 1, "9809c00059e34abb19ca980c2be46f98-log_S2": 1, "9809c00059e34abb19ca980c2be46f98-unwrap_shear_15nN": 1, "9809c00059e34abb19ca980c2be46f98-calc_roughness": 1, "9809c00059e34abb19ca980c2be46f98-unwrap_shear_25nN": 1, "9809c00059e34abb19ca980c2be46f98-log_interaction_energy_15nN": 1, "9809c00059e34abb19ca980c2be46f98-shear_15nN_grompp": 1, "9809c00059e34abb19ca980c2be46f98-equilibrate": 1, "9809c00059e34abb19ca980c2be46f98-shear_5nN_rerun_grompp": 1, "9809c00059e34abb19ca980c2be46f98-log_interaction_energy_5nN": 1, "9809c00059e34abb19ca980c2be46f98-shear_5nN_extend": 1, "9809c00059e34abb19ca980c2be46f98-shear_25nN": 1, "9809c00059e34abb19ca980c2be46f98-shear_25nN_grompp": 1, "9809c00059e34abb19ca980c2be46f98-lammps_to_gmx": 1, "9809c00059e34abb19ca980c2be46f98-shear_25nN_rerun": 1, "9809c00059e34abb19ca980c2be46f98-top_to_mol2": 1, "9809c00059e34abb19ca980c2be46f98-compress": 1, "9809c00059e34abb19ca980c2be46f98-shear_5nN_extend_grompp": 1, "9809c00059e34abb19ca980c2be46f98-fix_overlaps": 1, "9809c00059e34abb19ca980c2be46f98-log_cof": 1, "9809c00059e34abb19ca980c2be46f98-shear_25nN_extend": 1, "9809c00059e34abb19ca980c2be46f98-shear_15nN_rerun_grompp": 1, "9809c00059e34abb19ca980c2be46f98-minimize": 1, "9809c00059e34abb19ca980c2be46f98-compress_grompp": 1, "9809c00059e34abb19ca980c2be46f98-count_hydrogen_bonds": 1, "9809c00059e34abb19ca980c2be46f98-log_tilt": 1, "9809c00059e34abb19ca980c2be46f98-shear_5nN_rerun": 1, "9809c00059e34abb19ca980c2be46f98-log_interaction_energy_25nN": 1, "9809c00059e34abb19ca980c2be46f98-calc_S2_shear": 1}, "shear_25nN_Etotal": [-4302.9587136906475, 176.6309297488882], "intercept": 6.166207348416734, "shear_5nN_qq": [-2382.143854052758, 182.01721216240549], "COF": 0.12223994578061412, "chain-smiles": "CCCCCCCCCCCCCCCCCC(=O)O", "shear_5nN_lj": [-1928.3101268912872, 69.50921987013021], "h-smiles": "C(=O)O", "entropy_translational": 156.5, "S2": {"25nN": 0.9761377860218075, "5nN": 0.983010480624406, "15nN": 0.9762266840246872}}