{"shear_15nN_Etotal": [-1142.707570543565, 48.023393489267136], "molecular_weight": 41.0716, "shear_25nN_Etotal": [-1230.1469875003997, 48.365260878947396], "surface_area": 65.5, "shear_15nN_qq": [357.59617220543566, 11.777951701340962], "enthalpy_vibrational": 214.06, "shear_5nN_qq": [293.9238040351719, 10.433256586475595], "tilt": {"5nN": 26.206033271989632, "15nN": 30.98519070088662, "25nN": 33.79825907005226}, "intercept": 0.8325802826691184, "shear_25nN_lj": [-1613.5586602030376, 48.07949819208492], "entropy_rotational": 90.7, "shear_5nN_lj": [-1282.3135603828937, 47.25729082697096], "shear_25nN_qq": [383.4116727026379, 13.458665920812999], "nonpolar_solvation_energy": 9.15, "total_solvation_energy": 7.89, "shear_15nN_lj": [-1500.3037427490008, 48.85629679544], "shear_5nN_Etotal": [-988.3897563477218, 45.83184124967799], "interdigitation": {"5nN": 0.10182486055680454, "15nN": 0.09874917437087213, "25nN": 0.10814974957095379}, "entropy_vibrational": 5.04, "heat_capacity_vibrational": 19.47, "entropy_translational": 155.37, "roughness": {"5nN": 0.05556383073075346, "15nN": 0.05470338169689372, "25nN": 0.057467876722616884}, "S2": {"5nN": 0.8178264389336692, "15nN": 0.8189197718296595, "25nN": 0.8372333476739623}, "dipole_moment": 0.0, "COF": 0.1752772897493589, "status": {"9e8fb3a710d126a840cb8cd79347901d-log_interaction_energy_15nN": 1, "9e8fb3a710d126a840cb8cd79347901d-minimize": 1, "9e8fb3a710d126a840cb8cd79347901d-lammps_to_gmx": 1, "9e8fb3a710d126a840cb8cd79347901d-calc_interdigitation": 1, "9e8fb3a710d126a840cb8cd79347901d-shear_15nN_grompp": 1, "9e8fb3a710d126a840cb8cd79347901d-log_interaction_energy_25nN": 1, "9e8fb3a710d126a840cb8cd79347901d-unwrap_shear_15nN": 1, "9e8fb3a710d126a840cb8cd79347901d-get_interaction_energy_5nN": 1, "9e8fb3a710d126a840cb8cd79347901d-log_cof": 1, "9e8fb3a710d126a840cb8cd79347901d-shear_25nN": 1, "9e8fb3a710d126a840cb8cd79347901d-compress": 1, "9e8fb3a710d126a840cb8cd79347901d-shear_15nN": 1, "9e8fb3a710d126a840cb8cd79347901d-fix_overlaps": 1, "9e8fb3a710d126a840cb8cd79347901d-shear_25nN_extend_grompp": 1, "9e8fb3a710d126a840cb8cd79347901d-initialize": 1, "9e8fb3a710d126a840cb8cd79347901d-equilibrate": 1, "9e8fb3a710d126a840cb8cd79347901d-shear_5nN_extend_grompp": 1, "9e8fb3a710d126a840cb8cd79347901d-calc_roughness": 1, "9e8fb3a710d126a840cb8cd79347901d-shear_5nN_rerun": 1, "9e8fb3a710d126a840cb8cd79347901d-shear_5nN_grompp": 1, "9e8fb3a710d126a840cb8cd79347901d-get_interaction_energy_25nN": 1, "9e8fb3a710d126a840cb8cd79347901d-shear_5nN_rerun_grompp": 1, "9e8fb3a710d126a840cb8cd79347901d-equilibrate_grompp": 1, "9e8fb3a710d126a840cb8cd79347901d-shear_15nN_extend": 1, "9e8fb3a710d126a840cb8cd79347901d-unwrap_shear_25nN": 1, "9e8fb3a710d126a840cb8cd79347901d-shear_25nN_extend": 1, "9e8fb3a710d126a840cb8cd79347901d-shear_25nN_grompp": 1, "9e8fb3a710d126a840cb8cd79347901d-top_to_mol2": 1, "9e8fb3a710d126a840cb8cd79347901d-shear_15nN_rerun_grompp": 1, "9e8fb3a710d126a840cb8cd79347901d-shear_25nN_rerun_grompp": 1, "9e8fb3a710d126a840cb8cd79347901d-log_interaction_energy_5nN": 1, "9e8fb3a710d126a840cb8cd79347901d-unwrap_shear_5nN": 1, "9e8fb3a710d126a840cb8cd79347901d-calc_tilt_shear": 1, "9e8fb3a710d126a840cb8cd79347901d-shear_15nN_rerun": 1, "9e8fb3a710d126a840cb8cd79347901d-shear_15nN_extend_grompp": 1, "9e8fb3a710d126a840cb8cd79347901d-shear_25nN_rerun": 1, "9e8fb3a710d126a840cb8cd79347901d-shear_5nN_extend": 1, "9e8fb3a710d126a840cb8cd79347901d-compress_grompp": 1, "9e8fb3a710d126a840cb8cd79347901d-calc_friction": 1, "9e8fb3a710d126a840cb8cd79347901d-get_interaction_energy_15nN": 1, "9e8fb3a710d126a840cb8cd79347901d-calc_S2_shear": 1, "9e8fb3a710d126a840cb8cd79347901d-count_hydrogen_bonds": 1, "9e8fb3a710d126a840cb8cd79347901d-log_tilt": 1, "9e8fb3a710d126a840cb8cd79347901d-minimize_grompp": 1, "9e8fb3a710d126a840cb8cd79347901d-log_S2": 1, "9e8fb3a710d126a840cb8cd79347901d-shear_5nN": 1}, "polar_solvation_energy": -1.28}